champion_name,opponent_name,games,wins,win_rate
Aatrox,Ahri,20,9,0.45
Aatrox,Akali,12,6,0.5
Aatrox,Akshan,5,2,0.4
Aatrox,Alistar,5,3,0.6
Aatrox,Ambessa,33,21,0.6363636363636364
Aatrox,Anivia,30,13,0.43333333333333335
Aatrox,Annie,5,3,0.6
Aatrox,Aphelios,2,1,0.5
Aatrox,Ashe,13,5,0.38461538461538464
Aatrox,AurelionSol,1,1,1.0
Aatrox,Aurora,16,8,0.5
Aatrox,Azir,4,1,0.25
Aatrox,Bard,21,12,0.5714285714285714
Aatrox,Belveth,6,4,0.6666666666666666
Aatrox,Blitzcrank,5,4,0.8
Aatrox,Brand,1,0,0.0
Aatrox,Braum,3,1,0.3333333333333333
Aatrox,Briar,1,0,0.0
Aatrox,Caitlyn,16,10,0.625
Aatrox,Camille,6,5,0.8333333333333334
Aatrox,Cassiopeia,6,5,0.8333333333333334
Aatrox,Chogath,3,1,0.3333333333333333
Aatrox,Corki,10,3,0.3
Aatrox,Darius,2,1,0.5
Aatrox,Diana,4,1,0.25
Aatrox,DrMundo,3,1,0.3333333333333333
Aatrox,Draven,4,2,0.5
Aatrox,Ekko,7,2,0.2857142857142857
Aatrox,Elise,5,2,0.4
Aatrox,Evelynn,2,0,0.0
Aatrox,Ezreal,44,19,0.4318181818181818
Aatrox,FiddleSticks,3,2,0.6666666666666666
Aatrox,Fiora,2,2,1.0
Aatrox,Fizz,2,2,1.0
Aatrox,Galio,4,2,0.5
Aatrox,Gangplank,4,1,0.25
Aatrox,Garen,4,3,0.75
Aatrox,Gnar,18,11,0.6111111111111112
Aatrox,Gragas,4,3,0.75
Aatrox,Graves,12,4,0.3333333333333333
Aatrox,Gwen,4,3,0.75
Aatrox,Hecarim,2,2,1.0
Aatrox,Hwei,7,2,0.2857142857142857
Aatrox,Irelia,7,2,0.2857142857142857
Aatrox,Ivern,3,2,0.6666666666666666
Aatrox,Janna,3,1,0.3333333333333333
Aatrox,JarvanIV,22,12,0.5454545454545454
Aatrox,Jax,4,0,0.0
Aatrox,Jayce,24,7,0.2916666666666667
Aatrox,Jhin,14,4,0.2857142857142857
Aatrox,Jinx,11,7,0.6363636363636364
Aatrox,KSante,6,2,0.3333333333333333
Aatrox,Kaisa,23,15,0.6521739130434783
Aatrox,Kalista,8,4,0.5
Aatrox,Karma,31,16,0.5161290322580645
Aatrox,Karthus,4,2,0.5
Aatrox,Kassadin,3,1,0.3333333333333333
Aatrox,Katarina,8,4,0.5
Aatrox,Kayle,3,2,0.6666666666666666
Aatrox,Kayn,5,5,1.0
Aatrox,Kennen,3,3,1.0
Aatrox,Khazix,2,1,0.5
Aatrox,Kindred,2,1,0.5
Aatrox,Kled,2,1,0.5
Aatrox,KogMaw,3,2,0.6666666666666666
Aatrox,Leblanc,5,3,0.6
Aatrox,LeeSin,25,11,0.44
Aatrox,Leona,1,1,1.0
Aatrox,Lillia,1,1,1.0
Aatrox,Lissandra,6,2,0.3333333333333333
Aatrox,Lucian,13,7,0.5384615384615384
Aatrox,Lulu,6,2,0.3333333333333333
Aatrox,Lux,4,2,0.5
Aatrox,Malphite,11,3,0.2727272727272727
Aatrox,Malzahar,2,1,0.5
Aatrox,Maokai,1,0,0.0
Aatrox,MasterYi,3,1,0.3333333333333333
Aatrox,Mel,9,4,0.4444444444444444
Aatrox,MissFortune,3,0,0.0
Aatrox,MonkeyKing,9,4,0.4444444444444444
Aatrox,Naafiri,8,3,0.375
Aatrox,Nami,21,12,0.5714285714285714
Aatrox,Nasus,2,0,0.0
Aatrox,Nautilus,24,12,0.5
Aatrox,Neeko,12,8,0.6666666666666666
Aatrox,Nidalee,5,3,0.6
Aatrox,Nilah,3,2,0.6666666666666666
Aatrox,Nocturne,10,5,0.5
Aatrox,Nunu,8,3,0.375
Aatrox,Olaf,5,1,0.2
Aatrox,Orianna,10,5,0.5
Aatrox,Ornn,5,1,0.2
Aatrox,Pantheon,20,8,0.4
Aatrox,Poppy,7,1,0.14285714285714285
Aatrox,Pyke,14,5,0.35714285714285715
Aatrox,Qiyana,10,4,0.4
Aatrox,Quinn,3,0,0.0
Aatrox,Rakan,8,2,0.25
Aatrox,RekSai,3,1,0.3333333333333333
Aatrox,Rell,9,6,0.6666666666666666
Aatrox,Renata,3,1,0.3333333333333333
Aatrox,Renekton,9,3,0.3333333333333333
Aatrox,Rengar,7,3,0.42857142857142855
Aatrox,Riven,12,5,0.4166666666666667
Aatrox,Rumble,7,5,0.7142857142857143
Aatrox,Ryze,26,15,0.5769230769230769
Aatrox,Samira,1,0,0.0
Aatrox,Sejuani,2,1,0.5
Aatrox,Senna,10,5,0.5
Aatrox,Seraphine,14,5,0.35714285714285715
Aatrox,Sett,2,2,1.0
Aatrox,Shaco,1,1,1.0
Aatrox,Shen,5,1,0.2
Aatrox,Shyvana,4,2,0.5
Aatrox,Singed,10,8,0.8
Aatrox,Sion,17,8,0.47058823529411764
Aatrox,Sivir,9,3,0.3333333333333333
Aatrox,Skarner,2,0,0.0
Aatrox,Smolder,4,2,0.5
Aatrox,Sona,15,8,0.5333333333333333
Aatrox,Soraka,4,3,0.75
Aatrox,Swain,4,1,0.25
Aatrox,Sylas,17,10,0.5882352941176471
Aatrox,Syndra,9,4,0.4444444444444444
Aatrox,Taliyah,7,6,0.8571428571428571
Aatrox,Talon,12,7,0.5833333333333334
Aatrox,Taric,1,0,0.0
Aatrox,Teemo,6,4,0.6666666666666666
Aatrox,Thresh,4,4,1.0
Aatrox,Tristana,5,3,0.6
Aatrox,Tryndamere,1,0,0.0
Aatrox,TwistedFate,4,2,0.5
Aatrox,Twitch,1,1,1.0
Aatrox,Udyr,6,5,0.8333333333333334
Aatrox,Urgot,2,0,0.0
Aatrox,Varus,11,6,0.5454545454545454
Aatrox,Vayne,15,9,0.6
Aatrox,Veigar,7,3,0.42857142857142855
Aatrox,Velkoz,1,1,1.0
Aatrox,Vex,2,2,1.0
Aatrox,Vi,9,3,0.3333333333333333
Aatrox,Viego,6,5,0.8333333333333334
Aatrox,Viktor,11,4,0.36363636363636365
Aatrox,Vladimir,5,4,0.8
Aatrox,Volibear,3,0,0.0
Aatrox,Warwick,1,0,0.0
Aatrox,Xayah,1,0,0.0
Aatrox,Xerath,4,2,0.5
Aatrox,XinZhao,7,2,0.2857142857142857
Aatrox,Yasuo,14,10,0.7142857142857143
Aatrox,Yone,14,8,0.5714285714285714
Aatrox,Yorick,6,5,0.8333333333333334
Aatrox,Yunara,14,7,0.5
Aatrox,Yuumi,3,1,0.3333333333333333
Aatrox,Zaahen,8,5,0.625
Aatrox,Zac,2,1,0.5
Aatrox,Zed,6,4,0.6666666666666666
Aatrox,Zeri,1,1,1.0
Aatrox,Ziggs,4,2,0.5
Aatrox,Zilean,2,0,0.0
Aatrox,Zoe,7,4,0.5714285714285714
Aatrox,Zyra,5,2,0.4
Ahri,Aatrox,20,11,0.55
Ahri,Akali,13,5,0.38461538461538464
Ahri,Akshan,3,3,1.0
Ahri,Alistar,7,4,0.5714285714285714
Ahri,Ambessa,27,15,0.5555555555555556
Ahri,Amumu,2,2,1.0
Ahri,Anivia,22,10,0.45454545454545453
Ahri,Annie,18,10,0.5555555555555556
Ahri,Aphelios,6,4,0.6666666666666666
Ahri,Ashe,24,10,0.4166666666666667
Ahri,AurelionSol,6,5,0.8333333333333334
Ahri,Aurora,24,15,0.625
Ahri,Azir,1,1,1.0
Ahri,Bard,38,20,0.5263157894736842
Ahri,Belveth,3,3,1.0
Ahri,Blitzcrank,4,1,0.25
Ahri,Brand,3,1,0.3333333333333333
Ahri,Braum,10,7,0.7
Ahri,Briar,3,1,0.3333333333333333
Ahri,Caitlyn,26,12,0.46153846153846156
Ahri,Camille,4,2,0.5
Ahri,Cassiopeia,4,2,0.5
Ahri,Chogath,5,5,1.0
Ahri,Corki,16,8,0.5
Ahri,Darius,8,6,0.75
Ahri,Diana,5,4,0.8
Ahri,DrMundo,7,4,0.5714285714285714
Ahri,Draven,5,1,0.2
Ahri,Ekko,14,5,0.35714285714285715
Ahri,Elise,10,4,0.4
Ahri,Evelynn,3,3,1.0
Ahri,Ezreal,50,21,0.42
Ahri,FiddleSticks,3,2,0.6666666666666666
Ahri,Fiora,3,1,0.3333333333333333
Ahri,Fizz,2,1,0.5
Ahri,Galio,9,7,0.7777777777777778
Ahri,Gangplank,4,1,0.25
Ahri,Garen,4,3,0.75
Ahri,Gnar,11,7,0.6363636363636364
Ahri,Gragas,8,5,0.625
Ahri,Graves,12,2,0.16666666666666666
Ahri,Gwen,4,2,0.5
Ahri,Hecarim,1,1,1.0
Ahri,Hwei,15,10,0.6666666666666666
Ahri,Illaoi,1,1,1.0
Ahri,Irelia,14,5,0.35714285714285715
Ahri,Ivern,5,3,0.6
Ahri,Janna,5,1,0.2
Ahri,JarvanIV,34,18,0.5294117647058824
Ahri,Jax,12,4,0.3333333333333333
Ahri,Jayce,32,16,0.5
Ahri,Jhin,18,7,0.3888888888888889
Ahri,Jinx,6,2,0.3333333333333333
Ahri,KSante,9,7,0.7777777777777778
Ahri,Kaisa,18,11,0.6111111111111112
Ahri,Kalista,6,2,0.3333333333333333
Ahri,Karma,31,16,0.5161290322580645
Ahri,Karthus,9,6,0.6666666666666666
Ahri,Katarina,5,2,0.4
Ahri,Kayle,2,1,0.5
Ahri,Kayn,2,0,0.0
Ahri,Kennen,2,1,0.5
Ahri,Khazix,5,1,0.2
Ahri,Kindred,5,2,0.4
Ahri,Kled,1,1,1.0
Ahri,KogMaw,5,5,1.0
Ahri,Leblanc,7,2,0.2857142857142857
Ahri,LeeSin,18,9,0.5
Ahri,Leona,16,9,0.5625
Ahri,Lissandra,8,3,0.375
Ahri,Lucian,16,11,0.6875
Ahri,Lulu,18,15,0.8333333333333334
Ahri,Lux,11,7,0.6363636363636364
Ahri,Malphite,10,5,0.5
Ahri,Malzahar,2,0,0.0
Ahri,Maokai,2,1,0.5
Ahri,MasterYi,3,1,0.3333333333333333
Ahri,Mel,23,13,0.5652173913043478
Ahri,Milio,4,1,0.25
Ahri,MissFortune,10,3,0.3
Ahri,MonkeyKing,4,1,0.25
Ahri,Mordekaiser,2,2,1.0
Ahri,Naafiri,13,8,0.6153846153846154
Ahri,Nami,23,13,0.5652173913043478
Ahri,Nasus,2,1,0.5
Ahri,Nautilus,31,18,0.5806451612903226
Ahri,Neeko,9,4,0.4444444444444444
Ahri,Nidalee,17,7,0.4117647058823529
Ahri,Nilah,1,1,1.0
Ahri,Nocturne,17,10,0.5882352941176471
Ahri,Nunu,7,3,0.42857142857142855
Ahri,Olaf,4,1,0.25
Ahri,Orianna,16,8,0.5
Ahri,Ornn,8,5,0.625
Ahri,Pantheon,35,21,0.6
Ahri,Poppy,13,4,0.3076923076923077
Ahri,Pyke,6,4,0.6666666666666666
Ahri,Qiyana,21,10,0.47619047619047616
Ahri,Quinn,2,0,0.0
Ahri,Rakan,6,4,0.6666666666666666
Ahri,RekSai,8,4,0.5
Ahri,Rell,5,4,0.8
Ahri,Renekton,11,7,0.6363636363636364
Ahri,Rengar,7,5,0.7142857142857143
Ahri,Riven,8,2,0.25
Ahri,Rumble,13,6,0.46153846153846156
Ahri,Ryze,26,12,0.46153846153846156
Ahri,Sejuani,3,2,0.6666666666666666
Ahri,Senna,17,9,0.5294117647058824
Ahri,Seraphine,13,4,0.3076923076923077
Ahri,Sett,3,1,0.3333333333333333
Ahri,Shaco,3,1,0.3333333333333333
Ahri,Shen,8,3,0.375
Ahri,Shyvana,2,0,0.0
Ahri,Singed,3,1,0.3333333333333333
Ahri,Sion,13,8,0.6153846153846154
Ahri,Sivir,7,3,0.42857142857142855
Ahri,Skarner,7,4,0.5714285714285714
Ahri,Smolder,2,2,1.0
Ahri,Sona,11,6,0.5454545454545454
Ahri,Soraka,3,1,0.3333333333333333
Ahri,Swain,3,0,0.0
Ahri,Sylas,33,20,0.6060606060606061
Ahri,Syndra,6,1,0.16666666666666666
Ahri,TahmKench,2,1,0.5
Ahri,Taliyah,10,3,0.3
Ahri,Talon,6,2,0.3333333333333333
Ahri,Taric,2,1,0.5
Ahri,Teemo,3,0,0.0
Ahri,Thresh,4,3,0.75
Ahri,Tristana,8,7,0.875
Ahri,TwistedFate,3,2,0.6666666666666666
Ahri,Udyr,1,1,1.0
Ahri,Urgot,4,1,0.25
Ahri,Varus,16,7,0.4375
Ahri,Vayne,23,15,0.6521739130434783
Ahri,Veigar,8,4,0.5
Ahri,Velkoz,7,5,0.7142857142857143
Ahri,Vex,2,1,0.5
Ahri,Vi,9,4,0.4444444444444444
Ahri,Viego,13,12,0.9230769230769231
Ahri,Viktor,9,2,0.2222222222222222
Ahri,Vladimir,8,5,0.625
Ahri,Volibear,1,1,1.0
Ahri,Warwick,2,1,0.5
Ahri,Xayah,2,1,0.5
Ahri,Xerath,4,3,0.75
Ahri,XinZhao,13,5,0.38461538461538464
Ahri,Yasuo,17,10,0.5882352941176471
Ahri,Yone,8,5,0.625
Ahri,Yorick,5,3,0.6
Ahri,Yunara,21,16,0.7619047619047619
Ahri,Yuumi,6,3,0.5
Ahri,Zaahen,18,9,0.5
Ahri,Zac,2,2,1.0
Ahri,Zed,4,1,0.25
Ahri,Zeri,3,3,1.0
Ahri,Ziggs,11,7,0.6363636363636364
Ahri,Zilean,4,3,0.75
Ahri,Zoe,5,1,0.2
Ahri,Zyra,2,0,0.0
Akali,Aatrox,12,6,0.5
Akali,Ahri,13,8,0.6153846153846154
Akali,Akshan,7,2,0.2857142857142857
Akali,Alistar,7,4,0.5714285714285714
Akali,Ambessa,25,17,0.68
Akali,Anivia,35,23,0.6571428571428571
Akali,Annie,13,8,0.6153846153846154
Akali,Aphelios,6,3,0.5
Akali,Ashe,16,8,0.5
Akali,AurelionSol,8,3,0.375
Akali,Aurora,17,5,0.29411764705882354
Akali,Azir,17,10,0.5882352941176471
Akali,Bard,31,20,0.6451612903225806
Akali,Belveth,5,2,0.4
Akali,Blitzcrank,2,2,1.0
Akali,Brand,2,1,0.5
Akali,Braum,10,3,0.3
Akali,Briar,2,1,0.5
Akali,Caitlyn,25,15,0.6
Akali,Camille,1,1,1.0
Akali,Cassiopeia,4,3,0.75
Akali,Chogath,2,1,0.5
Akali,Corki,12,2,0.16666666666666666
Akali,Darius,8,4,0.5
Akali,Diana,3,1,0.3333333333333333
Akali,DrMundo,6,2,0.3333333333333333
Akali,Draven,4,2,0.5
Akali,Ekko,13,5,0.38461538461538464
Akali,Elise,10,6,0.6
Akali,Evelynn,8,5,0.625
Akali,Ezreal,57,35,0.6140350877192983
Akali,FiddleSticks,6,5,0.8333333333333334
Akali,Fiora,3,2,0.6666666666666666
Akali,Fizz,5,5,1.0
Akali,Galio,9,5,0.5555555555555556
Akali,Gangplank,2,1,0.5
Akali,Garen,3,1,0.3333333333333333
Akali,Gnar,21,12,0.5714285714285714
Akali,Gragas,3,2,0.6666666666666666
Akali,Graves,10,7,0.7
Akali,Gwen,5,1,0.2
Akali,Hecarim,4,3,0.75
Akali,Hwei,11,4,0.36363636363636365
Akali,Illaoi,2,2,1.0
Akali,Irelia,9,8,0.8888888888888888
Akali,Ivern,1,1,1.0
Akali,Janna,4,2,0.5
Akali,JarvanIV,31,15,0.4838709677419355
Akali,Jax,4,2,0.5
Akali,Jayce,46,24,0.5217391304347826
Akali,Jhin,21,10,0.47619047619047616
Akali,Jinx,7,3,0.42857142857142855
Akali,KSante,4,3,0.75
Akali,Kaisa,11,6,0.5454545454545454
Akali,Kalista,7,3,0.42857142857142855
Akali,Karma,36,19,0.5277777777777778
Akali,Karthus,5,3,0.6
Akali,Katarina,6,2,0.3333333333333333
Akali,Kayle,2,2,1.0
Akali,Kayn,6,5,0.8333333333333334
Akali,Kennen,6,2,0.3333333333333333
Akali,Khazix,4,3,0.75
Akali,Kindred,4,1,0.25
Akali,Kled,1,0,0.0
Akali,KogMaw,2,1,0.5
Akali,Leblanc,8,6,0.75
Akali,LeeSin,20,14,0.7
Akali,Leona,6,3,0.5
Akali,Lillia,4,4,1.0
Akali,Lissandra,6,3,0.5
Akali,Lucian,17,7,0.4117647058823529
Akali,Lulu,15,7,0.4666666666666667
Akali,Lux,7,4,0.5714285714285714
Akali,Malphite,6,0,0.0
Akali,Malzahar,1,1,1.0
Akali,Maokai,2,1,0.5
Akali,MasterYi,6,1,0.16666666666666666
Akali,Mel,12,8,0.6666666666666666
Akali,Milio,1,0,0.0
Akali,MissFortune,4,2,0.5
Akali,MonkeyKing,3,1,0.3333333333333333
Akali,Morgana,1,0,0.0
Akali,Naafiri,15,6,0.4
Akali,Nami,22,14,0.6363636363636364
Akali,Nasus,2,1,0.5
Akali,Nautilus,21,8,0.38095238095238093
Akali,Neeko,13,4,0.3076923076923077
Akali,Nidalee,9,4,0.4444444444444444
Akali,Nocturne,20,16,0.8
Akali,Nunu,7,5,0.7142857142857143
Akali,Olaf,3,2,0.6666666666666666
Akali,Orianna,30,17,0.5666666666666667
Akali,Ornn,4,2,0.5
Akali,Pantheon,19,8,0.42105263157894735
Akali,Poppy,9,3,0.3333333333333333
Akali,Pyke,12,7,0.5833333333333334
Akali,Qiyana,14,8,0.5714285714285714
Akali,Quinn,7,4,0.5714285714285714
Akali,Rakan,9,6,0.6666666666666666
Akali,RekSai,5,0,0.0
Akali,Rell,9,5,0.5555555555555556
Akali,Renata,3,2,0.6666666666666666
Akali,Renekton,13,4,0.3076923076923077
Akali,Rengar,2,1,0.5
Akali,Riven,9,5,0.5555555555555556
Akali,Rumble,11,6,0.5454545454545454
Akali,Ryze,18,11,0.6111111111111112
Akali,Sejuani,4,2,0.5
Akali,Senna,12,4,0.3333333333333333
Akali,Seraphine,7,4,0.5714285714285714
Akali,Sett,6,2,0.3333333333333333
Akali,Shaco,3,1,0.3333333333333333
Akali,Shen,3,1,0.3333333333333333
Akali,Shyvana,1,1,1.0
Akali,Singed,5,3,0.6
Akali,Sion,21,11,0.5238095238095238
Akali,Sivir,12,6,0.5
Akali,Skarner,6,4,0.6666666666666666
Akali,Smolder,4,3,0.75
Akali,Sona,8,6,0.75
Akali,Soraka,7,1,0.14285714285714285
Akali,Swain,4,1,0.25
Akali,Sylas,16,9,0.5625
Akali,Syndra,10,6,0.6
Akali,TahmKench,2,0,0.0
Akali,Taliyah,7,5,0.7142857142857143
Akali,Talon,4,1,0.25
Akali,Taric,1,0,0.0
Akali,Teemo,6,3,0.5
Akali,Thresh,3,2,0.6666666666666666
Akali,Tristana,4,3,0.75
Akali,Trundle,1,0,0.0
Akali,Tryndamere,1,1,1.0
Akali,TwistedFate,14,7,0.5
Akali,Twitch,1,1,1.0
Akali,Udyr,1,0,0.0
Akali,Urgot,4,4,1.0
Akali,Varus,21,14,0.6666666666666666
Akali,Vayne,12,6,0.5
Akali,Veigar,3,1,0.3333333333333333
Akali,Velkoz,3,3,1.0
Akali,Vex,3,1,0.3333333333333333
Akali,Vi,16,8,0.5
Akali,Viego,4,1,0.25
Akali,Viktor,9,7,0.7777777777777778
Akali,Vladimir,12,5,0.4166666666666667
Akali,Volibear,1,1,1.0
Akali,Warwick,1,0,0.0
Akali,Xayah,4,4,1.0
Akali,Xerath,3,1,0.3333333333333333
Akali,XinZhao,9,4,0.4444444444444444
Akali,Yasuo,14,6,0.42857142857142855
Akali,Yone,22,13,0.5909090909090909
Akali,Yorick,7,3,0.42857142857142855
Akali,Yunara,22,13,0.5909090909090909
Akali,Yuumi,5,2,0.4
Akali,Zaahen,10,7,0.7
Akali,Zac,2,0,0.0
Akali,Zed,8,4,0.5
Akali,Ziggs,4,3,0.75
Akali,Zilean,4,2,0.5
Akali,Zoe,12,7,0.5833333333333334
Akali,Zyra,4,3,0.75
Akshan,Aatrox,5,3,0.6
Akshan,Ahri,3,0,0.0
Akshan,Akali,7,5,0.7142857142857143
Akshan,Alistar,3,2,0.6666666666666666
Akshan,Ambessa,9,6,0.6666666666666666
Akshan,Anivia,4,3,0.75
Akshan,Annie,3,0,0.0
Akshan,Aphelios,1,1,1.0
Akshan,Ashe,3,0,0.0
Akshan,AurelionSol,3,2,0.6666666666666666
Akshan,Aurora,10,6,0.6
Akshan,Azir,4,3,0.75
Akshan,Bard,6,4,0.6666666666666666
Akshan,Blitzcrank,1,1,1.0
Akshan,Braum,2,1,0.5
Akshan,Caitlyn,6,4,0.6666666666666666
Akshan,Camille,1,0,0.0
Akshan,Cassiopeia,3,1,0.3333333333333333
Akshan,Chogath,1,1,1.0
Akshan,Corki,8,5,0.625
Akshan,DrMundo,1,1,1.0
Akshan,Draven,3,2,0.6666666666666666
Akshan,Ekko,4,2,0.5
Akshan,Elise,1,1,1.0
Akshan,Evelynn,1,0,0.0
Akshan,Ezreal,17,6,0.35294117647058826
Akshan,FiddleSticks,1,1,1.0
Akshan,Fiora,2,1,0.5
Akshan,Fizz,3,3,1.0
Akshan,Galio,3,1,0.3333333333333333
Akshan,Garen,3,2,0.6666666666666666
Akshan,Gnar,3,2,0.6666666666666666
Akshan,Gragas,3,2,0.6666666666666666
Akshan,Graves,5,2,0.4
Akshan,Hecarim,2,0,0.0
Akshan,Hwei,8,4,0.5
Akshan,Irelia,3,2,0.6666666666666666
Akshan,Ivern,2,1,0.5
Akshan,Janna,3,1,0.3333333333333333
Akshan,JarvanIV,8,5,0.625
Akshan,Jax,4,1,0.25
Akshan,Jayce,11,5,0.45454545454545453
Akshan,Jhin,7,5,0.7142857142857143
Akshan,KSante,1,1,1.0
Akshan,Kaisa,4,2,0.5
Akshan,Kalista,4,3,0.75
Akshan,Karma,10,4,0.4
Akshan,Karthus,2,0,0.0
Akshan,Kassadin,1,0,0.0
Akshan,Katarina,1,0,0.0
Akshan,Kayn,2,2,1.0
Akshan,Khazix,3,2,0.6666666666666666
Akshan,Kindred,3,0,0.0
Akshan,Leblanc,2,0,0.0
Akshan,LeeSin,8,3,0.375
Akshan,Leona,4,2,0.5
Akshan,Lillia,4,4,1.0
Akshan,Lissandra,5,1,0.2
Akshan,Lucian,7,3,0.42857142857142855
Akshan,Lulu,2,0,0.0
Akshan,Lux,3,2,0.6666666666666666
Akshan,Malphite,3,2,0.6666666666666666
Akshan,Mel,5,3,0.6
Akshan,MissFortune,1,1,1.0
Akshan,Morgana,2,1,0.5
Akshan,Naafiri,7,4,0.5714285714285714
Akshan,Nami,8,5,0.625
Akshan,Nasus,2,1,0.5
Akshan,Nautilus,16,7,0.4375
Akshan,Neeko,3,2,0.6666666666666666
Akshan,Nocturne,2,0,0.0
Akshan,Nunu,1,0,0.0
Akshan,Orianna,1,1,1.0
Akshan,Ornn,3,1,0.3333333333333333
Akshan,Pantheon,11,5,0.45454545454545453
Akshan,Poppy,2,1,0.5
Akshan,Pyke,3,2,0.6666666666666666
Akshan,Qiyana,6,3,0.5
Akshan,Quinn,3,2,0.6666666666666666
Akshan,Rakan,2,0,0.0
Akshan,RekSai,2,2,1.0
Akshan,Rell,2,0,0.0
Akshan,Renata,1,1,1.0
Akshan,Renekton,4,2,0.5
Akshan,Rengar,1,1,1.0
Akshan,Riven,2,1,0.5
Akshan,Rumble,1,1,1.0
Akshan,Ryze,5,3,0.6
Akshan,Senna,4,1,0.25
Akshan,Seraphine,5,2,0.4
Akshan,Sett,1,1,1.0
Akshan,Shaco,2,0,0.0
Akshan,Shen,3,2,0.6666666666666666
Akshan,Singed,1,0,0.0
Akshan,Sion,4,2,0.5
Akshan,Skarner,2,2,1.0
Akshan,Smolder,1,0,0.0
Akshan,Sona,4,1,0.25
Akshan,Soraka,2,1,0.5
Akshan,Swain,3,1,0.3333333333333333
Akshan,Sylas,9,4,0.4444444444444444
Akshan,Syndra,5,1,0.2
Akshan,TahmKench,1,1,1.0
Akshan,Taliyah,3,2,0.6666666666666666
Akshan,Talon,5,3,0.6
Akshan,Teemo,2,0,0.0
Akshan,Thresh,1,1,1.0
Akshan,Tristana,1,1,1.0
Akshan,Udyr,1,0,0.0
Akshan,Varus,6,4,0.6666666666666666
Akshan,Vayne,4,1,0.25
Akshan,Veigar,1,1,1.0
Akshan,Velkoz,1,1,1.0
Akshan,Vex,1,0,0.0
Akshan,Vi,6,3,0.5
Akshan,Viego,6,5,0.8333333333333334
Akshan,Viktor,4,3,0.75
Akshan,Vladimir,3,2,0.6666666666666666
Akshan,Warwick,1,1,1.0
Akshan,Xayah,2,0,0.0
Akshan,XinZhao,4,3,0.75
Akshan,Yasuo,7,4,0.5714285714285714
Akshan,Yone,3,0,0.0
Akshan,Yunara,2,1,0.5
Akshan,Zaahen,1,1,1.0
Akshan,Zac,2,2,1.0
Akshan,Zed,2,2,1.0
Akshan,Ziggs,1,0,0.0
Akshan,Zilean,2,1,0.5
Alistar,Aatrox,5,2,0.4
Alistar,Ahri,7,3,0.42857142857142855
Alistar,Akali,7,3,0.42857142857142855
Alistar,Akshan,3,1,0.3333333333333333
Alistar,Ambessa,8,6,0.75
Alistar,Amumu,2,1,0.5
Alistar,Anivia,22,10,0.45454545454545453
Alistar,Annie,10,3,0.3
Alistar,Aphelios,2,2,1.0
Alistar,Ashe,5,1,0.2
Alistar,AurelionSol,2,1,0.5
Alistar,Aurora,9,5,0.5555555555555556
Alistar,Azir,4,2,0.5
Alistar,Bard,14,7,0.5
Alistar,Belveth,2,1,0.5
Alistar,Blitzcrank,1,0,0.0
Alistar,Brand,1,0,0.0
Alistar,Braum,7,3,0.42857142857142855
Alistar,Briar,1,0,0.0
Alistar,Caitlyn,8,5,0.625
Alistar,Camille,4,3,0.75
Alistar,Cassiopeia,1,1,1.0
Alistar,Corki,6,4,0.6666666666666666
Alistar,Darius,2,1,0.5
Alistar,Diana,4,1,0.25
Alistar,DrMundo,5,3,0.6
Alistar,Draven,3,2,0.6666666666666666
Alistar,Ekko,6,2,0.3333333333333333
Alistar,Elise,1,0,0.0
Alistar,Ezreal,23,16,0.6956521739130435
Alistar,FiddleSticks,5,2,0.4
Alistar,Fiora,1,0,0.0
Alistar,Fizz,3,2,0.6666666666666666
Alistar,Galio,6,3,0.5
Alistar,Gangplank,4,4,1.0
Alistar,Garen,1,1,1.0
Alistar,Gnar,10,9,0.9
Alistar,Gragas,3,1,0.3333333333333333
Alistar,Graves,8,4,0.5
Alistar,Gwen,1,0,0.0
Alistar,Hecarim,4,2,0.5
Alistar,Heimerdinger,2,2,1.0
Alistar,Hwei,5,4,0.8
Alistar,Irelia,2,0,0.0
Alistar,Ivern,2,2,1.0
Alistar,Janna,4,3,0.75
Alistar,JarvanIV,14,11,0.7857142857142857
Alistar,Jax,7,5,0.7142857142857143
Alistar,Jayce,20,17,0.85
Alistar,Jhin,15,9,0.6
Alistar,Jinx,2,1,0.5
Alistar,KSante,7,4,0.5714285714285714
Alistar,Kaisa,13,8,0.6153846153846154
Alistar,Kalista,2,2,1.0
Alistar,Karma,4,3,0.75
Alistar,Karthus,1,1,1.0
Alistar,Kassadin,2,1,0.5
Alistar,Katarina,5,2,0.4
Alistar,Kayle,1,1,1.0
Alistar,Kayn,3,1,0.3333333333333333
Alistar,Kennen,5,4,0.8
Alistar,Khazix,4,3,0.75
Alistar,Kindred,1,1,1.0
Alistar,Kled,3,1,0.3333333333333333
Alistar,Leblanc,5,4,0.8
Alistar,LeeSin,18,8,0.4444444444444444
Alistar,Leona,7,6,0.8571428571428571
Alistar,Lillia,3,0,0.0
Alistar,Lissandra,12,9,0.75
Alistar,Lucian,7,5,0.7142857142857143
Alistar,Lulu,6,4,0.6666666666666666
Alistar,Lux,2,2,1.0
Alistar,Malphite,2,0,0.0
Alistar,Maokai,3,1,0.3333333333333333
Alistar,MasterYi,5,2,0.4
Alistar,Mel,5,4,0.8
Alistar,MissFortune,4,2,0.5
Alistar,MonkeyKing,4,1,0.25
Alistar,Morgana,1,1,1.0
Alistar,Naafiri,9,5,0.5555555555555556
Alistar,Nami,7,3,0.42857142857142855
Alistar,Nasus,2,0,0.0
Alistar,Nautilus,17,12,0.7058823529411765
Alistar,Neeko,12,7,0.5833333333333334
Alistar,Nidalee,4,2,0.5
Alistar,Nilah,1,1,1.0
Alistar,Nocturne,5,4,0.8
Alistar,Nunu,2,1,0.5
Alistar,Olaf,5,3,0.6
Alistar,Orianna,10,8,0.8
Alistar,Ornn,1,0,0.0
Alistar,Pantheon,12,7,0.5833333333333334
Alistar,Poppy,9,4,0.4444444444444444
Alistar,Pyke,9,2,0.2222222222222222
Alistar,Qiyana,7,4,0.5714285714285714
Alistar,Quinn,5,4,0.8
Alistar,Rakan,3,2,0.6666666666666666
Alistar,Rammus,1,0,0.0
Alistar,RekSai,2,1,0.5
Alistar,Rell,14,10,0.7142857142857143
Alistar,Renata,1,1,1.0
Alistar,Renekton,7,6,0.8571428571428571
Alistar,Rengar,5,2,0.4
Alistar,Riven,7,4,0.5714285714285714
Alistar,Rumble,5,3,0.6
Alistar,Ryze,13,9,0.6923076923076923
Alistar,Samira,2,2,1.0
Alistar,Senna,10,4,0.4
Alistar,Seraphine,2,0,0.0
Alistar,Sett,1,1,1.0
Alistar,Shen,5,2,0.4
Alistar,Shyvana,2,1,0.5
Alistar,Singed,2,1,0.5
Alistar,Sion,8,7,0.875
Alistar,Sivir,20,8,0.4
Alistar,Skarner,4,1,0.25
Alistar,Smolder,1,1,1.0
Alistar,Sona,6,3,0.5
Alistar,Soraka,2,1,0.5
Alistar,Swain,3,2,0.6666666666666666
Alistar,Sylas,14,6,0.42857142857142855
Alistar,Syndra,4,2,0.5
Alistar,Taliyah,3,0,0.0
Alistar,Talon,2,2,1.0
Alistar,Taric,3,2,0.6666666666666666
Alistar,Teemo,2,0,0.0
Alistar,Thresh,5,5,1.0
Alistar,Tristana,4,1,0.25
Alistar,Trundle,1,0,0.0
Alistar,TwistedFate,10,7,0.7
Alistar,Twitch,1,0,0.0
Alistar,Udyr,2,2,1.0
Alistar,Urgot,1,1,1.0
Alistar,Varus,13,6,0.46153846153846156
Alistar,Vayne,7,4,0.5714285714285714
Alistar,Velkoz,3,3,1.0
Alistar,Vex,3,2,0.6666666666666666
Alistar,Vi,8,7,0.875
Alistar,Viego,6,4,0.6666666666666666
Alistar,Viktor,5,3,0.6
Alistar,Vladimir,4,3,0.75
Alistar,Xerath,5,0,0.0
Alistar,XinZhao,7,6,0.8571428571428571
Alistar,Yasuo,7,3,0.42857142857142855
Alistar,Yone,10,4,0.4
Alistar,Yorick,4,3,0.75
Alistar,Yunara,14,10,0.7142857142857143
Alistar,Yuumi,3,2,0.6666666666666666
Alistar,Zaahen,7,4,0.5714285714285714
Alistar,Zac,2,0,0.0
Alistar,Zed,4,1,0.25
Alistar,Zeri,1,1,1.0
Alistar,Ziggs,2,2,1.0
Alistar,Zilean,5,2,0.4
Alistar,Zoe,3,3,1.0
Alistar,Zyra,3,3,1.0
Ambessa,Aatrox,33,12,0.36363636363636365
Ambessa,Ahri,27,12,0.4444444444444444
Ambessa,Akali,25,8,0.32
Ambessa,Akshan,9,3,0.3333333333333333
Ambessa,Alistar,8,2,0.25
Ambessa,Amumu,1,1,1.0
Ambessa,Anivia,55,28,0.509090909090909
Ambessa,Annie,24,10,0.4166666666666667
Ambessa,Aphelios,9,5,0.5555555555555556
Ambessa,Ashe,27,13,0.48148148148148145
Ambessa,AurelionSol,3,3,1.0
Ambessa,Aurora,42,18,0.42857142857142855
Ambessa,Azir,17,9,0.5294117647058824
Ambessa,Bard,55,21,0.38181818181818183
Ambessa,Belveth,1,0,0.0
Ambessa,Blitzcrank,3,1,0.3333333333333333
Ambessa,Brand,3,1,0.3333333333333333
Ambessa,Braum,13,6,0.46153846153846156
Ambessa,Briar,6,4,0.6666666666666666
Ambessa,Caitlyn,35,18,0.5142857142857142
Ambessa,Camille,9,6,0.6666666666666666
Ambessa,Cassiopeia,14,6,0.42857142857142855
Ambessa,Chogath,2,1,0.5
Ambessa,Corki,21,12,0.5714285714285714
Ambessa,Darius,5,3,0.6
Ambessa,Diana,4,1,0.25
Ambessa,DrMundo,7,4,0.5714285714285714
Ambessa,Draven,8,4,0.5
Ambessa,Ekko,8,3,0.375
Ambessa,Elise,11,4,0.36363636363636365
Ambessa,Evelynn,5,2,0.4
Ambessa,Ezreal,86,34,0.3953488372093023
Ambessa,FiddleSticks,13,8,0.6153846153846154
Ambessa,Fiora,8,5,0.625
Ambessa,Fizz,7,5,0.7142857142857143
Ambessa,Galio,12,7,0.5833333333333334
Ambessa,Gangplank,7,3,0.42857142857142855
Ambessa,Garen,8,4,0.5
Ambessa,Gnar,32,18,0.5625
Ambessa,Gragas,9,9,1.0
Ambessa,Graves,28,12,0.42857142857142855
Ambessa,Gwen,10,5,0.5
Ambessa,Hecarim,5,4,0.8
Ambessa,Heimerdinger,1,0,0.0
Ambessa,Hwei,20,10,0.5
Ambessa,Illaoi,2,2,1.0
Ambessa,Irelia,19,5,0.2631578947368421
Ambessa,Ivern,6,3,0.5
Ambessa,Janna,7,3,0.42857142857142855
Ambessa,JarvanIV,54,25,0.46296296296296297
Ambessa,Jax,15,8,0.5333333333333333
Ambessa,Jayce,74,31,0.4189189189189189
Ambessa,Jhin,40,19,0.475
Ambessa,Jinx,10,6,0.6
Ambessa,KSante,13,5,0.38461538461538464
Ambessa,Kaisa,28,15,0.5357142857142857
Ambessa,Kalista,7,5,0.7142857142857143
Ambessa,Karma,63,32,0.5079365079365079
Ambessa,Karthus,15,8,0.5333333333333333
Ambessa,Kassadin,2,1,0.5
Ambessa,Katarina,5,1,0.2
Ambessa,Kayle,2,1,0.5
Ambessa,Kayn,5,2,0.4
Ambessa,Kennen,5,1,0.2
Ambessa,Khazix,4,3,0.75
Ambessa,Kindred,9,3,0.3333333333333333
Ambessa,Kled,5,2,0.4
Ambessa,KogMaw,4,2,0.5
Ambessa,Leblanc,21,6,0.2857142857142857
Ambessa,LeeSin,52,22,0.4230769230769231
Ambessa,Leona,15,7,0.4666666666666667
Ambessa,Lillia,3,1,0.3333333333333333
Ambessa,Lissandra,16,6,0.375
Ambessa,Lucian,31,12,0.3870967741935484
Ambessa,Lulu,29,16,0.5517241379310345
Ambessa,Lux,13,7,0.5384615384615384
Ambessa,Malphite,8,4,0.5
Ambessa,Malzahar,3,1,0.3333333333333333
Ambessa,Maokai,1,1,1.0
Ambessa,MasterYi,11,4,0.36363636363636365
Ambessa,Mel,22,14,0.6363636363636364
Ambessa,Milio,2,1,0.5
Ambessa,MissFortune,8,2,0.25
Ambessa,MonkeyKing,3,1,0.3333333333333333
Ambessa,Morgana,1,0,0.0
Ambessa,Naafiri,37,21,0.5675675675675675
Ambessa,Nami,30,14,0.4666666666666667
Ambessa,Nasus,5,3,0.6
Ambessa,Nautilus,56,26,0.4642857142857143
Ambessa,Neeko,15,5,0.3333333333333333
Ambessa,Nidalee,24,9,0.375
Ambessa,Nilah,2,1,0.5
Ambessa,Nocturne,21,10,0.47619047619047616
Ambessa,Nunu,6,2,0.3333333333333333
Ambessa,Olaf,5,2,0.4
Ambessa,Orianna,27,9,0.3333333333333333
Ambessa,Ornn,9,1,0.1111111111111111
Ambessa,Pantheon,35,13,0.37142857142857144
Ambessa,Poppy,27,11,0.4074074074074074
Ambessa,Pyke,25,14,0.56
Ambessa,Qiyana,22,7,0.3181818181818182
Ambessa,Quinn,8,5,0.625
Ambessa,Rakan,14,9,0.6428571428571429
Ambessa,RekSai,14,9,0.6428571428571429
Ambessa,Rell,13,5,0.38461538461538464
Ambessa,Renata,1,1,1.0
Ambessa,Renekton,39,13,0.3333333333333333
Ambessa,Rengar,11,4,0.36363636363636365
Ambessa,Riven,11,4,0.36363636363636365
Ambessa,Rumble,33,17,0.5151515151515151
Ambessa,Ryze,42,23,0.5476190476190477
Ambessa,Samira,3,2,0.6666666666666666
Ambessa,Sejuani,4,2,0.5
Ambessa,Senna,23,11,0.4782608695652174
Ambessa,Seraphine,18,7,0.3888888888888889
Ambessa,Sett,1,1,1.0
Ambessa,Shaco,7,5,0.7142857142857143
Ambessa,Shen,9,6,0.6666666666666666
Ambessa,Shyvana,2,2,1.0
Ambessa,Singed,7,3,0.42857142857142855
Ambessa,Sion,27,12,0.4444444444444444
Ambessa,Sivir,11,7,0.6363636363636364
Ambessa,Skarner,9,3,0.3333333333333333
Ambessa,Smolder,14,7,0.5
Ambessa,Sona,11,6,0.5454545454545454
Ambessa,Soraka,6,1,0.16666666666666666
Ambessa,Swain,3,2,0.6666666666666666
Ambessa,Sylas,29,16,0.5517241379310345
Ambessa,Syndra,18,6,0.3333333333333333
Ambessa,TahmKench,4,3,0.75
Ambessa,Taliyah,12,4,0.3333333333333333
Ambessa,Talon,23,13,0.5652173913043478
Ambessa,Taric,4,1,0.25
Ambessa,Teemo,3,1,0.3333333333333333
Ambessa,Thresh,8,8,1.0
Ambessa,Tristana,14,6,0.42857142857142855
Ambessa,Trundle,1,0,0.0
Ambessa,Tryndamere,2,0,0.0
Ambessa,TwistedFate,18,8,0.4444444444444444
Ambessa,Twitch,3,0,0.0
Ambessa,Udyr,6,2,0.3333333333333333
Ambessa,Urgot,7,4,0.5714285714285714
Ambessa,Varus,40,18,0.45
Ambessa,Vayne,26,9,0.34615384615384615
Ambessa,Veigar,6,2,0.3333333333333333
Ambessa,Velkoz,3,1,0.3333333333333333
Ambessa,Vex,2,1,0.5
Ambessa,Vi,18,10,0.5555555555555556
Ambessa,Viego,18,11,0.6111111111111112
Ambessa,Viktor,12,8,0.6666666666666666
Ambessa,Vladimir,17,9,0.5294117647058824
Ambessa,Volibear,2,1,0.5
Ambessa,Warwick,1,0,0.0
Ambessa,Xayah,4,1,0.25
Ambessa,Xerath,12,5,0.4166666666666667
Ambessa,XinZhao,18,4,0.2222222222222222
Ambessa,Yasuo,27,18,0.6666666666666666
Ambessa,Yone,18,8,0.4444444444444444
Ambessa,Yorick,9,6,0.6666666666666666
Ambessa,Yunara,40,21,0.525
Ambessa,Yuumi,4,3,0.75
Ambessa,Zaahen,16,7,0.4375
Ambessa,Zac,4,4,1.0
Ambessa,Zed,18,6,0.3333333333333333
Ambessa,Zeri,3,1,0.3333333333333333
Ambessa,Ziggs,7,4,0.5714285714285714
Ambessa,Zilean,4,0,0.0
Ambessa,Zoe,12,7,0.5833333333333334
Ambessa,Zyra,11,5,0.45454545454545453
Amumu,Ahri,2,0,0.0
Amumu,Alistar,2,1,0.5
Amumu,Ambessa,1,0,0.0
Amumu,Anivia,2,1,0.5
Amumu,Annie,2,0,0.0
Amumu,Ashe,2,1,0.5
Amumu,Aurora,1,0,0.0
Amumu,Belveth,1,0,0.0
Amumu,Blitzcrank,1,1,1.0
Amumu,Braum,1,0,0.0
Amumu,Caitlyn,1,1,1.0
Amumu,Camille,2,0,0.0
Amumu,Cassiopeia,1,0,0.0
Amumu,Corki,1,1,1.0
Amumu,Darius,1,1,1.0
Amumu,DrMundo,1,0,0.0
Amumu,Elise,1,1,1.0
Amumu,Ezreal,3,1,0.3333333333333333
Amumu,FiddleSticks,1,1,1.0
Amumu,Gangplank,2,1,0.5
Amumu,Graves,1,0,0.0
Amumu,Ivern,1,0,0.0
Amumu,JarvanIV,1,1,1.0
Amumu,Jax,1,0,0.0
Amumu,Jayce,3,2,0.6666666666666666
Amumu,Jhin,2,2,1.0
Amumu,KSante,1,1,1.0
Amumu,Kaisa,1,0,0.0
Amumu,Karma,2,1,0.5
Amumu,Khazix,1,0,0.0
Amumu,Kindred,1,1,1.0
Amumu,Kled,1,0,0.0
Amumu,Leblanc,1,1,1.0
Amumu,LeeSin,4,2,0.5
Amumu,Lissandra,1,0,0.0
Amumu,Lucian,1,0,0.0
Amumu,Lulu,3,2,0.6666666666666666
Amumu,Malphite,1,1,1.0
Amumu,Mel,2,0,0.0
Amumu,MissFortune,1,0,0.0
Amumu,Naafiri,2,1,0.5
Amumu,Nautilus,1,1,1.0
Amumu,Nidalee,1,0,0.0
Amumu,Orianna,1,1,1.0
Amumu,Poppy,1,0,0.0
Amumu,Rell,1,0,0.0
Amumu,Renekton,2,2,1.0
Amumu,Rengar,1,0,0.0
Amumu,Riven,1,1,1.0
Amumu,Rumble,1,0,0.0
Amumu,Ryze,2,1,0.5
Amumu,Senna,2,1,0.5
Amumu,Seraphine,1,0,0.0
Amumu,Shyvana,2,2,1.0
Amumu,Skarner,1,0,0.0
Amumu,Smolder,1,0,0.0
Amumu,Sona,1,0,0.0
Amumu,Sylas,3,0,0.0
Amumu,Syndra,1,0,0.0
Amumu,TahmKench,2,1,0.5
Amumu,Trundle,1,0,0.0
Amumu,Udyr,1,0,0.0
Amumu,Urgot,1,1,1.0
Amumu,Varus,2,0,0.0
Amumu,Veigar,1,1,1.0
Amumu,Vex,1,0,0.0
Amumu,Viego,1,1,1.0
Amumu,Viktor,1,1,1.0
Amumu,Xerath,1,1,1.0
Amumu,Yasuo,1,0,0.0
Amumu,Yone,1,0,0.0
Amumu,Yunara,3,2,0.6666666666666666
Amumu,Yuumi,1,0,0.0
Amumu,Zilean,1,1,1.0
Amumu,Zoe,1,1,1.0
Anivia,Aatrox,30,17,0.5666666666666667
Anivia,Ahri,22,12,0.5454545454545454
Anivia,Akali,35,12,0.34285714285714286
Anivia,Akshan,4,1,0.25
Anivia,Alistar,22,12,0.5454545454545454
Anivia,Ambessa,55,27,0.4909090909090909
Anivia,Amumu,2,1,0.5
Anivia,Annie,27,14,0.5185185185185185
Anivia,Aphelios,11,4,0.36363636363636365
Anivia,Ashe,36,14,0.3888888888888889
Anivia,AurelionSol,9,6,0.6666666666666666
Anivia,Aurora,55,27,0.4909090909090909
Anivia,Azir,17,9,0.5294117647058824
Anivia,Bard,59,23,0.3898305084745763
Anivia,Belveth,7,5,0.7142857142857143
Anivia,Blitzcrank,10,6,0.6
Anivia,Brand,6,3,0.5
Anivia,Braum,6,5,0.8333333333333334
Anivia,Briar,3,1,0.3333333333333333
Anivia,Caitlyn,34,17,0.5
Anivia,Camille,17,11,0.6470588235294118
Anivia,Cassiopeia,15,7,0.4666666666666667
Anivia,Chogath,3,1,0.3333333333333333
Anivia,Corki,31,16,0.5161290322580645
Anivia,Darius,3,2,0.6666666666666666
Anivia,Diana,5,2,0.4
Anivia,DrMundo,14,8,0.5714285714285714
Anivia,Draven,9,4,0.4444444444444444
Anivia,Ekko,14,4,0.2857142857142857
Anivia,Elise,10,5,0.5
Anivia,Evelynn,2,1,0.5
Anivia,Ezreal,86,49,0.5697674418604651
Anivia,FiddleSticks,9,4,0.4444444444444444
Anivia,Fiora,8,5,0.625
Anivia,Fizz,6,5,0.8333333333333334
Anivia,Galio,9,4,0.4444444444444444
Anivia,Gangplank,4,1,0.25
Anivia,Garen,7,5,0.7142857142857143
Anivia,Gnar,39,18,0.46153846153846156
Anivia,Gragas,11,8,0.7272727272727273
Anivia,Graves,28,11,0.39285714285714285
Anivia,Gwen,7,3,0.42857142857142855
Anivia,Hecarim,8,3,0.375
Anivia,Heimerdinger,4,2,0.5
Anivia,Hwei,25,17,0.68
Anivia,Illaoi,2,1,0.5
Anivia,Irelia,26,13,0.5
Anivia,Ivern,4,2,0.5
Anivia,Janna,6,2,0.3333333333333333
Anivia,JarvanIV,43,27,0.627906976744186
Anivia,Jax,13,5,0.38461538461538464
Anivia,Jayce,71,46,0.647887323943662
Anivia,Jhin,47,23,0.48936170212765956
Anivia,Jinx,14,6,0.42857142857142855
Anivia,KSante,10,3,0.3
Anivia,Kaisa,19,12,0.631578947368421
Anivia,Kalista,10,6,0.6
Anivia,Karma,63,32,0.5079365079365079
Anivia,Karthus,10,2,0.2
Anivia,Kassadin,5,4,0.8
Anivia,Katarina,4,1,0.25
Anivia,Kayle,8,2,0.25
Anivia,Kayn,7,5,0.7142857142857143
Anivia,Kennen,9,3,0.3333333333333333
Anivia,Khazix,7,3,0.42857142857142855
Anivia,Kindred,10,3,0.3
Anivia,Kled,2,1,0.5
Anivia,KogMaw,6,3,0.5
Anivia,Leblanc,14,9,0.6428571428571429
Anivia,LeeSin,57,26,0.45614035087719296
Anivia,Leona,9,7,0.7777777777777778
Anivia,Lillia,7,3,0.42857142857142855
Anivia,Lissandra,18,9,0.5
Anivia,Lucian,34,13,0.38235294117647056
Anivia,Lulu,32,13,0.40625
Anivia,Lux,11,8,0.7272727272727273
Anivia,Malphite,6,0,0.0
Anivia,Malzahar,4,2,0.5
Anivia,Maokai,3,1,0.3333333333333333
Anivia,MasterYi,16,8,0.5
Anivia,Mel,26,16,0.6153846153846154
Anivia,Milio,6,3,0.5
Anivia,MissFortune,8,2,0.25
Anivia,MonkeyKing,4,2,0.5
Anivia,Mordekaiser,2,0,0.0
Anivia,Morgana,1,0,0.0
Anivia,Naafiri,41,24,0.5853658536585366
Anivia,Nami,42,25,0.5952380952380952
Anivia,Nasus,7,4,0.5714285714285714
Anivia,Nautilus,35,22,0.6285714285714286
Anivia,Neeko,23,6,0.2608695652173913
Anivia,Nidalee,23,10,0.43478260869565216
Anivia,Nilah,2,2,1.0
Anivia,Nocturne,22,12,0.5454545454545454
Anivia,Nunu,7,4,0.5714285714285714
Anivia,Olaf,4,2,0.5
Anivia,Orianna,32,12,0.375
Anivia,Ornn,3,2,0.6666666666666666
Anivia,Pantheon,36,12,0.3333333333333333
Anivia,Poppy,10,5,0.5
Anivia,Pyke,48,26,0.5416666666666666
Anivia,Qiyana,21,11,0.5238095238095238
Anivia,Quinn,6,4,0.6666666666666666
Anivia,Rakan,14,9,0.6428571428571429
Anivia,Rammus,5,3,0.6
Anivia,RekSai,6,2,0.3333333333333333
Anivia,Rell,24,7,0.2916666666666667
Anivia,Renata,1,1,1.0
Anivia,Renekton,20,11,0.55
Anivia,Rengar,15,5,0.3333333333333333
Anivia,Riven,18,9,0.5
Anivia,Rumble,35,15,0.42857142857142855
Anivia,Ryze,68,40,0.5882352941176471
Anivia,Sejuani,5,2,0.4
Anivia,Senna,24,15,0.625
Anivia,Seraphine,25,9,0.36
Anivia,Sett,2,1,0.5
Anivia,Shaco,6,3,0.5
Anivia,Shen,16,8,0.5
Anivia,Shyvana,4,2,0.5
Anivia,Singed,7,6,0.8571428571428571
Anivia,Sion,33,15,0.45454545454545453
Anivia,Sivir,18,13,0.7222222222222222
Anivia,Skarner,17,8,0.47058823529411764
Anivia,Smolder,8,5,0.625
Anivia,Sona,20,9,0.45
Anivia,Soraka,10,4,0.4
Anivia,Swain,14,7,0.5
Anivia,Sylas,27,14,0.5185185185185185
Anivia,Syndra,18,8,0.4444444444444444
Anivia,Taliyah,10,8,0.8
Anivia,Talon,17,4,0.23529411764705882
Anivia,Taric,6,2,0.3333333333333333
Anivia,Teemo,10,0,0.0
Anivia,Thresh,10,5,0.5
Anivia,Tristana,13,8,0.6153846153846154
Anivia,Trundle,1,1,1.0
Anivia,TwistedFate,12,5,0.4166666666666667
Anivia,Twitch,6,3,0.5
Anivia,Udyr,9,6,0.6666666666666666
Anivia,Urgot,4,2,0.5
Anivia,Varus,59,33,0.559322033898305
Anivia,Vayne,37,23,0.6216216216216216
Anivia,Veigar,5,1,0.2
Anivia,Velkoz,7,3,0.42857142857142855
Anivia,Vex,4,1,0.25
Anivia,Vi,18,5,0.2777777777777778
Anivia,Viego,20,11,0.55
Anivia,Viktor,19,9,0.47368421052631576
Anivia,Vladimir,13,8,0.6153846153846154
Anivia,Volibear,2,0,0.0
Anivia,Warwick,1,1,1.0
Anivia,Xayah,4,2,0.5
Anivia,Xerath,6,3,0.5
Anivia,XinZhao,28,17,0.6071428571428571
Anivia,Yasuo,27,10,0.37037037037037035
Anivia,Yone,30,13,0.43333333333333335
Anivia,Yorick,11,5,0.45454545454545453
Anivia,Yunara,52,22,0.4230769230769231
Anivia,Yuumi,9,4,0.4444444444444444
Anivia,Zaahen,16,6,0.375
Anivia,Zac,2,0,0.0
Anivia,Zed,14,3,0.21428571428571427
Anivia,Zeri,5,4,0.8
Anivia,Ziggs,11,1,0.09090909090909091
Anivia,Zilean,10,4,0.4
Anivia,Zoe,17,10,0.5882352941176471
Anivia,Zyra,10,4,0.4
Annie,Aatrox,5,2,0.4
Annie,Ahri,18,8,0.4444444444444444
Annie,Akali,13,5,0.38461538461538464
Annie,Akshan,3,3,1.0
Annie,Alistar,10,7,0.7
Annie,Ambessa,24,14,0.5833333333333334
Annie,Amumu,2,2,1.0
Annie,Anivia,27,13,0.48148148148148145
Annie,Aphelios,1,1,1.0
Annie,Ashe,13,8,0.6153846153846154
Annie,AurelionSol,3,2,0.6666666666666666
Annie,Aurora,17,10,0.5882352941176471
Annie,Azir,6,3,0.5
Annie,Bard,19,11,0.5789473684210527
Annie,Belveth,4,3,0.75
Annie,Blitzcrank,1,1,1.0
Annie,Brand,1,1,1.0
Annie,Caitlyn,13,9,0.6923076923076923
Annie,Camille,6,5,0.8333333333333334
Annie,Cassiopeia,4,1,0.25
Annie,Chogath,2,2,1.0
Annie,Corki,9,3,0.3333333333333333
Annie,Darius,1,1,1.0
Annie,Diana,2,2,1.0
Annie,DrMundo,7,4,0.5714285714285714
Annie,Draven,2,1,0.5
Annie,Ekko,5,1,0.2
Annie,Evelynn,1,1,1.0
Annie,Ezreal,30,19,0.6333333333333333
Annie,FiddleSticks,1,1,1.0
Annie,Fiora,5,1,0.2
Annie,Fizz,2,1,0.5
Annie,Galio,14,4,0.2857142857142857
Annie,Gangplank,1,0,0.0
Annie,Garen,4,2,0.5
Annie,Gnar,12,10,0.8333333333333334
Annie,Graves,6,2,0.3333333333333333
Annie,Gwen,2,1,0.5
Annie,Hecarim,5,2,0.4
Annie,Hwei,10,5,0.5
Annie,Irelia,1,1,1.0
Annie,Ivern,2,2,1.0
Annie,Janna,3,1,0.3333333333333333
Annie,JarvanIV,15,8,0.5333333333333333
Annie,Jax,6,3,0.5
Annie,Jayce,19,10,0.5263157894736842
Annie,Jhin,18,8,0.4444444444444444
Annie,Jinx,3,2,0.6666666666666666
Annie,KSante,11,5,0.45454545454545453
Annie,Kaisa,6,6,1.0
Annie,Karma,21,9,0.42857142857142855
Annie,Karthus,6,3,0.5
Annie,Kassadin,3,2,0.6666666666666666
Annie,Katarina,8,5,0.625
Annie,Kayle,1,1,1.0
Annie,Kayn,4,1,0.25
Annie,Kennen,3,2,0.6666666666666666
Annie,Khazix,1,1,1.0
Annie,Kindred,3,1,0.3333333333333333
Annie,Kled,2,2,1.0
Annie,KogMaw,2,1,0.5
Annie,Leblanc,8,4,0.5
Annie,LeeSin,15,5,0.3333333333333333
Annie,Leona,4,1,0.25
Annie,Lillia,5,2,0.4
Annie,Lissandra,3,2,0.6666666666666666
Annie,Lucian,9,4,0.4444444444444444
Annie,Lulu,11,7,0.6363636363636364
Annie,Lux,6,2,0.3333333333333333
Annie,Malphite,4,1,0.25
Annie,Malzahar,2,2,1.0
Annie,Maokai,1,1,1.0
Annie,MasterYi,6,5,0.8333333333333334
Annie,Mel,7,3,0.42857142857142855
Annie,Milio,1,0,0.0
Annie,MissFortune,2,0,0.0
Annie,MonkeyKing,2,1,0.5
Annie,Morgana,1,1,1.0
Annie,Naafiri,13,3,0.23076923076923078
Annie,Nami,15,5,0.3333333333333333
Annie,Nasus,1,1,1.0
Annie,Nautilus,11,3,0.2727272727272727
Annie,Neeko,10,3,0.3
Annie,Nidalee,6,5,0.8333333333333334
Annie,Nilah,1,1,1.0
Annie,Nocturne,10,6,0.6
Annie,Nunu,3,3,1.0
Annie,Olaf,2,2,1.0
Annie,Orianna,7,3,0.42857142857142855
Annie,Ornn,4,3,0.75
Annie,Pantheon,13,5,0.38461538461538464
Annie,Poppy,4,2,0.5
Annie,Pyke,5,3,0.6
Annie,Qiyana,7,4,0.5714285714285714
Annie,Quinn,3,1,0.3333333333333333
Annie,Rakan,6,4,0.6666666666666666
Annie,Rammus,1,1,1.0
Annie,RekSai,3,1,0.3333333333333333
Annie,Rell,4,0,0.0
Annie,Renekton,11,4,0.36363636363636365
Annie,Rengar,1,0,0.0
Annie,Riven,6,4,0.6666666666666666
Annie,Rumble,7,2,0.2857142857142857
Annie,Ryze,12,7,0.5833333333333334
Annie,Samira,1,0,0.0
Annie,Senna,4,2,0.5
Annie,Seraphine,12,8,0.6666666666666666
Annie,Shaco,1,1,1.0
Annie,Shen,5,2,0.4
Annie,Shyvana,1,1,1.0
Annie,Singed,5,3,0.6
Annie,Sion,12,8,0.6666666666666666
Annie,Sivir,8,2,0.25
Annie,Skarner,6,3,0.5
Annie,Smolder,1,1,1.0
Annie,Sona,5,4,0.8
Annie,Soraka,5,2,0.4
Annie,Swain,1,0,0.0
Annie,Sylas,10,6,0.6
Annie,Syndra,10,4,0.4
Annie,Taliyah,3,2,0.6666666666666666
Annie,Talon,6,2,0.3333333333333333
Annie,Taric,1,0,0.0
Annie,Teemo,4,3,0.75
Annie,Thresh,5,4,0.8
Annie,Tristana,5,2,0.4
Annie,Trundle,1,0,0.0
Annie,TwistedFate,4,1,0.25
Annie,Twitch,2,2,1.0
Annie,Udyr,2,1,0.5
Annie,Urgot,2,0,0.0
Annie,Varus,18,8,0.4444444444444444
Annie,Vayne,12,5,0.4166666666666667
Annie,Veigar,3,2,0.6666666666666666
Annie,Velkoz,3,1,0.3333333333333333
Annie,Vex,1,0,0.0
Annie,Vi,7,5,0.7142857142857143
Annie,Viego,3,3,1.0
Annie,Viktor,7,2,0.2857142857142857
Annie,Vladimir,3,3,1.0
Annie,Volibear,1,0,0.0
Annie,Warwick,1,0,0.0
Annie,Xayah,2,1,0.5
Annie,Xerath,3,2,0.6666666666666666
Annie,XinZhao,10,5,0.5
Annie,Yasuo,7,4,0.5714285714285714
Annie,Yone,4,2,0.5
Annie,Yorick,6,4,0.6666666666666666
Annie,Yunara,17,9,0.5294117647058824
Annie,Yuumi,3,3,1.0
Annie,Zaahen,6,1,0.16666666666666666
Annie,Zed,1,1,1.0
Annie,Zeri,2,2,1.0
Annie,Ziggs,3,1,0.3333333333333333
Annie,Zilean,2,0,0.0
Annie,Zoe,8,3,0.375
Annie,Zyra,3,1,0.3333333333333333
Aphelios,Aatrox,2,1,0.5
Aphelios,Ahri,6,2,0.3333333333333333
Aphelios,Akali,6,3,0.5
Aphelios,Akshan,1,0,0.0
Aphelios,Alistar,2,0,0.0
Aphelios,Ambessa,9,4,0.4444444444444444
Aphelios,Anivia,11,7,0.6363636363636364
Aphelios,Annie,1,0,0.0
Aphelios,Ashe,6,1,0.16666666666666666
Aphelios,AurelionSol,2,0,0.0
Aphelios,Aurora,3,0,0.0
Aphelios,Azir,2,0,0.0
Aphelios,Bard,6,3,0.5
Aphelios,Belveth,2,0,0.0
Aphelios,Braum,2,0,0.0
Aphelios,Briar,1,1,1.0
Aphelios,Caitlyn,5,5,1.0
Aphelios,Camille,3,2,0.6666666666666666
Aphelios,Cassiopeia,3,1,0.3333333333333333
Aphelios,Corki,1,1,1.0
Aphelios,Darius,2,1,0.5
Aphelios,DrMundo,1,0,0.0
Aphelios,Draven,1,1,1.0
Aphelios,Ekko,3,1,0.3333333333333333
Aphelios,Evelynn,1,1,1.0
Aphelios,Ezreal,8,4,0.5
Aphelios,FiddleSticks,1,0,0.0
Aphelios,Fizz,3,1,0.3333333333333333
Aphelios,Galio,2,1,0.5
Aphelios,Gangplank,2,1,0.5
Aphelios,Garen,1,0,0.0
Aphelios,Gnar,4,2,0.5
Aphelios,Graves,1,0,0.0
Aphelios,Gwen,1,0,0.0
Aphelios,Hecarim,2,0,0.0
Aphelios,Hwei,2,1,0.5
Aphelios,Irelia,2,0,0.0
Aphelios,Janna,1,1,1.0
Aphelios,JarvanIV,10,4,0.4
Aphelios,Jax,4,1,0.25
Aphelios,Jayce,5,1,0.2
Aphelios,Jhin,3,1,0.3333333333333333
Aphelios,Jinx,8,1,0.125
Aphelios,KSante,3,1,0.3333333333333333
Aphelios,Kaisa,2,0,0.0
Aphelios,Kalista,1,0,0.0
Aphelios,Karma,5,2,0.4
Aphelios,Karthus,3,1,0.3333333333333333
Aphelios,Kassadin,1,1,1.0
Aphelios,Katarina,1,0,0.0
Aphelios,Kayle,1,0,0.0
Aphelios,Kayn,1,1,1.0
Aphelios,Kennen,2,1,0.5
Aphelios,Kled,1,0,0.0
Aphelios,KogMaw,1,1,1.0
Aphelios,Leblanc,1,0,0.0
Aphelios,LeeSin,6,4,0.6666666666666666
Aphelios,Leona,1,0,0.0
Aphelios,Lucian,6,1,0.16666666666666666
Aphelios,Lulu,6,3,0.5
Aphelios,Lux,2,2,1.0
Aphelios,Malphite,3,2,0.6666666666666666
Aphelios,Maokai,1,0,0.0
Aphelios,Mel,2,2,1.0
Aphelios,Milio,1,0,0.0
Aphelios,MonkeyKing,1,0,0.0
Aphelios,Morgana,1,0,0.0
Aphelios,Naafiri,5,3,0.6
Aphelios,Nami,6,1,0.16666666666666666
Aphelios,Nautilus,5,2,0.4
Aphelios,Neeko,4,3,0.75
Aphelios,Nidalee,1,0,0.0
Aphelios,Nocturne,1,0,0.0
Aphelios,Nunu,2,1,0.5
Aphelios,Olaf,1,0,0.0
Aphelios,Orianna,3,1,0.3333333333333333
Aphelios,Ornn,4,1,0.25
Aphelios,Pantheon,7,2,0.2857142857142857
Aphelios,Poppy,2,1,0.5
Aphelios,Pyke,1,0,0.0
Aphelios,Qiyana,6,2,0.3333333333333333
Aphelios,Rakan,4,2,0.5
Aphelios,RekSai,1,0,0.0
Aphelios,Rell,5,2,0.4
Aphelios,Rengar,1,0,0.0
Aphelios,Riven,3,2,0.6666666666666666
Aphelios,Rumble,3,1,0.3333333333333333
Aphelios,Ryze,5,3,0.6
Aphelios,Samira,1,1,1.0
Aphelios,Sejuani,1,1,1.0
Aphelios,Seraphine,3,1,0.3333333333333333
Aphelios,Sett,1,0,0.0
Aphelios,Shen,1,0,0.0
Aphelios,Singed,1,1,1.0
Aphelios,Sion,2,1,0.5
Aphelios,Skarner,6,3,0.5
Aphelios,Smolder,3,2,0.6666666666666666
Aphelios,Sona,5,0,0.0
Aphelios,Soraka,1,1,1.0
Aphelios,Swain,1,0,0.0
Aphelios,Sylas,7,3,0.42857142857142855
Aphelios,Syndra,3,2,0.6666666666666666
Aphelios,Talon,4,1,0.25
Aphelios,Teemo,2,0,0.0
Aphelios,Thresh,2,0,0.0
Aphelios,Tristana,2,1,0.5
Aphelios,Trundle,1,0,0.0
Aphelios,Tryndamere,1,0,0.0
Aphelios,TwistedFate,4,1,0.25
Aphelios,Udyr,1,0,0.0
Aphelios,Varus,5,3,0.6
Aphelios,Vayne,2,2,1.0
Aphelios,Veigar,1,0,0.0
Aphelios,Vi,1,0,0.0
Aphelios,Viego,4,2,0.5
Aphelios,Viktor,1,0,0.0
Aphelios,Vladimir,5,3,0.6
Aphelios,Xayah,1,0,0.0
Aphelios,XinZhao,2,1,0.5
Aphelios,Yasuo,3,1,0.3333333333333333
Aphelios,Yone,6,2,0.3333333333333333
Aphelios,Yorick,1,0,0.0
Aphelios,Yunara,11,4,0.36363636363636365
Aphelios,Yuumi,1,0,0.0
Aphelios,Zaahen,2,2,1.0
Aphelios,Zac,1,1,1.0
Aphelios,Zed,1,1,1.0
Aphelios,Zeri,1,1,1.0
Aphelios,Ziggs,2,2,1.0
Aphelios,Zilean,2,0,0.0
Aphelios,Zoe,2,1,0.5
Aphelios,Zyra,2,2,1.0
Ashe,Aatrox,13,8,0.6153846153846154
Ashe,Ahri,24,14,0.5833333333333334
Ashe,Akali,16,8,0.5
Ashe,Akshan,3,3,1.0
Ashe,Alistar,5,4,0.8
Ashe,Ambessa,27,14,0.5185185185185185
Ashe,Amumu,2,1,0.5
Ashe,Anivia,36,22,0.6111111111111112
Ashe,Annie,13,5,0.38461538461538464
Ashe,Aphelios,6,5,0.8333333333333334
Ashe,AurelionSol,9,4,0.4444444444444444
Ashe,Aurora,24,13,0.5416666666666666
Ashe,Azir,8,6,0.75
Ashe,Bard,39,21,0.5384615384615384
Ashe,Belveth,4,3,0.75
Ashe,Blitzcrank,1,1,1.0
Ashe,Braum,8,7,0.875
Ashe,Briar,3,1,0.3333333333333333
Ashe,Caitlyn,34,21,0.6176470588235294
Ashe,Camille,4,1,0.25
Ashe,Cassiopeia,7,5,0.7142857142857143
Ashe,Chogath,3,2,0.6666666666666666
Ashe,Corki,16,12,0.75
Ashe,Darius,6,4,0.6666666666666666
Ashe,Diana,1,1,1.0
Ashe,DrMundo,4,4,1.0
Ashe,Draven,4,2,0.5
Ashe,Ekko,11,7,0.6363636363636364
Ashe,Elise,8,4,0.5
Ashe,Evelynn,4,3,0.75
Ashe,Ezreal,55,28,0.509090909090909
Ashe,FiddleSticks,5,3,0.6
Ashe,Fiora,5,4,0.8
Ashe,Fizz,5,5,1.0
Ashe,Galio,8,3,0.375
Ashe,Gangplank,4,2,0.5
Ashe,Garen,5,3,0.6
Ashe,Gnar,21,13,0.6190476190476191
Ashe,Gragas,4,3,0.75
Ashe,Graves,17,7,0.4117647058823529
Ashe,Gwen,3,0,0.0
Ashe,Hecarim,3,3,1.0
Ashe,Hwei,6,3,0.5
Ashe,Irelia,18,10,0.5555555555555556
Ashe,Ivern,3,1,0.3333333333333333
Ashe,Janna,3,2,0.6666666666666666
Ashe,JarvanIV,25,10,0.4
Ashe,Jax,10,4,0.4
Ashe,Jayce,34,16,0.47058823529411764
Ashe,Jhin,30,19,0.6333333333333333
Ashe,Jinx,8,3,0.375
Ashe,KSante,8,4,0.5
Ashe,Kaisa,7,4,0.5714285714285714
Ashe,Kalista,5,4,0.8
Ashe,Karma,26,15,0.5769230769230769
Ashe,Karthus,2,2,1.0
Ashe,Kassadin,4,2,0.5
Ashe,Katarina,5,1,0.2
Ashe,Kayle,4,1,0.25
Ashe,Kayn,7,5,0.7142857142857143
Ashe,Khazix,2,1,0.5
Ashe,Kindred,6,3,0.5
Ashe,Kled,1,0,0.0
Ashe,KogMaw,6,4,0.6666666666666666
Ashe,Leblanc,9,7,0.7777777777777778
Ashe,LeeSin,20,13,0.65
Ashe,Leona,3,1,0.3333333333333333
Ashe,Lillia,5,2,0.4
Ashe,Lissandra,8,4,0.5
Ashe,Lucian,18,9,0.5
Ashe,Lulu,13,6,0.46153846153846156
Ashe,Lux,6,4,0.6666666666666666
Ashe,Malphite,12,6,0.5
Ashe,Malzahar,4,4,1.0
Ashe,Maokai,2,1,0.5
Ashe,MasterYi,4,2,0.5
Ashe,Mel,25,13,0.52
Ashe,Milio,8,4,0.5
Ashe,MissFortune,5,1,0.2
Ashe,MonkeyKing,5,1,0.2
Ashe,Morgana,1,0,0.0
Ashe,Naafiri,21,13,0.6190476190476191
Ashe,Nami,22,13,0.5909090909090909
Ashe,Nasus,1,1,1.0
Ashe,Nautilus,20,11,0.55
Ashe,Neeko,11,4,0.36363636363636365
Ashe,Nidalee,15,9,0.6
Ashe,Nilah,1,1,1.0
Ashe,Nocturne,10,8,0.8
Ashe,Nunu,5,3,0.6
Ashe,Olaf,3,1,0.3333333333333333
Ashe,Orianna,13,7,0.5384615384615384
Ashe,Ornn,3,2,0.6666666666666666
Ashe,Pantheon,15,11,0.7333333333333333
Ashe,Poppy,7,4,0.5714285714285714
Ashe,Pyke,14,8,0.5714285714285714
Ashe,Qiyana,8,5,0.625
Ashe,Quinn,5,2,0.4
Ashe,Rakan,11,7,0.6363636363636364
Ashe,RekSai,7,3,0.42857142857142855
Ashe,Rell,12,7,0.5833333333333334
Ashe,Renata,1,0,0.0
Ashe,Renekton,10,7,0.7
Ashe,Rengar,2,0,0.0
Ashe,Riven,13,6,0.46153846153846156
Ashe,Rumble,12,5,0.4166666666666667
Ashe,Ryze,28,18,0.6428571428571429
Ashe,Sejuani,1,0,0.0
Ashe,Senna,14,6,0.42857142857142855
Ashe,Seraphine,23,6,0.2608695652173913
Ashe,Sett,1,1,1.0
Ashe,Shaco,2,1,0.5
Ashe,Shen,10,7,0.7
Ashe,Shyvana,2,1,0.5
Ashe,Singed,3,2,0.6666666666666666
Ashe,Sion,19,11,0.5789473684210527
Ashe,Sivir,3,2,0.6666666666666666
Ashe,Skarner,3,2,0.6666666666666666
Ashe,Smolder,4,4,1.0
Ashe,Sona,9,4,0.4444444444444444
Ashe,Soraka,6,3,0.5
Ashe,Swain,6,4,0.6666666666666666
Ashe,Sylas,32,15,0.46875
Ashe,Syndra,8,3,0.375
Ashe,TahmKench,1,1,1.0
Ashe,Taliyah,8,6,0.75
Ashe,Talon,7,5,0.7142857142857143
Ashe,Taric,5,4,0.8
Ashe,Teemo,4,0,0.0
Ashe,Thresh,5,5,1.0
Ashe,Tristana,8,5,0.625
Ashe,Trundle,3,3,1.0
Ashe,Tryndamere,3,2,0.6666666666666666
Ashe,TwistedFate,7,4,0.5714285714285714
Ashe,Twitch,2,2,1.0
Ashe,Udyr,6,4,0.6666666666666666
Ashe,Urgot,3,3,1.0
Ashe,Varus,20,9,0.45
Ashe,Vayne,19,9,0.47368421052631576
Ashe,Veigar,6,3,0.5
Ashe,Velkoz,4,3,0.75
Ashe,Vi,8,7,0.875
Ashe,Viego,8,7,0.875
Ashe,Viktor,7,5,0.7142857142857143
Ashe,Vladimir,5,4,0.8
Ashe,Volibear,1,1,1.0
Ashe,Xerath,5,4,0.8
Ashe,XinZhao,16,7,0.4375
Ashe,Yasuo,17,11,0.6470588235294118
Ashe,Yone,9,4,0.4444444444444444
Ashe,Yorick,4,3,0.75
Ashe,Yunara,24,13,0.5416666666666666
Ashe,Yuumi,3,1,0.3333333333333333
Ashe,Zaahen,9,6,0.6666666666666666
Ashe,Zac,1,0,0.0
Ashe,Zed,9,4,0.4444444444444444
Ashe,Zeri,1,1,1.0
Ashe,Ziggs,7,5,0.7142857142857143
Ashe,Zilean,4,1,0.25
Ashe,Zoe,3,2,0.6666666666666666
Ashe,Zyra,6,1,0.16666666666666666
AurelionSol,Aatrox,1,0,0.0
AurelionSol,Ahri,6,1,0.16666666666666666
AurelionSol,Akali,8,5,0.625
AurelionSol,Akshan,3,1,0.3333333333333333
AurelionSol,Alistar,2,1,0.5
AurelionSol,Ambessa,3,0,0.0
AurelionSol,Anivia,9,3,0.3333333333333333
AurelionSol,Annie,3,1,0.3333333333333333
AurelionSol,Aphelios,2,2,1.0
AurelionSol,Ashe,9,5,0.5555555555555556
AurelionSol,Aurora,9,4,0.4444444444444444
AurelionSol,Azir,2,2,1.0
AurelionSol,Bard,5,2,0.4
AurelionSol,Belveth,3,1,0.3333333333333333
AurelionSol,Braum,3,3,1.0
AurelionSol,Caitlyn,9,4,0.4444444444444444
AurelionSol,Camille,1,0,0.0
AurelionSol,Corki,9,6,0.6666666666666666
AurelionSol,Darius,1,1,1.0
AurelionSol,Diana,3,2,0.6666666666666666
AurelionSol,DrMundo,2,2,1.0
AurelionSol,Ekko,6,1,0.16666666666666666
AurelionSol,Elise,1,1,1.0
AurelionSol,Evelynn,1,0,0.0
AurelionSol,Ezreal,6,4,0.6666666666666666
AurelionSol,FiddleSticks,2,2,1.0
AurelionSol,Fiora,1,1,1.0
AurelionSol,Galio,2,2,1.0
AurelionSol,Gangplank,2,1,0.5
AurelionSol,Garen,1,0,0.0
AurelionSol,Gnar,5,4,0.8
AurelionSol,Graves,6,1,0.16666666666666666
AurelionSol,Gwen,2,2,1.0
AurelionSol,Heimerdinger,1,0,0.0
AurelionSol,Hwei,4,3,0.75
AurelionSol,Illaoi,1,0,0.0
AurelionSol,Irelia,1,1,1.0
AurelionSol,Janna,2,1,0.5
AurelionSol,JarvanIV,8,5,0.625
AurelionSol,Jax,2,1,0.5
AurelionSol,Jayce,12,6,0.5
AurelionSol,Jhin,2,1,0.5
AurelionSol,Jinx,2,1,0.5
AurelionSol,Kaisa,4,2,0.5
AurelionSol,Kalista,1,1,1.0
AurelionSol,Karma,7,3,0.42857142857142855
AurelionSol,Katarina,3,0,0.0
AurelionSol,Kennen,3,2,0.6666666666666666
AurelionSol,Khazix,2,0,0.0
AurelionSol,Kled,2,0,0.0
AurelionSol,Leblanc,3,0,0.0
AurelionSol,LeeSin,8,3,0.375
AurelionSol,Leona,3,2,0.6666666666666666
AurelionSol,Lissandra,1,1,1.0
AurelionSol,Lucian,3,2,0.6666666666666666
AurelionSol,Lulu,4,1,0.25
AurelionSol,Lux,2,1,0.5
AurelionSol,Malphite,2,2,1.0
AurelionSol,Maokai,1,1,1.0
AurelionSol,MasterYi,2,1,0.5
AurelionSol,Mel,5,3,0.6
AurelionSol,MissFortune,2,0,0.0
AurelionSol,Mordekaiser,1,1,1.0
AurelionSol,Naafiri,4,0,0.0
AurelionSol,Nami,5,2,0.4
AurelionSol,Nasus,1,1,1.0
AurelionSol,Nautilus,9,3,0.3333333333333333
AurelionSol,Neeko,2,1,0.5
AurelionSol,Nocturne,2,1,0.5
AurelionSol,Orianna,6,0,0.0
AurelionSol,Ornn,1,0,0.0
AurelionSol,Pantheon,6,2,0.3333333333333333
AurelionSol,Poppy,4,1,0.25
AurelionSol,Pyke,2,2,1.0
AurelionSol,Qiyana,5,2,0.4
AurelionSol,Quinn,1,0,0.0
AurelionSol,Rakan,3,0,0.0
AurelionSol,RekSai,2,2,1.0
AurelionSol,Rell,2,0,0.0
AurelionSol,Renata,1,1,1.0
AurelionSol,Renekton,4,2,0.5
AurelionSol,Riven,2,0,0.0
AurelionSol,Rumble,3,2,0.6666666666666666
AurelionSol,Ryze,3,3,1.0
AurelionSol,Samira,1,1,1.0
AurelionSol,Sejuani,1,0,0.0
AurelionSol,Senna,4,2,0.5
AurelionSol,Seraphine,4,2,0.5
AurelionSol,Shen,3,0,0.0
AurelionSol,Shyvana,2,2,1.0
AurelionSol,Singed,4,2,0.5
AurelionSol,Sion,5,2,0.4
AurelionSol,Sivir,4,1,0.25
AurelionSol,Skarner,4,3,0.75
AurelionSol,Smolder,2,2,1.0
AurelionSol,Sona,2,1,0.5
AurelionSol,Soraka,5,1,0.2
AurelionSol,Swain,2,0,0.0
AurelionSol,Sylas,2,1,0.5
AurelionSol,Syndra,3,1,0.3333333333333333
AurelionSol,TahmKench,1,0,0.0
AurelionSol,Taliyah,4,2,0.5
AurelionSol,Talon,4,2,0.5
AurelionSol,Taric,1,1,1.0
AurelionSol,Teemo,2,2,1.0
AurelionSol,Thresh,3,2,0.6666666666666666
AurelionSol,Tristana,1,0,0.0
AurelionSol,Tryndamere,1,0,0.0
AurelionSol,TwistedFate,3,1,0.3333333333333333
AurelionSol,Udyr,1,1,1.0
AurelionSol,Varus,2,1,0.5
AurelionSol,Vayne,6,3,0.5
AurelionSol,Veigar,1,1,1.0
AurelionSol,Velkoz,1,0,0.0
AurelionSol,Vi,6,3,0.5
AurelionSol,Viego,3,1,0.3333333333333333
AurelionSol,Viktor,1,0,0.0
AurelionSol,Vladimir,4,3,0.75
AurelionSol,Xayah,2,2,1.0
AurelionSol,Xerath,2,0,0.0
AurelionSol,XinZhao,4,1,0.25
AurelionSol,Yasuo,6,2,0.3333333333333333
AurelionSol,Yone,5,3,0.6
AurelionSol,Yorick,1,1,1.0
AurelionSol,Yunara,5,2,0.4
AurelionSol,Yuumi,1,1,1.0
AurelionSol,Zaahen,1,1,1.0
AurelionSol,Zed,3,2,0.6666666666666666
AurelionSol,Zeri,1,0,0.0
AurelionSol,Zilean,3,0,0.0
AurelionSol,Zyra,3,1,0.3333333333333333
Aurora,Aatrox,16,8,0.5
Aurora,Ahri,24,9,0.375
Aurora,Akali,17,12,0.7058823529411765
Aurora,Akshan,10,4,0.4
Aurora,Alistar,9,4,0.4444444444444444
Aurora,Ambessa,42,24,0.5714285714285714
Aurora,Amumu,1,1,1.0
Aurora,Anivia,55,28,0.509090909090909
Aurora,Annie,17,7,0.4117647058823529
Aurora,Aphelios,3,3,1.0
Aurora,Ashe,24,11,0.4583333333333333
Aurora,AurelionSol,9,5,0.5555555555555556
Aurora,Azir,4,2,0.5
Aurora,Bard,31,13,0.41935483870967744
Aurora,Belveth,3,0,0.0
Aurora,Blitzcrank,3,2,0.6666666666666666
Aurora,Brand,8,2,0.25
Aurora,Braum,9,4,0.4444444444444444
Aurora,Briar,2,1,0.5
Aurora,Caitlyn,31,19,0.6129032258064516
Aurora,Camille,4,2,0.5
Aurora,Cassiopeia,5,2,0.4
Aurora,Chogath,2,1,0.5
Aurora,Corki,25,15,0.6
Aurora,Darius,5,3,0.6
Aurora,Diana,2,1,0.5
Aurora,DrMundo,9,6,0.6666666666666666
Aurora,Draven,8,5,0.625
Aurora,Ekko,15,8,0.5333333333333333
Aurora,Elise,10,5,0.5
Aurora,Evelynn,3,2,0.6666666666666666
Aurora,Ezreal,60,32,0.5333333333333333
Aurora,FiddleSticks,10,5,0.5
Aurora,Fiora,4,3,0.75
Aurora,Fizz,1,0,0.0
Aurora,Galio,11,4,0.36363636363636365
Aurora,Gangplank,11,7,0.6363636363636364
Aurora,Garen,4,2,0.5
Aurora,Gnar,24,13,0.5416666666666666
Aurora,Gragas,4,2,0.5
Aurora,Graves,17,7,0.4117647058823529
Aurora,Gwen,5,0,0.0
Aurora,Hecarim,4,2,0.5
Aurora,Heimerdinger,1,0,0.0
Aurora,Hwei,11,6,0.5454545454545454
Aurora,Illaoi,1,1,1.0
Aurora,Irelia,19,10,0.5263157894736842
Aurora,Ivern,4,2,0.5
Aurora,Janna,12,9,0.75
Aurora,JarvanIV,41,25,0.6097560975609756
Aurora,Jax,8,4,0.5
Aurora,Jayce,51,26,0.5098039215686274
Aurora,Jhin,39,14,0.358974358974359
Aurora,Jinx,8,5,0.625
Aurora,KSante,12,8,0.6666666666666666
Aurora,Kaisa,23,11,0.4782608695652174
Aurora,Kalista,4,0,0.0
Aurora,Karma,44,24,0.5454545454545454
Aurora,Karthus,8,4,0.5
Aurora,Kassadin,4,1,0.25
Aurora,Katarina,8,5,0.625
Aurora,Kayle,3,2,0.6666666666666666
Aurora,Kayn,7,3,0.42857142857142855
Aurora,Kennen,4,3,0.75
Aurora,Khazix,8,2,0.25
Aurora,Kindred,7,3,0.42857142857142855
Aurora,Kled,3,3,1.0
Aurora,KogMaw,2,2,1.0
Aurora,Leblanc,19,12,0.631578947368421
Aurora,LeeSin,34,16,0.47058823529411764
Aurora,Leona,11,8,0.7272727272727273
Aurora,Lillia,6,3,0.5
Aurora,Lissandra,12,7,0.5833333333333334
Aurora,Lucian,27,13,0.48148148148148145
Aurora,Lulu,15,7,0.4666666666666667
Aurora,Lux,12,9,0.75
Aurora,Malphite,6,1,0.16666666666666666
Aurora,Malzahar,2,1,0.5
Aurora,Maokai,2,0,0.0
Aurora,MasterYi,4,1,0.25
Aurora,Mel,18,11,0.6111111111111112
Aurora,Milio,4,1,0.25
Aurora,MissFortune,3,0,0.0
Aurora,MonkeyKing,3,3,1.0
Aurora,Mordekaiser,2,1,0.5
Aurora,Morgana,2,1,0.5
Aurora,Naafiri,19,9,0.47368421052631576
Aurora,Nami,31,18,0.5806451612903226
Aurora,Nasus,2,2,1.0
Aurora,Nautilus,34,14,0.4117647058823529
Aurora,Neeko,20,9,0.45
Aurora,Nidalee,12,6,0.5
Aurora,Nilah,2,1,0.5
Aurora,Nocturne,24,11,0.4583333333333333
Aurora,Nunu,8,4,0.5
Aurora,Olaf,5,1,0.2
Aurora,Orianna,17,9,0.5294117647058824
Aurora,Ornn,3,3,1.0
Aurora,Pantheon,34,18,0.5294117647058824
Aurora,Poppy,6,2,0.3333333333333333
Aurora,Pyke,19,5,0.2631578947368421
Aurora,Qiyana,12,6,0.5
Aurora,Quinn,3,1,0.3333333333333333
Aurora,Rakan,9,3,0.3333333333333333
Aurora,Rammus,1,0,0.0
Aurora,RekSai,3,2,0.6666666666666666
Aurora,Rell,13,5,0.38461538461538464
Aurora,Renata,1,0,0.0
Aurora,Renekton,11,2,0.18181818181818182
Aurora,Rengar,8,3,0.375
Aurora,Riven,12,9,0.75
Aurora,Rumble,24,11,0.4583333333333333
Aurora,Ryze,36,24,0.6666666666666666
Aurora,Samira,3,2,0.6666666666666666
Aurora,Sejuani,2,2,1.0
Aurora,Senna,8,4,0.5
Aurora,Seraphine,16,8,0.5
Aurora,Sett,1,1,1.0
Aurora,Shaco,4,4,1.0
Aurora,Shen,9,5,0.5555555555555556
Aurora,Shyvana,2,0,0.0
Aurora,Singed,8,4,0.5
Aurora,Sion,18,8,0.4444444444444444
Aurora,Sivir,9,2,0.2222222222222222
Aurora,Skarner,7,3,0.42857142857142855
Aurora,Smolder,4,4,1.0
Aurora,Sona,11,5,0.45454545454545453
Aurora,Soraka,6,2,0.3333333333333333
Aurora,Swain,6,1,0.16666666666666666
Aurora,Sylas,28,11,0.39285714285714285
Aurora,Syndra,14,4,0.2857142857142857
Aurora,TahmKench,1,0,0.0
Aurora,Taliyah,7,2,0.2857142857142857
Aurora,Talon,9,4,0.4444444444444444
Aurora,Taric,5,4,0.8
Aurora,Teemo,14,3,0.21428571428571427
Aurora,Thresh,6,4,0.6666666666666666
Aurora,Tristana,13,7,0.5384615384615384
Aurora,Trundle,1,1,1.0
Aurora,Tryndamere,1,0,0.0
Aurora,TwistedFate,21,8,0.38095238095238093
Aurora,Twitch,4,2,0.5
Aurora,Udyr,6,5,0.8333333333333334
Aurora,Urgot,2,1,0.5
Aurora,Varus,34,20,0.5882352941176471
Aurora,Vayne,22,13,0.5909090909090909
Aurora,Veigar,4,1,0.25
Aurora,Velkoz,5,4,0.8
Aurora,Vex,4,1,0.25
Aurora,Vi,28,13,0.4642857142857143
Aurora,Viego,6,2,0.3333333333333333
Aurora,Viktor,15,4,0.26666666666666666
Aurora,Vladimir,8,3,0.375
Aurora,Volibear,1,0,0.0
Aurora,Xayah,3,0,0.0
Aurora,Xerath,7,1,0.14285714285714285
Aurora,XinZhao,19,11,0.5789473684210527
Aurora,Yasuo,30,19,0.6333333333333333
Aurora,Yone,20,8,0.4
Aurora,Yorick,6,2,0.3333333333333333
Aurora,Yunara,31,17,0.5483870967741935
Aurora,Yuumi,2,1,0.5
Aurora,Zaahen,7,3,0.42857142857142855
Aurora,Zac,3,1,0.3333333333333333
Aurora,Zed,14,7,0.5
Aurora,Zeri,1,0,0.0
Aurora,Ziggs,7,4,0.5714285714285714
Aurora,Zilean,7,3,0.42857142857142855
Aurora,Zoe,14,7,0.5
Aurora,Zyra,12,7,0.5833333333333334
Azir,Aatrox,4,3,0.75
Azir,Ahri,1,0,0.0
Azir,Akali,17,7,0.4117647058823529
Azir,Akshan,4,1,0.25
Azir,Alistar,4,2,0.5
Azir,Ambessa,17,8,0.47058823529411764
Azir,Anivia,17,8,0.47058823529411764
Azir,Annie,6,3,0.5
Azir,Aphelios,2,2,1.0
Azir,Ashe,8,2,0.25
Azir,AurelionSol,2,0,0.0
Azir,Aurora,4,2,0.5
Azir,Bard,16,4,0.25
Azir,Belveth,2,1,0.5
Azir,Blitzcrank,2,2,1.0
Azir,Braum,2,2,1.0
Azir,Briar,1,1,1.0
Azir,Caitlyn,11,3,0.2727272727272727
Azir,Camille,2,0,0.0
Azir,Cassiopeia,3,0,0.0
Azir,Corki,4,2,0.5
Azir,Darius,3,0,0.0
Azir,DrMundo,2,2,1.0
Azir,Draven,2,1,0.5
Azir,Ekko,3,1,0.3333333333333333
Azir,Elise,9,3,0.3333333333333333
Azir,Ezreal,22,7,0.3181818181818182
Azir,FiddleSticks,3,0,0.0
Azir,Fiora,5,2,0.4
Azir,Galio,1,0,0.0
Azir,Gangplank,1,1,1.0
Azir,Garen,2,1,0.5
Azir,Gnar,7,5,0.7142857142857143
Azir,Graves,3,0,0.0
Azir,Gwen,2,0,0.0
Azir,Hecarim,1,0,0.0
Azir,Hwei,3,1,0.3333333333333333
Azir,Illaoi,1,0,0.0
Azir,Irelia,5,1,0.2
Azir,Ivern,1,0,0.0
Azir,JarvanIV,15,4,0.26666666666666666
Azir,Jax,8,2,0.25
Azir,Jayce,16,8,0.5
Azir,Jhin,12,4,0.3333333333333333
Azir,Jinx,3,2,0.6666666666666666
Azir,KSante,7,3,0.42857142857142855
Azir,Kaisa,8,2,0.25
Azir,Kalista,2,1,0.5
Azir,Karma,11,6,0.5454545454545454
Azir,Karthus,2,2,1.0
Azir,Katarina,2,2,1.0
Azir,Kayle,2,1,0.5
Azir,Kayn,2,2,1.0
Azir,Kennen,2,0,0.0
Azir,Khazix,1,0,0.0
Azir,Kindred,2,1,0.5
Azir,Kled,1,1,1.0
Azir,KogMaw,2,1,0.5
Azir,Leblanc,8,4,0.5
Azir,LeeSin,17,4,0.23529411764705882
Azir,Leona,3,2,0.6666666666666666
Azir,Lillia,1,1,1.0
Azir,Lissandra,1,0,0.0
Azir,Lucian,12,4,0.3333333333333333
Azir,Lulu,7,4,0.5714285714285714
Azir,Lux,5,2,0.4
Azir,Malphite,1,0,0.0
Azir,Malzahar,1,1,1.0
Azir,MasterYi,1,1,1.0
Azir,Mel,4,1,0.25
Azir,Milio,4,1,0.25
Azir,Morgana,2,2,1.0
Azir,Naafiri,11,6,0.5454545454545454
Azir,Nami,7,2,0.2857142857142857
Azir,Nautilus,18,7,0.3888888888888889
Azir,Neeko,11,2,0.18181818181818182
Azir,Nidalee,2,0,0.0
Azir,Nocturne,9,5,0.5555555555555556
Azir,Nunu,3,1,0.3333333333333333
Azir,Olaf,2,1,0.5
Azir,Orianna,18,5,0.2777777777777778
Azir,Ornn,3,2,0.6666666666666666
Azir,Pantheon,9,3,0.3333333333333333
Azir,Poppy,5,1,0.2
Azir,Pyke,5,1,0.2
Azir,Qiyana,5,1,0.2
Azir,Rakan,2,1,0.5
Azir,RekSai,2,0,0.0
Azir,Rell,4,2,0.5
Azir,Renekton,5,4,0.8
Azir,Rengar,2,0,0.0
Azir,Riven,1,0,0.0
Azir,Rumble,8,2,0.25
Azir,Ryze,14,5,0.35714285714285715
Azir,Samira,1,0,0.0
Azir,Sejuani,1,1,1.0
Azir,Senna,4,2,0.5
Azir,Seraphine,5,1,0.2
Azir,Shaco,1,1,1.0
Azir,Shen,3,1,0.3333333333333333
Azir,Singed,2,0,0.0
Azir,Sion,8,1,0.125
Azir,Sivir,6,1,0.16666666666666666
Azir,Skarner,4,0,0.0
Azir,Smolder,5,4,0.8
Azir,Sona,5,2,0.4
Azir,Soraka,2,1,0.5
Azir,Swain,2,2,1.0
Azir,Sylas,3,0,0.0
Azir,Syndra,5,3,0.6
Azir,Taliyah,3,1,0.3333333333333333
Azir,Talon,3,2,0.6666666666666666
Azir,Teemo,1,0,0.0
Azir,Thresh,4,1,0.25
Azir,Tristana,2,1,0.5
Azir,Trundle,1,1,1.0
Azir,Tryndamere,1,0,0.0
Azir,TwistedFate,4,1,0.25
Azir,Udyr,2,0,0.0
Azir,Urgot,1,1,1.0
Azir,Varus,7,1,0.14285714285714285
Azir,Vayne,8,2,0.25
Azir,Veigar,3,2,0.6666666666666666
Azir,Velkoz,1,1,1.0
Azir,Vex,4,2,0.5
Azir,Vi,11,3,0.2727272727272727
Azir,Viego,4,2,0.5
Azir,Viktor,7,3,0.42857142857142855
Azir,Vladimir,4,2,0.5
Azir,Xayah,3,3,1.0
Azir,Xerath,6,1,0.16666666666666666
Azir,XinZhao,8,3,0.375
Azir,Yasuo,11,5,0.45454545454545453
Azir,Yone,4,0,0.0
Azir,Yorick,1,0,0.0
Azir,Yunara,12,6,0.5
Azir,Yuumi,3,0,0.0
Azir,Zaahen,2,1,0.5
Azir,Zeri,2,0,0.0
Azir,Ziggs,5,3,0.6
Azir,Zilean,1,0,0.0
Azir,Zoe,3,0,0.0
Azir,Zyra,5,4,0.8
Bard,Aatrox,21,9,0.42857142857142855
Bard,Ahri,38,18,0.47368421052631576
Bard,Akali,31,11,0.3548387096774194
Bard,Akshan,6,2,0.3333333333333333
Bard,Alistar,14,7,0.5
Bard,Ambessa,55,34,0.6181818181818182
Bard,Anivia,59,36,0.6101694915254238
Bard,Annie,19,8,0.42105263157894735
Bard,Aphelios,6,3,0.5
Bard,Ashe,39,18,0.46153846153846156
Bard,AurelionSol,5,3,0.6
Bard,Aurora,31,18,0.5806451612903226
Bard,Azir,16,12,0.75
Bard,Belveth,3,2,0.6666666666666666
Bard,Blitzcrank,6,5,0.8333333333333334
Bard,Brand,3,2,0.6666666666666666
Bard,Braum,1,1,1.0
Bard,Briar,1,1,1.0
Bard,Caitlyn,24,14,0.5833333333333334
Bard,Camille,13,10,0.7692307692307693
Bard,Cassiopeia,13,8,0.6153846153846154
Bard,Chogath,2,1,0.5
Bard,Corki,27,12,0.4444444444444444
Bard,Darius,8,3,0.375
Bard,Diana,4,2,0.5
Bard,DrMundo,9,3,0.3333333333333333
Bard,Draven,7,6,0.8571428571428571
Bard,Ekko,10,5,0.5
Bard,Elise,20,8,0.4
Bard,Evelynn,3,2,0.6666666666666666
Bard,Ezreal,90,54,0.6
Bard,FiddleSticks,11,9,0.8181818181818182
Bard,Fiora,7,5,0.7142857142857143
Bard,Fizz,8,6,0.75
Bard,Galio,5,3,0.6
Bard,Gangplank,8,6,0.75
Bard,Garen,4,2,0.5
Bard,Gnar,34,23,0.6764705882352942
Bard,Gragas,6,3,0.5
Bard,Graves,23,13,0.5652173913043478
Bard,Gwen,4,2,0.5
Bard,Hecarim,8,3,0.375
Bard,Heimerdinger,1,1,1.0
Bard,Hwei,24,11,0.4583333333333333
Bard,Illaoi,4,2,0.5
Bard,Irelia,14,5,0.35714285714285715
Bard,Ivern,5,4,0.8
Bard,Janna,11,8,0.7272727272727273
Bard,JarvanIV,42,20,0.47619047619047616
Bard,Jax,12,6,0.5
Bard,Jayce,51,31,0.6078431372549019
Bard,Jhin,40,20,0.5
Bard,Jinx,11,9,0.8181818181818182
Bard,KSante,21,16,0.7619047619047619
Bard,Kaisa,30,17,0.5666666666666667
Bard,Kalista,10,6,0.6
Bard,Karma,67,39,0.582089552238806
Bard,Karthus,12,7,0.5833333333333334
Bard,Kassadin,1,1,1.0
Bard,Katarina,10,7,0.7
Bard,Kayle,5,3,0.6
Bard,Kayn,8,7,0.875
Bard,Kennen,8,4,0.5
Bard,Khazix,7,4,0.5714285714285714
Bard,Kindred,10,4,0.4
Bard,KogMaw,3,3,1.0
Bard,Leblanc,12,9,0.75
Bard,LeeSin,42,23,0.5476190476190477
Bard,Leona,11,5,0.45454545454545453
Bard,Lillia,9,5,0.5555555555555556
Bard,Lissandra,15,6,0.4
Bard,Lucian,22,13,0.5909090909090909
Bard,Lulu,22,11,0.5
Bard,Lux,10,8,0.8
Bard,Malphite,10,5,0.5
Bard,Malzahar,4,3,0.75
Bard,Maokai,3,0,0.0
Bard,MasterYi,4,0,0.0
Bard,Mel,18,11,0.6111111111111112
Bard,Milio,3,2,0.6666666666666666
Bard,MissFortune,5,1,0.2
Bard,MonkeyKing,5,3,0.6
Bard,Naafiri,23,12,0.5217391304347826
Bard,Nami,36,18,0.5
Bard,Nasus,5,3,0.6
Bard,Nautilus,39,22,0.5641025641025641
Bard,Neeko,37,19,0.5135135135135135
Bard,Nidalee,12,5,0.4166666666666667
Bard,Nocturne,23,14,0.6086956521739131
Bard,Nunu,7,4,0.5714285714285714
Bard,Olaf,4,2,0.5
Bard,Orianna,26,15,0.5769230769230769
Bard,Ornn,6,2,0.3333333333333333
Bard,Pantheon,31,16,0.5161290322580645
Bard,Poppy,12,6,0.5
Bard,Pyke,34,23,0.6764705882352942
Bard,Qiyana,19,10,0.5263157894736842
Bard,Quinn,5,3,0.6
Bard,Rakan,12,7,0.5833333333333334
Bard,RekSai,8,5,0.625
Bard,Rell,8,4,0.5
Bard,Renekton,16,10,0.625
Bard,Rengar,6,2,0.3333333333333333
Bard,Riven,14,11,0.7857142857142857
Bard,Rumble,17,12,0.7058823529411765
Bard,Ryze,51,34,0.6666666666666666
Bard,Samira,2,2,1.0
Bard,Sejuani,1,0,0.0
Bard,Senna,19,10,0.5263157894736842
Bard,Seraphine,35,19,0.5428571428571428
Bard,Sett,3,1,0.3333333333333333
Bard,Shaco,5,4,0.8
Bard,Shen,7,3,0.42857142857142855
Bard,Shyvana,1,1,1.0
Bard,Singed,8,6,0.75
Bard,Sion,35,15,0.42857142857142855
Bard,Sivir,13,7,0.5384615384615384
Bard,Skarner,7,3,0.42857142857142855
Bard,Smolder,4,2,0.5
Bard,Sona,12,5,0.4166666666666667
Bard,Soraka,6,2,0.3333333333333333
Bard,Swain,9,6,0.6666666666666666
Bard,Sylas,19,11,0.5789473684210527
Bard,Syndra,9,2,0.2222222222222222
Bard,Taliyah,11,6,0.5454545454545454
Bard,Talon,16,7,0.4375
Bard,Taric,6,3,0.5
Bard,Teemo,8,5,0.625
Bard,Thresh,16,11,0.6875
Bard,Tristana,8,6,0.75
Bard,Trundle,3,1,0.3333333333333333
Bard,Tryndamere,5,1,0.2
Bard,TwistedFate,17,5,0.29411764705882354
Bard,Twitch,2,1,0.5
Bard,Udyr,4,3,0.75
Bard,Urgot,3,3,1.0
Bard,Varus,38,23,0.6052631578947368
Bard,Vayne,34,16,0.47058823529411764
Bard,Veigar,5,3,0.6
Bard,Velkoz,7,3,0.42857142857142855
Bard,Vex,3,2,0.6666666666666666
Bard,Vi,30,19,0.6333333333333333
Bard,Viego,17,9,0.5294117647058824
Bard,Viktor,10,7,0.7
Bard,Vladimir,8,3,0.375
Bard,Volibear,1,1,1.0
Bard,Warwick,4,0,0.0
Bard,Xayah,6,4,0.6666666666666666
Bard,Xerath,13,6,0.46153846153846156
Bard,XinZhao,35,17,0.4857142857142857
Bard,Yasuo,27,15,0.5555555555555556
Bard,Yone,16,12,0.75
Bard,Yorick,9,3,0.3333333333333333
Bard,Yunara,42,22,0.5238095238095238
Bard,Yuumi,6,3,0.5
Bard,Zaahen,17,9,0.5294117647058824
Bard,Zac,3,2,0.6666666666666666
Bard,Zed,7,2,0.2857142857142857
Bard,Ziggs,13,7,0.5384615384615384
Bard,Zilean,7,4,0.5714285714285714
Bard,Zoe,11,8,0.7272727272727273
Bard,Zyra,12,7,0.5833333333333334
Belveth,Aatrox,6,2,0.3333333333333333
Belveth,Ahri,3,0,0.0
Belveth,Akali,5,3,0.6
Belveth,Alistar,2,1,0.5
Belveth,Ambessa,1,1,1.0
Belveth,Amumu,1,1,1.0
Belveth,Anivia,7,2,0.2857142857142857
Belveth,Annie,4,1,0.25
Belveth,Aphelios,2,2,1.0
Belveth,Ashe,4,1,0.25
Belveth,AurelionSol,3,2,0.6666666666666666
Belveth,Aurora,3,3,1.0
Belveth,Azir,2,1,0.5
Belveth,Bard,3,1,0.3333333333333333
Belveth,Blitzcrank,1,1,1.0
Belveth,Briar,1,0,0.0
Belveth,Camille,1,1,1.0
Belveth,Corki,3,2,0.6666666666666666
Belveth,Darius,2,1,0.5
Belveth,Diana,1,1,1.0
Belveth,DrMundo,2,0,0.0
Belveth,Draven,2,2,1.0
Belveth,Ekko,2,2,1.0
Belveth,Ezreal,8,6,0.75
Belveth,FiddleSticks,3,1,0.3333333333333333
Belveth,Fiora,1,1,1.0
Belveth,Galio,3,2,0.6666666666666666
Belveth,Gangplank,2,2,1.0
Belveth,Garen,2,2,1.0
Belveth,Gnar,2,2,1.0
Belveth,Gragas,1,0,0.0
Belveth,Graves,2,1,0.5
Belveth,Hecarim,3,1,0.3333333333333333
Belveth,Heimerdinger,3,1,0.3333333333333333
Belveth,Hwei,1,1,1.0
Belveth,Illaoi,1,0,0.0
Belveth,Irelia,3,2,0.6666666666666666
Belveth,Ivern,2,1,0.5
Belveth,JarvanIV,3,3,1.0
Belveth,Jax,2,0,0.0
Belveth,Jayce,2,0,0.0
Belveth,Jhin,2,0,0.0
Belveth,KSante,2,2,1.0
Belveth,Kaisa,1,1,1.0
Belveth,Karma,4,2,0.5
Belveth,Karthus,2,1,0.5
Belveth,Kassadin,1,0,0.0
Belveth,Kayn,2,1,0.5
Belveth,Kindred,2,1,0.5
Belveth,LeeSin,5,3,0.6
Belveth,Leona,1,0,0.0
Belveth,Lillia,1,1,1.0
Belveth,Lucian,4,1,0.25
Belveth,Lulu,1,1,1.0
Belveth,Lux,1,1,1.0
Belveth,Malzahar,2,1,0.5
Belveth,Maokai,1,0,0.0
Belveth,MasterYi,1,0,0.0
Belveth,Mel,2,1,0.5
Belveth,Milio,1,1,1.0
Belveth,MissFortune,1,1,1.0
Belveth,Mordekaiser,1,1,1.0
Belveth,Nami,2,1,0.5
Belveth,Nasus,2,2,1.0
Belveth,Nautilus,5,2,0.4
Belveth,Neeko,1,1,1.0
Belveth,Nidalee,3,3,1.0
Belveth,Nocturne,1,1,1.0
Belveth,Orianna,1,1,1.0
Belveth,Ornn,3,1,0.3333333333333333
Belveth,Pantheon,1,0,0.0
Belveth,Poppy,2,1,0.5
Belveth,Pyke,5,5,1.0
Belveth,Qiyana,2,0,0.0
Belveth,Quinn,2,0,0.0
Belveth,Rakan,1,1,1.0
Belveth,Rammus,1,1,1.0
Belveth,RekSai,3,1,0.3333333333333333
Belveth,Rell,2,1,0.5
Belveth,Renata,1,0,0.0
Belveth,Renekton,1,0,0.0
Belveth,Rengar,3,3,1.0
Belveth,Riven,3,2,0.6666666666666666
Belveth,Rumble,2,1,0.5
Belveth,Ryze,5,3,0.6
Belveth,Sejuani,1,1,1.0
Belveth,Senna,2,1,0.5
Belveth,Seraphine,2,1,0.5
Belveth,Shaco,1,1,1.0
Belveth,Shen,1,1,1.0
Belveth,Singed,2,1,0.5
Belveth,Sion,1,1,1.0
Belveth,Sivir,2,0,0.0
Belveth,Skarner,1,1,1.0
Belveth,Smolder,3,2,0.6666666666666666
Belveth,Sona,2,0,0.0
Belveth,Soraka,3,1,0.3333333333333333
Belveth,Swain,1,0,0.0
Belveth,Sylas,3,2,0.6666666666666666
Belveth,Syndra,1,0,0.0
Belveth,Taliyah,2,1,0.5
Belveth,Teemo,2,0,0.0
Belveth,Tristana,1,1,1.0
Belveth,TwistedFate,4,2,0.5
Belveth,Twitch,1,1,1.0
Belveth,Udyr,1,1,1.0
Belveth,Varus,5,1,0.2
Belveth,Vayne,6,4,0.6666666666666666
Belveth,Veigar,1,1,1.0
Belveth,Viego,5,3,0.6
Belveth,Viktor,2,1,0.5
Belveth,Vladimir,3,2,0.6666666666666666
Belveth,Volibear,2,0,0.0
Belveth,Warwick,1,1,1.0
Belveth,Xayah,1,1,1.0
Belveth,Xerath,1,1,1.0
Belveth,XinZhao,1,0,0.0
Belveth,Yasuo,1,1,1.0
Belveth,Yone,7,4,0.5714285714285714
Belveth,Yunara,3,1,0.3333333333333333
Belveth,Zaahen,1,0,0.0
Belveth,Zac,1,1,1.0
Belveth,Zed,3,2,0.6666666666666666
Belveth,Ziggs,2,1,0.5
Belveth,Zilean,6,2,0.3333333333333333
Belveth,Zoe,1,1,1.0
Blitzcrank,Aatrox,5,1,0.2
Blitzcrank,Ahri,4,3,0.75
Blitzcrank,Akali,2,0,0.0
Blitzcrank,Akshan,1,0,0.0
Blitzcrank,Alistar,1,1,1.0
Blitzcrank,Ambessa,3,2,0.6666666666666666
Blitzcrank,Amumu,1,0,0.0
Blitzcrank,Anivia,10,4,0.4
Blitzcrank,Annie,1,0,0.0
Blitzcrank,Ashe,1,0,0.0
Blitzcrank,Aurora,3,1,0.3333333333333333
Blitzcrank,Azir,2,0,0.0
Blitzcrank,Bard,6,1,0.16666666666666666
Blitzcrank,Belveth,1,0,0.0
Blitzcrank,Braum,1,0,0.0
Blitzcrank,Briar,2,1,0.5
Blitzcrank,Caitlyn,3,2,0.6666666666666666
Blitzcrank,Camille,2,1,0.5
Blitzcrank,Cassiopeia,2,0,0.0
Blitzcrank,Diana,1,0,0.0
Blitzcrank,DrMundo,1,0,0.0
Blitzcrank,Draven,1,1,1.0
Blitzcrank,Elise,2,1,0.5
Blitzcrank,Ezreal,4,2,0.5
Blitzcrank,FiddleSticks,3,1,0.3333333333333333
Blitzcrank,Fizz,2,1,0.5
Blitzcrank,Galio,1,0,0.0
Blitzcrank,Gnar,1,1,1.0
Blitzcrank,Gragas,1,0,0.0
Blitzcrank,Graves,4,3,0.75
Blitzcrank,Gwen,2,0,0.0
Blitzcrank,Heimerdinger,1,1,1.0
Blitzcrank,Hwei,1,0,0.0
Blitzcrank,Irelia,2,1,0.5
Blitzcrank,Ivern,1,1,1.0
Blitzcrank,JarvanIV,3,1,0.3333333333333333
Blitzcrank,Jax,3,1,0.3333333333333333
Blitzcrank,Jayce,5,1,0.2
Blitzcrank,Jhin,5,1,0.2
Blitzcrank,Jinx,3,2,0.6666666666666666
Blitzcrank,KSante,1,0,0.0
Blitzcrank,Kaisa,2,1,0.5
Blitzcrank,Kalista,1,0,0.0
Blitzcrank,Karma,2,1,0.5
Blitzcrank,Karthus,2,2,1.0
Blitzcrank,Katarina,4,0,0.0
Blitzcrank,Kayle,3,1,0.3333333333333333
Blitzcrank,Khazix,1,0,0.0
Blitzcrank,Kindred,3,1,0.3333333333333333
Blitzcrank,KogMaw,2,1,0.5
Blitzcrank,LeeSin,5,3,0.6
Blitzcrank,Leona,1,1,1.0
Blitzcrank,Lissandra,1,1,1.0
Blitzcrank,Lucian,4,2,0.5
Blitzcrank,Lulu,4,0,0.0
Blitzcrank,Lux,3,1,0.3333333333333333
Blitzcrank,Malzahar,1,0,0.0
Blitzcrank,Mel,4,2,0.5
Blitzcrank,Milio,1,0,0.0
Blitzcrank,MonkeyKing,1,1,1.0
Blitzcrank,Morgana,1,1,1.0
Blitzcrank,Nami,1,1,1.0
Blitzcrank,Nasus,1,0,0.0
Blitzcrank,Nautilus,4,2,0.5
Blitzcrank,Neeko,2,1,0.5
Blitzcrank,Nilah,1,1,1.0
Blitzcrank,Nocturne,1,1,1.0
Blitzcrank,Nunu,2,1,0.5
Blitzcrank,Orianna,3,3,1.0
Blitzcrank,Ornn,2,0,0.0
Blitzcrank,Pantheon,3,2,0.6666666666666666
Blitzcrank,Qiyana,2,1,0.5
Blitzcrank,RekSai,1,0,0.0
Blitzcrank,Rell,1,1,1.0
Blitzcrank,Renekton,4,3,0.75
Blitzcrank,Rengar,2,0,0.0
Blitzcrank,Riven,2,0,0.0
Blitzcrank,Rumble,2,2,1.0
Blitzcrank,Ryze,3,1,0.3333333333333333
Blitzcrank,Senna,4,2,0.5
Blitzcrank,Seraphine,1,0,0.0
Blitzcrank,Shen,1,0,0.0
Blitzcrank,Singed,4,3,0.75
Blitzcrank,Sion,2,1,0.5
Blitzcrank,Sivir,3,1,0.3333333333333333
Blitzcrank,Smolder,2,2,1.0
Blitzcrank,Sona,2,0,0.0
Blitzcrank,Soraka,5,3,0.6
Blitzcrank,Swain,1,1,1.0
Blitzcrank,Sylas,3,1,0.3333333333333333
Blitzcrank,Syndra,1,1,1.0
Blitzcrank,Taliyah,2,1,0.5
Blitzcrank,Talon,6,3,0.5
Blitzcrank,Thresh,4,2,0.5
Blitzcrank,Tristana,2,1,0.5
Blitzcrank,TwistedFate,2,0,0.0
Blitzcrank,Varus,3,0,0.0
Blitzcrank,Vayne,2,0,0.0
Blitzcrank,Veigar,1,0,0.0
Blitzcrank,Velkoz,1,0,0.0
Blitzcrank,Vex,1,1,1.0
Blitzcrank,Vi,1,0,0.0
Blitzcrank,Viego,2,1,0.5
Blitzcrank,Viktor,1,1,1.0
Blitzcrank,Volibear,2,0,0.0
Blitzcrank,Xayah,1,1,1.0
Blitzcrank,Xerath,4,1,0.25
Blitzcrank,XinZhao,2,0,0.0
Blitzcrank,Yasuo,3,0,0.0
Blitzcrank,Yone,3,1,0.3333333333333333
Blitzcrank,Yorick,1,1,1.0
Blitzcrank,Yunara,5,2,0.4
Blitzcrank,Yuumi,1,1,1.0
Blitzcrank,Zaahen,2,2,1.0
Blitzcrank,Zeri,1,0,0.0
Blitzcrank,Ziggs,3,1,0.3333333333333333
Blitzcrank,Zilean,1,0,0.0
Blitzcrank,Zoe,1,0,0.0
Blitzcrank,Zyra,1,0,0.0
Brand,Aatrox,1,1,1.0
Brand,Ahri,3,2,0.6666666666666666
Brand,Akali,2,1,0.5
Brand,Alistar,1,1,1.0
Brand,Ambessa,3,2,0.6666666666666666
Brand,Anivia,6,3,0.5
Brand,Annie,1,0,0.0
Brand,Aurora,8,6,0.75
Brand,Bard,3,1,0.3333333333333333
Brand,Braum,1,0,0.0
Brand,Briar,1,1,1.0
Brand,Caitlyn,1,1,1.0
Brand,Chogath,1,1,1.0
Brand,Corki,1,1,1.0
Brand,Darius,1,0,0.0
Brand,Diana,1,1,1.0
Brand,DrMundo,1,1,1.0
Brand,Draven,1,0,0.0
Brand,Ekko,3,0,0.0
Brand,Ezreal,7,3,0.42857142857142855
Brand,Fiora,1,1,1.0
Brand,Galio,4,2,0.5
Brand,Gnar,3,2,0.6666666666666666
Brand,Gragas,1,0,0.0
Brand,Graves,3,1,0.3333333333333333
Brand,Hecarim,2,2,1.0
Brand,Irelia,3,3,1.0
Brand,Ivern,1,1,1.0
Brand,Jax,1,1,1.0
Brand,Jayce,5,3,0.6
Brand,Jhin,7,4,0.5714285714285714
Brand,Jinx,1,1,1.0
Brand,KSante,2,2,1.0
Brand,Kaisa,5,1,0.2
Brand,Karma,4,2,0.5
Brand,Karthus,1,1,1.0
Brand,Kassadin,2,2,1.0
Brand,Katarina,2,1,0.5
Brand,Kayn,3,2,0.6666666666666666
Brand,Kindred,1,1,1.0
Brand,LeeSin,5,2,0.4
Brand,Leona,2,1,0.5
Brand,Lillia,2,0,0.0
Brand,Lucian,4,3,0.75
Brand,Lulu,3,2,0.6666666666666666
Brand,Lux,2,1,0.5
Brand,Malphite,2,2,1.0
Brand,Maokai,1,1,1.0
Brand,MasterYi,1,0,0.0
Brand,Mel,4,4,1.0
Brand,MissFortune,1,1,1.0
Brand,Naafiri,4,3,0.75
Brand,Nami,2,2,1.0
Brand,Nasus,3,1,0.3333333333333333
Brand,Nautilus,6,2,0.3333333333333333
Brand,Neeko,4,2,0.5
Brand,Nilah,1,1,1.0
Brand,Nocturne,2,2,1.0
Brand,Nunu,3,0,0.0
Brand,Orianna,1,1,1.0
Brand,Ornn,2,0,0.0
Brand,Pantheon,2,0,0.0
Brand,Pyke,4,2,0.5
Brand,Qiyana,1,1,1.0
Brand,Rakan,1,0,0.0
Brand,RekSai,1,1,1.0
Brand,Rell,3,3,1.0
Brand,Renata,1,0,0.0
Brand,Renekton,1,0,0.0
Brand,Rengar,1,0,0.0
Brand,Rumble,1,1,1.0
Brand,Ryze,1,1,1.0
Brand,Senna,2,1,0.5
Brand,Seraphine,1,0,0.0
Brand,Shaco,1,1,1.0
Brand,Shen,1,1,1.0
Brand,Singed,1,0,0.0
Brand,Sion,2,0,0.0
Brand,Skarner,2,1,0.5
Brand,Soraka,2,2,1.0
Brand,Sylas,4,1,0.25
Brand,Taliyah,3,2,0.6666666666666666
Brand,Talon,1,1,1.0
Brand,Taric,1,1,1.0
Brand,Thresh,1,1,1.0
Brand,Tristana,2,1,0.5
Brand,Tryndamere,1,0,0.0
Brand,TwistedFate,2,0,0.0
Brand,Twitch,1,1,1.0
Brand,Udyr,1,1,1.0
Brand,Urgot,1,1,1.0
Brand,Varus,6,3,0.5
Brand,Vayne,1,0,0.0
Brand,Vi,1,1,1.0
Brand,Viego,1,0,0.0
Brand,Viktor,2,2,1.0
Brand,Vladimir,1,1,1.0
Brand,Warwick,1,0,0.0
Brand,Xayah,1,0,0.0
Brand,Xerath,1,0,0.0
Brand,XinZhao,2,0,0.0
Brand,Yasuo,2,2,1.0
Brand,Yone,1,1,1.0
Brand,Yorick,2,1,0.5
Brand,Yunara,4,1,0.25
Brand,Yuumi,1,0,0.0
Brand,Zac,1,0,0.0
Brand,Zed,2,0,0.0
Brand,Zilean,1,0,0.0
Brand,Zoe,3,3,1.0
Braum,Aatrox,3,2,0.6666666666666666
Braum,Ahri,10,3,0.3
Braum,Akali,10,7,0.7
Braum,Akshan,2,1,0.5
Braum,Alistar,7,4,0.5714285714285714
Braum,Ambessa,13,7,0.5384615384615384
Braum,Amumu,1,1,1.0
Braum,Anivia,6,1,0.16666666666666666
Braum,Aphelios,2,2,1.0
Braum,Ashe,8,1,0.125
Braum,AurelionSol,3,0,0.0
Braum,Aurora,9,5,0.5555555555555556
Braum,Azir,2,0,0.0
Braum,Bard,1,0,0.0
Braum,Blitzcrank,1,1,1.0
Braum,Brand,1,1,1.0
Braum,Caitlyn,8,6,0.75
Braum,Camille,3,3,1.0
Braum,Cassiopeia,4,0,0.0
Braum,Corki,2,2,1.0
Braum,Darius,1,0,0.0
Braum,Diana,2,2,1.0
Braum,DrMundo,2,0,0.0
Braum,Draven,5,3,0.6
Braum,Ekko,6,4,0.6666666666666666
Braum,Elise,1,0,0.0
Braum,Evelynn,2,1,0.5
Braum,Ezreal,11,5,0.45454545454545453
Braum,FiddleSticks,3,1,0.3333333333333333
Braum,Fiora,4,1,0.25
Braum,Garen,3,0,0.0
Braum,Gnar,5,1,0.2
Braum,Gragas,2,2,1.0
Braum,Graves,5,3,0.6
Braum,Gwen,1,0,0.0
Braum,Hwei,2,0,0.0
Braum,Irelia,3,1,0.3333333333333333
Braum,Ivern,1,0,0.0
Braum,Janna,1,1,1.0
Braum,JarvanIV,10,4,0.4
Braum,Jax,4,1,0.25
Braum,Jayce,16,9,0.5625
Braum,Jhin,11,7,0.6363636363636364
Braum,Jinx,2,0,0.0
Braum,KSante,6,3,0.5
Braum,Kaisa,7,4,0.5714285714285714
Braum,Kalista,4,2,0.5
Braum,Kassadin,1,0,0.0
Braum,Katarina,1,1,1.0
Braum,Kayle,2,1,0.5
Braum,Kennen,1,1,1.0
Braum,Kled,1,0,0.0
Braum,Leblanc,4,1,0.25
Braum,LeeSin,10,3,0.3
Braum,Leona,9,4,0.4444444444444444
Braum,Lillia,1,1,1.0
Braum,Lissandra,3,1,0.3333333333333333
Braum,Lucian,5,1,0.2
Braum,Lulu,3,2,0.6666666666666666
Braum,Lux,1,1,1.0
Braum,Malphite,3,1,0.3333333333333333
Braum,Malzahar,1,0,0.0
Braum,Maokai,1,0,0.0
Braum,MasterYi,1,0,0.0
Braum,Mel,2,1,0.5
Braum,Milio,3,1,0.3333333333333333
Braum,MissFortune,4,1,0.25
Braum,MonkeyKing,1,0,0.0
Braum,Naafiri,5,1,0.2
Braum,Nami,5,2,0.4
Braum,Nasus,2,1,0.5
Braum,Nautilus,32,13,0.40625
Braum,Neeko,7,2,0.2857142857142857
Braum,Nidalee,4,0,0.0
Braum,Nilah,1,0,0.0
Braum,Nocturne,5,3,0.6
Braum,Nunu,2,1,0.5
Braum,Olaf,2,1,0.5
Braum,Orianna,4,1,0.25
Braum,Ornn,2,1,0.5
Braum,Pantheon,12,6,0.5
Braum,Pyke,3,3,1.0
Braum,Qiyana,2,2,1.0
Braum,Rakan,3,1,0.3333333333333333
Braum,RekSai,4,2,0.5
Braum,Rell,5,3,0.6
Braum,Renekton,1,0,0.0
Braum,Rengar,2,1,0.5
Braum,Riven,5,2,0.4
Braum,Rumble,3,2,0.6666666666666666
Braum,Ryze,5,3,0.6
Braum,Samira,1,1,1.0
Braum,Sejuani,1,0,0.0
Braum,Senna,7,3,0.42857142857142855
Braum,Seraphine,3,0,0.0
Braum,Shaco,3,1,0.3333333333333333
Braum,Shen,4,2,0.5
Braum,Singed,1,1,1.0
Braum,Sion,2,1,0.5
Braum,Sivir,2,1,0.5
Braum,Smolder,2,2,1.0
Braum,Sona,3,2,0.6666666666666666
Braum,Swain,1,0,0.0
Braum,Sylas,4,3,0.75
Braum,Syndra,2,1,0.5
Braum,TahmKench,1,1,1.0
Braum,Taliyah,4,2,0.5
Braum,Talon,3,2,0.6666666666666666
Braum,Teemo,2,2,1.0
Braum,Thresh,5,4,0.8
Braum,Tristana,4,2,0.5
Braum,Trundle,1,0,0.0
Braum,TwistedFate,4,1,0.25
Braum,Udyr,3,2,0.6666666666666666
Braum,Urgot,1,0,0.0
Braum,Varus,5,2,0.4
Braum,Vayne,6,4,0.6666666666666666
Braum,Velkoz,1,1,1.0
Braum,Vex,1,0,0.0
Braum,Vi,7,3,0.42857142857142855
Braum,Viego,9,7,0.7777777777777778
Braum,Viktor,5,2,0.4
Braum,Vladimir,7,6,0.8571428571428571
Braum,Volibear,3,0,0.0
Braum,Warwick,1,1,1.0
Braum,Xayah,1,1,1.0
Braum,Xerath,2,1,0.5
Braum,XinZhao,4,1,0.25
Braum,Yasuo,5,2,0.4
Braum,Yone,5,1,0.2
Braum,Yorick,1,1,1.0
Braum,Yunara,8,3,0.375
Braum,Zaahen,3,3,1.0
Braum,Zed,2,0,0.0
Braum,Ziggs,2,0,0.0
Braum,Zoe,2,2,1.0
Braum,Zyra,1,1,1.0
Briar,Aatrox,1,1,1.0
Briar,Ahri,3,2,0.6666666666666666
Briar,Akali,2,1,0.5
Briar,Alistar,1,1,1.0
Briar,Ambessa,6,2,0.3333333333333333
Briar,Anivia,3,2,0.6666666666666666
Briar,Aphelios,1,0,0.0
Briar,Ashe,3,2,0.6666666666666666
Briar,Aurora,2,1,0.5
Briar,Azir,1,0,0.0
Briar,Bard,1,0,0.0
Briar,Belveth,1,1,1.0
Briar,Blitzcrank,2,1,0.5
Briar,Brand,1,0,0.0
Briar,Caitlyn,4,2,0.5
Briar,Camille,1,1,1.0
Briar,Corki,3,1,0.3333333333333333
Briar,Draven,1,0,0.0
Briar,Ekko,2,2,1.0
Briar,Elise,1,1,1.0
Briar,Ezreal,3,2,0.6666666666666666
Briar,Fiora,2,1,0.5
Briar,Galio,2,0,0.0
Briar,Gnar,2,0,0.0
Briar,Graves,1,1,1.0
Briar,Hecarim,1,0,0.0
Briar,Heimerdinger,1,1,1.0
Briar,Irelia,3,2,0.6666666666666666
Briar,Janna,2,0,0.0
Briar,JarvanIV,7,2,0.2857142857142857
Briar,Jax,6,3,0.5
Briar,Jayce,3,3,1.0
Briar,Jhin,1,0,0.0
Briar,Kaisa,2,0,0.0
Briar,Karma,1,1,1.0
Briar,Kayn,1,1,1.0
Briar,Khazix,1,0,0.0
Briar,Kindred,1,1,1.0
Briar,Leblanc,1,0,0.0
Briar,LeeSin,1,1,1.0
Briar,Leona,1,0,0.0
Briar,Lissandra,1,0,0.0
Briar,Lucian,3,2,0.6666666666666666
Briar,MasterYi,1,0,0.0
Briar,MissFortune,1,0,0.0
Briar,Naafiri,2,1,0.5
Briar,Nami,4,2,0.5
Briar,Nautilus,2,0,0.0
Briar,Nocturne,2,1,0.5
Briar,Nunu,1,1,1.0
Briar,Olaf,1,1,1.0
Briar,Orianna,2,1,0.5
Briar,Ornn,2,0,0.0
Briar,Pantheon,2,1,0.5
Briar,Poppy,2,0,0.0
Briar,Pyke,1,1,1.0
Briar,Qiyana,2,1,0.5
Briar,Rakan,2,1,0.5
Briar,Rell,1,0,0.0
Briar,Renekton,1,0,0.0
Briar,Riven,2,0,0.0
Briar,Rumble,1,1,1.0
Briar,Ryze,2,1,0.5
Briar,Samira,1,0,0.0
Briar,Seraphine,4,1,0.25
Briar,Sett,1,0,0.0
Briar,Singed,1,1,1.0
Briar,Sion,2,0,0.0
Briar,Sivir,1,1,1.0
Briar,Skarner,1,0,0.0
Briar,Soraka,2,1,0.5
Briar,Swain,1,0,0.0
Briar,Sylas,3,1,0.3333333333333333
Briar,Taliyah,4,1,0.25
Briar,Taric,1,0,0.0
Briar,Thresh,1,0,0.0
Briar,Tristana,2,0,0.0
Briar,Tryndamere,2,1,0.5
Briar,TwistedFate,2,0,0.0
Briar,Varus,3,1,0.3333333333333333
Briar,Veigar,1,0,0.0
Briar,Velkoz,2,0,0.0
Briar,Vi,2,0,0.0
Briar,Viego,2,2,1.0
Briar,Yone,3,1,0.3333333333333333
Briar,Yunara,1,0,0.0
Briar,Zaahen,1,0,0.0
Briar,Zac,2,2,1.0
Briar,Ziggs,1,1,1.0
Briar,Zilean,1,1,1.0
Briar,Zoe,1,0,0.0
Caitlyn,Aatrox,16,6,0.375
Caitlyn,Ahri,26,14,0.5384615384615384
Caitlyn,Akali,25,10,0.4
Caitlyn,Akshan,6,2,0.3333333333333333
Caitlyn,Alistar,8,3,0.375
Caitlyn,Ambessa,35,17,0.4857142857142857
Caitlyn,Amumu,1,0,0.0
Caitlyn,Anivia,34,17,0.5
Caitlyn,Annie,13,4,0.3076923076923077
Caitlyn,Aphelios,5,0,0.0
Caitlyn,Ashe,34,13,0.38235294117647056
Caitlyn,AurelionSol,9,5,0.5555555555555556
Caitlyn,Aurora,31,12,0.3870967741935484
Caitlyn,Azir,11,8,0.7272727272727273
Caitlyn,Bard,24,10,0.4166666666666667
Caitlyn,Blitzcrank,3,1,0.3333333333333333
Caitlyn,Brand,1,0,0.0
Caitlyn,Braum,8,2,0.25
Caitlyn,Briar,4,2,0.5
Caitlyn,Camille,5,3,0.6
Caitlyn,Cassiopeia,7,5,0.7142857142857143
Caitlyn,Chogath,2,0,0.0
Caitlyn,Corki,28,11,0.39285714285714285
Caitlyn,Darius,6,3,0.5
Caitlyn,Diana,5,4,0.8
Caitlyn,DrMundo,11,2,0.18181818181818182
Caitlyn,Draven,6,2,0.3333333333333333
Caitlyn,Ekko,17,6,0.35294117647058826
Caitlyn,Elise,10,3,0.3
Caitlyn,Evelynn,2,2,1.0
Caitlyn,Ezreal,75,39,0.52
Caitlyn,FiddleSticks,10,6,0.6
Caitlyn,Fiora,11,9,0.8181818181818182
Caitlyn,Fizz,2,1,0.5
Caitlyn,Galio,2,1,0.5
Caitlyn,Gangplank,8,4,0.5
Caitlyn,Garen,5,3,0.6
Caitlyn,Gnar,17,9,0.5294117647058824
Caitlyn,Gragas,5,2,0.4
Caitlyn,Graves,14,7,0.5
Caitlyn,Gwen,8,5,0.625
Caitlyn,Hecarim,8,2,0.25
Caitlyn,Heimerdinger,2,1,0.5
Caitlyn,Hwei,19,8,0.42105263157894735
Caitlyn,Illaoi,2,0,0.0
Caitlyn,Irelia,11,4,0.36363636363636365
Caitlyn,Ivern,6,4,0.6666666666666666
Caitlyn,Janna,4,1,0.25
Caitlyn,JarvanIV,42,21,0.5
Caitlyn,Jax,6,3,0.5
Caitlyn,Jayce,53,24,0.4528301886792453
Caitlyn,Jhin,57,24,0.42105263157894735
Caitlyn,Jinx,12,7,0.5833333333333334
Caitlyn,KSante,19,9,0.47368421052631576
Caitlyn,Kaisa,12,6,0.5
Caitlyn,Kalista,8,5,0.625
Caitlyn,Karma,47,25,0.5319148936170213
Caitlyn,Karthus,8,4,0.5
Caitlyn,Kassadin,1,0,0.0
Caitlyn,Katarina,9,4,0.4444444444444444
Caitlyn,Kayle,4,1,0.25
Caitlyn,Kayn,6,3,0.5
Caitlyn,Kennen,7,1,0.14285714285714285
Caitlyn,Khazix,6,3,0.5
Caitlyn,Kindred,13,7,0.5384615384615384
Caitlyn,Kled,1,0,0.0
Caitlyn,KogMaw,6,4,0.6666666666666666
Caitlyn,Leblanc,10,6,0.6
Caitlyn,LeeSin,40,24,0.6
Caitlyn,Leona,10,4,0.4
Caitlyn,Lillia,7,6,0.8571428571428571
Caitlyn,Lissandra,13,5,0.38461538461538464
Caitlyn,Lucian,32,18,0.5625
Caitlyn,Lulu,21,10,0.47619047619047616
Caitlyn,Lux,8,6,0.75
Caitlyn,Malphite,10,4,0.4
Caitlyn,Malzahar,2,1,0.5
Caitlyn,Maokai,2,0,0.0
Caitlyn,MasterYi,4,2,0.5
Caitlyn,Mel,15,8,0.5333333333333333
Caitlyn,Milio,7,3,0.42857142857142855
Caitlyn,MissFortune,5,3,0.6
Caitlyn,MonkeyKing,5,2,0.4
Caitlyn,Mordekaiser,1,0,0.0
Caitlyn,Morgana,2,1,0.5
Caitlyn,Naafiri,21,5,0.23809523809523808
Caitlyn,Nami,33,16,0.48484848484848486
Caitlyn,Nasus,2,1,0.5
Caitlyn,Nautilus,44,21,0.4772727272727273
Caitlyn,Neeko,19,8,0.42105263157894735
Caitlyn,Nidalee,10,4,0.4
Caitlyn,Nocturne,14,5,0.35714285714285715
Caitlyn,Nunu,5,3,0.6
Caitlyn,Olaf,6,4,0.6666666666666666
Caitlyn,Orianna,29,15,0.5172413793103449
Caitlyn,Ornn,10,2,0.2
Caitlyn,Pantheon,41,21,0.5121951219512195
Caitlyn,Poppy,8,6,0.75
Caitlyn,Pyke,23,16,0.6956521739130435
Caitlyn,Qiyana,15,8,0.5333333333333333
Caitlyn,Quinn,5,2,0.4
Caitlyn,Rakan,7,4,0.5714285714285714
Caitlyn,RekSai,10,4,0.4
Caitlyn,Rell,8,2,0.25
Caitlyn,Renata,1,0,0.0
Caitlyn,Renekton,15,6,0.4
Caitlyn,Rengar,6,3,0.5
Caitlyn,Riven,9,6,0.6666666666666666
Caitlyn,Rumble,13,7,0.5384615384615384
Caitlyn,Ryze,42,20,0.47619047619047616
Caitlyn,Samira,1,0,0.0
Caitlyn,Sejuani,2,1,0.5
Caitlyn,Senna,12,4,0.3333333333333333
Caitlyn,Seraphine,21,10,0.47619047619047616
Caitlyn,Sett,2,0,0.0
Caitlyn,Shaco,1,0,0.0
Caitlyn,Shen,11,7,0.6363636363636364
Caitlyn,Shyvana,3,1,0.3333333333333333
Caitlyn,Singed,7,7,1.0
Caitlyn,Sion,25,11,0.44
Caitlyn,Sivir,7,4,0.5714285714285714
Caitlyn,Skarner,11,5,0.45454545454545453
Caitlyn,Smolder,4,1,0.25
Caitlyn,Sona,18,7,0.3888888888888889
Caitlyn,Soraka,11,1,0.09090909090909091
Caitlyn,Swain,5,3,0.6
Caitlyn,Sylas,12,3,0.25
Caitlyn,Syndra,10,2,0.2
Caitlyn,TahmKench,2,1,0.5
Caitlyn,Taliyah,12,8,0.6666666666666666
Caitlyn,Talon,10,4,0.4
Caitlyn,Teemo,7,3,0.42857142857142855
Caitlyn,Thresh,8,4,0.5
Caitlyn,Tristana,7,3,0.42857142857142855
Caitlyn,Trundle,2,1,0.5
Caitlyn,TwistedFate,13,5,0.38461538461538464
Caitlyn,Udyr,2,0,0.0
Caitlyn,Urgot,2,0,0.0
Caitlyn,Varus,35,13,0.37142857142857144
Caitlyn,Vayne,16,9,0.5625
Caitlyn,Veigar,3,0,0.0
Caitlyn,Velkoz,3,1,0.3333333333333333
Caitlyn,Vex,5,2,0.4
Caitlyn,Vi,23,14,0.6086956521739131
Caitlyn,Viego,13,9,0.6923076923076923
Caitlyn,Viktor,15,8,0.5333333333333333
Caitlyn,Vladimir,7,1,0.14285714285714285
Caitlyn,Volibear,2,0,0.0
Caitlyn,Warwick,2,0,0.0
Caitlyn,Xayah,2,2,1.0
Caitlyn,Xerath,5,0,0.0
Caitlyn,XinZhao,17,7,0.4117647058823529
Caitlyn,Yasuo,21,8,0.38095238095238093
Caitlyn,Yone,16,9,0.5625
Caitlyn,Yorick,9,2,0.2222222222222222
Caitlyn,Yunara,43,22,0.5116279069767442
Caitlyn,Yuumi,3,2,0.6666666666666666
Caitlyn,Zaahen,15,7,0.4666666666666667
Caitlyn,Zac,3,1,0.3333333333333333
Caitlyn,Zed,7,3,0.42857142857142855
Caitlyn,Zeri,1,0,0.0
Caitlyn,Ziggs,13,5,0.38461538461538464
Caitlyn,Zilean,6,3,0.5
Caitlyn,Zoe,13,6,0.46153846153846156
Caitlyn,Zyra,10,4,0.4
Camille,Aatrox,6,1,0.16666666666666666
Camille,Ahri,4,2,0.5
Camille,Akali,1,0,0.0
Camille,Akshan,1,1,1.0
Camille,Alistar,4,1,0.25
Camille,Ambessa,9,3,0.3333333333333333
Camille,Amumu,2,2,1.0
Camille,Anivia,17,6,0.35294117647058826
Camille,Annie,6,1,0.16666666666666666
Camille,Aphelios,3,1,0.3333333333333333
Camille,Ashe,4,3,0.75
Camille,AurelionSol,1,1,1.0
Camille,Aurora,4,2,0.5
Camille,Azir,2,2,1.0
Camille,Bard,13,3,0.23076923076923078
Camille,Belveth,1,0,0.0
Camille,Blitzcrank,2,1,0.5
Camille,Braum,3,0,0.0
Camille,Briar,1,0,0.0
Camille,Caitlyn,5,2,0.4
Camille,Chogath,2,0,0.0
Camille,Corki,3,1,0.3333333333333333
Camille,DrMundo,3,3,1.0
Camille,Draven,2,0,0.0
Camille,Ekko,3,1,0.3333333333333333
Camille,Evelynn,1,0,0.0
Camille,Ezreal,18,8,0.4444444444444444
Camille,FiddleSticks,2,0,0.0
Camille,Fiora,4,2,0.5
Camille,Galio,5,2,0.4
Camille,Gangplank,1,0,0.0
Camille,Garen,2,0,0.0
Camille,Gnar,10,5,0.5
Camille,Gragas,1,1,1.0
Camille,Graves,2,0,0.0
Camille,Gwen,2,0,0.0
Camille,Hecarim,4,2,0.5
Camille,Hwei,1,0,0.0
Camille,Irelia,2,0,0.0
Camille,Janna,3,1,0.3333333333333333
Camille,JarvanIV,5,2,0.4
Camille,Jax,6,4,0.6666666666666666
Camille,Jayce,9,4,0.4444444444444444
Camille,Jhin,13,5,0.38461538461538464
Camille,Jinx,1,1,1.0
Camille,KSante,1,0,0.0
Camille,Kaisa,6,0,0.0
Camille,Karma,6,4,0.6666666666666666
Camille,Karthus,4,2,0.5
Camille,Katarina,2,2,1.0
Camille,Kayle,1,0,0.0
Camille,Kayn,3,1,0.3333333333333333
Camille,Khazix,1,0,0.0
Camille,Kindred,6,2,0.3333333333333333
Camille,KogMaw,2,2,1.0
Camille,Leblanc,6,3,0.5
Camille,LeeSin,11,5,0.45454545454545453
Camille,Leona,7,5,0.7142857142857143
Camille,Lillia,1,0,0.0
Camille,Lucian,4,3,0.75
Camille,Lulu,4,3,0.75
Camille,Lux,1,1,1.0
Camille,Malphite,1,0,0.0
Camille,Maokai,1,0,0.0
Camille,Milio,2,1,0.5
Camille,MonkeyKing,1,1,1.0
Camille,Naafiri,1,1,1.0
Camille,Nami,3,1,0.3333333333333333
Camille,Nasus,1,0,0.0
Camille,Nautilus,5,2,0.4
Camille,Nidalee,7,3,0.42857142857142855
Camille,Nocturne,3,1,0.3333333333333333
Camille,Nunu,1,0,0.0
Camille,Olaf,1,0,0.0
Camille,Orianna,7,5,0.7142857142857143
Camille,Ornn,3,1,0.3333333333333333
Camille,Pantheon,7,3,0.42857142857142855
Camille,Pyke,3,2,0.6666666666666666
Camille,Qiyana,5,2,0.4
Camille,Quinn,1,1,1.0
Camille,Rakan,4,2,0.5
Camille,Rell,2,1,0.5
Camille,Renekton,6,1,0.16666666666666666
Camille,Rengar,2,1,0.5
Camille,Riven,2,1,0.5
Camille,Rumble,4,1,0.25
Camille,Ryze,12,7,0.5833333333333334
Camille,Senna,3,2,0.6666666666666666
Camille,Seraphine,3,1,0.3333333333333333
Camille,Shen,2,0,0.0
Camille,Singed,1,1,1.0
Camille,Sion,8,3,0.375
Camille,Skarner,2,0,0.0
Camille,Sona,4,0,0.0
Camille,Swain,4,1,0.25
Camille,Sylas,4,1,0.25
Camille,Syndra,2,1,0.5
Camille,Taliyah,1,1,1.0
Camille,Talon,4,3,0.75
Camille,Teemo,1,1,1.0
Camille,Thresh,4,2,0.5
Camille,Tristana,2,0,0.0
Camille,TwistedFate,1,0,0.0
Camille,Udyr,1,1,1.0
Camille,Urgot,1,0,0.0
Camille,Varus,5,2,0.4
Camille,Vayne,6,2,0.3333333333333333
Camille,Veigar,1,1,1.0
Camille,Velkoz,2,1,0.5
Camille,Vex,3,0,0.0
Camille,Vi,5,3,0.6
Camille,Viego,2,0,0.0
Camille,Viktor,2,0,0.0
Camille,Vladimir,1,0,0.0
Camille,Xayah,1,0,0.0
Camille,XinZhao,4,3,0.75
Camille,Yasuo,5,3,0.6
Camille,Yone,5,1,0.2
Camille,Yunara,9,5,0.5555555555555556
Camille,Yuumi,1,0,0.0
Camille,Zed,1,1,1.0
Camille,Ziggs,2,1,0.5
Camille,Zilean,1,1,1.0
Camille,Zoe,5,3,0.6
Camille,Zyra,1,0,0.0
Cassiopeia,Aatrox,6,1,0.16666666666666666
Cassiopeia,Ahri,4,2,0.5
Cassiopeia,Akali,4,1,0.25
Cassiopeia,Akshan,3,2,0.6666666666666666
Cassiopeia,Alistar,1,0,0.0
Cassiopeia,Ambessa,14,8,0.5714285714285714
Cassiopeia,Amumu,1,1,1.0
Cassiopeia,Anivia,15,8,0.5333333333333333
Cassiopeia,Annie,4,3,0.75
Cassiopeia,Aphelios,3,2,0.6666666666666666
Cassiopeia,Ashe,7,2,0.2857142857142857
Cassiopeia,Aurora,5,3,0.6
Cassiopeia,Azir,3,3,1.0
Cassiopeia,Bard,13,5,0.38461538461538464
Cassiopeia,Blitzcrank,2,2,1.0
Cassiopeia,Braum,4,4,1.0
Cassiopeia,Caitlyn,7,2,0.2857142857142857
Cassiopeia,Chogath,1,1,1.0
Cassiopeia,Corki,5,5,1.0
Cassiopeia,Darius,3,2,0.6666666666666666
Cassiopeia,DrMundo,1,0,0.0
Cassiopeia,Draven,4,3,0.75
Cassiopeia,Ekko,4,2,0.5
Cassiopeia,Elise,3,2,0.6666666666666666
Cassiopeia,Ezreal,17,7,0.4117647058823529
Cassiopeia,FiddleSticks,2,1,0.5
Cassiopeia,Fiora,2,1,0.5
Cassiopeia,Galio,2,2,1.0
Cassiopeia,Gnar,6,4,0.6666666666666666
Cassiopeia,Gragas,3,1,0.3333333333333333
Cassiopeia,Graves,3,2,0.6666666666666666
Cassiopeia,Gwen,2,2,1.0
Cassiopeia,Hecarim,1,1,1.0
Cassiopeia,Hwei,12,8,0.6666666666666666
Cassiopeia,Irelia,6,2,0.3333333333333333
Cassiopeia,Ivern,1,1,1.0
Cassiopeia,JarvanIV,16,8,0.5
Cassiopeia,Jax,2,1,0.5
Cassiopeia,Jayce,15,8,0.5333333333333333
Cassiopeia,Jhin,5,2,0.4
Cassiopeia,Jinx,3,1,0.3333333333333333
Cassiopeia,KSante,5,1,0.2
Cassiopeia,Kaisa,5,3,0.6
Cassiopeia,Karma,10,7,0.7
Cassiopeia,Karthus,6,2,0.3333333333333333
Cassiopeia,Kassadin,1,0,0.0
Cassiopeia,Katarina,2,1,0.5
Cassiopeia,Kayle,2,1,0.5
Cassiopeia,Kayn,1,0,0.0
Cassiopeia,Khazix,2,1,0.5
Cassiopeia,Kindred,4,2,0.5
Cassiopeia,KogMaw,1,1,1.0
Cassiopeia,Leblanc,2,1,0.5
Cassiopeia,LeeSin,14,8,0.5714285714285714
Cassiopeia,Leona,2,2,1.0
Cassiopeia,Lillia,2,2,1.0
Cassiopeia,Lissandra,4,2,0.5
Cassiopeia,Lucian,6,5,0.8333333333333334
Cassiopeia,Lulu,5,3,0.6
Cassiopeia,Lux,3,1,0.3333333333333333
Cassiopeia,Malphite,4,1,0.25
Cassiopeia,MasterYi,1,1,1.0
Cassiopeia,Mel,7,4,0.5714285714285714
Cassiopeia,Milio,1,0,0.0
Cassiopeia,MissFortune,1,0,0.0
Cassiopeia,MonkeyKing,2,1,0.5
Cassiopeia,Naafiri,6,5,0.8333333333333334
Cassiopeia,Nami,10,7,0.7
Cassiopeia,Nasus,1,0,0.0
Cassiopeia,Nautilus,15,5,0.3333333333333333
Cassiopeia,Neeko,3,3,1.0
Cassiopeia,Nidalee,3,2,0.6666666666666666
Cassiopeia,Nilah,1,0,0.0
Cassiopeia,Nocturne,3,2,0.6666666666666666
Cassiopeia,Nunu,3,0,0.0
Cassiopeia,Olaf,2,1,0.5
Cassiopeia,Orianna,7,2,0.2857142857142857
Cassiopeia,Ornn,3,2,0.6666666666666666
Cassiopeia,Pantheon,6,4,0.6666666666666666
Cassiopeia,Poppy,3,1,0.3333333333333333
Cassiopeia,Pyke,7,4,0.5714285714285714
Cassiopeia,Qiyana,3,2,0.6666666666666666
Cassiopeia,Quinn,1,0,0.0
Cassiopeia,Rakan,3,1,0.3333333333333333
Cassiopeia,Rell,4,3,0.75
Cassiopeia,Renekton,5,3,0.6
Cassiopeia,Rengar,2,1,0.5
Cassiopeia,Riven,2,1,0.5
Cassiopeia,Rumble,7,4,0.5714285714285714
Cassiopeia,Ryze,12,7,0.5833333333333334
Cassiopeia,Samira,2,0,0.0
Cassiopeia,Sejuani,1,0,0.0
Cassiopeia,Senna,4,0,0.0
Cassiopeia,Seraphine,3,2,0.6666666666666666
Cassiopeia,Sett,1,1,1.0
Cassiopeia,Shaco,2,0,0.0
Cassiopeia,Shen,2,1,0.5
Cassiopeia,Shyvana,1,0,0.0
Cassiopeia,Singed,1,1,1.0
Cassiopeia,Sion,9,5,0.5555555555555556
Cassiopeia,Sivir,3,2,0.6666666666666666
Cassiopeia,Skarner,3,1,0.3333333333333333
Cassiopeia,Smolder,2,0,0.0
Cassiopeia,Sona,5,0,0.0
Cassiopeia,Soraka,2,0,0.0
Cassiopeia,Swain,3,2,0.6666666666666666
Cassiopeia,Sylas,8,3,0.375
Cassiopeia,Syndra,2,2,1.0
Cassiopeia,Taliyah,1,0,0.0
Cassiopeia,Teemo,2,0,0.0
Cassiopeia,Thresh,2,0,0.0
Cassiopeia,Tristana,2,1,0.5
Cassiopeia,TwistedFate,4,1,0.25
Cassiopeia,Udyr,1,1,1.0
Cassiopeia,Urgot,1,0,0.0
Cassiopeia,Varus,12,5,0.4166666666666667
Cassiopeia,Vayne,6,4,0.6666666666666666
Cassiopeia,Veigar,1,0,0.0
Cassiopeia,Vi,3,1,0.3333333333333333
Cassiopeia,Viego,6,4,0.6666666666666666
Cassiopeia,Viktor,3,1,0.3333333333333333
Cassiopeia,Vladimir,8,3,0.375
Cassiopeia,Xerath,1,0,0.0
Cassiopeia,XinZhao,6,3,0.5
Cassiopeia,Yasuo,8,4,0.5
Cassiopeia,Yone,3,0,0.0
Cassiopeia,Yorick,3,1,0.3333333333333333
Cassiopeia,Yunara,10,8,0.8
Cassiopeia,Zaahen,5,5,1.0
Cassiopeia,Zed,4,1,0.25
Cassiopeia,Ziggs,2,1,0.5
Cassiopeia,Zyra,2,0,0.0
Chogath,Aatrox,3,2,0.6666666666666666
Chogath,Ahri,5,0,0.0
Chogath,Akali,2,1,0.5
Chogath,Akshan,1,0,0.0
Chogath,Ambessa,2,1,0.5
Chogath,Anivia,3,2,0.6666666666666666
Chogath,Annie,2,0,0.0
Chogath,Ashe,3,1,0.3333333333333333
Chogath,Aurora,2,1,0.5
Chogath,Bard,2,1,0.5
Chogath,Brand,1,0,0.0
Chogath,Caitlyn,2,2,1.0
Chogath,Camille,2,2,1.0
Chogath,Cassiopeia,1,0,0.0
Chogath,Corki,1,1,1.0
Chogath,Ekko,1,0,0.0
Chogath,Elise,1,0,0.0
Chogath,Ezreal,6,1,0.16666666666666666
Chogath,FiddleSticks,2,1,0.5
Chogath,Fizz,2,1,0.5
Chogath,Galio,1,1,1.0
Chogath,Garen,1,0,0.0
Chogath,Gnar,2,1,0.5
Chogath,Gragas,1,0,0.0
Chogath,Graves,4,2,0.5
Chogath,Gwen,1,1,1.0
Chogath,Heimerdinger,1,0,0.0
Chogath,Hwei,2,2,1.0
Chogath,JarvanIV,3,1,0.3333333333333333
Chogath,Jayce,1,0,0.0
Chogath,Jhin,4,2,0.5
Chogath,KSante,2,1,0.5
Chogath,Kaisa,3,0,0.0
Chogath,Karma,3,0,0.0
Chogath,Karthus,1,0,0.0
Chogath,Leblanc,2,2,1.0
Chogath,LeeSin,4,4,1.0
Chogath,Leona,1,0,0.0
Chogath,Lulu,1,1,1.0
Chogath,Malphite,2,2,1.0
Chogath,Mel,1,1,1.0
Chogath,Milio,1,0,0.0
Chogath,MissFortune,1,1,1.0
Chogath,MonkeyKing,1,0,0.0
Chogath,Naafiri,2,1,0.5
Chogath,Nami,1,1,1.0
Chogath,Nasus,1,0,0.0
Chogath,Nautilus,2,1,0.5
Chogath,Neeko,2,1,0.5
Chogath,Nidalee,1,0,0.0
Chogath,Nocturne,1,0,0.0
Chogath,Nunu,2,2,1.0
Chogath,Orianna,2,1,0.5
Chogath,Ornn,1,1,1.0
Chogath,Pantheon,2,0,0.0
Chogath,Poppy,2,0,0.0
Chogath,Pyke,2,2,1.0
Chogath,Rakan,1,1,1.0
Chogath,RekSai,1,1,1.0
Chogath,Renekton,1,1,1.0
Chogath,Rengar,1,0,0.0
Chogath,Riven,3,1,0.3333333333333333
Chogath,Ryze,2,1,0.5
Chogath,Senna,2,0,0.0
Chogath,Seraphine,2,1,0.5
Chogath,Shen,1,0,0.0
Chogath,Singed,1,1,1.0
Chogath,Sion,3,1,0.3333333333333333
Chogath,Sivir,1,1,1.0
Chogath,Sona,1,0,0.0
Chogath,Soraka,1,0,0.0
Chogath,Sylas,2,1,0.5
Chogath,Talon,1,0,0.0
Chogath,Taric,2,2,1.0
Chogath,Teemo,1,0,0.0
Chogath,Tristana,1,1,1.0
Chogath,TwistedFate,1,0,0.0
Chogath,Urgot,1,1,1.0
Chogath,Varus,3,1,0.3333333333333333
Chogath,Vayne,3,1,0.3333333333333333
Chogath,Vi,2,0,0.0
Chogath,Viego,1,1,1.0
Chogath,Viktor,1,0,0.0
Chogath,XinZhao,3,0,0.0
Chogath,Yasuo,6,3,0.5
Chogath,Yone,1,1,1.0
Chogath,Yunara,3,1,0.3333333333333333
Chogath,Zaahen,4,1,0.25
Chogath,Ziggs,3,2,0.6666666666666666
Chogath,Zyra,1,1,1.0
Corki,Aatrox,10,7,0.7
Corki,Ahri,16,8,0.5
Corki,Akali,12,10,0.8333333333333334
Corki,Akshan,8,3,0.375
Corki,Alistar,6,2,0.3333333333333333
Corki,Ambessa,21,9,0.42857142857142855
Corki,Amumu,1,0,0.0
Corki,Anivia,31,15,0.4838709677419355
Corki,Annie,9,6,0.6666666666666666
Corki,Aphelios,1,0,0.0
Corki,Ashe,16,4,0.25
Corki,AurelionSol,9,3,0.3333333333333333
Corki,Aurora,25,10,0.4
Corki,Azir,4,2,0.5
Corki,Bard,27,15,0.5555555555555556
Corki,Belveth,3,1,0.3333333333333333
Corki,Brand,1,0,0.0
Corki,Braum,2,0,0.0
Corki,Briar,3,2,0.6666666666666666
Corki,Caitlyn,28,17,0.6071428571428571
Corki,Camille,3,2,0.6666666666666666
Corki,Cassiopeia,5,0,0.0
Corki,Chogath,1,0,0.0
Corki,Darius,1,1,1.0
Corki,Diana,3,0,0.0
Corki,DrMundo,5,1,0.2
Corki,Draven,4,1,0.25
Corki,Ekko,12,6,0.5
Corki,Elise,5,4,0.8
Corki,Evelynn,2,0,0.0
Corki,Ezreal,37,17,0.4594594594594595
Corki,FiddleSticks,7,4,0.5714285714285714
Corki,Fiora,7,4,0.5714285714285714
Corki,Fizz,2,2,1.0
Corki,Galio,7,3,0.42857142857142855
Corki,Gangplank,2,2,1.0
Corki,Garen,5,1,0.2
Corki,Gnar,16,10,0.625
Corki,Gragas,5,3,0.6
Corki,Graves,11,3,0.2727272727272727
Corki,Gwen,5,2,0.4
Corki,Hecarim,2,1,0.5
Corki,Heimerdinger,1,1,1.0
Corki,Hwei,3,1,0.3333333333333333
Corki,Irelia,6,3,0.5
Corki,Ivern,3,2,0.6666666666666666
Corki,Janna,4,4,1.0
Corki,JarvanIV,19,11,0.5789473684210527
Corki,Jax,3,0,0.0
Corki,Jayce,25,16,0.64
Corki,Jhin,18,12,0.6666666666666666
Corki,Jinx,2,1,0.5
Corki,KSante,6,3,0.5
Corki,Kaisa,15,8,0.5333333333333333
Corki,Kalista,3,1,0.3333333333333333
Corki,Karma,22,13,0.5909090909090909
Corki,Karthus,6,2,0.3333333333333333
Corki,Kassadin,4,2,0.5
Corki,Katarina,3,1,0.3333333333333333
Corki,Kayle,4,3,0.75
Corki,Kayn,1,1,1.0
Corki,Kennen,3,2,0.6666666666666666
Corki,Khazix,4,1,0.25
Corki,Kindred,5,2,0.4
Corki,Kled,2,1,0.5
Corki,Leblanc,5,1,0.2
Corki,LeeSin,24,9,0.375
Corki,Leona,6,5,0.8333333333333334
Corki,Lillia,5,4,0.8
Corki,Lissandra,10,6,0.6
Corki,Lucian,19,10,0.5263157894736842
Corki,Lulu,16,9,0.5625
Corki,Lux,5,2,0.4
Corki,Malphite,9,5,0.5555555555555556
Corki,Malzahar,4,2,0.5
Corki,Maokai,4,2,0.5
Corki,MasterYi,4,1,0.25
Corki,Mel,8,7,0.875
Corki,Milio,3,2,0.6666666666666666
Corki,MissFortune,2,0,0.0
Corki,MonkeyKing,2,0,0.0
Corki,Naafiri,14,5,0.35714285714285715
Corki,Nami,19,7,0.3684210526315789
Corki,Nasus,3,1,0.3333333333333333
Corki,Nautilus,23,8,0.34782608695652173
Corki,Neeko,11,5,0.45454545454545453
Corki,Nidalee,12,6,0.5
Corki,Nilah,1,1,1.0
Corki,Nocturne,16,11,0.6875
Corki,Nunu,4,3,0.75
Corki,Olaf,3,1,0.3333333333333333
Corki,Orianna,9,5,0.5555555555555556
Corki,Ornn,4,1,0.25
Corki,Pantheon,25,9,0.36
Corki,Poppy,3,2,0.6666666666666666
Corki,Pyke,14,6,0.42857142857142855
Corki,Qiyana,10,6,0.6
Corki,Quinn,3,0,0.0
Corki,Rakan,7,4,0.5714285714285714
Corki,Rammus,4,4,1.0
Corki,RekSai,3,1,0.3333333333333333
Corki,Rell,1,0,0.0
Corki,Renata,1,1,1.0
Corki,Renekton,10,4,0.4
Corki,Rengar,6,3,0.5
Corki,Riven,7,4,0.5714285714285714
Corki,Rumble,8,4,0.5
Corki,Ryze,23,9,0.391304347826087
Corki,Samira,2,1,0.5
Corki,Sejuani,1,0,0.0
Corki,Senna,8,1,0.125
Corki,Seraphine,8,1,0.125
Corki,Shaco,1,0,0.0
Corki,Shen,8,6,0.75
Corki,Shyvana,1,0,0.0
Corki,Singed,7,3,0.42857142857142855
Corki,Sion,19,8,0.42105263157894735
Corki,Sivir,7,5,0.7142857142857143
Corki,Skarner,3,2,0.6666666666666666
Corki,Smolder,6,5,0.8333333333333334
Corki,Sona,7,2,0.2857142857142857
Corki,Soraka,7,5,0.7142857142857143
Corki,Swain,5,5,1.0
Corki,Sylas,17,8,0.47058823529411764
Corki,Syndra,6,3,0.5
Corki,Taliyah,2,0,0.0
Corki,Talon,10,5,0.5
Corki,Taric,3,3,1.0
Corki,Teemo,3,1,0.3333333333333333
Corki,Thresh,3,1,0.3333333333333333
Corki,Tristana,8,4,0.5
Corki,Trundle,2,0,0.0
Corki,Tryndamere,1,0,0.0
Corki,TwistedFate,8,4,0.5
Corki,Twitch,2,1,0.5
Corki,Udyr,3,2,0.6666666666666666
Corki,Urgot,1,1,1.0
Corki,Varus,12,4,0.3333333333333333
Corki,Vayne,14,8,0.5714285714285714
Corki,Veigar,2,0,0.0
Corki,Velkoz,1,1,1.0
Corki,Vex,2,1,0.5
Corki,Vi,8,6,0.75
Corki,Viego,6,5,0.8333333333333334
Corki,Viktor,8,2,0.25
Corki,Vladimir,8,5,0.625
Corki,Volibear,2,1,0.5
Corki,Xayah,5,3,0.6
Corki,Xerath,4,1,0.25
Corki,XinZhao,13,6,0.46153846153846156
Corki,Yasuo,7,3,0.42857142857142855
Corki,Yone,17,12,0.7058823529411765
Corki,Yorick,4,2,0.5
Corki,Yunara,30,12,0.4
Corki,Yuumi,5,4,0.8
Corki,Zaahen,11,6,0.5454545454545454
Corki,Zac,3,1,0.3333333333333333
Corki,Zed,4,1,0.25
Corki,Zeri,3,3,1.0
Corki,Ziggs,1,0,0.0
Corki,Zilean,3,1,0.3333333333333333
Corki,Zoe,4,1,0.25
Corki,Zyra,2,1,0.5
Darius,Aatrox,2,1,0.5
Darius,Ahri,8,2,0.25
Darius,Akali,8,4,0.5
Darius,Alistar,2,1,0.5
Darius,Ambessa,5,2,0.4
Darius,Amumu,1,0,0.0
Darius,Anivia,3,1,0.3333333333333333
Darius,Annie,1,0,0.0
Darius,Aphelios,2,1,0.5
Darius,Ashe,6,2,0.3333333333333333
Darius,AurelionSol,1,0,0.0
Darius,Aurora,5,2,0.4
Darius,Azir,3,3,1.0
Darius,Bard,8,5,0.625
Darius,Belveth,2,1,0.5
Darius,Brand,1,1,1.0
Darius,Braum,1,1,1.0
Darius,Caitlyn,6,3,0.5
Darius,Cassiopeia,3,1,0.3333333333333333
Darius,Corki,1,0,0.0
Darius,Diana,1,0,0.0
Darius,DrMundo,2,1,0.5
Darius,Draven,1,0,0.0
Darius,Ekko,4,2,0.5
Darius,Ezreal,8,3,0.375
Darius,Galio,1,0,0.0
Darius,Garen,1,0,0.0
Darius,Gnar,3,2,0.6666666666666666
Darius,Graves,2,1,0.5
Darius,Gwen,1,0,0.0
Darius,Hecarim,2,2,1.0
Darius,Heimerdinger,2,2,1.0
Darius,Hwei,3,0,0.0
Darius,Irelia,4,2,0.5
Darius,Ivern,1,1,1.0
Darius,Janna,1,0,0.0
Darius,JarvanIV,7,3,0.42857142857142855
Darius,Jax,2,1,0.5
Darius,Jayce,5,3,0.6
Darius,Jhin,9,6,0.6666666666666666
Darius,Jinx,4,2,0.5
Darius,KSante,3,0,0.0
Darius,Kaisa,6,4,0.6666666666666666
Darius,Kalista,1,1,1.0
Darius,Karma,8,4,0.5
Darius,Karthus,1,1,1.0
Darius,Kassadin,1,1,1.0
Darius,Katarina,3,0,0.0
Darius,Kennen,3,2,0.6666666666666666
Darius,Khazix,3,3,1.0
Darius,Kindred,1,1,1.0
Darius,Kled,4,2,0.5
Darius,Leblanc,3,1,0.3333333333333333
Darius,LeeSin,7,3,0.42857142857142855
Darius,Leona,3,2,0.6666666666666666
Darius,Lillia,1,1,1.0
Darius,Lucian,4,1,0.25
Darius,Lulu,3,2,0.6666666666666666
Darius,Lux,3,2,0.6666666666666666
Darius,Malphite,1,1,1.0
Darius,Maokai,1,1,1.0
Darius,MasterYi,2,1,0.5
Darius,Mel,2,1,0.5
Darius,MissFortune,1,0,0.0
Darius,MonkeyKing,1,0,0.0
Darius,Naafiri,2,1,0.5
Darius,Nami,2,1,0.5
Darius,Nautilus,10,6,0.6
Darius,Neeko,3,0,0.0
Darius,Nidalee,1,0,0.0
Darius,Nilah,1,1,1.0
Darius,Nocturne,2,0,0.0
Darius,Olaf,1,1,1.0
Darius,Orianna,3,1,0.3333333333333333
Darius,Pantheon,6,2,0.3333333333333333
Darius,Poppy,1,1,1.0
Darius,Pyke,3,1,0.3333333333333333
Darius,Qiyana,6,3,0.5
Darius,Rakan,4,1,0.25
Darius,RekSai,2,0,0.0
Darius,Rell,4,2,0.5
Darius,Renekton,2,1,0.5
Darius,Rengar,3,1,0.3333333333333333
Darius,Riven,5,2,0.4
Darius,Rumble,5,3,0.6
Darius,Ryze,6,5,0.8333333333333334
Darius,Samira,1,1,1.0
Darius,Senna,4,3,0.75
Darius,Seraphine,4,2,0.5
Darius,Sett,2,0,0.0
Darius,Shaco,3,0,0.0
Darius,Shen,2,0,0.0
Darius,Sion,2,2,1.0
Darius,Sona,3,0,0.0
Darius,Swain,3,2,0.6666666666666666
Darius,Sylas,6,3,0.5
Darius,Syndra,3,0,0.0
Darius,Taliyah,1,1,1.0
Darius,Talon,2,2,1.0
Darius,Teemo,2,0,0.0
Darius,Thresh,3,1,0.3333333333333333
Darius,Udyr,3,2,0.6666666666666666
Darius,Urgot,1,1,1.0
Darius,Varus,2,1,0.5
Darius,Vayne,4,2,0.5
Darius,Velkoz,2,0,0.0
Darius,Vex,1,0,0.0
Darius,Vi,4,1,0.25
Darius,Viktor,2,2,1.0
Darius,Vladimir,3,1,0.3333333333333333
Darius,Xayah,2,1,0.5
Darius,XinZhao,5,3,0.6
Darius,Yasuo,3,1,0.3333333333333333
Darius,Yone,3,3,1.0
Darius,Yunara,4,2,0.5
Darius,Zaahen,3,1,0.3333333333333333
Darius,Zed,2,0,0.0
Darius,Zeri,1,1,1.0
Darius,Ziggs,1,0,0.0
Darius,Zilean,2,1,0.5
Diana,Aatrox,4,3,0.75
Diana,Ahri,5,1,0.2
Diana,Akali,3,2,0.6666666666666666
Diana,Alistar,4,3,0.75
Diana,Ambessa,4,3,0.75
Diana,Anivia,5,3,0.6
Diana,Annie,2,0,0.0
Diana,Ashe,1,0,0.0
Diana,AurelionSol,3,1,0.3333333333333333
Diana,Aurora,2,1,0.5
Diana,Bard,4,2,0.5
Diana,Belveth,1,0,0.0
Diana,Blitzcrank,1,1,1.0
Diana,Brand,1,0,0.0
Diana,Braum,2,0,0.0
Diana,Caitlyn,5,1,0.2
Diana,Corki,3,3,1.0
Diana,Darius,1,1,1.0
Diana,DrMundo,2,0,0.0
Diana,Draven,1,1,1.0
Diana,Ekko,2,1,0.5
Diana,Elise,3,2,0.6666666666666666
Diana,Ezreal,10,3,0.3
Diana,Fiora,1,1,1.0
Diana,Fizz,2,2,1.0
Diana,Galio,2,1,0.5
Diana,Garen,1,1,1.0
Diana,Gnar,5,3,0.6
Diana,Graves,6,4,0.6666666666666666
Diana,Hwei,2,1,0.5
Diana,Irelia,1,0,0.0
Diana,JarvanIV,7,3,0.42857142857142855
Diana,Jax,2,0,0.0
Diana,Jayce,7,3,0.42857142857142855
Diana,Jhin,6,4,0.6666666666666666
Diana,KSante,2,2,1.0
Diana,Kaisa,4,3,0.75
Diana,Kalista,3,3,1.0
Diana,Karma,5,2,0.4
Diana,Kayle,1,0,0.0
Diana,Kayn,1,1,1.0
Diana,Kindred,3,2,0.6666666666666666
Diana,Kled,1,0,0.0
Diana,LeeSin,4,0,0.0
Diana,Lillia,1,0,0.0
Diana,Lissandra,2,1,0.5
Diana,Lucian,1,1,1.0
Diana,Lulu,1,0,0.0
Diana,Lux,3,1,0.3333333333333333
Diana,Malphite,1,1,1.0
Diana,Malzahar,1,0,0.0
Diana,Maokai,2,1,0.5
Diana,MasterYi,1,0,0.0
Diana,Mel,3,2,0.6666666666666666
Diana,MissFortune,1,0,0.0
Diana,MonkeyKing,2,0,0.0
Diana,Naafiri,3,2,0.6666666666666666
Diana,Nami,3,1,0.3333333333333333
Diana,Nasus,1,1,1.0
Diana,Nautilus,5,5,1.0
Diana,Neeko,1,1,1.0
Diana,Nidalee,2,0,0.0
Diana,Nilah,2,1,0.5
Diana,Nocturne,1,0,0.0
Diana,Nunu,1,1,1.0
Diana,Olaf,1,0,0.0
Diana,Orianna,3,1,0.3333333333333333
Diana,Ornn,1,1,1.0
Diana,Pantheon,1,0,0.0
Diana,Qiyana,1,0,0.0
Diana,Quinn,2,1,0.5
Diana,Rakan,3,2,0.6666666666666666
Diana,RekSai,1,0,0.0
Diana,Rell,2,0,0.0
Diana,Renekton,3,1,0.3333333333333333
Diana,Rengar,2,2,1.0
Diana,Riven,2,2,1.0
Diana,Rumble,4,1,0.25
Diana,Ryze,7,3,0.42857142857142855
Diana,Sejuani,2,0,0.0
Diana,Senna,3,1,0.3333333333333333
Diana,Seraphine,2,0,0.0
Diana,Shen,1,0,0.0
Diana,Sion,3,1,0.3333333333333333
Diana,Sivir,2,0,0.0
Diana,Skarner,4,3,0.75
Diana,Smolder,1,1,1.0
Diana,Sona,3,1,0.3333333333333333
Diana,Sylas,5,2,0.4
Diana,Syndra,4,3,0.75
Diana,TahmKench,2,1,0.5
Diana,Taliyah,2,1,0.5
Diana,Talon,4,1,0.25
Diana,Thresh,1,0,0.0
Diana,Tristana,3,2,0.6666666666666666
Diana,Tryndamere,1,0,0.0
Diana,TwistedFate,4,1,0.25
Diana,Twitch,1,0,0.0
Diana,Udyr,1,1,1.0
Diana,Urgot,1,1,1.0
Diana,Varus,1,0,0.0
Diana,Vayne,4,1,0.25
Diana,Velkoz,1,1,1.0
Diana,Vex,1,0,0.0
Diana,Vi,1,1,1.0
Diana,Viego,2,2,1.0
Diana,Viktor,2,1,0.5
Diana,Vladimir,3,3,1.0
Diana,Xayah,3,3,1.0
Diana,Xerath,2,1,0.5
Diana,XinZhao,6,3,0.5
Diana,Yasuo,2,1,0.5
Diana,Yone,2,2,1.0
Diana,Yunara,3,1,0.3333333333333333
Diana,Zaahen,1,0,0.0
Diana,Zac,1,0,0.0
Diana,Zed,2,1,0.5
Diana,Zeri,2,0,0.0
Diana,Ziggs,3,1,0.3333333333333333
Diana,Zoe,1,1,1.0
Diana,Zyra,1,1,1.0
DrMundo,Aatrox,3,2,0.6666666666666666
DrMundo,Ahri,7,3,0.42857142857142855
DrMundo,Akali,6,4,0.6666666666666666
DrMundo,Akshan,1,0,0.0
DrMundo,Alistar,5,2,0.4
DrMundo,Ambessa,7,3,0.42857142857142855
DrMundo,Amumu,1,1,1.0
DrMundo,Anivia,14,6,0.42857142857142855
DrMundo,Annie,7,3,0.42857142857142855
DrMundo,Aphelios,1,1,1.0
DrMundo,Ashe,4,0,0.0
DrMundo,AurelionSol,2,0,0.0
DrMundo,Aurora,9,3,0.3333333333333333
DrMundo,Azir,2,0,0.0
DrMundo,Bard,9,6,0.6666666666666666
DrMundo,Belveth,2,2,1.0
DrMundo,Blitzcrank,1,1,1.0
DrMundo,Brand,1,0,0.0
DrMundo,Braum,2,2,1.0
DrMundo,Caitlyn,11,9,0.8181818181818182
DrMundo,Camille,3,0,0.0
DrMundo,Cassiopeia,1,1,1.0
DrMundo,Corki,5,4,0.8
DrMundo,Darius,2,1,0.5
DrMundo,Diana,2,2,1.0
DrMundo,Draven,3,3,1.0
DrMundo,Ekko,7,4,0.5714285714285714
DrMundo,Elise,5,2,0.4
DrMundo,Ezreal,9,6,0.6666666666666666
DrMundo,FiddleSticks,2,2,1.0
DrMundo,Galio,1,0,0.0
DrMundo,Gangplank,2,2,1.0
DrMundo,Gnar,6,3,0.5
DrMundo,Gragas,1,0,0.0
DrMundo,Graves,4,2,0.5
DrMundo,Gwen,3,1,0.3333333333333333
DrMundo,Hecarim,1,1,1.0
DrMundo,Irelia,3,1,0.3333333333333333
DrMundo,Ivern,1,0,0.0
DrMundo,Janna,3,3,1.0
DrMundo,JarvanIV,7,6,0.8571428571428571
DrMundo,Jax,4,1,0.25
DrMundo,Jayce,10,7,0.7
DrMundo,Jhin,10,5,0.5
DrMundo,Jinx,3,2,0.6666666666666666
DrMundo,KSante,2,1,0.5
DrMundo,Kaisa,4,2,0.5
DrMundo,Kalista,2,0,0.0
DrMundo,Karma,7,3,0.42857142857142855
DrMundo,Karthus,4,3,0.75
DrMundo,Katarina,2,2,1.0
DrMundo,Kayle,1,0,0.0
DrMundo,Khazix,3,1,0.3333333333333333
DrMundo,Kindred,1,0,0.0
DrMundo,Leblanc,5,4,0.8
DrMundo,LeeSin,8,4,0.5
DrMundo,Leona,2,0,0.0
DrMundo,Lillia,2,2,1.0
DrMundo,Lissandra,2,1,0.5
DrMundo,Lucian,1,1,1.0
DrMundo,Lulu,6,2,0.3333333333333333
DrMundo,Lux,3,2,0.6666666666666666
DrMundo,Malphite,1,1,1.0
DrMundo,Malzahar,2,1,0.5
DrMundo,Mel,2,2,1.0
DrMundo,Milio,1,0,0.0
DrMundo,MissFortune,1,0,0.0
DrMundo,Naafiri,4,2,0.5
DrMundo,Nami,3,2,0.6666666666666666
DrMundo,Nasus,2,1,0.5
DrMundo,Nautilus,9,3,0.3333333333333333
DrMundo,Neeko,3,1,0.3333333333333333
DrMundo,Nidalee,4,1,0.25
DrMundo,Nocturne,7,6,0.8571428571428571
DrMundo,Nunu,2,1,0.5
DrMundo,Olaf,1,0,0.0
DrMundo,Orianna,3,2,0.6666666666666666
DrMundo,Ornn,2,1,0.5
DrMundo,Pantheon,13,6,0.46153846153846156
DrMundo,Poppy,2,0,0.0
DrMundo,Pyke,3,2,0.6666666666666666
DrMundo,Qiyana,6,2,0.3333333333333333
DrMundo,Quinn,5,2,0.4
DrMundo,RekSai,4,2,0.5
DrMundo,Rell,3,2,0.6666666666666666
DrMundo,Renekton,2,2,1.0
DrMundo,Riven,4,2,0.5
DrMundo,Rumble,3,2,0.6666666666666666
DrMundo,Ryze,5,3,0.6
DrMundo,Sejuani,1,0,0.0
DrMundo,Senna,6,3,0.5
DrMundo,Seraphine,4,1,0.25
DrMundo,Sett,1,0,0.0
DrMundo,Shaco,1,0,0.0
DrMundo,Shen,4,2,0.5
DrMundo,Shyvana,1,1,1.0
DrMundo,Singed,3,3,1.0
DrMundo,Sion,1,0,0.0
DrMundo,Sivir,1,1,1.0
DrMundo,Skarner,2,1,0.5
DrMundo,Sona,4,1,0.25
DrMundo,Soraka,1,0,0.0
DrMundo,Swain,1,0,0.0
DrMundo,Sylas,5,2,0.4
DrMundo,Syndra,3,1,0.3333333333333333
DrMundo,TahmKench,1,0,0.0
DrMundo,Taliyah,3,2,0.6666666666666666
DrMundo,Taric,1,0,0.0
DrMundo,Thresh,4,3,0.75
DrMundo,Trundle,1,0,0.0
DrMundo,TwistedFate,2,2,1.0
DrMundo,Udyr,1,1,1.0
DrMundo,Urgot,1,0,0.0
DrMundo,Varus,2,0,0.0
DrMundo,Vayne,6,1,0.16666666666666666
DrMundo,Veigar,1,1,1.0
DrMundo,Velkoz,2,1,0.5
DrMundo,Vi,5,2,0.4
DrMundo,Viego,3,2,0.6666666666666666
DrMundo,Viktor,2,2,1.0
DrMundo,Vladimir,3,1,0.3333333333333333
DrMundo,Volibear,1,0,0.0
DrMundo,Xerath,1,1,1.0
DrMundo,XinZhao,2,1,0.5
DrMundo,Yasuo,3,2,0.6666666666666666
DrMundo,Yone,7,4,0.5714285714285714
DrMundo,Yorick,3,2,0.6666666666666666
DrMundo,Yunara,12,4,0.3333333333333333
DrMundo,Zaahen,2,1,0.5
DrMundo,Zac,1,0,0.0
DrMundo,Zed,1,0,0.0
DrMundo,Ziggs,4,0,0.0
DrMundo,Zilean,2,1,0.5
DrMundo,Zoe,2,1,0.5
DrMundo,Zyra,2,0,0.0
Draven,Aatrox,4,2,0.5
Draven,Ahri,5,4,0.8
Draven,Akali,4,2,0.5
Draven,Akshan,3,1,0.3333333333333333
Draven,Alistar,3,1,0.3333333333333333
Draven,Ambessa,8,4,0.5
Draven,Anivia,9,5,0.5555555555555556
Draven,Annie,2,1,0.5
Draven,Aphelios,1,0,0.0
Draven,Ashe,4,2,0.5
Draven,Aurora,8,3,0.375
Draven,Azir,2,1,0.5
Draven,Bard,7,1,0.14285714285714285
Draven,Belveth,2,0,0.0
Draven,Blitzcrank,1,0,0.0
Draven,Brand,1,1,1.0
Draven,Braum,5,2,0.4
Draven,Briar,1,1,1.0
Draven,Caitlyn,6,4,0.6666666666666666
Draven,Camille,2,2,1.0
Draven,Cassiopeia,4,1,0.25
Draven,Corki,4,3,0.75
Draven,Darius,1,1,1.0
Draven,Diana,1,0,0.0
Draven,DrMundo,3,0,0.0
Draven,Ekko,8,4,0.5
Draven,Elise,2,2,1.0
Draven,Ezreal,15,7,0.4666666666666667
Draven,FiddleSticks,1,1,1.0
Draven,Fiora,1,0,0.0
Draven,Galio,2,1,0.5
Draven,Gnar,2,1,0.5
Draven,Gragas,1,1,1.0
Draven,Graves,3,2,0.6666666666666666
Draven,Gwen,1,1,1.0
Draven,Hecarim,2,2,1.0
Draven,Heimerdinger,1,1,1.0
Draven,Hwei,5,1,0.2
Draven,Irelia,1,1,1.0
Draven,Ivern,2,1,0.5
Draven,Janna,1,0,0.0
Draven,JarvanIV,5,3,0.6
Draven,Jax,2,0,0.0
Draven,Jayce,5,2,0.4
Draven,Jhin,2,0,0.0
Draven,Jinx,1,0,0.0
Draven,KSante,4,0,0.0
Draven,Kaisa,2,1,0.5
Draven,Kalista,3,2,0.6666666666666666
Draven,Karma,8,4,0.5
Draven,Karthus,2,1,0.5
Draven,Katarina,3,2,0.6666666666666666
Draven,Kayle,2,0,0.0
Draven,Kayn,1,1,1.0
Draven,Khazix,1,1,1.0
Draven,Kindred,1,0,0.0
Draven,Kled,4,2,0.5
Draven,KogMaw,1,1,1.0
Draven,Leblanc,2,1,0.5
Draven,LeeSin,11,6,0.5454545454545454
Draven,Leona,2,1,0.5
Draven,Lillia,1,0,0.0
Draven,Lissandra,1,0,0.0
Draven,Lucian,5,3,0.6
Draven,Lulu,2,1,0.5
Draven,Lux,2,2,1.0
Draven,Malphite,2,2,1.0
Draven,Malzahar,1,0,0.0
Draven,Maokai,1,1,1.0
Draven,Mel,3,0,0.0
Draven,MissFortune,3,0,0.0
Draven,MonkeyKing,2,1,0.5
Draven,Mordekaiser,1,1,1.0
Draven,Naafiri,4,2,0.5
Draven,Nami,4,3,0.75
Draven,Nasus,1,0,0.0
Draven,Nautilus,4,3,0.75
Draven,Neeko,4,0,0.0
Draven,Nidalee,2,0,0.0
Draven,Olaf,1,1,1.0
Draven,Orianna,4,2,0.5
Draven,Ornn,2,1,0.5
Draven,Pantheon,6,3,0.5
Draven,Poppy,1,0,0.0
Draven,Pyke,4,1,0.25
Draven,Qiyana,1,1,1.0
Draven,Rakan,2,1,0.5
Draven,Rammus,1,0,0.0
Draven,RekSai,1,1,1.0
Draven,Rell,2,0,0.0
Draven,Renata,1,0,0.0
Draven,Renekton,2,2,1.0
Draven,Rengar,1,0,0.0
Draven,Riven,2,1,0.5
Draven,Rumble,4,0,0.0
Draven,Ryze,2,1,0.5
Draven,Senna,4,2,0.5
Draven,Seraphine,2,2,1.0
Draven,Sett,3,1,0.3333333333333333
Draven,Shaco,3,1,0.3333333333333333
Draven,Shen,3,2,0.6666666666666666
Draven,Shyvana,2,2,1.0
Draven,Singed,4,3,0.75
Draven,Sion,4,2,0.5
Draven,Sivir,3,2,0.6666666666666666
Draven,Skarner,1,0,0.0
Draven,Smolder,1,1,1.0
Draven,Sona,3,1,0.3333333333333333
Draven,Soraka,2,2,1.0
Draven,Swain,2,1,0.5
Draven,Sylas,7,4,0.5714285714285714
Draven,TahmKench,1,1,1.0
Draven,Talon,3,1,0.3333333333333333
Draven,Taric,1,1,1.0
Draven,Teemo,1,1,1.0
Draven,Thresh,3,1,0.3333333333333333
Draven,TwistedFate,1,0,0.0
Draven,Udyr,2,1,0.5
Draven,Urgot,1,1,1.0
Draven,Varus,8,4,0.5
Draven,Vayne,7,3,0.42857142857142855
Draven,Veigar,1,1,1.0
Draven,Velkoz,1,1,1.0
Draven,Vex,1,0,0.0
Draven,Vi,1,0,0.0
Draven,Viego,3,0,0.0
Draven,Vladimir,1,0,0.0
Draven,Volibear,1,1,1.0
Draven,Xayah,1,1,1.0
Draven,Xerath,3,0,0.0
Draven,XinZhao,2,0,0.0
Draven,Yasuo,6,2,0.3333333333333333
Draven,Yone,4,2,0.5
Draven,Yorick,1,1,1.0
Draven,Yunara,5,3,0.6
Draven,Yuumi,2,1,0.5
Draven,Zaahen,1,0,0.0
Draven,Zac,1,0,0.0
Draven,Zed,1,1,1.0
Draven,Zeri,2,2,1.0
Draven,Ziggs,3,1,0.3333333333333333
Draven,Zilean,2,2,1.0
Draven,Zoe,3,0,0.0
Draven,Zyra,1,1,1.0
Ekko,Aatrox,7,5,0.7142857142857143
Ekko,Ahri,14,9,0.6428571428571429
Ekko,Akali,13,8,0.6153846153846154
Ekko,Akshan,4,2,0.5
Ekko,Alistar,6,4,0.6666666666666666
Ekko,Ambessa,8,5,0.625
Ekko,Anivia,14,10,0.7142857142857143
Ekko,Annie,5,4,0.8
Ekko,Aphelios,3,2,0.6666666666666666
Ekko,Ashe,11,4,0.36363636363636365
Ekko,AurelionSol,6,5,0.8333333333333334
Ekko,Aurora,15,7,0.4666666666666667
Ekko,Azir,3,2,0.6666666666666666
Ekko,Bard,10,5,0.5
Ekko,Belveth,2,0,0.0
Ekko,Brand,3,3,1.0
Ekko,Braum,6,2,0.3333333333333333
Ekko,Briar,2,0,0.0
Ekko,Caitlyn,17,11,0.6470588235294118
Ekko,Camille,3,2,0.6666666666666666
Ekko,Cassiopeia,4,2,0.5
Ekko,Chogath,1,1,1.0
Ekko,Corki,12,6,0.5
Ekko,Darius,4,2,0.5
Ekko,Diana,2,1,0.5
Ekko,DrMundo,7,3,0.42857142857142855
Ekko,Draven,8,4,0.5
Ekko,Elise,2,2,1.0
Ekko,Evelynn,3,1,0.3333333333333333
Ekko,Ezreal,17,11,0.6470588235294118
Ekko,FiddleSticks,5,3,0.6
Ekko,Fiora,5,3,0.6
Ekko,Fizz,3,1,0.3333333333333333
Ekko,Galio,6,4,0.6666666666666666
Ekko,Gangplank,3,0,0.0
Ekko,Garen,3,1,0.3333333333333333
Ekko,Gnar,8,6,0.75
Ekko,Gragas,4,3,0.75
Ekko,Graves,6,4,0.6666666666666666
Ekko,Gwen,4,3,0.75
Ekko,Hecarim,4,1,0.25
Ekko,Hwei,7,4,0.5714285714285714
Ekko,Illaoi,1,0,0.0
Ekko,Irelia,7,2,0.2857142857142857
Ekko,Janna,5,2,0.4
Ekko,JarvanIV,9,6,0.6666666666666666
Ekko,Jax,6,2,0.3333333333333333
Ekko,Jayce,20,10,0.5
Ekko,Jhin,8,3,0.375
Ekko,Jinx,2,0,0.0
Ekko,KSante,3,2,0.6666666666666666
Ekko,Kaisa,10,3,0.3
Ekko,Kalista,1,1,1.0
Ekko,Karma,21,15,0.7142857142857143
Ekko,Karthus,4,2,0.5
Ekko,Kassadin,3,1,0.3333333333333333
Ekko,Katarina,4,4,1.0
Ekko,Kayle,2,0,0.0
Ekko,Kayn,1,1,1.0
Ekko,Kennen,3,3,1.0
Ekko,Khazix,2,2,1.0
Ekko,Kindred,2,0,0.0
Ekko,Kled,2,1,0.5
Ekko,KogMaw,1,0,0.0
Ekko,Leblanc,3,1,0.3333333333333333
Ekko,LeeSin,17,11,0.6470588235294118
Ekko,Leona,2,0,0.0
Ekko,Lillia,2,1,0.5
Ekko,Lissandra,4,2,0.5
Ekko,Lucian,15,9,0.6
Ekko,Lulu,11,5,0.45454545454545453
Ekko,Lux,3,3,1.0
Ekko,Malphite,1,1,1.0
Ekko,Malzahar,2,2,1.0
Ekko,Maokai,2,0,0.0
Ekko,Mel,5,2,0.4
Ekko,Milio,1,1,1.0
Ekko,MissFortune,2,0,0.0
Ekko,Morgana,2,0,0.0
Ekko,Naafiri,6,1,0.16666666666666666
Ekko,Nami,11,6,0.5454545454545454
Ekko,Nasus,2,0,0.0
Ekko,Nautilus,21,8,0.38095238095238093
Ekko,Neeko,6,2,0.3333333333333333
Ekko,Nidalee,4,1,0.25
Ekko,Nilah,1,1,1.0
Ekko,Nocturne,13,6,0.46153846153846156
Ekko,Nunu,8,6,0.75
Ekko,Orianna,6,2,0.3333333333333333
Ekko,Ornn,3,0,0.0
Ekko,Pantheon,14,8,0.5714285714285714
Ekko,Poppy,2,2,1.0
Ekko,Pyke,12,8,0.6666666666666666
Ekko,Qiyana,11,7,0.6363636363636364
Ekko,Quinn,4,3,0.75
Ekko,Rakan,6,3,0.5
Ekko,Rammus,1,0,0.0
Ekko,RekSai,1,0,0.0
Ekko,Rell,3,1,0.3333333333333333
Ekko,Renata,2,2,1.0
Ekko,Renekton,3,1,0.3333333333333333
Ekko,Rengar,5,1,0.2
Ekko,Riven,4,1,0.25
Ekko,Rumble,2,1,0.5
Ekko,Ryze,16,7,0.4375
Ekko,Samira,1,1,1.0
Ekko,Senna,10,5,0.5
Ekko,Seraphine,9,4,0.4444444444444444
Ekko,Sett,2,0,0.0
Ekko,Shen,2,2,1.0
Ekko,Singed,4,3,0.75
Ekko,Sion,10,5,0.5
Ekko,Sivir,3,2,0.6666666666666666
Ekko,Skarner,6,4,0.6666666666666666
Ekko,Smolder,3,2,0.6666666666666666
Ekko,Sona,6,2,0.3333333333333333
Ekko,Soraka,3,1,0.3333333333333333
Ekko,Swain,2,1,0.5
Ekko,Sylas,15,7,0.4666666666666667
Ekko,Syndra,4,1,0.25
Ekko,Taliyah,3,1,0.3333333333333333
Ekko,Talon,5,2,0.4
Ekko,Taric,1,1,1.0
Ekko,Teemo,2,2,1.0
Ekko,Thresh,5,3,0.6
Ekko,Tristana,1,0,0.0
Ekko,Trundle,2,1,0.5
Ekko,TwistedFate,9,3,0.3333333333333333
Ekko,Twitch,2,2,1.0
Ekko,Udyr,3,1,0.3333333333333333
Ekko,Varus,19,6,0.3157894736842105
Ekko,Vayne,13,7,0.5384615384615384
Ekko,Veigar,2,2,1.0
Ekko,Velkoz,2,1,0.5
Ekko,Vex,2,1,0.5
Ekko,Vi,9,4,0.4444444444444444
Ekko,Viego,9,5,0.5555555555555556
Ekko,Viktor,2,2,1.0
Ekko,Vladimir,5,2,0.4
Ekko,Volibear,1,1,1.0
Ekko,Xayah,2,1,0.5
Ekko,Xerath,3,1,0.3333333333333333
Ekko,XinZhao,10,4,0.4
Ekko,Yasuo,11,5,0.45454545454545453
Ekko,Yone,12,5,0.4166666666666667
Ekko,Yorick,1,0,0.0
Ekko,Yunara,18,9,0.5
Ekko,Yuumi,2,2,1.0
Ekko,Zaahen,8,4,0.5
Ekko,Zac,1,0,0.0
Ekko,Zed,3,0,0.0
Ekko,Zeri,1,1,1.0
Ekko,Ziggs,1,1,1.0
Ekko,Zilean,3,1,0.3333333333333333
Ekko,Zoe,12,6,0.5
Ekko,Zyra,4,1,0.25
Elise,Aatrox,5,3,0.6
Elise,Ahri,10,6,0.6
Elise,Akali,10,4,0.4
Elise,Akshan,1,0,0.0
Elise,Alistar,1,1,1.0
Elise,Ambessa,11,7,0.6363636363636364
Elise,Amumu,1,0,0.0
Elise,Anivia,10,5,0.5
Elise,Ashe,8,4,0.5
Elise,AurelionSol,1,0,0.0
Elise,Aurora,10,5,0.5
Elise,Azir,9,6,0.6666666666666666
Elise,Bard,20,12,0.6
Elise,Blitzcrank,2,1,0.5
Elise,Braum,1,1,1.0
Elise,Briar,1,0,0.0
Elise,Caitlyn,10,7,0.7
Elise,Cassiopeia,3,1,0.3333333333333333
Elise,Chogath,1,1,1.0
Elise,Corki,5,1,0.2
Elise,Diana,3,1,0.3333333333333333
Elise,DrMundo,5,3,0.6
Elise,Draven,2,0,0.0
Elise,Ekko,2,0,0.0
Elise,Ezreal,18,15,0.8333333333333334
Elise,FiddleSticks,1,1,1.0
Elise,Fiora,3,2,0.6666666666666666
Elise,Fizz,2,1,0.5
Elise,Galio,1,1,1.0
Elise,Gangplank,5,3,0.6
Elise,Garen,1,1,1.0
Elise,Gnar,4,1,0.25
Elise,Gragas,2,2,1.0
Elise,Graves,4,3,0.75
Elise,Gwen,1,1,1.0
Elise,Hecarim,3,2,0.6666666666666666
Elise,Heimerdinger,2,1,0.5
Elise,Hwei,4,2,0.5
Elise,Irelia,5,2,0.4
Elise,Janna,1,0,0.0
Elise,JarvanIV,12,7,0.5833333333333334
Elise,Jax,2,1,0.5
Elise,Jayce,13,8,0.6153846153846154
Elise,Jhin,9,5,0.5555555555555556
Elise,Jinx,4,2,0.5
Elise,KSante,1,0,0.0
Elise,Kaisa,10,5,0.5
Elise,Kalista,1,0,0.0
Elise,Karma,17,8,0.47058823529411764
Elise,Karthus,4,3,0.75
Elise,Katarina,1,0,0.0
Elise,Kennen,2,0,0.0
Elise,Khazix,1,1,1.0
Elise,Kindred,1,1,1.0
Elise,Kled,2,1,0.5
Elise,KogMaw,2,1,0.5
Elise,Leblanc,4,1,0.25
Elise,LeeSin,11,6,0.5454545454545454
Elise,Leona,4,3,0.75
Elise,Lissandra,3,2,0.6666666666666666
Elise,Lucian,6,4,0.6666666666666666
Elise,Lulu,7,4,0.5714285714285714
Elise,Lux,1,1,1.0
Elise,Malzahar,1,1,1.0
Elise,Maokai,1,0,0.0
Elise,MasterYi,2,2,1.0
Elise,Mel,8,4,0.5
Elise,Milio,2,0,0.0
Elise,MissFortune,2,1,0.5
Elise,MonkeyKing,1,0,0.0
Elise,Naafiri,4,2,0.5
Elise,Nami,3,2,0.6666666666666666
Elise,Nautilus,9,4,0.4444444444444444
Elise,Neeko,6,4,0.6666666666666666
Elise,Nidalee,5,2,0.4
Elise,Nocturne,5,3,0.6
Elise,Nunu,2,2,1.0
Elise,Olaf,3,3,1.0
Elise,Orianna,4,2,0.5
Elise,Pantheon,15,9,0.6
Elise,Pyke,13,8,0.6153846153846154
Elise,Qiyana,5,1,0.2
Elise,Quinn,2,1,0.5
Elise,Rakan,4,2,0.5
Elise,RekSai,3,2,0.6666666666666666
Elise,Rell,5,3,0.6
Elise,Renekton,5,2,0.4
Elise,Rengar,4,1,0.25
Elise,Riven,6,5,0.8333333333333334
Elise,Rumble,9,5,0.5555555555555556
Elise,Ryze,7,4,0.5714285714285714
Elise,Sejuani,2,2,1.0
Elise,Senna,2,2,1.0
Elise,Seraphine,5,3,0.6
Elise,Sett,1,1,1.0
Elise,Shen,8,6,0.75
Elise,Sion,6,3,0.5
Elise,Sivir,5,1,0.2
Elise,Skarner,6,5,0.8333333333333334
Elise,Sona,6,2,0.3333333333333333
Elise,Soraka,2,1,0.5
Elise,Swain,1,0,0.0
Elise,Sylas,3,3,1.0
Elise,Taliyah,4,1,0.25
Elise,Talon,8,5,0.625
Elise,Taric,1,1,1.0
Elise,Teemo,3,2,0.6666666666666666
Elise,Thresh,2,2,1.0
Elise,Tristana,5,2,0.4
Elise,Tryndamere,1,0,0.0
Elise,TwistedFate,3,2,0.6666666666666666
Elise,Twitch,3,1,0.3333333333333333
Elise,Udyr,2,1,0.5
Elise,Urgot,1,1,1.0
Elise,Varus,7,3,0.42857142857142855
Elise,Vayne,13,8,0.6153846153846154
Elise,Veigar,1,0,0.0
Elise,Velkoz,1,1,1.0
Elise,Vex,1,1,1.0
Elise,Vi,5,4,0.8
Elise,Viego,2,1,0.5
Elise,Viktor,2,1,0.5
Elise,Vladimir,3,2,0.6666666666666666
Elise,Volibear,1,0,0.0
Elise,Xayah,2,1,0.5
Elise,Xerath,2,1,0.5
Elise,XinZhao,8,0,0.0
Elise,Yasuo,2,1,0.5
Elise,Yone,9,3,0.3333333333333333
Elise,Yorick,2,1,0.5
Elise,Yunara,8,5,0.625
Elise,Yuumi,1,1,1.0
Elise,Zaahen,4,1,0.25
Elise,Zac,2,0,0.0
Elise,Zeri,1,0,0.0
Elise,Ziggs,4,2,0.5
Elise,Zilean,1,0,0.0
Elise,Zoe,3,3,1.0
Elise,Zyra,2,2,1.0
Evelynn,Aatrox,2,2,1.0
Evelynn,Ahri,3,0,0.0
Evelynn,Akali,8,3,0.375
Evelynn,Akshan,1,1,1.0
Evelynn,Ambessa,5,3,0.6
Evelynn,Anivia,2,1,0.5
Evelynn,Annie,1,0,0.0
Evelynn,Aphelios,1,0,0.0
Evelynn,Ashe,4,1,0.25
Evelynn,AurelionSol,1,1,1.0
Evelynn,Aurora,3,1,0.3333333333333333
Evelynn,Bard,3,1,0.3333333333333333
Evelynn,Braum,2,1,0.5
Evelynn,Caitlyn,2,0,0.0
Evelynn,Camille,1,1,1.0
Evelynn,Corki,2,2,1.0
Evelynn,Ekko,3,2,0.6666666666666666
Evelynn,Ezreal,7,3,0.42857142857142855
Evelynn,Galio,2,0,0.0
Evelynn,Gangplank,1,0,0.0
Evelynn,Garen,1,0,0.0
Evelynn,Gnar,6,1,0.16666666666666666
Evelynn,Gragas,1,0,0.0
Evelynn,Gwen,2,1,0.5
Evelynn,Hecarim,1,1,1.0
Evelynn,Irelia,1,0,0.0
Evelynn,JarvanIV,6,0,0.0
Evelynn,Jayce,2,1,0.5
Evelynn,Jhin,1,1,1.0
Evelynn,Jinx,2,1,0.5
Evelynn,KSante,1,0,0.0
Evelynn,Kaisa,4,2,0.5
Evelynn,Kalista,1,1,1.0
Evelynn,Karma,5,4,0.8
Evelynn,Karthus,3,1,0.3333333333333333
Evelynn,Kayn,1,1,1.0
Evelynn,Kennen,2,1,0.5
Evelynn,Kindred,2,0,0.0
Evelynn,Kled,1,1,1.0
Evelynn,Leblanc,1,0,0.0
Evelynn,LeeSin,3,0,0.0
Evelynn,Leona,1,1,1.0
Evelynn,Lissandra,2,0,0.0
Evelynn,Lucian,4,1,0.25
Evelynn,Lulu,3,0,0.0
Evelynn,Lux,1,1,1.0
Evelynn,Malphite,2,1,0.5
Evelynn,MasterYi,1,0,0.0
Evelynn,Mel,3,1,0.3333333333333333
Evelynn,Milio,2,0,0.0
Evelynn,Morgana,1,1,1.0
Evelynn,Nami,3,0,0.0
Evelynn,Nasus,1,0,0.0
Evelynn,Nautilus,7,0,0.0
Evelynn,Neeko,2,1,0.5
Evelynn,Nocturne,7,2,0.2857142857142857
Evelynn,Olaf,1,0,0.0
Evelynn,Ornn,1,0,0.0
Evelynn,Pantheon,3,2,0.6666666666666666
Evelynn,Poppy,1,0,0.0
Evelynn,Pyke,1,0,0.0
Evelynn,Qiyana,2,0,0.0
Evelynn,Quinn,1,0,0.0
Evelynn,Rakan,3,0,0.0
Evelynn,RekSai,2,1,0.5
Evelynn,Rell,2,1,0.5
Evelynn,Renekton,1,1,1.0
Evelynn,Rengar,2,0,0.0
Evelynn,Riven,2,1,0.5
Evelynn,Rumble,1,0,0.0
Evelynn,Ryze,3,1,0.3333333333333333
Evelynn,Senna,3,1,0.3333333333333333
Evelynn,Seraphine,5,0,0.0
Evelynn,Shaco,1,0,0.0
Evelynn,Sivir,1,0,0.0
Evelynn,Sona,1,1,1.0
Evelynn,Sylas,1,0,0.0
Evelynn,Syndra,1,0,0.0
Evelynn,Taliyah,1,0,0.0
Evelynn,Talon,2,1,0.5
Evelynn,Teemo,1,0,0.0
Evelynn,Thresh,1,0,0.0
Evelynn,Tristana,1,0,0.0
Evelynn,Tryndamere,1,0,0.0
Evelynn,Twitch,2,1,0.5
Evelynn,Varus,2,1,0.5
Evelynn,Veigar,1,1,1.0
Evelynn,Viktor,4,2,0.5
Evelynn,Vladimir,1,1,1.0
Evelynn,Xayah,1,1,1.0
Evelynn,Xerath,2,1,0.5
Evelynn,XinZhao,3,2,0.6666666666666666
Evelynn,Yasuo,1,1,1.0
Evelynn,Yone,4,1,0.25
Evelynn,Yunara,5,0,0.0
Evelynn,Zaahen,3,1,0.3333333333333333
Evelynn,Zilean,2,1,0.5
Evelynn,Zoe,1,1,1.0
Evelynn,Zyra,1,1,1.0
Ezreal,Aatrox,44,25,0.5681818181818182
Ezreal,Ahri,50,29,0.58
Ezreal,Akali,57,22,0.38596491228070173
Ezreal,Akshan,17,11,0.6470588235294118
Ezreal,Alistar,23,7,0.30434782608695654
Ezreal,Ambessa,86,52,0.6046511627906976
Ezreal,Amumu,3,2,0.6666666666666666
Ezreal,Anivia,86,37,0.43023255813953487
Ezreal,Annie,30,11,0.36666666666666664
Ezreal,Aphelios,8,4,0.5
Ezreal,Ashe,55,27,0.4909090909090909
Ezreal,AurelionSol,6,2,0.3333333333333333
Ezreal,Aurora,60,28,0.4666666666666667
Ezreal,Azir,22,15,0.6818181818181818
Ezreal,Bard,90,36,0.4
Ezreal,Belveth,8,2,0.25
Ezreal,Blitzcrank,4,2,0.5
Ezreal,Brand,7,4,0.5714285714285714
Ezreal,Braum,11,6,0.5454545454545454
Ezreal,Briar,3,1,0.3333333333333333
Ezreal,Caitlyn,75,36,0.48
Ezreal,Camille,18,10,0.5555555555555556
Ezreal,Cassiopeia,17,10,0.5882352941176471
Ezreal,Chogath,6,5,0.8333333333333334
Ezreal,Corki,37,20,0.5405405405405406
Ezreal,Darius,8,5,0.625
Ezreal,Diana,10,7,0.7
Ezreal,DrMundo,9,3,0.3333333333333333
Ezreal,Draven,15,8,0.5333333333333333
Ezreal,Ekko,17,6,0.35294117647058826
Ezreal,Elise,18,3,0.16666666666666666
Ezreal,Evelynn,7,4,0.5714285714285714
Ezreal,FiddleSticks,7,5,0.7142857142857143
Ezreal,Fiora,14,7,0.5
Ezreal,Fizz,5,2,0.4
Ezreal,Galio,11,8,0.7272727272727273
Ezreal,Gangplank,10,4,0.4
Ezreal,Garen,19,9,0.47368421052631576
Ezreal,Gnar,40,26,0.65
Ezreal,Gragas,12,5,0.4166666666666667
Ezreal,Graves,21,10,0.47619047619047616
Ezreal,Gwen,16,9,0.5625
Ezreal,Hecarim,11,7,0.6363636363636364
Ezreal,Heimerdinger,3,1,0.3333333333333333
Ezreal,Hwei,29,13,0.4482758620689655
Ezreal,Illaoi,2,0,0.0
Ezreal,Irelia,23,13,0.5652173913043478
Ezreal,Ivern,4,4,1.0
Ezreal,Janna,10,8,0.8
Ezreal,JarvanIV,66,28,0.42424242424242425
Ezreal,Jax,19,10,0.5263157894736842
Ezreal,Jayce,111,51,0.4594594594594595
Ezreal,Jhin,93,42,0.45161290322580644
Ezreal,Jinx,11,5,0.45454545454545453
Ezreal,KSante,19,8,0.42105263157894735
Ezreal,Kaisa,76,37,0.4868421052631579
Ezreal,Kalista,19,9,0.47368421052631576
Ezreal,Karma,88,48,0.5454545454545454
Ezreal,Karthus,20,12,0.6
Ezreal,Kassadin,4,3,0.75
Ezreal,Katarina,14,8,0.5714285714285714
Ezreal,Kayle,8,3,0.375
Ezreal,Kayn,7,2,0.2857142857142857
Ezreal,Kennen,6,4,0.6666666666666666
Ezreal,Khazix,7,3,0.42857142857142855
Ezreal,Kindred,12,3,0.25
Ezreal,KogMaw,5,2,0.4
Ezreal,Leblanc,30,12,0.4
Ezreal,LeeSin,90,42,0.4666666666666667
Ezreal,Leona,17,10,0.5882352941176471
Ezreal,Lillia,11,6,0.5454545454545454
Ezreal,Lissandra,17,7,0.4117647058823529
Ezreal,Lucian,64,36,0.5625
Ezreal,Lulu,38,19,0.5
Ezreal,Lux,18,10,0.5555555555555556
Ezreal,Malphite,11,5,0.45454545454545453
Ezreal,Malzahar,5,2,0.4
Ezreal,Maokai,2,1,0.5
Ezreal,MasterYi,15,7,0.4666666666666667
Ezreal,Mel,25,11,0.44
Ezreal,Milio,8,2,0.25
Ezreal,MissFortune,21,6,0.2857142857142857
Ezreal,MonkeyKing,11,8,0.7272727272727273
Ezreal,Mordekaiser,2,1,0.5
Ezreal,Morgana,2,1,0.5
Ezreal,Naafiri,34,9,0.2647058823529412
Ezreal,Nami,60,30,0.5
Ezreal,Nasus,5,2,0.4
Ezreal,Nautilus,81,41,0.5061728395061729
Ezreal,Neeko,39,17,0.4358974358974359
Ezreal,Nidalee,30,17,0.5666666666666667
Ezreal,Nilah,1,1,1.0
Ezreal,Nocturne,36,17,0.4722222222222222
Ezreal,Nunu,15,7,0.4666666666666667
Ezreal,Olaf,11,5,0.45454545454545453
Ezreal,Orianna,41,22,0.5365853658536586
Ezreal,Ornn,15,7,0.4666666666666667
Ezreal,Pantheon,47,24,0.5106382978723404
Ezreal,Poppy,18,6,0.3333333333333333
Ezreal,Pyke,35,18,0.5142857142857142
Ezreal,Qiyana,35,16,0.45714285714285713
Ezreal,Quinn,14,6,0.42857142857142855
Ezreal,Rakan,24,13,0.5416666666666666
Ezreal,RekSai,6,3,0.5
Ezreal,Rell,14,9,0.6428571428571429
Ezreal,Renata,1,0,0.0
Ezreal,Renekton,31,11,0.3548387096774194
Ezreal,Rengar,13,4,0.3076923076923077
Ezreal,Riven,20,13,0.65
Ezreal,Rumble,46,27,0.5869565217391305
Ezreal,Ryze,56,27,0.48214285714285715
Ezreal,Samira,3,2,0.6666666666666666
Ezreal,Sejuani,2,1,0.5
Ezreal,Senna,32,17,0.53125
Ezreal,Seraphine,39,20,0.5128205128205128
Ezreal,Sett,7,4,0.5714285714285714
Ezreal,Shaco,6,3,0.5
Ezreal,Shen,23,10,0.43478260869565216
Ezreal,Shyvana,5,3,0.6
Ezreal,Singed,15,9,0.6
Ezreal,Sion,44,21,0.4772727272727273
Ezreal,Sivir,61,27,0.4426229508196721
Ezreal,Skarner,25,11,0.44
Ezreal,Smolder,7,2,0.2857142857142857
Ezreal,Sona,25,12,0.48
Ezreal,Soraka,10,2,0.2
Ezreal,Swain,7,2,0.2857142857142857
Ezreal,Sylas,59,31,0.5254237288135594
Ezreal,Syndra,16,4,0.25
Ezreal,TahmKench,2,1,0.5
Ezreal,Taliyah,21,10,0.47619047619047616
Ezreal,Talon,23,14,0.6086956521739131
Ezreal,Taric,7,5,0.7142857142857143
Ezreal,Teemo,14,5,0.35714285714285715
Ezreal,Thresh,16,11,0.6875
Ezreal,Tristana,12,7,0.5833333333333334
Ezreal,Trundle,3,2,0.6666666666666666
Ezreal,Tryndamere,2,1,0.5
Ezreal,TwistedFate,28,11,0.39285714285714285
Ezreal,Twitch,1,0,0.0
Ezreal,Udyr,12,7,0.5833333333333334
Ezreal,Urgot,7,4,0.5714285714285714
Ezreal,Varus,61,38,0.6229508196721312
Ezreal,Vayne,60,28,0.4666666666666667
Ezreal,Veigar,8,6,0.75
Ezreal,Velkoz,12,5,0.4166666666666667
Ezreal,Vex,9,5,0.5555555555555556
Ezreal,Vi,49,23,0.46938775510204084
Ezreal,Viego,23,12,0.5217391304347826
Ezreal,Viktor,17,5,0.29411764705882354
Ezreal,Vladimir,25,12,0.48
Ezreal,Volibear,5,1,0.2
Ezreal,Warwick,4,3,0.75
Ezreal,Xayah,3,1,0.3333333333333333
Ezreal,Xerath,11,5,0.45454545454545453
Ezreal,XinZhao,44,20,0.45454545454545453
Ezreal,Yasuo,34,17,0.5
Ezreal,Yone,34,19,0.5588235294117647
Ezreal,Yorick,19,7,0.3684210526315789
Ezreal,Yunara,66,32,0.48484848484848486
Ezreal,Yuumi,10,7,0.7
Ezreal,Zaahen,29,11,0.3793103448275862
Ezreal,Zac,2,0,0.0
Ezreal,Zed,18,5,0.2777777777777778
Ezreal,Zeri,5,3,0.6
Ezreal,Ziggs,4,1,0.25
Ezreal,Zilean,10,2,0.2
Ezreal,Zoe,27,15,0.5555555555555556
Ezreal,Zyra,18,11,0.6111111111111112
FiddleSticks,Aatrox,3,1,0.3333333333333333
FiddleSticks,Ahri,3,1,0.3333333333333333
FiddleSticks,Akali,6,1,0.16666666666666666
FiddleSticks,Akshan,1,0,0.0
FiddleSticks,Alistar,5,3,0.6
FiddleSticks,Ambessa,13,5,0.38461538461538464
FiddleSticks,Amumu,1,0,0.0
FiddleSticks,Anivia,9,5,0.5555555555555556
FiddleSticks,Annie,1,0,0.0
FiddleSticks,Aphelios,1,1,1.0
FiddleSticks,Ashe,5,2,0.4
FiddleSticks,AurelionSol,2,0,0.0
FiddleSticks,Aurora,10,5,0.5
FiddleSticks,Azir,3,3,1.0
FiddleSticks,Bard,11,2,0.18181818181818182
FiddleSticks,Belveth,3,2,0.6666666666666666
FiddleSticks,Blitzcrank,3,2,0.6666666666666666
FiddleSticks,Braum,3,2,0.6666666666666666
FiddleSticks,Caitlyn,10,4,0.4
FiddleSticks,Camille,2,2,1.0
FiddleSticks,Cassiopeia,2,1,0.5
FiddleSticks,Chogath,2,1,0.5
FiddleSticks,Corki,7,3,0.42857142857142855
FiddleSticks,DrMundo,2,0,0.0
FiddleSticks,Draven,1,0,0.0
FiddleSticks,Ekko,5,2,0.4
FiddleSticks,Elise,1,0,0.0
FiddleSticks,Ezreal,7,2,0.2857142857142857
FiddleSticks,Fiora,2,1,0.5
FiddleSticks,Fizz,1,0,0.0
FiddleSticks,Galio,2,1,0.5
FiddleSticks,Gangplank,2,2,1.0
FiddleSticks,Garen,1,1,1.0
FiddleSticks,Gnar,3,1,0.3333333333333333
FiddleSticks,Gragas,1,0,0.0
FiddleSticks,Graves,5,3,0.6
FiddleSticks,Gwen,1,1,1.0
FiddleSticks,Heimerdinger,1,0,0.0
FiddleSticks,Hwei,2,1,0.5
FiddleSticks,Irelia,2,1,0.5
FiddleSticks,Ivern,1,1,1.0
FiddleSticks,Janna,3,0,0.0
FiddleSticks,JarvanIV,11,6,0.5454545454545454
FiddleSticks,Jax,4,2,0.5
FiddleSticks,Jayce,8,4,0.5
FiddleSticks,Jhin,11,3,0.2727272727272727
FiddleSticks,Jinx,1,0,0.0
FiddleSticks,KSante,3,3,1.0
FiddleSticks,Kaisa,5,3,0.6
FiddleSticks,Kalista,1,1,1.0
FiddleSticks,Karma,8,2,0.25
FiddleSticks,Karthus,2,0,0.0
FiddleSticks,Kassadin,1,1,1.0
FiddleSticks,Katarina,2,0,0.0
FiddleSticks,Kayn,3,2,0.6666666666666666
FiddleSticks,Kennen,1,0,0.0
FiddleSticks,Khazix,2,2,1.0
FiddleSticks,Kindred,1,1,1.0
FiddleSticks,Kled,3,1,0.3333333333333333
FiddleSticks,Leblanc,3,1,0.3333333333333333
FiddleSticks,LeeSin,11,7,0.6363636363636364
FiddleSticks,Lillia,1,1,1.0
FiddleSticks,Lissandra,4,1,0.25
FiddleSticks,Lucian,6,4,0.6666666666666666
FiddleSticks,Lulu,6,4,0.6666666666666666
FiddleSticks,Malphite,1,0,0.0
FiddleSticks,Maokai,1,1,1.0
FiddleSticks,Mel,3,1,0.3333333333333333
FiddleSticks,MissFortune,2,0,0.0
FiddleSticks,Morgana,1,1,1.0
FiddleSticks,Naafiri,6,3,0.5
FiddleSticks,Nami,1,0,0.0
FiddleSticks,Nasus,1,1,1.0
FiddleSticks,Nautilus,5,2,0.4
FiddleSticks,Neeko,1,1,1.0
FiddleSticks,Nidalee,5,2,0.4
FiddleSticks,Nilah,1,0,0.0
FiddleSticks,Nocturne,1,0,0.0
FiddleSticks,Olaf,4,1,0.25
FiddleSticks,Orianna,8,3,0.375
FiddleSticks,Ornn,2,0,0.0
FiddleSticks,Pantheon,7,5,0.7142857142857143
FiddleSticks,Poppy,1,1,1.0
FiddleSticks,Pyke,4,2,0.5
FiddleSticks,Qiyana,1,1,1.0
FiddleSticks,Rakan,3,0,0.0
FiddleSticks,RekSai,1,0,0.0
FiddleSticks,Rell,1,1,1.0
FiddleSticks,Renekton,3,1,0.3333333333333333
FiddleSticks,Rengar,4,0,0.0
FiddleSticks,Riven,4,0,0.0
FiddleSticks,Rumble,3,2,0.6666666666666666
FiddleSticks,Ryze,2,1,0.5
FiddleSticks,Sejuani,1,1,1.0
FiddleSticks,Senna,4,3,0.75
FiddleSticks,Seraphine,3,1,0.3333333333333333
FiddleSticks,Shen,3,1,0.3333333333333333
FiddleSticks,Shyvana,1,0,0.0
FiddleSticks,Sion,5,2,0.4
FiddleSticks,Sivir,2,1,0.5
FiddleSticks,Skarner,2,0,0.0
FiddleSticks,Sona,2,0,0.0
FiddleSticks,Soraka,3,1,0.3333333333333333
FiddleSticks,Swain,1,0,0.0
FiddleSticks,Sylas,5,2,0.4
FiddleSticks,Syndra,5,1,0.2
FiddleSticks,Taliyah,1,1,1.0
FiddleSticks,Talon,1,1,1.0
FiddleSticks,Teemo,1,0,0.0
FiddleSticks,Thresh,2,2,1.0
FiddleSticks,Tristana,3,2,0.6666666666666666
FiddleSticks,TwistedFate,1,1,1.0
FiddleSticks,Urgot,1,0,0.0
FiddleSticks,Varus,1,1,1.0
FiddleSticks,Vayne,6,1,0.16666666666666666
FiddleSticks,Veigar,2,2,1.0
FiddleSticks,Velkoz,1,1,1.0
FiddleSticks,Vex,2,1,0.5
FiddleSticks,Vi,2,0,0.0
FiddleSticks,Viego,3,1,0.3333333333333333
FiddleSticks,Vladimir,1,0,0.0
FiddleSticks,Volibear,1,0,0.0
FiddleSticks,Warwick,1,1,1.0
FiddleSticks,Xerath,1,1,1.0
FiddleSticks,XinZhao,6,1,0.16666666666666666
FiddleSticks,Yasuo,2,0,0.0
FiddleSticks,Yone,2,1,0.5
FiddleSticks,Yorick,1,1,1.0
FiddleSticks,Yunara,9,5,0.5555555555555556
FiddleSticks,Zeri,1,0,0.0
FiddleSticks,Ziggs,1,1,1.0
FiddleSticks,Zilean,2,0,0.0
FiddleSticks,Zoe,4,2,0.5
FiddleSticks,Zyra,5,3,0.6
Fiora,Aatrox,2,0,0.0
Fiora,Ahri,3,2,0.6666666666666666
Fiora,Akali,3,1,0.3333333333333333
Fiora,Akshan,2,1,0.5
Fiora,Alistar,1,1,1.0
Fiora,Ambessa,8,3,0.375
Fiora,Anivia,8,3,0.375
Fiora,Annie,5,4,0.8
Fiora,Ashe,5,1,0.2
Fiora,AurelionSol,1,0,0.0
Fiora,Aurora,4,1,0.25
Fiora,Azir,5,3,0.6
Fiora,Bard,7,2,0.2857142857142857
Fiora,Belveth,1,0,0.0
Fiora,Brand,1,0,0.0
Fiora,Braum,4,3,0.75
Fiora,Briar,2,1,0.5
Fiora,Caitlyn,11,2,0.18181818181818182
Fiora,Camille,4,2,0.5
Fiora,Cassiopeia,2,1,0.5
Fiora,Corki,7,3,0.42857142857142855
Fiora,Diana,1,0,0.0
Fiora,Draven,1,1,1.0
Fiora,Ekko,5,2,0.4
Fiora,Elise,3,1,0.3333333333333333
Fiora,Ezreal,14,7,0.5
Fiora,FiddleSticks,2,1,0.5
Fiora,Fizz,2,0,0.0
Fiora,Galio,3,0,0.0
Fiora,Gnar,10,5,0.5
Fiora,Graves,3,1,0.3333333333333333
Fiora,Hwei,2,1,0.5
Fiora,Irelia,5,1,0.2
Fiora,Ivern,3,2,0.6666666666666666
Fiora,Janna,2,1,0.5
Fiora,JarvanIV,17,7,0.4117647058823529
Fiora,Jax,2,0,0.0
Fiora,Jayce,3,0,0.0
Fiora,Jhin,4,3,0.75
Fiora,Jinx,2,0,0.0
Fiora,KSante,2,2,1.0
Fiora,Kaisa,3,2,0.6666666666666666
Fiora,Kalista,1,1,1.0
Fiora,Karma,7,4,0.5714285714285714
Fiora,Karthus,2,0,0.0
Fiora,Kennen,5,4,0.8
Fiora,Kled,1,0,0.0
Fiora,Leblanc,5,3,0.6
Fiora,LeeSin,12,4,0.3333333333333333
Fiora,Leona,3,0,0.0
Fiora,Lillia,1,0,0.0
Fiora,Lissandra,4,1,0.25
Fiora,Lucian,6,3,0.5
Fiora,Lulu,5,0,0.0
Fiora,Lux,4,2,0.5
Fiora,MasterYi,2,2,1.0
Fiora,Mel,9,3,0.3333333333333333
Fiora,MonkeyKing,1,0,0.0
Fiora,Naafiri,2,0,0.0
Fiora,Nami,11,6,0.5454545454545454
Fiora,Nautilus,9,6,0.6666666666666666
Fiora,Neeko,1,0,0.0
Fiora,Nidalee,1,1,1.0
Fiora,Nilah,1,1,1.0
Fiora,Nocturne,1,0,0.0
Fiora,Nunu,1,0,0.0
Fiora,Olaf,1,1,1.0
Fiora,Orianna,2,1,0.5
Fiora,Ornn,1,1,1.0
Fiora,Pantheon,5,2,0.4
Fiora,Poppy,2,0,0.0
Fiora,Pyke,4,3,0.75
Fiora,Qiyana,3,2,0.6666666666666666
Fiora,Rakan,2,1,0.5
Fiora,RekSai,3,1,0.3333333333333333
Fiora,Rell,1,1,1.0
Fiora,Renekton,8,4,0.5
Fiora,Rengar,2,0,0.0
Fiora,Riven,1,1,1.0
Fiora,Rumble,1,0,0.0
Fiora,Ryze,5,2,0.4
Fiora,Samira,1,0,0.0
Fiora,Senna,1,0,0.0
Fiora,Seraphine,2,0,0.0
Fiora,Shaco,1,1,1.0
Fiora,Shyvana,2,0,0.0
Fiora,Singed,5,2,0.4
Fiora,Skarner,3,0,0.0
Fiora,Sona,4,2,0.5
Fiora,Soraka,1,0,0.0
Fiora,Swain,1,1,1.0
Fiora,Sylas,8,3,0.375
Fiora,Syndra,3,2,0.6666666666666666
Fiora,TahmKench,2,1,0.5
Fiora,Taliyah,1,0,0.0
Fiora,Talon,5,2,0.4
Fiora,Taric,1,0,0.0
Fiora,Teemo,1,1,1.0
Fiora,Thresh,1,0,0.0
Fiora,Tristana,3,0,0.0
Fiora,Trundle,1,0,0.0
Fiora,TwistedFate,2,2,1.0
Fiora,Udyr,2,2,1.0
Fiora,Varus,6,1,0.16666666666666666
Fiora,Vayne,14,7,0.5
Fiora,Velkoz,2,2,1.0
Fiora,Vi,4,2,0.5
Fiora,Viego,3,2,0.6666666666666666
Fiora,Viktor,4,3,0.75
Fiora,Vladimir,5,3,0.6
Fiora,Volibear,2,0,0.0
Fiora,Warwick,1,0,0.0
Fiora,Xayah,1,0,0.0
Fiora,Xerath,3,1,0.3333333333333333
Fiora,XinZhao,3,1,0.3333333333333333
Fiora,Yasuo,2,1,0.5
Fiora,Yone,10,5,0.5
Fiora,Yorick,5,2,0.4
Fiora,Yunara,12,6,0.5
Fiora,Yuumi,1,0,0.0
Fiora,Zaahen,3,3,1.0
Fiora,Zac,1,0,0.0
Fiora,Zed,3,1,0.3333333333333333
Fiora,Ziggs,1,1,1.0
Fiora,Zilean,1,0,0.0
Fiora,Zoe,5,3,0.6
Fiora,Zyra,1,0,0.0
Fizz,Aatrox,2,0,0.0
Fizz,Ahri,2,1,0.5
Fizz,Akali,5,0,0.0
Fizz,Akshan,3,0,0.0
Fizz,Alistar,3,1,0.3333333333333333
Fizz,Ambessa,7,2,0.2857142857142857
Fizz,Anivia,6,1,0.16666666666666666
Fizz,Annie,2,1,0.5
Fizz,Aphelios,3,2,0.6666666666666666
Fizz,Ashe,5,0,0.0
Fizz,Aurora,1,1,1.0
Fizz,Bard,8,2,0.25
Fizz,Blitzcrank,2,1,0.5
Fizz,Caitlyn,2,1,0.5
Fizz,Chogath,2,1,0.5
Fizz,Corki,2,0,0.0
Fizz,Diana,2,0,0.0
Fizz,Ekko,3,2,0.6666666666666666
Fizz,Elise,2,1,0.5
Fizz,Ezreal,5,3,0.6
Fizz,FiddleSticks,1,1,1.0
Fizz,Fiora,2,2,1.0
Fizz,Galio,3,3,1.0
Fizz,Gangplank,1,0,0.0
Fizz,Garen,1,0,0.0
Fizz,Gnar,3,1,0.3333333333333333
Fizz,Gragas,1,0,0.0
Fizz,Graves,3,2,0.6666666666666666
Fizz,Hecarim,1,0,0.0
Fizz,Heimerdinger,1,0,0.0
Fizz,Hwei,1,0,0.0
Fizz,Illaoi,1,1,1.0
Fizz,Irelia,3,1,0.3333333333333333
Fizz,Ivern,1,0,0.0
Fizz,JarvanIV,3,1,0.3333333333333333
Fizz,Jax,3,2,0.6666666666666666
Fizz,Jayce,3,0,0.0
Fizz,Jhin,4,1,0.25
Fizz,Jinx,2,0,0.0
Fizz,KSante,1,1,1.0
Fizz,Kaisa,1,1,1.0
Fizz,Karma,5,3,0.6
Fizz,Kassadin,1,0,0.0
Fizz,Kayle,1,0,0.0
Fizz,Kennen,1,0,0.0
Fizz,Khazix,2,1,0.5
Fizz,Leblanc,1,0,0.0
Fizz,LeeSin,6,2,0.3333333333333333
Fizz,Leona,3,2,0.6666666666666666
Fizz,Lillia,1,1,1.0
Fizz,Lissandra,6,2,0.3333333333333333
Fizz,Lulu,3,0,0.0
Fizz,Lux,1,0,0.0
Fizz,MasterYi,1,0,0.0
Fizz,Mel,3,1,0.3333333333333333
Fizz,Milio,1,0,0.0
Fizz,MissFortune,1,1,1.0
Fizz,MonkeyKing,2,1,0.5
Fizz,Naafiri,2,0,0.0
Fizz,Nami,2,0,0.0
Fizz,Nautilus,4,2,0.5
Fizz,Neeko,2,1,0.5
Fizz,Nidalee,3,1,0.3333333333333333
Fizz,Nocturne,1,0,0.0
Fizz,Orianna,7,1,0.14285714285714285
Fizz,Ornn,1,0,0.0
Fizz,Pantheon,2,0,0.0
Fizz,Qiyana,4,3,0.75
Fizz,Rakan,3,0,0.0
Fizz,Rell,1,0,0.0
Fizz,Renekton,3,1,0.3333333333333333
Fizz,Riven,1,0,0.0
Fizz,Rumble,1,0,0.0
Fizz,Ryze,3,1,0.3333333333333333
Fizz,Samira,1,1,1.0
Fizz,Senna,3,0,0.0
Fizz,Seraphine,1,0,0.0
Fizz,Sion,4,2,0.5
Fizz,Sivir,1,1,1.0
Fizz,Skarner,2,1,0.5
Fizz,Sona,2,0,0.0
Fizz,Swain,2,1,0.5
Fizz,Sylas,3,1,0.3333333333333333
Fizz,Taliyah,1,1,1.0
Fizz,Teemo,1,0,0.0
Fizz,Thresh,1,1,1.0
Fizz,Tristana,1,0,0.0
Fizz,Tryndamere,1,0,0.0
Fizz,TwistedFate,2,1,0.5
Fizz,Udyr,1,1,1.0
Fizz,Varus,4,2,0.5
Fizz,Vayne,4,3,0.75
Fizz,Veigar,1,0,0.0
Fizz,Vi,2,0,0.0
Fizz,Viego,1,1,1.0
Fizz,Viktor,1,0,0.0
Fizz,Vladimir,2,0,0.0
Fizz,Xayah,3,0,0.0
Fizz,Xerath,1,0,0.0
Fizz,XinZhao,5,1,0.2
Fizz,Yasuo,2,1,0.5
Fizz,Yone,3,1,0.3333333333333333
Fizz,Yorick,2,2,1.0
Fizz,Yunara,4,2,0.5
Fizz,Zac,1,0,0.0
Fizz,Zeri,2,0,0.0
Fizz,Ziggs,1,0,0.0
Fizz,Zoe,2,0,0.0
Fizz,Zyra,1,0,0.0
Galio,Aatrox,4,2,0.5
Galio,Ahri,9,2,0.2222222222222222
Galio,Akali,9,4,0.4444444444444444
Galio,Akshan,3,2,0.6666666666666666
Galio,Alistar,6,3,0.5
Galio,Ambessa,12,5,0.4166666666666667
Galio,Anivia,9,5,0.5555555555555556
Galio,Annie,14,10,0.7142857142857143
Galio,Aphelios,2,1,0.5
Galio,Ashe,8,5,0.625
Galio,AurelionSol,2,0,0.0
Galio,Aurora,11,7,0.6363636363636364
Galio,Azir,1,1,1.0
Galio,Bard,5,2,0.4
Galio,Belveth,3,1,0.3333333333333333
Galio,Blitzcrank,1,1,1.0
Galio,Brand,4,2,0.5
Galio,Briar,2,2,1.0
Galio,Caitlyn,2,1,0.5
Galio,Camille,5,3,0.6
Galio,Cassiopeia,2,0,0.0
Galio,Chogath,1,0,0.0
Galio,Corki,7,4,0.5714285714285714
Galio,Darius,1,1,1.0
Galio,Diana,2,1,0.5
Galio,DrMundo,1,1,1.0
Galio,Draven,2,1,0.5
Galio,Ekko,6,2,0.3333333333333333
Galio,Elise,1,0,0.0
Galio,Evelynn,2,2,1.0
Galio,Ezreal,11,3,0.2727272727272727
Galio,FiddleSticks,2,1,0.5
Galio,Fiora,3,3,1.0
Galio,Fizz,3,0,0.0
Galio,Gangplank,2,0,0.0
Galio,Garen,6,2,0.3333333333333333
Galio,Gnar,6,4,0.6666666666666666
Galio,Graves,6,2,0.3333333333333333
Galio,Gwen,1,0,0.0
Galio,Hecarim,2,1,0.5
Galio,Hwei,2,0,0.0
Galio,Illaoi,2,0,0.0
Galio,Irelia,5,2,0.4
Galio,Ivern,1,0,0.0
Galio,Janna,1,1,1.0
Galio,JarvanIV,14,8,0.5714285714285714
Galio,Jax,6,1,0.16666666666666666
Galio,Jayce,7,5,0.7142857142857143
Galio,Jhin,17,3,0.17647058823529413
Galio,Jinx,1,0,0.0
Galio,KSante,1,0,0.0
Galio,Kaisa,9,5,0.5555555555555556
Galio,Kalista,3,2,0.6666666666666666
Galio,Karma,4,3,0.75
Galio,Karthus,8,3,0.375
Galio,Kassadin,2,1,0.5
Galio,Katarina,7,4,0.5714285714285714
Galio,Kayle,1,0,0.0
Galio,Kayn,3,2,0.6666666666666666
Galio,Kennen,2,1,0.5
Galio,Khazix,1,1,1.0
Galio,Kindred,1,1,1.0
Galio,Kled,1,0,0.0
Galio,Leblanc,3,2,0.6666666666666666
Galio,LeeSin,10,7,0.7
Galio,Leona,1,0,0.0
Galio,Lillia,3,1,0.3333333333333333
Galio,Lissandra,4,3,0.75
Galio,Lucian,11,2,0.18181818181818182
Galio,Lulu,14,11,0.7857142857142857
Galio,Lux,4,1,0.25
Galio,Malphite,2,0,0.0
Galio,Malzahar,2,2,1.0
Galio,Maokai,1,0,0.0
Galio,Mel,9,5,0.5555555555555556
Galio,Milio,3,0,0.0
Galio,MissFortune,2,0,0.0
Galio,MonkeyKing,3,0,0.0
Galio,Naafiri,7,3,0.42857142857142855
Galio,Nami,12,5,0.4166666666666667
Galio,Nasus,1,0,0.0
Galio,Nautilus,14,6,0.42857142857142855
Galio,Neeko,5,1,0.2
Galio,Nidalee,3,1,0.3333333333333333
Galio,Nocturne,3,1,0.3333333333333333
Galio,Nunu,3,1,0.3333333333333333
Galio,Olaf,4,2,0.5
Galio,Orianna,12,7,0.5833333333333334
Galio,Ornn,4,1,0.25
Galio,Pantheon,15,7,0.4666666666666667
Galio,Poppy,5,2,0.4
Galio,Pyke,11,3,0.2727272727272727
Galio,Qiyana,5,4,0.8
Galio,Quinn,2,1,0.5
Galio,Rakan,2,1,0.5
Galio,Rammus,1,1,1.0
Galio,RekSai,1,1,1.0
Galio,Rell,3,2,0.6666666666666666
Galio,Renekton,4,2,0.5
Galio,Rengar,7,2,0.2857142857142857
Galio,Rumble,7,5,0.7142857142857143
Galio,Ryze,4,1,0.25
Galio,Samira,1,1,1.0
Galio,Senna,7,4,0.5714285714285714
Galio,Seraphine,4,2,0.5
Galio,Shen,5,1,0.2
Galio,Singed,2,1,0.5
Galio,Sion,5,3,0.6
Galio,Sivir,3,3,1.0
Galio,Skarner,3,1,0.3333333333333333
Galio,Smolder,6,4,0.6666666666666666
Galio,Sona,1,0,0.0
Galio,Soraka,3,0,0.0
Galio,Swain,1,1,1.0
Galio,Sylas,7,3,0.42857142857142855
Galio,Syndra,1,0,0.0
Galio,Taliyah,5,1,0.2
Galio,Talon,2,0,0.0
Galio,Teemo,2,1,0.5
Galio,Thresh,4,2,0.5
Galio,Tristana,6,2,0.3333333333333333
Galio,Trundle,3,2,0.6666666666666666
Galio,TwistedFate,8,4,0.5
Galio,Udyr,2,0,0.0
Galio,Urgot,1,1,1.0
Galio,Varus,10,6,0.6
Galio,Vayne,8,3,0.375
Galio,Veigar,2,2,1.0
Galio,Velkoz,3,2,0.6666666666666666
Galio,Vex,1,1,1.0
Galio,Vi,7,2,0.2857142857142857
Galio,Viego,5,2,0.4
Galio,Viktor,3,3,1.0
Galio,Vladimir,3,1,0.3333333333333333
Galio,Volibear,1,0,0.0
Galio,Warwick,2,1,0.5
Galio,Xayah,5,3,0.6
Galio,Xerath,5,1,0.2
Galio,XinZhao,11,4,0.36363636363636365
Galio,Yasuo,7,2,0.2857142857142857
Galio,Yone,5,1,0.2
Galio,Yorick,2,1,0.5
Galio,Yunara,14,7,0.5
Galio,Yuumi,1,0,0.0
Galio,Zaahen,2,1,0.5
Galio,Zed,1,0,0.0
Galio,Zeri,3,1,0.3333333333333333
Galio,Ziggs,1,1,1.0
Galio,Zilean,2,0,0.0
Galio,Zoe,6,3,0.5
Galio,Zyra,3,1,0.3333333333333333
Gangplank,Aatrox,4,3,0.75
Gangplank,Ahri,4,3,0.75
Gangplank,Akali,2,1,0.5
Gangplank,Alistar,4,0,0.0
Gangplank,Ambessa,7,4,0.5714285714285714
Gangplank,Amumu,2,1,0.5
Gangplank,Anivia,4,3,0.75
Gangplank,Annie,1,1,1.0
Gangplank,Aphelios,2,1,0.5
Gangplank,Ashe,4,2,0.5
Gangplank,AurelionSol,2,1,0.5
Gangplank,Aurora,11,4,0.36363636363636365
Gangplank,Azir,1,0,0.0
Gangplank,Bard,8,2,0.25
Gangplank,Belveth,2,0,0.0
Gangplank,Caitlyn,8,4,0.5
Gangplank,Camille,1,1,1.0
Gangplank,Corki,2,0,0.0
Gangplank,DrMundo,2,0,0.0
Gangplank,Ekko,3,3,1.0
Gangplank,Elise,5,2,0.4
Gangplank,Evelynn,1,1,1.0
Gangplank,Ezreal,10,6,0.6
Gangplank,FiddleSticks,2,0,0.0
Gangplank,Fizz,1,1,1.0
Gangplank,Galio,2,2,1.0
Gangplank,Garen,2,1,0.5
Gangplank,Gnar,9,6,0.6666666666666666
Gangplank,Graves,4,1,0.25
Gangplank,Gwen,4,0,0.0
Gangplank,Hecarim,2,2,1.0
Gangplank,Hwei,4,1,0.25
Gangplank,Irelia,2,0,0.0
Gangplank,Ivern,2,1,0.5
Gangplank,JarvanIV,3,2,0.6666666666666666
Gangplank,Jax,3,1,0.3333333333333333
Gangplank,Jayce,4,1,0.25
Gangplank,Jhin,6,1,0.16666666666666666
Gangplank,Jinx,1,1,1.0
Gangplank,KSante,3,1,0.3333333333333333
Gangplank,Kaisa,4,2,0.5
Gangplank,Kalista,1,0,0.0
Gangplank,Karma,5,2,0.4
Gangplank,Karthus,3,1,0.3333333333333333
Gangplank,Katarina,3,1,0.3333333333333333
Gangplank,Kayle,1,0,0.0
Gangplank,Kayn,2,1,0.5
Gangplank,Kennen,1,0,0.0
Gangplank,Kindred,1,0,0.0
Gangplank,Kled,3,0,0.0
Gangplank,Leblanc,1,0,0.0
Gangplank,LeeSin,8,4,0.5
Gangplank,Leona,3,1,0.3333333333333333
Gangplank,Lillia,1,1,1.0
Gangplank,Lucian,9,5,0.5555555555555556
Gangplank,Lulu,5,2,0.4
Gangplank,Lux,3,3,1.0
Gangplank,Malphite,2,2,1.0
Gangplank,Malzahar,1,1,1.0
Gangplank,Milio,3,1,0.3333333333333333
Gangplank,MissFortune,2,1,0.5
Gangplank,Mordekaiser,1,1,1.0
Gangplank,Morgana,1,0,0.0
Gangplank,Naafiri,3,0,0.0
Gangplank,Nami,7,3,0.42857142857142855
Gangplank,Nautilus,6,4,0.6666666666666666
Gangplank,Neeko,4,4,1.0
Gangplank,Nidalee,6,1,0.16666666666666666
Gangplank,Nilah,1,0,0.0
Gangplank,Nocturne,2,2,1.0
Gangplank,Nunu,4,2,0.5
Gangplank,Olaf,2,2,1.0
Gangplank,Orianna,4,1,0.25
Gangplank,Ornn,2,1,0.5
Gangplank,Pantheon,4,1,0.25
Gangplank,Poppy,4,1,0.25
Gangplank,Pyke,1,0,0.0
Gangplank,Qiyana,3,1,0.3333333333333333
Gangplank,Quinn,2,0,0.0
Gangplank,Rakan,1,1,1.0
Gangplank,Rammus,2,1,0.5
Gangplank,RekSai,1,0,0.0
Gangplank,Rell,1,0,0.0
Gangplank,Renekton,4,2,0.5
Gangplank,Rengar,1,1,1.0
Gangplank,Riven,3,2,0.6666666666666666
Gangplank,Rumble,4,0,0.0
Gangplank,Ryze,4,1,0.25
Gangplank,Senna,4,2,0.5
Gangplank,Seraphine,5,3,0.6
Gangplank,Sett,2,1,0.5
Gangplank,Shaco,1,1,1.0
Gangplank,Shen,1,0,0.0
Gangplank,Shyvana,1,1,1.0
Gangplank,Singed,2,2,1.0
Gangplank,Sion,3,0,0.0
Gangplank,Sivir,4,1,0.25
Gangplank,Skarner,3,2,0.6666666666666666
Gangplank,Sona,2,1,0.5
Gangplank,Soraka,1,0,0.0
Gangplank,Swain,1,0,0.0
Gangplank,Sylas,5,1,0.2
Gangplank,Syndra,3,2,0.6666666666666666
Gangplank,Taliyah,2,1,0.5
Gangplank,Talon,2,0,0.0
Gangplank,Taric,2,1,0.5
Gangplank,Teemo,4,2,0.5
Gangplank,Thresh,3,1,0.3333333333333333
Gangplank,Tristana,3,0,0.0
Gangplank,Trundle,1,1,1.0
Gangplank,Tryndamere,1,1,1.0
Gangplank,TwistedFate,4,2,0.5
Gangplank,Twitch,1,0,0.0
Gangplank,Udyr,1,0,0.0
Gangplank,Varus,6,3,0.5
Gangplank,Vayne,4,4,1.0
Gangplank,Veigar,1,1,1.0
Gangplank,Vex,1,1,1.0
Gangplank,Vi,3,1,0.3333333333333333
Gangplank,Viego,2,1,0.5
Gangplank,Viktor,4,1,0.25
Gangplank,Vladimir,2,1,0.5
Gangplank,Volibear,2,1,0.5
Gangplank,XinZhao,5,2,0.4
Gangplank,Yasuo,2,2,1.0
Gangplank,Yone,2,1,0.5
Gangplank,Yorick,1,0,0.0
Gangplank,Yunara,6,3,0.5
Gangplank,Yuumi,1,1,1.0
Gangplank,Zaahen,2,1,0.5
Gangplank,Zed,1,1,1.0
Gangplank,Zilean,2,2,1.0
Gangplank,Zoe,2,2,1.0
Garen,Aatrox,4,1,0.25
Garen,Ahri,4,1,0.25
Garen,Akali,3,2,0.6666666666666666
Garen,Akshan,3,1,0.3333333333333333
Garen,Alistar,1,0,0.0
Garen,Ambessa,8,4,0.5
Garen,Anivia,7,2,0.2857142857142857
Garen,Annie,4,2,0.5
Garen,Aphelios,1,1,1.0
Garen,Ashe,5,2,0.4
Garen,AurelionSol,1,1,1.0
Garen,Aurora,4,2,0.5
Garen,Azir,2,1,0.5
Garen,Bard,4,2,0.5
Garen,Belveth,2,0,0.0
Garen,Braum,3,3,1.0
Garen,Caitlyn,5,2,0.4
Garen,Camille,2,2,1.0
Garen,Chogath,1,1,1.0
Garen,Corki,5,4,0.8
Garen,Darius,1,1,1.0
Garen,Diana,1,0,0.0
Garen,Ekko,3,2,0.6666666666666666
Garen,Elise,1,0,0.0
Garen,Evelynn,1,1,1.0
Garen,Ezreal,19,10,0.5263157894736842
Garen,FiddleSticks,1,0,0.0
Garen,Fizz,1,1,1.0
Garen,Galio,6,4,0.6666666666666666
Garen,Gangplank,2,1,0.5
Garen,Gnar,2,1,0.5
Garen,Graves,2,2,1.0
Garen,Hecarim,1,1,1.0
Garen,Ivern,1,0,0.0
Garen,Janna,1,0,0.0
Garen,JarvanIV,2,1,0.5
Garen,Jax,5,3,0.6
Garen,Jayce,7,4,0.5714285714285714
Garen,Jhin,2,1,0.5
Garen,Jinx,3,1,0.3333333333333333
Garen,KSante,5,3,0.6
Garen,Kaisa,9,5,0.5555555555555556
Garen,Kalista,3,3,1.0
Garen,Karma,10,9,0.9
Garen,Karthus,2,2,1.0
Garen,Kassadin,1,0,0.0
Garen,Katarina,5,3,0.6
Garen,Kayle,5,1,0.2
Garen,Kennen,1,1,1.0
Garen,Khazix,1,0,0.0
Garen,Kindred,1,1,1.0
Garen,KogMaw,1,1,1.0
Garen,Leblanc,5,4,0.8
Garen,LeeSin,7,4,0.5714285714285714
Garen,Leona,4,2,0.5
Garen,Lillia,1,0,0.0
Garen,Lissandra,2,2,1.0
Garen,Lucian,4,2,0.5
Garen,Lulu,3,1,0.3333333333333333
Garen,Lux,2,1,0.5
Garen,Malphite,1,1,1.0
Garen,Malzahar,2,1,0.5
Garen,MasterYi,1,0,0.0
Garen,Mel,2,1,0.5
Garen,Milio,2,1,0.5
Garen,MissFortune,1,0,0.0
Garen,Mordekaiser,1,0,0.0
Garen,Naafiri,6,4,0.6666666666666666
Garen,Nami,6,4,0.6666666666666666
Garen,Nautilus,5,2,0.4
Garen,Neeko,6,3,0.5
Garen,Nocturne,6,4,0.6666666666666666
Garen,Nunu,2,2,1.0
Garen,Olaf,2,0,0.0
Garen,Orianna,5,2,0.4
Garen,Ornn,3,1,0.3333333333333333
Garen,Pantheon,7,4,0.5714285714285714
Garen,Poppy,5,2,0.4
Garen,Pyke,5,1,0.2
Garen,Qiyana,5,2,0.4
Garen,Quinn,4,3,0.75
Garen,Rakan,2,1,0.5
Garen,RekSai,1,1,1.0
Garen,Rell,2,1,0.5
Garen,Renata,1,1,1.0
Garen,Renekton,1,1,1.0
Garen,Rengar,1,1,1.0
Garen,Riven,5,2,0.4
Garen,Rumble,3,1,0.3333333333333333
Garen,Ryze,3,1,0.3333333333333333
Garen,Sejuani,1,0,0.0
Garen,Senna,3,3,1.0
Garen,Seraphine,1,0,0.0
Garen,Shaco,2,1,0.5
Garen,Shen,3,1,0.3333333333333333
Garen,Shyvana,1,1,1.0
Garen,Singed,2,2,1.0
Garen,Sion,2,2,1.0
Garen,Sivir,2,2,1.0
Garen,Skarner,2,1,0.5
Garen,Smolder,1,0,0.0
Garen,Sona,1,0,0.0
Garen,Soraka,1,0,0.0
Garen,Swain,3,0,0.0
Garen,Sylas,2,1,0.5
Garen,Syndra,2,2,1.0
Garen,TahmKench,1,1,1.0
Garen,Taliyah,4,3,0.75
Garen,Talon,1,1,1.0
Garen,Taric,1,1,1.0
Garen,Thresh,3,0,0.0
Garen,Tryndamere,1,1,1.0
Garen,TwistedFate,1,0,0.0
Garen,Urgot,1,1,1.0
Garen,Varus,3,1,0.3333333333333333
Garen,Vayne,11,4,0.36363636363636365
Garen,Veigar,1,1,1.0
Garen,Velkoz,1,0,0.0
Garen,Viego,3,1,0.3333333333333333
Garen,Viktor,3,2,0.6666666666666666
Garen,Vladimir,2,1,0.5
Garen,Volibear,1,0,0.0
Garen,Xerath,1,0,0.0
Garen,XinZhao,4,1,0.25
Garen,Yasuo,7,2,0.2857142857142857
Garen,Yone,1,0,0.0
Garen,Yorick,1,1,1.0
Garen,Yunara,4,2,0.5
Garen,Yuumi,1,1,1.0
Garen,Zaahen,7,3,0.42857142857142855
Garen,Zed,2,0,0.0
Garen,Zyra,1,0,0.0
Gnar,Aatrox,18,7,0.3888888888888889
Gnar,Ahri,11,4,0.36363636363636365
Gnar,Akali,21,9,0.42857142857142855
Gnar,Akshan,3,1,0.3333333333333333
Gnar,Alistar,10,1,0.1
Gnar,Ambessa,32,14,0.4375
Gnar,Anivia,39,21,0.5384615384615384
Gnar,Annie,12,2,0.16666666666666666
Gnar,Aphelios,4,2,0.5
Gnar,Ashe,21,8,0.38095238095238093
Gnar,AurelionSol,5,1,0.2
Gnar,Aurora,24,11,0.4583333333333333
Gnar,Azir,7,2,0.2857142857142857
Gnar,Bard,34,11,0.3235294117647059
Gnar,Belveth,2,0,0.0
Gnar,Blitzcrank,1,0,0.0
Gnar,Brand,3,1,0.3333333333333333
Gnar,Braum,5,4,0.8
Gnar,Briar,2,2,1.0
Gnar,Caitlyn,17,8,0.47058823529411764
Gnar,Camille,10,5,0.5
Gnar,Cassiopeia,6,2,0.3333333333333333
Gnar,Chogath,2,1,0.5
Gnar,Corki,16,6,0.375
Gnar,Darius,3,1,0.3333333333333333
Gnar,Diana,5,2,0.4
Gnar,DrMundo,6,3,0.5
Gnar,Draven,2,1,0.5
Gnar,Ekko,8,2,0.25
Gnar,Elise,4,3,0.75
Gnar,Evelynn,6,5,0.8333333333333334
Gnar,Ezreal,40,14,0.35
Gnar,FiddleSticks,3,2,0.6666666666666666
Gnar,Fiora,10,5,0.5
Gnar,Fizz,3,2,0.6666666666666666
Gnar,Galio,6,2,0.3333333333333333
Gnar,Gangplank,9,3,0.3333333333333333
Gnar,Garen,2,1,0.5
Gnar,Gragas,4,1,0.25
Gnar,Graves,4,2,0.5
Gnar,Gwen,2,0,0.0
Gnar,Hecarim,7,3,0.42857142857142855
Gnar,Hwei,12,9,0.75
Gnar,Irelia,5,3,0.6
Gnar,Ivern,3,2,0.6666666666666666
Gnar,JarvanIV,28,12,0.42857142857142855
Gnar,Jax,14,7,0.5
Gnar,Jayce,26,11,0.4230769230769231
Gnar,Jhin,15,8,0.5333333333333333
Gnar,Jinx,6,6,1.0
Gnar,KSante,15,6,0.4
Gnar,Kaisa,12,2,0.16666666666666666
Gnar,Kalista,3,2,0.6666666666666666
Gnar,Karma,23,11,0.4782608695652174
Gnar,Karthus,5,0,0.0
Gnar,Kassadin,1,0,0.0
Gnar,Katarina,3,1,0.3333333333333333
Gnar,Kayle,1,1,1.0
Gnar,Kayn,2,1,0.5
Gnar,Kennen,4,2,0.5
Gnar,Khazix,5,3,0.6
Gnar,Kindred,8,4,0.5
Gnar,Kled,3,1,0.3333333333333333
Gnar,KogMaw,1,1,1.0
Gnar,Leblanc,8,3,0.375
Gnar,LeeSin,33,14,0.42424242424242425
Gnar,Leona,3,1,0.3333333333333333
Gnar,Lillia,2,1,0.5
Gnar,Lissandra,8,5,0.625
Gnar,Lucian,21,12,0.5714285714285714
Gnar,Lulu,14,8,0.5714285714285714
Gnar,Lux,6,6,1.0
Gnar,Malphite,6,3,0.5
Gnar,Malzahar,2,0,0.0
Gnar,MasterYi,1,1,1.0
Gnar,Mel,13,9,0.6923076923076923
Gnar,Milio,4,2,0.5
Gnar,MissFortune,2,1,0.5
Gnar,MonkeyKing,3,2,0.6666666666666666
Gnar,Morgana,2,1,0.5
Gnar,Naafiri,9,4,0.4444444444444444
Gnar,Nami,15,7,0.4666666666666667
Gnar,Nasus,1,1,1.0
Gnar,Nautilus,22,9,0.4090909090909091
Gnar,Neeko,10,5,0.5
Gnar,Nidalee,1,0,0.0
Gnar,Nocturne,17,10,0.5882352941176471
Gnar,Nunu,2,1,0.5
Gnar,Olaf,4,1,0.25
Gnar,Orianna,18,9,0.5
Gnar,Ornn,5,1,0.2
Gnar,Pantheon,22,12,0.5454545454545454
Gnar,Poppy,6,3,0.5
Gnar,Pyke,14,4,0.2857142857142857
Gnar,Qiyana,8,6,0.75
Gnar,Quinn,2,1,0.5
Gnar,Rakan,9,5,0.5555555555555556
Gnar,Rammus,1,0,0.0
Gnar,RekSai,5,3,0.6
Gnar,Rell,6,3,0.5
Gnar,Renekton,12,5,0.4166666666666667
Gnar,Rengar,5,1,0.2
Gnar,Riven,8,6,0.75
Gnar,Rumble,9,4,0.4444444444444444
Gnar,Ryze,17,8,0.47058823529411764
Gnar,Senna,13,5,0.38461538461538464
Gnar,Seraphine,11,4,0.36363636363636365
Gnar,Sett,3,0,0.0
Gnar,Shaco,3,0,0.0
Gnar,Shen,9,4,0.4444444444444444
Gnar,Shyvana,1,1,1.0
Gnar,Singed,8,4,0.5
Gnar,Sion,21,8,0.38095238095238093
Gnar,Sivir,10,4,0.4
Gnar,Skarner,8,1,0.125
Gnar,Smolder,4,3,0.75
Gnar,Sona,9,3,0.3333333333333333
Gnar,Soraka,4,3,0.75
Gnar,Swain,5,4,0.8
Gnar,Sylas,32,13,0.40625
Gnar,Syndra,5,3,0.6
Gnar,Taliyah,7,3,0.42857142857142855
Gnar,Talon,6,4,0.6666666666666666
Gnar,Taric,2,0,0.0
Gnar,Teemo,2,2,1.0
Gnar,Thresh,9,5,0.5555555555555556
Gnar,Tristana,6,4,0.6666666666666666
Gnar,Trundle,1,0,0.0
Gnar,TwistedFate,8,2,0.25
Gnar,Udyr,3,0,0.0
Gnar,Urgot,3,1,0.3333333333333333
Gnar,Varus,20,10,0.5
Gnar,Vayne,27,13,0.48148148148148145
Gnar,Veigar,2,1,0.5
Gnar,Velkoz,2,0,0.0
Gnar,Vex,2,0,0.0
Gnar,Vi,12,6,0.5
Gnar,Viego,7,6,0.8571428571428571
Gnar,Viktor,4,2,0.5
Gnar,Vladimir,4,4,1.0
Gnar,Xayah,3,1,0.3333333333333333
Gnar,Xerath,9,3,0.3333333333333333
Gnar,XinZhao,8,2,0.25
Gnar,Yasuo,9,6,0.6666666666666666
Gnar,Yone,12,4,0.3333333333333333
Gnar,Yorick,1,1,1.0
Gnar,Yunara,19,7,0.3684210526315789
Gnar,Yuumi,5,3,0.6
Gnar,Zaahen,9,3,0.3333333333333333
Gnar,Zac,3,2,0.6666666666666666
Gnar,Zed,4,2,0.5
Gnar,Zeri,2,2,1.0
Gnar,Ziggs,7,4,0.5714285714285714
Gnar,Zilean,6,1,0.16666666666666666
Gnar,Zoe,7,3,0.42857142857142855
Gnar,Zyra,3,2,0.6666666666666666
Gragas,Aatrox,4,1,0.25
Gragas,Ahri,8,3,0.375
Gragas,Akali,3,1,0.3333333333333333
Gragas,Akshan,3,1,0.3333333333333333
Gragas,Alistar,3,2,0.6666666666666666
Gragas,Ambessa,9,0,0.0
Gragas,Anivia,11,3,0.2727272727272727
Gragas,Ashe,4,1,0.25
Gragas,Aurora,4,2,0.5
Gragas,Bard,6,3,0.5
Gragas,Belveth,1,1,1.0
Gragas,Blitzcrank,1,1,1.0
Gragas,Brand,1,1,1.0
Gragas,Braum,2,0,0.0
Gragas,Caitlyn,5,3,0.6
Gragas,Camille,1,0,0.0
Gragas,Cassiopeia,3,2,0.6666666666666666
Gragas,Chogath,1,1,1.0
Gragas,Corki,5,2,0.4
Gragas,DrMundo,1,1,1.0
Gragas,Draven,1,0,0.0
Gragas,Ekko,4,1,0.25
Gragas,Elise,2,0,0.0
Gragas,Evelynn,1,1,1.0
Gragas,Ezreal,12,7,0.5833333333333334
Gragas,FiddleSticks,1,1,1.0
Gragas,Fizz,1,1,1.0
Gragas,Gnar,4,3,0.75
Gragas,Graves,5,2,0.4
Gragas,Gwen,3,1,0.3333333333333333
Gragas,Hecarim,2,1,0.5
Gragas,Heimerdinger,1,0,0.0
Gragas,Irelia,2,1,0.5
Gragas,Ivern,1,1,1.0
Gragas,JarvanIV,5,3,0.6
Gragas,Jax,2,0,0.0
Gragas,Jayce,9,7,0.7777777777777778
Gragas,Jhin,3,1,0.3333333333333333
Gragas,Jinx,2,1,0.5
Gragas,KSante,2,1,0.5
Gragas,Kaisa,5,3,0.6
Gragas,Kalista,1,1,1.0
Gragas,Karma,3,1,0.3333333333333333
Gragas,Katarina,3,1,0.3333333333333333
Gragas,Kayle,1,1,1.0
Gragas,Kayn,1,1,1.0
Gragas,Khazix,2,2,1.0
Gragas,Kindred,2,1,0.5
Gragas,KogMaw,1,1,1.0
Gragas,Leblanc,3,2,0.6666666666666666
Gragas,LeeSin,5,1,0.2
Gragas,Leona,3,3,1.0
Gragas,Lissandra,4,2,0.5
Gragas,Lucian,3,1,0.3333333333333333
Gragas,Lulu,2,1,0.5
Gragas,Lux,3,2,0.6666666666666666
Gragas,Malphite,2,0,0.0
Gragas,Malzahar,1,0,0.0
Gragas,MasterYi,1,0,0.0
Gragas,Mel,4,0,0.0
Gragas,Milio,1,1,1.0
Gragas,MissFortune,1,1,1.0
Gragas,MonkeyKing,1,0,0.0
Gragas,Naafiri,3,1,0.3333333333333333
Gragas,Nami,6,1,0.16666666666666666
Gragas,Nautilus,7,2,0.2857142857142857
Gragas,Neeko,1,1,1.0
Gragas,Nidalee,2,0,0.0
Gragas,Nocturne,2,2,1.0
Gragas,Nunu,1,0,0.0
Gragas,Orianna,4,3,0.75
Gragas,Ornn,2,2,1.0
Gragas,Pantheon,9,7,0.7777777777777778
Gragas,Poppy,4,1,0.25
Gragas,Pyke,4,3,0.75
Gragas,Qiyana,3,2,0.6666666666666666
Gragas,Quinn,2,0,0.0
Gragas,Rakan,3,2,0.6666666666666666
Gragas,RekSai,1,0,0.0
Gragas,Rell,3,2,0.6666666666666666
Gragas,Renata,1,1,1.0
Gragas,Renekton,2,1,0.5
Gragas,Rengar,2,0,0.0
Gragas,Rumble,3,1,0.3333333333333333
Gragas,Ryze,4,1,0.25
Gragas,Samira,1,0,0.0
Gragas,Senna,4,0,0.0
Gragas,Seraphine,3,0,0.0
Gragas,Shen,2,0,0.0
Gragas,Singed,1,0,0.0
Gragas,Sion,2,0,0.0
Gragas,Sivir,1,1,1.0
Gragas,Skarner,2,2,1.0
Gragas,Smolder,1,0,0.0
Gragas,Sona,1,1,1.0
Gragas,Soraka,1,0,0.0
Gragas,Sylas,5,1,0.2
Gragas,Syndra,2,1,0.5
Gragas,Taliyah,1,1,1.0
Gragas,Talon,1,1,1.0
Gragas,Taric,1,1,1.0
Gragas,Thresh,1,0,0.0
Gragas,TwistedFate,1,1,1.0
Gragas,Udyr,1,1,1.0
Gragas,Varus,1,0,0.0
Gragas,Vayne,3,1,0.3333333333333333
Gragas,Veigar,1,0,0.0
Gragas,Velkoz,2,2,1.0
Gragas,Vex,2,1,0.5
Gragas,Vi,4,1,0.25
Gragas,Viego,4,3,0.75
Gragas,Viktor,1,1,1.0
Gragas,Xerath,2,1,0.5
Gragas,XinZhao,2,1,0.5
Gragas,Yasuo,1,0,0.0
Gragas,Yone,4,4,1.0
Gragas,Yorick,1,1,1.0
Gragas,Yunara,3,1,0.3333333333333333
Gragas,Zaahen,6,2,0.3333333333333333
Gragas,Zac,2,0,0.0
Gragas,Zed,2,1,0.5
Gragas,Ziggs,2,1,0.5
Gragas,Zoe,2,1,0.5
Gragas,Zyra,2,1,0.5
Graves,Aatrox,12,8,0.6666666666666666
Graves,Ahri,12,10,0.8333333333333334
Graves,Akali,10,3,0.3
Graves,Akshan,5,3,0.6
Graves,Alistar,8,4,0.5
Graves,Ambessa,28,16,0.5714285714285714
Graves,Amumu,1,1,1.0
Graves,Anivia,28,17,0.6071428571428571
Graves,Annie,6,4,0.6666666666666666
Graves,Aphelios,1,1,1.0
Graves,Ashe,17,10,0.5882352941176471
Graves,AurelionSol,6,5,0.8333333333333334
Graves,Aurora,17,10,0.5882352941176471
Graves,Azir,3,3,1.0
Graves,Bard,23,10,0.43478260869565216
Graves,Belveth,2,1,0.5
Graves,Blitzcrank,4,1,0.25
Graves,Brand,3,2,0.6666666666666666
Graves,Braum,5,2,0.4
Graves,Briar,1,0,0.0
Graves,Caitlyn,14,7,0.5
Graves,Camille,2,2,1.0
Graves,Cassiopeia,3,1,0.3333333333333333
Graves,Chogath,4,2,0.5
Graves,Corki,11,8,0.7272727272727273
Graves,Darius,2,1,0.5
Graves,Diana,6,2,0.3333333333333333
Graves,DrMundo,4,2,0.5
Graves,Draven,3,1,0.3333333333333333
Graves,Ekko,6,2,0.3333333333333333
Graves,Elise,4,1,0.25
Graves,Ezreal,21,11,0.5238095238095238
Graves,FiddleSticks,5,2,0.4
Graves,Fiora,3,2,0.6666666666666666
Graves,Fizz,3,1,0.3333333333333333
Graves,Galio,6,4,0.6666666666666666
Graves,Gangplank,4,3,0.75
Graves,Garen,2,0,0.0
Graves,Gnar,4,2,0.5
Graves,Gragas,5,3,0.6
Graves,Gwen,2,1,0.5
Graves,Hecarim,7,4,0.5714285714285714
Graves,Heimerdinger,2,0,0.0
Graves,Hwei,7,3,0.42857142857142855
Graves,Illaoi,2,1,0.5
Graves,Irelia,7,4,0.5714285714285714
Graves,Ivern,1,0,0.0
Graves,Janna,6,1,0.16666666666666666
Graves,JarvanIV,19,12,0.631578947368421
Graves,Jax,5,3,0.6
Graves,Jayce,26,12,0.46153846153846156
Graves,Jhin,24,10,0.4166666666666667
Graves,Jinx,6,3,0.5
Graves,KSante,4,1,0.25
Graves,Kaisa,12,7,0.5833333333333334
Graves,Kalista,8,5,0.625
Graves,Karma,13,9,0.6923076923076923
Graves,Karthus,12,7,0.5833333333333334
Graves,Kassadin,2,0,0.0
Graves,Katarina,3,0,0.0
Graves,Kayle,4,2,0.5
Graves,Kayn,8,2,0.25
Graves,Kennen,3,2,0.6666666666666666
Graves,Khazix,2,0,0.0
Graves,Kindred,9,6,0.6666666666666666
Graves,Kled,3,1,0.3333333333333333
Graves,KogMaw,1,1,1.0
Graves,Leblanc,11,3,0.2727272727272727
Graves,LeeSin,21,8,0.38095238095238093
Graves,Leona,9,6,0.6666666666666666
Graves,Lillia,2,2,1.0
Graves,Lissandra,4,2,0.5
Graves,Lucian,14,7,0.5
Graves,Lulu,12,7,0.5833333333333334
Graves,Lux,5,2,0.4
Graves,Malphite,6,3,0.5
Graves,Maokai,3,1,0.3333333333333333
Graves,MasterYi,2,1,0.5
Graves,Mel,13,10,0.7692307692307693
Graves,Milio,2,1,0.5
Graves,MissFortune,3,3,1.0
Graves,MonkeyKing,1,0,0.0
Graves,Morgana,2,0,0.0
Graves,Naafiri,13,7,0.5384615384615384
Graves,Nami,15,7,0.4666666666666667
Graves,Nasus,1,0,0.0
Graves,Nautilus,19,8,0.42105263157894735
Graves,Neeko,8,5,0.625
Graves,Nidalee,11,6,0.5454545454545454
Graves,Nocturne,11,5,0.45454545454545453
Graves,Nunu,2,0,0.0
Graves,Olaf,2,2,1.0
Graves,Orianna,18,10,0.5555555555555556
Graves,Ornn,6,2,0.3333333333333333
Graves,Pantheon,16,5,0.3125
Graves,Poppy,2,1,0.5
Graves,Pyke,14,7,0.5
Graves,Qiyana,6,2,0.3333333333333333
Graves,Quinn,2,2,1.0
Graves,Rakan,13,9,0.6923076923076923
Graves,RekSai,4,0,0.0
Graves,Rell,8,6,0.75
Graves,Renekton,5,3,0.6
Graves,Rengar,7,2,0.2857142857142857
Graves,Riven,7,2,0.2857142857142857
Graves,Rumble,9,7,0.7777777777777778
Graves,Ryze,21,11,0.5238095238095238
Graves,Sejuani,1,1,1.0
Graves,Senna,10,4,0.4
Graves,Seraphine,6,3,0.5
Graves,Sett,2,2,1.0
Graves,Shaco,3,1,0.3333333333333333
Graves,Shen,4,1,0.25
Graves,Shyvana,2,1,0.5
Graves,Singed,3,2,0.6666666666666666
Graves,Sion,16,12,0.75
Graves,Sivir,6,2,0.3333333333333333
Graves,Skarner,4,1,0.25
Graves,Smolder,4,2,0.5
Graves,Sona,6,3,0.5
Graves,Soraka,5,4,0.8
Graves,Swain,6,3,0.5
Graves,Sylas,15,4,0.26666666666666666
Graves,Syndra,5,1,0.2
Graves,TahmKench,1,0,0.0
Graves,Taliyah,2,2,1.0
Graves,Talon,9,7,0.7777777777777778
Graves,Taric,1,1,1.0
Graves,Teemo,3,2,0.6666666666666666
Graves,Thresh,5,3,0.6
Graves,Tristana,4,4,1.0
Graves,Tryndamere,1,1,1.0
Graves,TwistedFate,5,1,0.2
Graves,Twitch,2,2,1.0
Graves,Udyr,1,1,1.0
Graves,Urgot,2,2,1.0
Graves,Varus,9,4,0.4444444444444444
Graves,Vayne,16,9,0.5625
Graves,Veigar,4,4,1.0
Graves,Velkoz,1,1,1.0
Graves,Vex,6,3,0.5
Graves,Vi,10,5,0.5
Graves,Viego,11,9,0.8181818181818182
Graves,Viktor,9,8,0.8888888888888888
Graves,Vladimir,11,4,0.36363636363636365
Graves,Volibear,3,2,0.6666666666666666
Graves,Warwick,1,1,1.0
Graves,Xerath,4,2,0.5
Graves,XinZhao,7,6,0.8571428571428571
Graves,Yasuo,13,4,0.3076923076923077
Graves,Yone,10,4,0.4
Graves,Yorick,6,3,0.5
Graves,Yunara,24,12,0.5
Graves,Yuumi,1,0,0.0
Graves,Zaahen,6,3,0.5
Graves,Zed,4,3,0.75
Graves,Zeri,1,1,1.0
Graves,Ziggs,4,3,0.75
Graves,Zilean,2,0,0.0
Graves,Zoe,6,2,0.3333333333333333
Graves,Zyra,5,4,0.8
Gwen,Aatrox,4,1,0.25
Gwen,Ahri,4,2,0.5
Gwen,Akali,5,4,0.8
Gwen,Alistar,1,1,1.0
Gwen,Ambessa,10,5,0.5
Gwen,Anivia,7,4,0.5714285714285714
Gwen,Annie,2,1,0.5
Gwen,Aphelios,1,1,1.0
Gwen,Ashe,3,3,1.0
Gwen,AurelionSol,2,0,0.0
Gwen,Aurora,5,5,1.0
Gwen,Azir,2,2,1.0
Gwen,Bard,4,2,0.5
Gwen,Blitzcrank,2,2,1.0
Gwen,Braum,1,1,1.0
Gwen,Caitlyn,8,3,0.375
Gwen,Camille,2,2,1.0
Gwen,Cassiopeia,2,0,0.0
Gwen,Chogath,1,0,0.0
Gwen,Corki,5,3,0.6
Gwen,Darius,1,1,1.0
Gwen,DrMundo,3,2,0.6666666666666666
Gwen,Draven,1,0,0.0
Gwen,Ekko,4,1,0.25
Gwen,Elise,1,0,0.0
Gwen,Evelynn,2,1,0.5
Gwen,Ezreal,16,7,0.4375
Gwen,FiddleSticks,1,0,0.0
Gwen,Galio,1,1,1.0
Gwen,Gangplank,4,4,1.0
Gwen,Gnar,2,2,1.0
Gwen,Gragas,3,2,0.6666666666666666
Gwen,Graves,2,1,0.5
Gwen,Hecarim,1,0,0.0
Gwen,Heimerdinger,1,0,0.0
Gwen,Hwei,3,1,0.3333333333333333
Gwen,Illaoi,1,1,1.0
Gwen,Irelia,3,3,1.0
Gwen,Ivern,1,1,1.0
Gwen,Janna,4,3,0.75
Gwen,JarvanIV,10,7,0.7
Gwen,Jax,3,0,0.0
Gwen,Jayce,4,3,0.75
Gwen,Jhin,3,2,0.6666666666666666
Gwen,Jinx,1,1,1.0
Gwen,KSante,2,2,1.0
Gwen,Kaisa,4,3,0.75
Gwen,Kalista,1,1,1.0
Gwen,Karma,8,5,0.625
Gwen,Karthus,2,2,1.0
Gwen,Katarina,3,1,0.3333333333333333
Gwen,Kayn,1,1,1.0
Gwen,Kindred,1,1,1.0
Gwen,LeeSin,6,4,0.6666666666666666
Gwen,Leona,1,1,1.0
Gwen,Lillia,4,3,0.75
Gwen,Lissandra,2,1,0.5
Gwen,Lucian,4,3,0.75
Gwen,Lulu,2,1,0.5
Gwen,Lux,1,0,0.0
Gwen,Malphite,3,1,0.3333333333333333
Gwen,Malzahar,1,1,1.0
Gwen,MasterYi,2,2,1.0
Gwen,Mel,6,5,0.8333333333333334
Gwen,Milio,3,1,0.3333333333333333
Gwen,MonkeyKing,3,2,0.6666666666666666
Gwen,Morgana,1,0,0.0
Gwen,Naafiri,3,0,0.0
Gwen,Nami,4,2,0.5
Gwen,Nautilus,5,5,1.0
Gwen,Neeko,4,0,0.0
Gwen,Nocturne,2,2,1.0
Gwen,Nunu,3,3,1.0
Gwen,Olaf,1,1,1.0
Gwen,Orianna,5,3,0.6
Gwen,Ornn,4,3,0.75
Gwen,Pantheon,3,1,0.3333333333333333
Gwen,Pyke,4,1,0.25
Gwen,Qiyana,2,0,0.0
Gwen,Rakan,3,3,1.0
Gwen,RekSai,2,0,0.0
Gwen,Rell,2,1,0.5
Gwen,Renekton,3,2,0.6666666666666666
Gwen,Rengar,4,3,0.75
Gwen,Riven,1,1,1.0
Gwen,Rumble,2,2,1.0
Gwen,Ryze,5,2,0.4
Gwen,Senna,1,0,0.0
Gwen,Seraphine,3,3,1.0
Gwen,Shen,2,0,0.0
Gwen,Singed,1,1,1.0
Gwen,Sion,23,15,0.6521739130434783
Gwen,Sivir,2,0,0.0
Gwen,Skarner,2,2,1.0
Gwen,Smolder,1,0,0.0
Gwen,Sona,6,2,0.3333333333333333
Gwen,Soraka,1,0,0.0
Gwen,Swain,2,2,1.0
Gwen,Sylas,3,1,0.3333333333333333
Gwen,TahmKench,1,1,1.0
Gwen,Taliyah,5,3,0.6
Gwen,Talon,4,3,0.75
Gwen,Taric,1,1,1.0
Gwen,Teemo,2,2,1.0
Gwen,Tryndamere,1,0,0.0
Gwen,TwistedFate,4,3,0.75
Gwen,Varus,6,3,0.5
Gwen,Vayne,3,1,0.3333333333333333
Gwen,Velkoz,1,1,1.0
Gwen,Vex,1,1,1.0
Gwen,Vi,3,2,0.6666666666666666
Gwen,Viego,2,2,1.0
Gwen,Viktor,2,1,0.5
Gwen,Volibear,1,0,0.0
Gwen,Xerath,3,1,0.3333333333333333
Gwen,XinZhao,2,1,0.5
Gwen,Yasuo,3,1,0.3333333333333333
Gwen,Yone,2,2,1.0
Gwen,Yorick,2,1,0.5
Gwen,Yunara,8,5,0.625
Gwen,Yuumi,1,0,0.0
Gwen,Zaahen,4,1,0.25
Gwen,Zed,2,2,1.0
Gwen,Ziggs,2,2,1.0
Gwen,Zilean,2,2,1.0
Hecarim,Aatrox,2,0,0.0
Hecarim,Ahri,1,0,0.0
Hecarim,Akali,4,1,0.25
Hecarim,Akshan,2,2,1.0
Hecarim,Alistar,4,2,0.5
Hecarim,Ambessa,5,1,0.2
Hecarim,Anivia,8,5,0.625
Hecarim,Annie,5,3,0.6
Hecarim,Aphelios,2,2,1.0
Hecarim,Ashe,3,0,0.0
Hecarim,Aurora,4,2,0.5
Hecarim,Azir,1,1,1.0
Hecarim,Bard,8,5,0.625
Hecarim,Belveth,3,2,0.6666666666666666
Hecarim,Brand,2,0,0.0
Hecarim,Briar,1,1,1.0
Hecarim,Caitlyn,8,6,0.75
Hecarim,Camille,4,2,0.5
Hecarim,Cassiopeia,1,0,0.0
Hecarim,Corki,2,1,0.5
Hecarim,Darius,2,0,0.0
Hecarim,DrMundo,1,0,0.0
Hecarim,Draven,2,0,0.0
Hecarim,Ekko,4,3,0.75
Hecarim,Elise,3,1,0.3333333333333333
Hecarim,Evelynn,1,0,0.0
Hecarim,Ezreal,11,4,0.36363636363636365
Hecarim,Fizz,1,1,1.0
Hecarim,Galio,2,1,0.5
Hecarim,Gangplank,2,0,0.0
Hecarim,Garen,1,0,0.0
Hecarim,Gnar,7,4,0.5714285714285714
Hecarim,Gragas,2,1,0.5
Hecarim,Graves,7,3,0.42857142857142855
Hecarim,Gwen,1,1,1.0
Hecarim,Heimerdinger,1,1,1.0
Hecarim,Hwei,3,2,0.6666666666666666
Hecarim,Irelia,3,0,0.0
Hecarim,Ivern,2,2,1.0
Hecarim,Janna,1,1,1.0
Hecarim,JarvanIV,3,1,0.3333333333333333
Hecarim,Jax,1,1,1.0
Hecarim,Jayce,8,5,0.625
Hecarim,Jhin,3,1,0.3333333333333333
Hecarim,Jinx,1,1,1.0
Hecarim,KSante,1,1,1.0
Hecarim,Kaisa,3,1,0.3333333333333333
Hecarim,Kalista,1,0,0.0
Hecarim,Karma,9,5,0.5555555555555556
Hecarim,Karthus,2,0,0.0
Hecarim,Kassadin,2,2,1.0
Hecarim,Katarina,4,3,0.75
Hecarim,Kayle,2,1,0.5
Hecarim,Kayn,2,0,0.0
Hecarim,Khazix,3,2,0.6666666666666666
Hecarim,Kled,1,1,1.0
Hecarim,KogMaw,1,0,0.0
Hecarim,Leblanc,3,2,0.6666666666666666
Hecarim,LeeSin,6,3,0.5
Hecarim,Leona,4,2,0.5
Hecarim,Lillia,3,1,0.3333333333333333
Hecarim,Lissandra,1,1,1.0
Hecarim,Lucian,4,3,0.75
Hecarim,Lulu,7,4,0.5714285714285714
Hecarim,Lux,1,0,0.0
Hecarim,Malphite,3,1,0.3333333333333333
Hecarim,MasterYi,2,1,0.5
Hecarim,MissFortune,1,0,0.0
Hecarim,Mordekaiser,1,0,0.0
Hecarim,Morgana,1,1,1.0
Hecarim,Naafiri,6,3,0.5
Hecarim,Nami,4,3,0.75
Hecarim,Nasus,1,1,1.0
Hecarim,Nautilus,4,2,0.5
Hecarim,Neeko,2,0,0.0
Hecarim,Nidalee,3,2,0.6666666666666666
Hecarim,Nocturne,2,1,0.5
Hecarim,Nunu,1,0,0.0
Hecarim,Orianna,4,2,0.5
Hecarim,Pantheon,4,2,0.5
Hecarim,Poppy,1,0,0.0
Hecarim,Pyke,2,2,1.0
Hecarim,Qiyana,6,4,0.6666666666666666
Hecarim,Rakan,2,1,0.5
Hecarim,Rammus,1,0,0.0
Hecarim,RekSai,1,1,1.0
Hecarim,Renata,1,0,0.0
Hecarim,Renekton,2,1,0.5
Hecarim,Rengar,3,2,0.6666666666666666
Hecarim,Riven,4,2,0.5
Hecarim,Rumble,3,2,0.6666666666666666
Hecarim,Ryze,4,1,0.25
Hecarim,Senna,3,1,0.3333333333333333
Hecarim,Seraphine,8,2,0.25
Hecarim,Sett,1,0,0.0
Hecarim,Shaco,3,3,1.0
Hecarim,Shen,1,0,0.0
Hecarim,Singed,1,0,0.0
Hecarim,Sion,5,5,1.0
Hecarim,Sivir,1,1,1.0
Hecarim,Skarner,1,1,1.0
Hecarim,Smolder,5,2,0.4
Hecarim,Sona,2,1,0.5
Hecarim,Soraka,3,1,0.3333333333333333
Hecarim,Swain,2,0,0.0
Hecarim,Sylas,8,2,0.25
Hecarim,Syndra,4,1,0.25
Hecarim,Taliyah,3,2,0.6666666666666666
Hecarim,Talon,3,3,1.0
Hecarim,Taric,1,1,1.0
Hecarim,Teemo,4,1,0.25
Hecarim,Thresh,2,2,1.0
Hecarim,Tristana,1,1,1.0
Hecarim,Trundle,1,1,1.0
Hecarim,Tryndamere,1,0,0.0
Hecarim,TwistedFate,5,0,0.0
Hecarim,Udyr,2,1,0.5
Hecarim,Varus,5,4,0.8
Hecarim,Vayne,4,3,0.75
Hecarim,Velkoz,1,1,1.0
Hecarim,Vex,1,0,0.0
Hecarim,Vi,4,2,0.5
Hecarim,Viego,3,3,1.0
Hecarim,Viktor,2,1,0.5
Hecarim,Vladimir,5,3,0.6
Hecarim,Xayah,1,1,1.0
Hecarim,XinZhao,2,1,0.5
Hecarim,Yasuo,7,4,0.5714285714285714
Hecarim,Yone,4,1,0.25
Hecarim,Yorick,2,0,0.0
Hecarim,Yunara,6,3,0.5
Hecarim,Yuumi,2,1,0.5
Hecarim,Zaahen,2,2,1.0
Hecarim,Zac,1,1,1.0
Hecarim,Zed,5,2,0.4
Hecarim,Ziggs,2,1,0.5
Hecarim,Zilean,1,0,0.0
Hecarim,Zoe,1,1,1.0
Hecarim,Zyra,1,1,1.0
Heimerdinger,Alistar,2,0,0.0
Heimerdinger,Ambessa,1,1,1.0
Heimerdinger,Anivia,4,2,0.5
Heimerdinger,AurelionSol,1,1,1.0
Heimerdinger,Aurora,1,1,1.0
Heimerdinger,Bard,1,0,0.0
Heimerdinger,Belveth,3,2,0.6666666666666666
Heimerdinger,Blitzcrank,1,0,0.0
Heimerdinger,Briar,1,0,0.0
Heimerdinger,Caitlyn,2,1,0.5
Heimerdinger,Chogath,1,1,1.0
Heimerdinger,Corki,1,0,0.0
Heimerdinger,Darius,2,0,0.0
Heimerdinger,Draven,1,0,0.0
Heimerdinger,Elise,2,1,0.5
Heimerdinger,Ezreal,3,2,0.6666666666666666
Heimerdinger,FiddleSticks,1,1,1.0
Heimerdinger,Fizz,1,1,1.0
Heimerdinger,Gragas,1,1,1.0
Heimerdinger,Graves,2,2,1.0
Heimerdinger,Gwen,1,1,1.0
Heimerdinger,Hecarim,1,0,0.0
Heimerdinger,Irelia,1,1,1.0
Heimerdinger,JarvanIV,2,0,0.0
Heimerdinger,Jax,1,0,0.0
Heimerdinger,Jhin,4,4,1.0
Heimerdinger,Jinx,2,0,0.0
Heimerdinger,Kaisa,2,1,0.5
Heimerdinger,Karma,1,1,1.0
Heimerdinger,Kayn,3,1,0.3333333333333333
Heimerdinger,Kled,1,0,0.0
Heimerdinger,Leona,2,2,1.0
Heimerdinger,Lissandra,1,1,1.0
Heimerdinger,Lucian,1,0,0.0
Heimerdinger,MasterYi,1,1,1.0
Heimerdinger,Mel,3,3,1.0
Heimerdinger,Naafiri,2,1,0.5
Heimerdinger,Nami,1,1,1.0
Heimerdinger,Neeko,2,1,0.5
Heimerdinger,Nocturne,1,1,1.0
Heimerdinger,Orianna,1,1,1.0
Heimerdinger,Ornn,1,0,0.0
Heimerdinger,Pyke,2,1,0.5
Heimerdinger,Qiyana,1,1,1.0
Heimerdinger,Rakan,1,1,1.0
Heimerdinger,RekSai,2,2,1.0
Heimerdinger,Rengar,1,1,1.0
Heimerdinger,Ryze,2,2,1.0
Heimerdinger,Senna,4,3,0.75
Heimerdinger,Shen,1,1,1.0
Heimerdinger,Singed,1,1,1.0
Heimerdinger,Sion,2,2,1.0
Heimerdinger,Sivir,1,1,1.0
Heimerdinger,Sona,1,1,1.0
Heimerdinger,Sylas,1,0,0.0
Heimerdinger,Syndra,4,2,0.5
Heimerdinger,Taliyah,1,1,1.0
Heimerdinger,TwistedFate,1,1,1.0
Heimerdinger,Udyr,1,0,0.0
Heimerdinger,Vayne,2,2,1.0
Heimerdinger,Veigar,1,0,0.0
Heimerdinger,Vex,1,0,0.0
Heimerdinger,Viego,1,0,0.0
Heimerdinger,Viktor,2,0,0.0
Heimerdinger,Vladimir,1,0,0.0
Heimerdinger,Volibear,1,0,0.0
Heimerdinger,Xerath,2,2,1.0
Heimerdinger,XinZhao,1,1,1.0
Heimerdinger,Yasuo,1,0,0.0
Heimerdinger,Yone,1,1,1.0
Heimerdinger,Zoe,1,0,0.0
Heimerdinger,Zyra,1,0,0.0
Hwei,Aatrox,7,5,0.7142857142857143
Hwei,Ahri,15,5,0.3333333333333333
Hwei,Akali,11,7,0.6363636363636364
Hwei,Akshan,8,4,0.5
Hwei,Alistar,5,1,0.2
Hwei,Ambessa,20,10,0.5
Hwei,Anivia,25,8,0.32
Hwei,Annie,10,5,0.5
Hwei,Aphelios,2,1,0.5
Hwei,Ashe,6,3,0.5
Hwei,AurelionSol,4,1,0.25
Hwei,Aurora,11,5,0.45454545454545453
Hwei,Azir,3,2,0.6666666666666666
Hwei,Bard,24,13,0.5416666666666666
Hwei,Belveth,1,0,0.0
Hwei,Blitzcrank,1,1,1.0
Hwei,Braum,2,2,1.0
Hwei,Caitlyn,19,11,0.5789473684210527
Hwei,Camille,1,1,1.0
Hwei,Cassiopeia,12,4,0.3333333333333333
Hwei,Chogath,2,0,0.0
Hwei,Corki,3,2,0.6666666666666666
Hwei,Darius,3,3,1.0
Hwei,Diana,2,1,0.5
Hwei,Draven,5,4,0.8
Hwei,Ekko,7,3,0.42857142857142855
Hwei,Elise,4,2,0.5
Hwei,Ezreal,29,16,0.5517241379310345
Hwei,FiddleSticks,2,1,0.5
Hwei,Fiora,2,1,0.5
Hwei,Fizz,1,1,1.0
Hwei,Galio,2,2,1.0
Hwei,Gangplank,4,3,0.75
Hwei,Gnar,12,3,0.25
Hwei,Graves,7,4,0.5714285714285714
Hwei,Gwen,3,2,0.6666666666666666
Hwei,Hecarim,3,1,0.3333333333333333
Hwei,Illaoi,2,1,0.5
Hwei,Irelia,9,5,0.5555555555555556
Hwei,Ivern,2,2,1.0
Hwei,Janna,2,1,0.5
Hwei,JarvanIV,13,5,0.38461538461538464
Hwei,Jax,4,1,0.25
Hwei,Jayce,16,7,0.4375
Hwei,Jhin,14,10,0.7142857142857143
Hwei,Jinx,5,3,0.6
Hwei,KSante,4,1,0.25
Hwei,Kaisa,6,2,0.3333333333333333
Hwei,Kalista,4,2,0.5
Hwei,Karma,12,7,0.5833333333333334
Hwei,Karthus,6,3,0.5
Hwei,Kassadin,3,3,1.0
Hwei,Katarina,4,2,0.5
Hwei,Kayle,1,1,1.0
Hwei,Kayn,4,4,1.0
Hwei,Khazix,3,2,0.6666666666666666
Hwei,Kindred,3,0,0.0
Hwei,Kled,2,1,0.5
Hwei,KogMaw,3,1,0.3333333333333333
Hwei,Leblanc,8,3,0.375
Hwei,LeeSin,18,7,0.3888888888888889
Hwei,Leona,3,1,0.3333333333333333
Hwei,Lillia,2,0,0.0
Hwei,Lissandra,2,1,0.5
Hwei,Lucian,8,5,0.625
Hwei,Lulu,8,1,0.125
Hwei,Lux,3,2,0.6666666666666666
Hwei,Malphite,5,3,0.6
Hwei,Malzahar,1,1,1.0
Hwei,Maokai,2,1,0.5
Hwei,MasterYi,2,0,0.0
Hwei,Mel,9,4,0.4444444444444444
Hwei,Milio,2,1,0.5
Hwei,MissFortune,3,1,0.3333333333333333
Hwei,MonkeyKing,4,3,0.75
Hwei,Morgana,1,1,1.0
Hwei,Naafiri,8,4,0.5
Hwei,Nami,8,2,0.25
Hwei,Nasus,3,1,0.3333333333333333
Hwei,Nautilus,12,5,0.4166666666666667
Hwei,Neeko,10,7,0.7
Hwei,Nidalee,5,3,0.6
Hwei,Nocturne,9,5,0.5555555555555556
Hwei,Nunu,2,0,0.0
Hwei,Olaf,2,1,0.5
Hwei,Orianna,5,5,1.0
Hwei,Ornn,2,0,0.0
Hwei,Pantheon,10,5,0.5
Hwei,Poppy,8,3,0.375
Hwei,Pyke,11,7,0.6363636363636364
Hwei,Qiyana,13,5,0.38461538461538464
Hwei,Rakan,3,0,0.0
Hwei,RekSai,1,0,0.0
Hwei,Rell,3,1,0.3333333333333333
Hwei,Renata,1,0,0.0
Hwei,Renekton,4,3,0.75
Hwei,Rengar,4,2,0.5
Hwei,Riven,5,3,0.6
Hwei,Rumble,8,3,0.375
Hwei,Ryze,7,4,0.5714285714285714
Hwei,Samira,1,0,0.0
Hwei,Sejuani,4,3,0.75
Hwei,Senna,6,3,0.5
Hwei,Seraphine,7,4,0.5714285714285714
Hwei,Sett,1,0,0.0
Hwei,Shaco,1,1,1.0
Hwei,Shen,5,2,0.4
Hwei,Shyvana,3,1,0.3333333333333333
Hwei,Singed,6,4,0.6666666666666666
Hwei,Sion,7,4,0.5714285714285714
Hwei,Sivir,3,1,0.3333333333333333
Hwei,Skarner,3,1,0.3333333333333333
Hwei,Smolder,2,0,0.0
Hwei,Sona,7,3,0.42857142857142855
Hwei,Soraka,3,2,0.6666666666666666
Hwei,Swain,2,1,0.5
Hwei,Sylas,9,4,0.4444444444444444
Hwei,Syndra,5,3,0.6
Hwei,Taliyah,3,2,0.6666666666666666
Hwei,Talon,3,1,0.3333333333333333
Hwei,Teemo,4,0,0.0
Hwei,Thresh,5,3,0.6
Hwei,Tristana,2,0,0.0
Hwei,TwistedFate,2,1,0.5
Hwei,Twitch,2,1,0.5
Hwei,Udyr,6,4,0.6666666666666666
Hwei,Urgot,1,1,1.0
Hwei,Varus,10,7,0.7
Hwei,Vayne,10,7,0.7
Hwei,Veigar,4,0,0.0
Hwei,Vi,7,6,0.8571428571428571
Hwei,Viego,3,3,1.0
Hwei,Viktor,6,5,0.8333333333333334
Hwei,Vladimir,2,1,0.5
Hwei,Volibear,2,1,0.5
Hwei,Xayah,3,1,0.3333333333333333
Hwei,Xerath,6,4,0.6666666666666666
Hwei,XinZhao,5,2,0.4
Hwei,Yasuo,8,4,0.5
Hwei,Yone,7,3,0.42857142857142855
Hwei,Yorick,2,2,1.0
Hwei,Yunara,9,0,0.0
Hwei,Yuumi,2,2,1.0
Hwei,Zaahen,5,2,0.4
Hwei,Zac,2,1,0.5
Hwei,Zed,5,2,0.4
Hwei,Ziggs,3,1,0.3333333333333333
Hwei,Zilean,2,0,0.0
Hwei,Zoe,6,4,0.6666666666666666
Hwei,Zyra,3,1,0.3333333333333333
Illaoi,Ahri,1,0,0.0
Illaoi,Akali,2,0,0.0
Illaoi,Ambessa,2,0,0.0
Illaoi,Anivia,2,1,0.5
Illaoi,AurelionSol,1,1,1.0
Illaoi,Aurora,1,0,0.0
Illaoi,Azir,1,1,1.0
Illaoi,Bard,4,2,0.5
Illaoi,Belveth,1,1,1.0
Illaoi,Caitlyn,2,2,1.0
Illaoi,Ekko,1,1,1.0
Illaoi,Ezreal,2,2,1.0
Illaoi,Fizz,1,0,0.0
Illaoi,Galio,2,2,1.0
Illaoi,Graves,2,1,0.5
Illaoi,Gwen,1,0,0.0
Illaoi,Hwei,2,1,0.5
Illaoi,JarvanIV,1,1,1.0
Illaoi,Jax,1,1,1.0
Illaoi,Jhin,4,2,0.5
Illaoi,KSante,2,0,0.0
Illaoi,Kalista,1,0,0.0
Illaoi,Karma,3,2,0.6666666666666666
Illaoi,Kennen,1,0,0.0
Illaoi,Kindred,1,0,0.0
Illaoi,Leona,1,0,0.0
Illaoi,Malzahar,1,1,1.0
Illaoi,Naafiri,1,0,0.0
Illaoi,Nautilus,1,1,1.0
Illaoi,Neeko,1,0,0.0
Illaoi,Nocturne,2,1,0.5
Illaoi,Nunu,1,1,1.0
Illaoi,Orianna,2,1,0.5
Illaoi,RekSai,2,1,0.5
Illaoi,Renekton,1,0,0.0
Illaoi,Rumble,1,1,1.0
Illaoi,Sejuani,1,0,0.0
Illaoi,Senna,2,1,0.5
Illaoi,Shaco,1,0,0.0
Illaoi,Sion,1,1,1.0
Illaoi,Sivir,1,1,1.0
Illaoi,Smolder,2,1,0.5
Illaoi,Sona,3,1,0.3333333333333333
Illaoi,Sylas,1,1,1.0
Illaoi,Taric,1,0,0.0
Illaoi,Udyr,1,0,0.0
Illaoi,Varus,3,1,0.3333333333333333
Illaoi,Vayne,3,2,0.6666666666666666
Illaoi,Vi,1,1,1.0
Illaoi,Vladimir,1,0,0.0
Illaoi,XinZhao,1,0,0.0
Illaoi,Yasuo,1,0,0.0
Illaoi,Yone,1,0,0.0
Illaoi,Yunara,2,1,0.5
Illaoi,Zaahen,1,1,1.0
Illaoi,Zilean,1,0,0.0
Irelia,Aatrox,7,5,0.7142857142857143
Irelia,Ahri,14,9,0.6428571428571429
Irelia,Akali,9,1,0.1111111111111111
Irelia,Akshan,3,1,0.3333333333333333
Irelia,Alistar,2,2,1.0
Irelia,Ambessa,19,14,0.7368421052631579
Irelia,Anivia,26,13,0.5
Irelia,Annie,1,0,0.0
Irelia,Aphelios,2,2,1.0
Irelia,Ashe,18,8,0.4444444444444444
Irelia,AurelionSol,1,0,0.0
Irelia,Aurora,19,9,0.47368421052631576
Irelia,Azir,5,4,0.8
Irelia,Bard,14,9,0.6428571428571429
Irelia,Belveth,3,1,0.3333333333333333
Irelia,Blitzcrank,2,1,0.5
Irelia,Brand,3,0,0.0
Irelia,Braum,3,2,0.6666666666666666
Irelia,Briar,3,1,0.3333333333333333
Irelia,Caitlyn,11,7,0.6363636363636364
Irelia,Camille,2,2,1.0
Irelia,Cassiopeia,6,4,0.6666666666666666
Irelia,Corki,6,3,0.5
Irelia,Darius,4,2,0.5
Irelia,Diana,1,1,1.0
Irelia,DrMundo,3,2,0.6666666666666666
Irelia,Draven,1,0,0.0
Irelia,Ekko,7,5,0.7142857142857143
Irelia,Elise,5,3,0.6
Irelia,Evelynn,1,1,1.0
Irelia,Ezreal,23,10,0.43478260869565216
Irelia,FiddleSticks,2,1,0.5
Irelia,Fiora,5,4,0.8
Irelia,Fizz,3,2,0.6666666666666666
Irelia,Galio,5,3,0.6
Irelia,Gangplank,2,2,1.0
Irelia,Gnar,5,2,0.4
Irelia,Gragas,2,1,0.5
Irelia,Graves,7,3,0.42857142857142855
Irelia,Gwen,3,0,0.0
Irelia,Hecarim,3,3,1.0
Irelia,Heimerdinger,1,0,0.0
Irelia,Hwei,9,4,0.4444444444444444
Irelia,Ivern,2,1,0.5
Irelia,Janna,3,1,0.3333333333333333
Irelia,JarvanIV,14,5,0.35714285714285715
Irelia,Jax,9,3,0.3333333333333333
Irelia,Jayce,32,16,0.5
Irelia,Jhin,14,8,0.5714285714285714
Irelia,Jinx,4,3,0.75
Irelia,KSante,4,3,0.75
Irelia,Kaisa,8,4,0.5
Irelia,Kalista,4,3,0.75
Irelia,Karma,13,7,0.5384615384615384
Irelia,Karthus,4,2,0.5
Irelia,Kassadin,2,1,0.5
Irelia,Katarina,6,3,0.5
Irelia,Kayn,1,0,0.0
Irelia,Kennen,2,1,0.5
Irelia,Khazix,4,1,0.25
Irelia,Kindred,1,1,1.0
Irelia,KogMaw,1,0,0.0
Irelia,Leblanc,7,6,0.8571428571428571
Irelia,LeeSin,16,9,0.5625
Irelia,Leona,3,1,0.3333333333333333
Irelia,Lillia,3,1,0.3333333333333333
Irelia,Lissandra,2,1,0.5
Irelia,Lucian,5,2,0.4
Irelia,Lulu,8,2,0.25
Irelia,Lux,2,0,0.0
Irelia,Malphite,4,3,0.75
Irelia,Maokai,1,0,0.0
Irelia,MasterYi,4,2,0.5
Irelia,Mel,6,3,0.5
Irelia,Milio,2,2,1.0
Irelia,MissFortune,3,2,0.6666666666666666
Irelia,MonkeyKing,2,2,1.0
Irelia,Morgana,1,1,1.0
Irelia,Naafiri,12,4,0.3333333333333333
Irelia,Nami,5,1,0.2
Irelia,Nasus,1,0,0.0
Irelia,Nautilus,22,11,0.5
Irelia,Neeko,10,5,0.5
Irelia,Nidalee,5,2,0.4
Irelia,Nilah,2,0,0.0
Irelia,Nocturne,5,1,0.2
Irelia,Nunu,2,1,0.5
Irelia,Olaf,3,1,0.3333333333333333
Irelia,Orianna,4,1,0.25
Irelia,Ornn,2,0,0.0
Irelia,Pantheon,11,8,0.7272727272727273
Irelia,Poppy,2,0,0.0
Irelia,Pyke,8,4,0.5
Irelia,Qiyana,5,3,0.6
Irelia,Quinn,2,2,1.0
Irelia,Rakan,4,3,0.75
Irelia,Rammus,1,1,1.0
Irelia,RekSai,1,1,1.0
Irelia,Rell,3,2,0.6666666666666666
Irelia,Renata,1,1,1.0
Irelia,Renekton,10,3,0.3
Irelia,Rengar,5,4,0.8
Irelia,Riven,2,2,1.0
Irelia,Rumble,10,8,0.8
Irelia,Ryze,10,5,0.5
Irelia,Samira,1,1,1.0
Irelia,Sejuani,1,0,0.0
Irelia,Senna,7,6,0.8571428571428571
Irelia,Seraphine,15,5,0.3333333333333333
Irelia,Shaco,1,1,1.0
Irelia,Shen,1,1,1.0
Irelia,Singed,2,1,0.5
Irelia,Sion,4,1,0.25
Irelia,Sivir,4,0,0.0
Irelia,Skarner,1,0,0.0
Irelia,Smolder,2,1,0.5
Irelia,Sona,5,3,0.6
Irelia,Soraka,3,0,0.0
Irelia,Swain,5,1,0.2
Irelia,Sylas,11,7,0.6363636363636364
Irelia,Syndra,3,0,0.0
Irelia,Taliyah,7,5,0.7142857142857143
Irelia,Talon,4,2,0.5
Irelia,Taric,2,2,1.0
Irelia,Teemo,3,1,0.3333333333333333
Irelia,Thresh,6,3,0.5
Irelia,Tristana,2,2,1.0
Irelia,Trundle,1,0,0.0
Irelia,TwistedFate,5,2,0.4
Irelia,Twitch,1,1,1.0
Irelia,Udyr,2,1,0.5
Irelia,Urgot,1,1,1.0
Irelia,Varus,13,8,0.6153846153846154
Irelia,Vayne,7,2,0.2857142857142857
Irelia,Veigar,4,2,0.5
Irelia,Vex,3,2,0.6666666666666666
Irelia,Vi,2,2,1.0
Irelia,Viego,2,1,0.5
Irelia,Viktor,5,2,0.4
Irelia,Vladimir,4,2,0.5
Irelia,Warwick,2,0,0.0
Irelia,Xayah,1,1,1.0
Irelia,Xerath,7,1,0.14285714285714285
Irelia,XinZhao,6,2,0.3333333333333333
Irelia,Yasuo,13,5,0.38461538461538464
Irelia,Yone,4,2,0.5
Irelia,Yorick,3,1,0.3333333333333333
Irelia,Yunara,16,13,0.8125
Irelia,Yuumi,4,3,0.75
Irelia,Zaahen,7,2,0.2857142857142857
Irelia,Zed,4,3,0.75
Irelia,Zeri,1,1,1.0
Irelia,Ziggs,3,1,0.3333333333333333
Irelia,Zilean,2,1,0.5
Irelia,Zoe,3,1,0.3333333333333333
Irelia,Zyra,3,3,1.0
Ivern,Aatrox,3,1,0.3333333333333333
Ivern,Ahri,5,2,0.4
Ivern,Akali,1,0,0.0
Ivern,Akshan,2,1,0.5
Ivern,Alistar,2,0,0.0
Ivern,Ambessa,6,3,0.5
Ivern,Amumu,1,1,1.0
Ivern,Anivia,4,2,0.5
Ivern,Annie,2,0,0.0
Ivern,Ashe,3,2,0.6666666666666666
Ivern,Aurora,4,2,0.5
Ivern,Azir,1,1,1.0
Ivern,Bard,5,1,0.2
Ivern,Belveth,2,1,0.5
Ivern,Blitzcrank,1,0,0.0
Ivern,Brand,1,0,0.0
Ivern,Braum,1,1,1.0
Ivern,Caitlyn,6,2,0.3333333333333333
Ivern,Cassiopeia,1,0,0.0
Ivern,Corki,3,1,0.3333333333333333
Ivern,Darius,1,0,0.0
Ivern,DrMundo,1,1,1.0
Ivern,Draven,2,1,0.5
Ivern,Ezreal,4,0,0.0
Ivern,FiddleSticks,1,0,0.0
Ivern,Fiora,3,1,0.3333333333333333
Ivern,Fizz,1,1,1.0
Ivern,Galio,1,1,1.0
Ivern,Gangplank,2,1,0.5
Ivern,Garen,1,1,1.0
Ivern,Gnar,3,1,0.3333333333333333
Ivern,Gragas,1,0,0.0
Ivern,Graves,1,1,1.0
Ivern,Gwen,1,0,0.0
Ivern,Hecarim,2,0,0.0
Ivern,Hwei,2,0,0.0
Ivern,Irelia,2,1,0.5
Ivern,Janna,1,1,1.0
Ivern,JarvanIV,8,2,0.25
Ivern,Jax,1,1,1.0
Ivern,Jayce,8,3,0.375
Ivern,Jhin,5,1,0.2
Ivern,Jinx,2,1,0.5
Ivern,Kaisa,3,0,0.0
Ivern,Kalista,2,1,0.5
Ivern,Karma,6,2,0.3333333333333333
Ivern,Kassadin,1,0,0.0
Ivern,Katarina,1,1,1.0
Ivern,Khazix,2,1,0.5
Ivern,Kindred,1,0,0.0
Ivern,Kled,1,0,0.0
Ivern,Leblanc,3,0,0.0
Ivern,LeeSin,6,3,0.5
Ivern,Leona,3,2,0.6666666666666666
Ivern,Lucian,3,0,0.0
Ivern,Lulu,1,0,0.0
Ivern,Lux,2,1,0.5
Ivern,Malphite,2,1,0.5
Ivern,Mel,2,0,0.0
Ivern,Milio,2,1,0.5
Ivern,MissFortune,3,2,0.6666666666666666
Ivern,Naafiri,4,0,0.0
Ivern,Nami,5,2,0.4
Ivern,Nautilus,3,0,0.0
Ivern,Neeko,2,0,0.0
Ivern,Nidalee,1,0,0.0
Ivern,Nilah,1,0,0.0
Ivern,Nocturne,1,0,0.0
Ivern,Nunu,1,0,0.0
Ivern,Olaf,1,0,0.0
Ivern,Orianna,5,1,0.2
Ivern,Ornn,1,0,0.0
Ivern,Pantheon,1,1,1.0
Ivern,Pyke,3,3,1.0
Ivern,Qiyana,2,0,0.0
Ivern,Rakan,1,0,0.0
Ivern,RekSai,3,3,1.0
Ivern,Rell,6,2,0.3333333333333333
Ivern,Renekton,4,1,0.25
Ivern,Riven,1,0,0.0
Ivern,Rumble,2,1,0.5
Ivern,Ryze,5,4,0.8
Ivern,Senna,2,1,0.5
Ivern,Seraphine,2,1,0.5
Ivern,Shaco,1,0,0.0
Ivern,Shen,1,1,1.0
Ivern,Singed,1,1,1.0
Ivern,Sion,3,0,0.0
Ivern,Skarner,2,1,0.5
Ivern,Smolder,1,1,1.0
Ivern,Sona,2,0,0.0
Ivern,Soraka,2,0,0.0
Ivern,Swain,1,0,0.0
Ivern,Sylas,2,1,0.5
Ivern,Syndra,1,1,1.0
Ivern,Taliyah,3,2,0.6666666666666666
Ivern,Talon,3,0,0.0
Ivern,Teemo,1,0,0.0
Ivern,Thresh,1,0,0.0
Ivern,Tristana,2,0,0.0
Ivern,TwistedFate,2,1,0.5
Ivern,Varus,6,2,0.3333333333333333
Ivern,Vayne,2,2,1.0
Ivern,Veigar,1,1,1.0
Ivern,Velkoz,1,0,0.0
Ivern,Vex,1,0,0.0
Ivern,Vi,1,0,0.0
Ivern,Viego,3,2,0.6666666666666666
Ivern,Viktor,1,0,0.0
Ivern,Vladimir,2,0,0.0
Ivern,XinZhao,2,1,0.5
Ivern,Yasuo,4,1,0.25
Ivern,Yone,2,1,0.5
Ivern,Yunara,5,1,0.2
Ivern,Zaahen,1,0,0.0
Ivern,Zac,1,0,0.0
Ivern,Zed,2,0,0.0
Ivern,Ziggs,1,0,0.0
Ivern,Zoe,1,0,0.0
Janna,Aatrox,3,2,0.6666666666666666
Janna,Ahri,5,4,0.8
Janna,Akali,4,2,0.5
Janna,Akshan,3,2,0.6666666666666666
Janna,Alistar,4,1,0.25
Janna,Ambessa,7,4,0.5714285714285714
Janna,Anivia,6,4,0.6666666666666666
Janna,Annie,3,2,0.6666666666666666
Janna,Aphelios,1,0,0.0
Janna,Ashe,3,1,0.3333333333333333
Janna,AurelionSol,2,1,0.5
Janna,Aurora,12,3,0.25
Janna,Bard,11,3,0.2727272727272727
Janna,Braum,1,0,0.0
Janna,Briar,2,2,1.0
Janna,Caitlyn,4,3,0.75
Janna,Camille,3,2,0.6666666666666666
Janna,Corki,4,0,0.0
Janna,Darius,1,1,1.0
Janna,DrMundo,3,0,0.0
Janna,Draven,1,1,1.0
Janna,Ekko,5,3,0.6
Janna,Elise,1,1,1.0
Janna,Ezreal,10,2,0.2
Janna,FiddleSticks,3,3,1.0
Janna,Fiora,2,1,0.5
Janna,Galio,1,0,0.0
Janna,Garen,1,1,1.0
Janna,Graves,6,5,0.8333333333333334
Janna,Gwen,4,1,0.25
Janna,Hecarim,1,0,0.0
Janna,Hwei,2,1,0.5
Janna,Irelia,3,2,0.6666666666666666
Janna,Ivern,1,0,0.0
Janna,JarvanIV,7,3,0.42857142857142855
Janna,Jax,2,0,0.0
Janna,Jayce,6,4,0.6666666666666666
Janna,Jhin,6,4,0.6666666666666666
Janna,KSante,1,0,0.0
Janna,Kaisa,5,2,0.4
Janna,Kalista,1,1,1.0
Janna,Karma,7,4,0.5714285714285714
Janna,Karthus,2,0,0.0
Janna,Kayle,1,1,1.0
Janna,Kennen,1,1,1.0
Janna,Khazix,1,1,1.0
Janna,Kindred,1,0,0.0
Janna,KogMaw,2,1,0.5
Janna,Leblanc,3,3,1.0
Janna,LeeSin,8,4,0.5
Janna,Leona,2,2,1.0
Janna,Lillia,2,2,1.0
Janna,Lissandra,1,0,0.0
Janna,Lucian,6,4,0.6666666666666666
Janna,Lulu,1,0,0.0
Janna,Lux,2,2,1.0
Janna,Malphite,1,1,1.0
Janna,Malzahar,1,1,1.0
Janna,Mel,2,2,1.0
Janna,MissFortune,4,2,0.5
Janna,Naafiri,3,1,0.3333333333333333
Janna,Nami,8,5,0.625
Janna,Nasus,2,1,0.5
Janna,Nautilus,5,1,0.2
Janna,Neeko,4,2,0.5
Janna,Nidalee,2,1,0.5
Janna,Nilah,1,0,0.0
Janna,Nocturne,2,0,0.0
Janna,Nunu,2,2,1.0
Janna,Olaf,1,0,0.0
Janna,Orianna,2,0,0.0
Janna,Ornn,2,0,0.0
Janna,Pantheon,4,2,0.5
Janna,Pyke,1,0,0.0
Janna,Qiyana,4,3,0.75
Janna,Quinn,3,0,0.0
Janna,Rakan,4,1,0.25
Janna,Rell,2,1,0.5
Janna,Renekton,2,1,0.5
Janna,Rengar,4,0,0.0
Janna,Riven,2,0,0.0
Janna,Rumble,5,4,0.8
Janna,Ryze,5,0,0.0
Janna,Senna,2,1,0.5
Janna,Seraphine,3,1,0.3333333333333333
Janna,Shen,4,1,0.25
Janna,Shyvana,1,0,0.0
Janna,Singed,5,4,0.8
Janna,Sion,2,1,0.5
Janna,Skarner,3,1,0.3333333333333333
Janna,Smolder,2,2,1.0
Janna,Sona,2,1,0.5
Janna,Soraka,3,1,0.3333333333333333
Janna,Swain,3,1,0.3333333333333333
Janna,Sylas,3,3,1.0
Janna,Syndra,2,2,1.0
Janna,Taliyah,3,2,0.6666666666666666
Janna,Talon,3,0,0.0
Janna,Taric,2,2,1.0
Janna,Teemo,4,1,0.25
Janna,Thresh,1,1,1.0
Janna,Tristana,3,1,0.3333333333333333
Janna,Trundle,1,1,1.0
Janna,TwistedFate,3,0,0.0
Janna,Urgot,1,1,1.0
Janna,Varus,6,4,0.6666666666666666
Janna,Vayne,3,1,0.3333333333333333
Janna,Velkoz,1,1,1.0
Janna,Vex,1,0,0.0
Janna,Vi,2,1,0.5
Janna,Viego,1,1,1.0
Janna,Viktor,1,0,0.0
Janna,Vladimir,3,3,1.0
Janna,Xayah,1,0,0.0
Janna,Xerath,4,0,0.0
Janna,XinZhao,3,1,0.3333333333333333
Janna,Yasuo,1,0,0.0
Janna,Yone,10,6,0.6
Janna,Yorick,4,1,0.25
Janna,Yunara,2,1,0.5
Janna,Zaahen,4,2,0.5
Janna,Zac,1,1,1.0
Janna,Zed,2,1,0.5
Janna,Zoe,5,3,0.6
Janna,Zyra,5,2,0.4
JarvanIV,Aatrox,22,10,0.45454545454545453
JarvanIV,Ahri,34,16,0.47058823529411764
JarvanIV,Akali,31,16,0.5161290322580645
JarvanIV,Akshan,8,3,0.375
JarvanIV,Alistar,14,3,0.21428571428571427
JarvanIV,Ambessa,54,29,0.5370370370370371
JarvanIV,Amumu,1,0,0.0
JarvanIV,Anivia,43,16,0.37209302325581395
JarvanIV,Annie,15,7,0.4666666666666667
JarvanIV,Aphelios,10,6,0.6
JarvanIV,Ashe,25,15,0.6
JarvanIV,AurelionSol,8,3,0.375
JarvanIV,Aurora,41,16,0.3902439024390244
JarvanIV,Azir,15,11,0.7333333333333333
JarvanIV,Bard,42,22,0.5238095238095238
JarvanIV,Belveth,3,0,0.0
JarvanIV,Blitzcrank,3,2,0.6666666666666666
JarvanIV,Braum,10,6,0.6
JarvanIV,Briar,7,5,0.7142857142857143
JarvanIV,Caitlyn,42,21,0.5
JarvanIV,Camille,5,3,0.6
JarvanIV,Cassiopeia,16,8,0.5
JarvanIV,Chogath,3,2,0.6666666666666666
JarvanIV,Corki,19,8,0.42105263157894735
JarvanIV,Darius,7,4,0.5714285714285714
JarvanIV,Diana,7,4,0.5714285714285714
JarvanIV,DrMundo,7,1,0.14285714285714285
JarvanIV,Draven,5,2,0.4
JarvanIV,Ekko,9,3,0.3333333333333333
JarvanIV,Elise,12,5,0.4166666666666667
JarvanIV,Evelynn,6,6,1.0
JarvanIV,Ezreal,66,38,0.5757575757575758
JarvanIV,FiddleSticks,11,5,0.45454545454545453
JarvanIV,Fiora,17,10,0.5882352941176471
JarvanIV,Fizz,3,2,0.6666666666666666
JarvanIV,Galio,14,6,0.42857142857142855
JarvanIV,Gangplank,3,1,0.3333333333333333
JarvanIV,Garen,2,1,0.5
JarvanIV,Gnar,28,16,0.5714285714285714
JarvanIV,Gragas,5,2,0.4
JarvanIV,Graves,19,7,0.3684210526315789
JarvanIV,Gwen,10,3,0.3
JarvanIV,Hecarim,3,2,0.6666666666666666
JarvanIV,Heimerdinger,2,2,1.0
JarvanIV,Hwei,13,8,0.6153846153846154
JarvanIV,Illaoi,1,0,0.0
JarvanIV,Irelia,14,9,0.6428571428571429
JarvanIV,Ivern,8,6,0.75
JarvanIV,Janna,7,4,0.5714285714285714
JarvanIV,Jax,9,6,0.6666666666666666
JarvanIV,Jayce,41,25,0.6097560975609756
JarvanIV,Jhin,31,19,0.6129032258064516
JarvanIV,Jinx,9,4,0.4444444444444444
JarvanIV,KSante,14,5,0.35714285714285715
JarvanIV,Kaisa,22,10,0.45454545454545453
JarvanIV,Kalista,5,2,0.4
JarvanIV,Karma,36,20,0.5555555555555556
JarvanIV,Karthus,8,5,0.625
JarvanIV,Kassadin,3,2,0.6666666666666666
JarvanIV,Katarina,2,0,0.0
JarvanIV,Kayle,1,0,0.0
JarvanIV,Kayn,5,2,0.4
JarvanIV,Kennen,7,2,0.2857142857142857
JarvanIV,Khazix,4,3,0.75
JarvanIV,Kindred,3,1,0.3333333333333333
JarvanIV,KogMaw,2,1,0.5
JarvanIV,Leblanc,23,15,0.6521739130434783
JarvanIV,LeeSin,52,26,0.5
JarvanIV,Leona,10,9,0.9
JarvanIV,Lillia,5,3,0.6
JarvanIV,Lissandra,12,7,0.5833333333333334
JarvanIV,Lucian,37,17,0.4594594594594595
JarvanIV,Lulu,20,4,0.2
JarvanIV,Lux,10,7,0.7
JarvanIV,Malphite,3,1,0.3333333333333333
JarvanIV,Malzahar,2,1,0.5
JarvanIV,Maokai,3,2,0.6666666666666666
JarvanIV,MasterYi,6,2,0.3333333333333333
JarvanIV,Mel,14,10,0.7142857142857143
JarvanIV,Milio,5,1,0.2
JarvanIV,MissFortune,5,1,0.2
JarvanIV,MonkeyKing,8,3,0.375
JarvanIV,Morgana,1,1,1.0
JarvanIV,Naafiri,15,8,0.5333333333333333
JarvanIV,Nami,26,10,0.38461538461538464
JarvanIV,Nasus,1,0,0.0
JarvanIV,Nautilus,33,12,0.36363636363636365
JarvanIV,Neeko,18,7,0.3888888888888889
JarvanIV,Nidalee,10,5,0.5
JarvanIV,Nilah,2,1,0.5
JarvanIV,Nocturne,19,9,0.47368421052631576
JarvanIV,Nunu,12,7,0.5833333333333334
JarvanIV,Olaf,5,4,0.8
JarvanIV,Orianna,26,13,0.5
JarvanIV,Ornn,8,5,0.625
JarvanIV,Pantheon,40,24,0.6
JarvanIV,Poppy,10,4,0.4
JarvanIV,Pyke,19,8,0.42105263157894735
JarvanIV,Qiyana,11,4,0.36363636363636365
JarvanIV,Quinn,3,1,0.3333333333333333
JarvanIV,Rakan,10,4,0.4
JarvanIV,Rammus,1,0,0.0
JarvanIV,RekSai,7,3,0.42857142857142855
JarvanIV,Rell,10,3,0.3
JarvanIV,Renekton,10,6,0.6
JarvanIV,Rengar,9,4,0.4444444444444444
JarvanIV,Riven,10,6,0.6
JarvanIV,Rumble,19,14,0.7368421052631579
JarvanIV,Ryze,21,11,0.5238095238095238
JarvanIV,Sejuani,3,1,0.3333333333333333
JarvanIV,Senna,22,13,0.5909090909090909
JarvanIV,Seraphine,17,13,0.7647058823529411
JarvanIV,Shen,8,1,0.125
JarvanIV,Shyvana,1,1,1.0
JarvanIV,Singed,9,6,0.6666666666666666
JarvanIV,Sion,24,12,0.5
JarvanIV,Sivir,13,6,0.46153846153846156
JarvanIV,Skarner,8,4,0.5
JarvanIV,Smolder,4,2,0.5
JarvanIV,Sona,15,9,0.6
JarvanIV,Soraka,1,0,0.0
JarvanIV,Swain,3,1,0.3333333333333333
JarvanIV,Sylas,20,8,0.4
JarvanIV,Syndra,14,5,0.35714285714285715
JarvanIV,Taliyah,11,3,0.2727272727272727
JarvanIV,Talon,14,7,0.5
JarvanIV,Taric,3,2,0.6666666666666666
JarvanIV,Teemo,4,0,0.0
JarvanIV,Thresh,9,5,0.5555555555555556
JarvanIV,Tristana,13,7,0.5384615384615384
JarvanIV,Trundle,1,1,1.0
JarvanIV,Tryndamere,1,1,1.0
JarvanIV,TwistedFate,15,5,0.3333333333333333
JarvanIV,Twitch,4,3,0.75
JarvanIV,Udyr,8,2,0.25
JarvanIV,Urgot,2,1,0.5
JarvanIV,Varus,36,16,0.4444444444444444
JarvanIV,Vayne,21,8,0.38095238095238093
JarvanIV,Veigar,5,1,0.2
JarvanIV,Velkoz,3,2,0.6666666666666666
JarvanIV,Vex,2,2,1.0
JarvanIV,Vi,26,13,0.5
JarvanIV,Viego,15,5,0.3333333333333333
JarvanIV,Viktor,9,5,0.5555555555555556
JarvanIV,Vladimir,8,7,0.875
JarvanIV,Volibear,3,0,0.0
JarvanIV,Warwick,1,0,0.0
JarvanIV,Xayah,3,2,0.6666666666666666
JarvanIV,Xerath,4,1,0.25
JarvanIV,XinZhao,27,13,0.48148148148148145
JarvanIV,Yasuo,17,11,0.6470588235294118
JarvanIV,Yone,22,11,0.5
JarvanIV,Yorick,8,4,0.5
JarvanIV,Yunara,23,8,0.34782608695652173
JarvanIV,Yuumi,10,6,0.6
JarvanIV,Zaahen,12,4,0.3333333333333333
JarvanIV,Zac,2,1,0.5
JarvanIV,Zed,6,3,0.5
JarvanIV,Zeri,2,0,0.0
JarvanIV,Ziggs,5,2,0.4
JarvanIV,Zilean,4,1,0.25
JarvanIV,Zoe,17,8,0.47058823529411764
JarvanIV,Zyra,14,7,0.5
Jax,Aatrox,4,4,1.0
Jax,Ahri,12,8,0.6666666666666666
Jax,Akali,4,2,0.5
Jax,Akshan,4,3,0.75
Jax,Alistar,7,2,0.2857142857142857
Jax,Ambessa,15,7,0.4666666666666667
Jax,Amumu,1,1,1.0
Jax,Anivia,13,8,0.6153846153846154
Jax,Annie,6,3,0.5
Jax,Aphelios,4,3,0.75
Jax,Ashe,10,6,0.6
Jax,AurelionSol,2,1,0.5
Jax,Aurora,8,4,0.5
Jax,Azir,8,6,0.75
Jax,Bard,12,6,0.5
Jax,Belveth,2,2,1.0
Jax,Blitzcrank,3,2,0.6666666666666666
Jax,Brand,1,0,0.0
Jax,Braum,4,3,0.75
Jax,Briar,6,3,0.5
Jax,Caitlyn,6,3,0.5
Jax,Camille,6,2,0.3333333333333333
Jax,Cassiopeia,2,1,0.5
Jax,Corki,3,3,1.0
Jax,Darius,2,1,0.5
Jax,Diana,2,2,1.0
Jax,DrMundo,4,3,0.75
Jax,Draven,2,2,1.0
Jax,Ekko,6,4,0.6666666666666666
Jax,Elise,2,1,0.5
Jax,Ezreal,19,9,0.47368421052631576
Jax,FiddleSticks,4,2,0.5
Jax,Fiora,2,2,1.0
Jax,Fizz,3,1,0.3333333333333333
Jax,Galio,6,5,0.8333333333333334
Jax,Gangplank,3,2,0.6666666666666666
Jax,Garen,5,2,0.4
Jax,Gnar,14,7,0.5
Jax,Gragas,2,2,1.0
Jax,Graves,5,2,0.4
Jax,Gwen,3,3,1.0
Jax,Hecarim,1,0,0.0
Jax,Heimerdinger,1,1,1.0
Jax,Hwei,4,3,0.75
Jax,Illaoi,1,0,0.0
Jax,Irelia,9,6,0.6666666666666666
Jax,Ivern,1,0,0.0
Jax,Janna,2,2,1.0
Jax,JarvanIV,9,3,0.3333333333333333
Jax,Jayce,11,7,0.6363636363636364
Jax,Jhin,17,12,0.7058823529411765
Jax,Jinx,7,2,0.2857142857142857
Jax,KSante,1,0,0.0
Jax,Kaisa,6,5,0.8333333333333334
Jax,Kalista,5,2,0.4
Jax,Karma,13,10,0.7692307692307693
Jax,Karthus,1,0,0.0
Jax,Kassadin,1,1,1.0
Jax,Katarina,2,2,1.0
Jax,Kayle,4,2,0.5
Jax,Kayn,2,0,0.0
Jax,Kennen,3,2,0.6666666666666666
Jax,Kindred,4,2,0.5
Jax,Kled,1,1,1.0
Jax,KogMaw,3,1,0.3333333333333333
Jax,Leblanc,2,0,0.0
Jax,LeeSin,13,8,0.6153846153846154
Jax,Leona,4,3,0.75
Jax,Lillia,3,1,0.3333333333333333
Jax,Lissandra,5,2,0.4
Jax,Lucian,6,4,0.6666666666666666
Jax,Lulu,12,7,0.5833333333333334
Jax,Lux,5,3,0.6
Jax,Malzahar,1,0,0.0
Jax,MasterYi,4,3,0.75
Jax,Mel,3,1,0.3333333333333333
Jax,MissFortune,4,2,0.5
Jax,MonkeyKing,2,1,0.5
Jax,Naafiri,5,4,0.8
Jax,Nami,8,4,0.5
Jax,Nautilus,9,5,0.5555555555555556
Jax,Neeko,7,5,0.7142857142857143
Jax,Nidalee,4,3,0.75
Jax,Nocturne,6,3,0.5
Jax,Nunu,1,0,0.0
Jax,Olaf,2,1,0.5
Jax,Orianna,9,8,0.8888888888888888
Jax,Ornn,3,2,0.6666666666666666
Jax,Pantheon,12,10,0.8333333333333334
Jax,Poppy,3,2,0.6666666666666666
Jax,Pyke,8,1,0.125
Jax,Qiyana,6,2,0.3333333333333333
Jax,Quinn,1,0,0.0
Jax,Rakan,3,2,0.6666666666666666
Jax,Rell,5,2,0.4
Jax,Renekton,8,6,0.75
Jax,Rengar,2,1,0.5
Jax,Riven,3,1,0.3333333333333333
Jax,Rumble,9,8,0.8888888888888888
Jax,Ryze,5,3,0.6
Jax,Samira,1,1,1.0
Jax,Senna,4,3,0.75
Jax,Seraphine,9,5,0.5555555555555556
Jax,Sett,1,0,0.0
Jax,Shen,3,0,0.0
Jax,Singed,3,1,0.3333333333333333
Jax,Sion,4,4,1.0
Jax,Sivir,4,1,0.25
Jax,Skarner,3,1,0.3333333333333333
Jax,Smolder,3,3,1.0
Jax,Sona,5,2,0.4
Jax,Soraka,3,2,0.6666666666666666
Jax,Swain,2,1,0.5
Jax,Sylas,10,5,0.5
Jax,Syndra,4,2,0.5
Jax,Taliyah,4,1,0.25
Jax,Talon,5,2,0.4
Jax,Taric,1,1,1.0
Jax,Teemo,1,0,0.0
Jax,Thresh,2,1,0.5
Jax,Tristana,1,1,1.0
Jax,TwistedFate,7,2,0.2857142857142857
Jax,Twitch,1,1,1.0
Jax,Udyr,1,0,0.0
Jax,Urgot,1,0,0.0
Jax,Varus,17,6,0.35294117647058826
Jax,Vayne,2,0,0.0
Jax,Veigar,1,1,1.0
Jax,Velkoz,1,0,0.0
Jax,Vex,1,0,0.0
Jax,Vi,11,6,0.5454545454545454
Jax,Viego,10,7,0.7
Jax,Viktor,9,4,0.4444444444444444
Jax,Vladimir,3,2,0.6666666666666666
Jax,Volibear,2,1,0.5
Jax,Warwick,1,1,1.0
Jax,Xayah,2,1,0.5
Jax,Xerath,2,1,0.5
Jax,XinZhao,13,8,0.6153846153846154
Jax,Yasuo,11,6,0.5454545454545454
Jax,Yone,8,4,0.5
Jax,Yorick,1,1,1.0
Jax,Yunara,12,7,0.5833333333333334
Jax,Yuumi,2,1,0.5
Jax,Zaahen,7,4,0.5714285714285714
Jax,Zed,3,1,0.3333333333333333
Jax,Ziggs,2,0,0.0
Jax,Zilean,2,1,0.5
Jax,Zoe,3,1,0.3333333333333333
Jax,Zyra,2,1,0.5
Jayce,Aatrox,24,17,0.7083333333333334
Jayce,Ahri,32,16,0.5
Jayce,Akali,46,22,0.4782608695652174
Jayce,Akshan,11,6,0.5454545454545454
Jayce,Alistar,20,3,0.15
Jayce,Ambessa,74,43,0.581081081081081
Jayce,Amumu,3,1,0.3333333333333333
Jayce,Anivia,71,25,0.352112676056338
Jayce,Annie,19,9,0.47368421052631576
Jayce,Aphelios,5,4,0.8
Jayce,Ashe,34,18,0.5294117647058824
Jayce,AurelionSol,12,6,0.5
Jayce,Aurora,51,25,0.49019607843137253
Jayce,Azir,16,8,0.5
Jayce,Bard,51,20,0.39215686274509803
Jayce,Belveth,2,2,1.0
Jayce,Blitzcrank,5,4,0.8
Jayce,Brand,5,2,0.4
Jayce,Braum,16,7,0.4375
Jayce,Briar,3,0,0.0
Jayce,Caitlyn,53,29,0.5471698113207547
Jayce,Camille,9,5,0.5555555555555556
Jayce,Cassiopeia,15,7,0.4666666666666667
Jayce,Chogath,1,1,1.0
Jayce,Corki,25,9,0.36
Jayce,Darius,5,2,0.4
Jayce,Diana,7,4,0.5714285714285714
Jayce,DrMundo,10,3,0.3
Jayce,Draven,5,3,0.6
Jayce,Ekko,20,10,0.5
Jayce,Elise,13,5,0.38461538461538464
Jayce,Evelynn,2,1,0.5
Jayce,Ezreal,111,60,0.5405405405405406
Jayce,FiddleSticks,8,4,0.5
Jayce,Fiora,3,3,1.0
Jayce,Fizz,3,3,1.0
Jayce,Galio,7,2,0.2857142857142857
Jayce,Gangplank,4,3,0.75
Jayce,Garen,7,3,0.42857142857142855
Jayce,Gnar,26,15,0.5769230769230769
Jayce,Gragas,9,2,0.2222222222222222
Jayce,Graves,26,14,0.5384615384615384
Jayce,Gwen,4,1,0.25
Jayce,Hecarim,8,3,0.375
Jayce,Hwei,16,9,0.5625
Jayce,Irelia,32,16,0.5
Jayce,Ivern,8,5,0.625
Jayce,Janna,6,2,0.3333333333333333
Jayce,JarvanIV,41,16,0.3902439024390244
Jayce,Jax,11,4,0.36363636363636365
Jayce,Jhin,50,24,0.48
Jayce,Jinx,16,6,0.375
Jayce,KSante,34,12,0.35294117647058826
Jayce,Kaisa,34,14,0.4117647058823529
Jayce,Kalista,8,2,0.25
Jayce,Karma,70,38,0.5428571428571428
Jayce,Karthus,22,7,0.3181818181818182
Jayce,Kassadin,3,1,0.3333333333333333
Jayce,Katarina,7,6,0.8571428571428571
Jayce,Kayle,5,2,0.4
Jayce,Kayn,5,2,0.4
Jayce,Kennen,6,3,0.5
Jayce,Khazix,10,6,0.6
Jayce,Kindred,14,3,0.21428571428571427
Jayce,Kled,2,1,0.5
Jayce,KogMaw,3,0,0.0
Jayce,Leblanc,11,8,0.7272727272727273
Jayce,LeeSin,70,36,0.5142857142857142
Jayce,Leona,8,6,0.75
Jayce,Lillia,10,6,0.6
Jayce,Lissandra,26,15,0.5769230769230769
Jayce,Lucian,41,19,0.4634146341463415
Jayce,Lulu,26,10,0.38461538461538464
Jayce,Lux,16,6,0.375
Jayce,Malphite,19,7,0.3684210526315789
Jayce,Malzahar,5,3,0.6
Jayce,Maokai,3,2,0.6666666666666666
Jayce,MasterYi,7,5,0.7142857142857143
Jayce,Mel,17,9,0.5294117647058824
Jayce,Milio,7,2,0.2857142857142857
Jayce,MissFortune,11,7,0.6363636363636364
Jayce,MonkeyKing,9,6,0.6666666666666666
Jayce,Mordekaiser,1,1,1.0
Jayce,Morgana,2,1,0.5
Jayce,Naafiri,51,23,0.45098039215686275
Jayce,Nami,33,19,0.5757575757575758
Jayce,Nasus,5,3,0.6
Jayce,Nautilus,46,23,0.5
Jayce,Neeko,33,16,0.48484848484848486
Jayce,Nidalee,19,9,0.47368421052631576
Jayce,Nilah,1,1,1.0
Jayce,Nocturne,20,12,0.6
Jayce,Nunu,12,5,0.4166666666666667
Jayce,Olaf,6,2,0.3333333333333333
Jayce,Orianna,34,14,0.4117647058823529
Jayce,Ornn,7,3,0.42857142857142855
Jayce,Pantheon,39,21,0.5384615384615384
Jayce,Poppy,10,4,0.4
Jayce,Pyke,27,10,0.37037037037037035
Jayce,Qiyana,27,11,0.4074074074074074
Jayce,Quinn,14,3,0.21428571428571427
Jayce,Rakan,20,10,0.5
Jayce,Rammus,1,1,1.0
Jayce,RekSai,5,3,0.6
Jayce,Rell,16,9,0.5625
Jayce,Renata,2,0,0.0
Jayce,Renekton,16,6,0.375
Jayce,Rengar,12,4,0.3333333333333333
Jayce,Riven,12,11,0.9166666666666666
Jayce,Rumble,23,12,0.5217391304347826
Jayce,Ryze,58,35,0.603448275862069
Jayce,Samira,4,3,0.75
Jayce,Sejuani,3,2,0.6666666666666666
Jayce,Senna,29,13,0.4482758620689655
Jayce,Seraphine,22,13,0.5909090909090909
Jayce,Sett,3,0,0.0
Jayce,Shaco,5,2,0.4
Jayce,Shen,6,3,0.5
Jayce,Shyvana,5,3,0.6
Jayce,Singed,5,2,0.4
Jayce,Sion,63,25,0.3968253968253968
Jayce,Sivir,13,8,0.6153846153846154
Jayce,Skarner,11,4,0.36363636363636365
Jayce,Smolder,11,4,0.36363636363636365
Jayce,Sona,19,9,0.47368421052631576
Jayce,Soraka,9,3,0.3333333333333333
Jayce,Swain,9,3,0.3333333333333333
Jayce,Sylas,30,14,0.4666666666666667
Jayce,Syndra,10,4,0.4
Jayce,TahmKench,2,1,0.5
Jayce,Taliyah,15,4,0.26666666666666666
Jayce,Talon,17,7,0.4117647058823529
Jayce,Taric,5,3,0.6
Jayce,Teemo,10,5,0.5
Jayce,Thresh,18,13,0.7222222222222222
Jayce,Tristana,16,6,0.375
Jayce,Trundle,2,2,1.0
Jayce,Tryndamere,4,0,0.0
Jayce,TwistedFate,19,6,0.3157894736842105
Jayce,Twitch,4,3,0.75
Jayce,Udyr,1,0,0.0
Jayce,Urgot,1,0,0.0
Jayce,Varus,40,21,0.525
Jayce,Vayne,26,19,0.7307692307692307
Jayce,Veigar,11,9,0.8181818181818182
Jayce,Velkoz,2,1,0.5
Jayce,Vex,5,1,0.2
Jayce,Vi,31,16,0.5161290322580645
Jayce,Viego,19,11,0.5789473684210527
Jayce,Viktor,9,6,0.6666666666666666
Jayce,Vladimir,13,6,0.46153846153846156
Jayce,Volibear,2,1,0.5
Jayce,Warwick,3,2,0.6666666666666666
Jayce,Xayah,5,2,0.4
Jayce,Xerath,12,4,0.3333333333333333
Jayce,XinZhao,30,13,0.43333333333333335
Jayce,Yasuo,31,16,0.5161290322580645
Jayce,Yone,34,14,0.4117647058823529
Jayce,Yorick,58,24,0.41379310344827586
Jayce,Yunara,41,18,0.43902439024390244
Jayce,Yuumi,10,6,0.6
Jayce,Zaahen,16,9,0.5625
Jayce,Zac,1,1,1.0
Jayce,Zed,10,4,0.4
Jayce,Zeri,3,3,1.0
Jayce,Ziggs,6,4,0.6666666666666666
Jayce,Zilean,6,3,0.5
Jayce,Zoe,18,11,0.6111111111111112
Jayce,Zyra,15,7,0.4666666666666667
Jhin,Aatrox,14,10,0.7142857142857143
Jhin,Ahri,18,11,0.6111111111111112
Jhin,Akali,21,11,0.5238095238095238
Jhin,Akshan,7,2,0.2857142857142857
Jhin,Alistar,15,6,0.4
Jhin,Ambessa,40,21,0.525
Jhin,Amumu,2,0,0.0
Jhin,Anivia,47,24,0.5106382978723404
Jhin,Annie,18,10,0.5555555555555556
Jhin,Aphelios,3,2,0.6666666666666666
Jhin,Ashe,30,11,0.36666666666666664
Jhin,AurelionSol,2,1,0.5
Jhin,Aurora,39,25,0.6410256410256411
Jhin,Azir,12,8,0.6666666666666666
Jhin,Bard,40,20,0.5
Jhin,Belveth,2,2,1.0
Jhin,Blitzcrank,5,4,0.8
Jhin,Brand,7,3,0.42857142857142855
Jhin,Braum,11,4,0.36363636363636365
Jhin,Briar,1,1,1.0
Jhin,Caitlyn,57,33,0.5789473684210527
Jhin,Camille,13,8,0.6153846153846154
Jhin,Cassiopeia,5,3,0.6
Jhin,Chogath,4,2,0.5
Jhin,Corki,18,6,0.3333333333333333
Jhin,Darius,9,3,0.3333333333333333
Jhin,Diana,6,2,0.3333333333333333
Jhin,DrMundo,10,5,0.5
Jhin,Draven,2,2,1.0
Jhin,Ekko,8,5,0.625
Jhin,Elise,9,4,0.4444444444444444
Jhin,Evelynn,1,0,0.0
Jhin,Ezreal,93,51,0.5483870967741935
Jhin,FiddleSticks,11,8,0.7272727272727273
Jhin,Fiora,4,1,0.25
Jhin,Fizz,4,3,0.75
Jhin,Galio,17,14,0.8235294117647058
Jhin,Gangplank,6,5,0.8333333333333334
Jhin,Garen,2,1,0.5
Jhin,Gnar,15,7,0.4666666666666667
Jhin,Gragas,3,2,0.6666666666666666
Jhin,Graves,24,14,0.5833333333333334
Jhin,Gwen,3,1,0.3333333333333333
Jhin,Hecarim,3,2,0.6666666666666666
Jhin,Heimerdinger,4,0,0.0
Jhin,Hwei,14,4,0.2857142857142857
Jhin,Illaoi,4,2,0.5
Jhin,Irelia,14,6,0.42857142857142855
Jhin,Ivern,5,4,0.8
Jhin,Janna,6,2,0.3333333333333333
Jhin,JarvanIV,31,12,0.3870967741935484
Jhin,Jax,17,5,0.29411764705882354
Jhin,Jayce,50,26,0.52
Jhin,Jinx,6,4,0.6666666666666666
Jhin,KSante,9,7,0.7777777777777778
Jhin,Kaisa,20,13,0.65
Jhin,Kalista,2,1,0.5
Jhin,Karma,48,23,0.4791666666666667
Jhin,Karthus,11,2,0.18181818181818182
Jhin,Kassadin,3,2,0.6666666666666666
Jhin,Katarina,8,3,0.375
Jhin,Kayle,1,0,0.0
Jhin,Kayn,7,4,0.5714285714285714
Jhin,Kennen,5,3,0.6
Jhin,Khazix,9,4,0.4444444444444444
Jhin,Kindred,10,3,0.3
Jhin,Kled,5,3,0.6
Jhin,KogMaw,2,1,0.5
Jhin,Leblanc,16,7,0.4375
Jhin,LeeSin,34,16,0.47058823529411764
Jhin,Leona,6,5,0.8333333333333334
Jhin,Lillia,6,2,0.3333333333333333
Jhin,Lissandra,15,10,0.6666666666666666
Jhin,Lucian,18,10,0.5555555555555556
Jhin,Lulu,22,11,0.5
Jhin,Lux,16,10,0.625
Jhin,Malphite,7,3,0.42857142857142855
Jhin,Malzahar,1,1,1.0
Jhin,Maokai,2,0,0.0
Jhin,MasterYi,6,3,0.5
Jhin,Mel,13,8,0.6153846153846154
Jhin,Milio,2,0,0.0
Jhin,MissFortune,9,3,0.3333333333333333
Jhin,MonkeyKing,4,1,0.25
Jhin,Morgana,2,0,0.0
Jhin,Naafiri,27,14,0.5185185185185185
Jhin,Nami,20,10,0.5
Jhin,Nasus,2,2,1.0
Jhin,Nautilus,30,15,0.5
Jhin,Neeko,24,15,0.625
Jhin,Nidalee,9,4,0.4444444444444444
Jhin,Nilah,1,1,1.0
Jhin,Nocturne,13,5,0.38461538461538464
Jhin,Nunu,10,4,0.4
Jhin,Olaf,2,1,0.5
Jhin,Orianna,21,9,0.42857142857142855
Jhin,Ornn,3,1,0.3333333333333333
Jhin,Pantheon,28,18,0.6428571428571429
Jhin,Poppy,7,2,0.2857142857142857
Jhin,Pyke,23,12,0.5217391304347826
Jhin,Qiyana,18,10,0.5555555555555556
Jhin,Quinn,7,3,0.42857142857142855
Jhin,Rakan,15,8,0.5333333333333333
Jhin,Rammus,2,2,1.0
Jhin,RekSai,7,2,0.2857142857142857
Jhin,Rell,13,9,0.6923076923076923
Jhin,Renata,1,0,0.0
Jhin,Renekton,12,4,0.3333333333333333
Jhin,Rengar,11,5,0.45454545454545453
Jhin,Riven,7,5,0.7142857142857143
Jhin,Rumble,22,13,0.5909090909090909
Jhin,Ryze,32,22,0.6875
Jhin,Sejuani,3,2,0.6666666666666666
Jhin,Senna,13,8,0.6153846153846154
Jhin,Seraphine,23,9,0.391304347826087
Jhin,Sett,3,1,0.3333333333333333
Jhin,Shaco,3,3,1.0
Jhin,Shen,8,3,0.375
Jhin,Shyvana,2,0,0.0
Jhin,Singed,4,2,0.5
Jhin,Sion,25,19,0.76
Jhin,Sivir,6,5,0.8333333333333334
Jhin,Skarner,8,6,0.75
Jhin,Smolder,3,2,0.6666666666666666
Jhin,Sona,6,4,0.6666666666666666
Jhin,Soraka,6,3,0.5
Jhin,Swain,2,1,0.5
Jhin,Sylas,26,12,0.46153846153846156
Jhin,Syndra,8,4,0.5
Jhin,Taliyah,10,7,0.7
Jhin,Talon,12,9,0.75
Jhin,Taric,3,2,0.6666666666666666
Jhin,Teemo,7,4,0.5714285714285714
Jhin,Thresh,7,6,0.8571428571428571
Jhin,Tristana,11,5,0.45454545454545453
Jhin,Trundle,3,0,0.0
Jhin,Tryndamere,1,0,0.0
Jhin,TwistedFate,12,3,0.25
Jhin,Twitch,3,1,0.3333333333333333
Jhin,Udyr,3,3,1.0
Jhin,Urgot,3,2,0.6666666666666666
Jhin,Varus,47,32,0.6808510638297872
Jhin,Vayne,19,10,0.5263157894736842
Jhin,Veigar,5,3,0.6
Jhin,Velkoz,9,5,0.5555555555555556
Jhin,Vex,2,1,0.5
Jhin,Vi,17,11,0.6470588235294118
Jhin,Viego,13,9,0.6923076923076923
Jhin,Viktor,18,9,0.5
Jhin,Vladimir,8,4,0.5
Jhin,Volibear,2,1,0.5
Jhin,Warwick,1,1,1.0
Jhin,Xayah,2,2,1.0
Jhin,Xerath,5,3,0.6
Jhin,XinZhao,19,9,0.47368421052631576
Jhin,Yasuo,17,6,0.35294117647058826
Jhin,Yone,30,14,0.4666666666666667
Jhin,Yorick,4,2,0.5
Jhin,Yunara,30,20,0.6666666666666666
Jhin,Yuumi,6,4,0.6666666666666666
Jhin,Zaahen,12,4,0.3333333333333333
Jhin,Zac,2,1,0.5
Jhin,Zed,7,5,0.7142857142857143
Jhin,Zeri,1,0,0.0
Jhin,Ziggs,8,3,0.375
Jhin,Zilean,5,3,0.6
Jhin,Zoe,19,12,0.631578947368421
Jhin,Zyra,5,2,0.4
Jinx,Aatrox,11,4,0.36363636363636365
Jinx,Ahri,6,4,0.6666666666666666
Jinx,Akali,7,4,0.5714285714285714
Jinx,Alistar,2,1,0.5
Jinx,Ambessa,10,4,0.4
Jinx,Anivia,14,8,0.5714285714285714
Jinx,Annie,3,1,0.3333333333333333
Jinx,Aphelios,8,7,0.875
Jinx,Ashe,8,5,0.625
Jinx,AurelionSol,2,1,0.5
Jinx,Aurora,8,3,0.375
Jinx,Azir,3,1,0.3333333333333333
Jinx,Bard,11,2,0.18181818181818182
Jinx,Blitzcrank,3,1,0.3333333333333333
Jinx,Brand,1,0,0.0
Jinx,Braum,2,2,1.0
Jinx,Caitlyn,12,5,0.4166666666666667
Jinx,Camille,1,0,0.0
Jinx,Cassiopeia,3,2,0.6666666666666666
Jinx,Corki,2,1,0.5
Jinx,Darius,4,2,0.5
Jinx,DrMundo,3,1,0.3333333333333333
Jinx,Draven,1,1,1.0
Jinx,Ekko,2,2,1.0
Jinx,Elise,4,2,0.5
Jinx,Evelynn,2,1,0.5
Jinx,Ezreal,11,6,0.5454545454545454
Jinx,FiddleSticks,1,1,1.0
Jinx,Fiora,2,2,1.0
Jinx,Fizz,2,2,1.0
Jinx,Galio,1,1,1.0
Jinx,Gangplank,1,0,0.0
Jinx,Garen,3,2,0.6666666666666666
Jinx,Gnar,6,0,0.0
Jinx,Gragas,2,1,0.5
Jinx,Graves,6,3,0.5
Jinx,Gwen,1,0,0.0
Jinx,Hecarim,1,0,0.0
Jinx,Heimerdinger,2,2,1.0
Jinx,Hwei,5,2,0.4
Jinx,Irelia,4,1,0.25
Jinx,Ivern,2,1,0.5
Jinx,JarvanIV,9,5,0.5555555555555556
Jinx,Jax,7,5,0.7142857142857143
Jinx,Jayce,16,10,0.625
Jinx,Jhin,6,2,0.3333333333333333
Jinx,KSante,1,1,1.0
Jinx,Kaisa,4,4,1.0
Jinx,Kalista,1,0,0.0
Jinx,Karma,8,3,0.375
Jinx,Karthus,5,3,0.6
Jinx,Kassadin,1,1,1.0
Jinx,Katarina,4,4,1.0
Jinx,Kayn,1,0,0.0
Jinx,Kennen,2,2,1.0
Jinx,Kindred,2,0,0.0
Jinx,Kled,2,2,1.0
Jinx,Leblanc,2,1,0.5
Jinx,LeeSin,12,7,0.5833333333333334
Jinx,Leona,2,1,0.5
Jinx,Lillia,2,2,1.0
Jinx,Lissandra,2,0,0.0
Jinx,Lucian,9,3,0.3333333333333333
Jinx,Lulu,7,5,0.7142857142857143
Jinx,Lux,2,2,1.0
Jinx,Malphite,2,2,1.0
Jinx,Maokai,1,0,0.0
Jinx,MasterYi,2,2,1.0
Jinx,Mel,2,1,0.5
Jinx,Milio,1,1,1.0
Jinx,MissFortune,1,0,0.0
Jinx,Naafiri,5,4,0.8
Jinx,Nami,8,2,0.25
Jinx,Nasus,2,1,0.5
Jinx,Nautilus,9,4,0.4444444444444444
Jinx,Neeko,3,2,0.6666666666666666
Jinx,Nidalee,5,1,0.2
Jinx,Nocturne,3,1,0.3333333333333333
Jinx,Nunu,3,2,0.6666666666666666
Jinx,Olaf,1,1,1.0
Jinx,Orianna,4,2,0.5
Jinx,Ornn,3,2,0.6666666666666666
Jinx,Pantheon,5,1,0.2
Jinx,Pyke,6,4,0.6666666666666666
Jinx,Qiyana,4,4,1.0
Jinx,Rakan,3,2,0.6666666666666666
Jinx,Rammus,1,0,0.0
Jinx,RekSai,1,1,1.0
Jinx,Rell,5,4,0.8
Jinx,Renekton,5,4,0.8
Jinx,Rengar,1,0,0.0
Jinx,Riven,2,1,0.5
Jinx,Rumble,4,1,0.25
Jinx,Ryze,6,2,0.3333333333333333
Jinx,Samira,1,1,1.0
Jinx,Sejuani,2,2,1.0
Jinx,Senna,6,4,0.6666666666666666
Jinx,Seraphine,2,2,1.0
Jinx,Shen,2,2,1.0
Jinx,Shyvana,1,0,0.0
Jinx,Singed,1,0,0.0
Jinx,Sion,5,1,0.2
Jinx,Sivir,2,1,0.5
Jinx,Skarner,1,0,0.0
Jinx,Sona,1,1,1.0
Jinx,Soraka,3,2,0.6666666666666666
Jinx,Swain,1,0,0.0
Jinx,Sylas,11,7,0.6363636363636364
Jinx,Syndra,3,2,0.6666666666666666
Jinx,TahmKench,1,0,0.0
Jinx,Taliyah,3,1,0.3333333333333333
Jinx,Talon,4,2,0.5
Jinx,Taric,1,1,1.0
Jinx,Teemo,3,1,0.3333333333333333
Jinx,Thresh,4,2,0.5
Jinx,Tristana,2,2,1.0
Jinx,TwistedFate,5,0,0.0
Jinx,Twitch,3,1,0.3333333333333333
Jinx,Udyr,1,1,1.0
Jinx,Urgot,1,0,0.0
Jinx,Varus,7,3,0.42857142857142855
Jinx,Vayne,3,2,0.6666666666666666
Jinx,Veigar,1,1,1.0
Jinx,Velkoz,1,1,1.0
Jinx,Vex,1,1,1.0
Jinx,Vi,1,0,0.0
Jinx,Viego,1,0,0.0
Jinx,Viktor,2,2,1.0
Jinx,Vladimir,4,1,0.25
Jinx,Volibear,1,0,0.0
Jinx,Xayah,1,0,0.0
Jinx,Xerath,2,1,0.5
Jinx,XinZhao,4,1,0.25
Jinx,Yasuo,5,1,0.2
Jinx,Yone,4,2,0.5
Jinx,Yorick,1,0,0.0
Jinx,Yunara,16,6,0.375
Jinx,Yuumi,1,0,0.0
Jinx,Zaahen,4,3,0.75
Jinx,Zac,1,1,1.0
Jinx,Zed,4,4,1.0
Jinx,Ziggs,2,2,1.0
Jinx,Zilean,1,0,0.0
Jinx,Zoe,5,1,0.2
Jinx,Zyra,4,2,0.5
KSante,Aatrox,6,4,0.6666666666666666
KSante,Ahri,9,2,0.2222222222222222
KSante,Akali,4,1,0.25
KSante,Akshan,1,0,0.0
KSante,Alistar,7,3,0.42857142857142855
KSante,Ambessa,13,8,0.6153846153846154
KSante,Amumu,1,0,0.0
KSante,Anivia,10,7,0.7
KSante,Annie,11,6,0.5454545454545454
KSante,Aphelios,3,2,0.6666666666666666
KSante,Ashe,8,4,0.5
KSante,Aurora,12,4,0.3333333333333333
KSante,Azir,7,4,0.5714285714285714
KSante,Bard,21,5,0.23809523809523808
KSante,Belveth,2,0,0.0
KSante,Blitzcrank,1,1,1.0
KSante,Brand,2,0,0.0
KSante,Braum,6,3,0.5
KSante,Caitlyn,19,10,0.5263157894736842
KSante,Camille,1,1,1.0
KSante,Cassiopeia,5,4,0.8
KSante,Chogath,2,1,0.5
KSante,Corki,6,3,0.5
KSante,Darius,3,3,1.0
KSante,Diana,2,0,0.0
KSante,DrMundo,2,1,0.5
KSante,Draven,4,4,1.0
KSante,Ekko,3,1,0.3333333333333333
KSante,Elise,1,1,1.0
KSante,Evelynn,1,1,1.0
KSante,Ezreal,19,11,0.5789473684210527
KSante,FiddleSticks,3,0,0.0
KSante,Fiora,2,0,0.0
KSante,Fizz,1,0,0.0
KSante,Galio,1,1,1.0
KSante,Gangplank,3,2,0.6666666666666666
KSante,Garen,5,2,0.4
KSante,Gnar,15,9,0.6
KSante,Gragas,2,1,0.5
KSante,Graves,4,3,0.75
KSante,Gwen,2,0,0.0
KSante,Hecarim,1,0,0.0
KSante,Hwei,4,3,0.75
KSante,Illaoi,2,2,1.0
KSante,Irelia,4,1,0.25
KSante,Janna,1,1,1.0
KSante,JarvanIV,14,9,0.6428571428571429
KSante,Jax,1,1,1.0
KSante,Jayce,34,22,0.6470588235294118
KSante,Jhin,9,2,0.2222222222222222
KSante,Jinx,1,0,0.0
KSante,Kaisa,9,3,0.3333333333333333
KSante,Kalista,2,1,0.5
KSante,Karma,18,12,0.6666666666666666
KSante,Karthus,4,4,1.0
KSante,Kassadin,2,2,1.0
KSante,Katarina,3,2,0.6666666666666666
KSante,Kayle,3,2,0.6666666666666666
KSante,Kayn,4,1,0.25
KSante,Kindred,1,1,1.0
KSante,Kled,2,0,0.0
KSante,Leblanc,4,3,0.75
KSante,LeeSin,8,4,0.5
KSante,Leona,3,1,0.3333333333333333
KSante,Lillia,7,4,0.5714285714285714
KSante,Lissandra,3,2,0.6666666666666666
KSante,Lucian,7,4,0.5714285714285714
KSante,Lulu,9,3,0.3333333333333333
KSante,Lux,4,3,0.75
KSante,Malphite,2,1,0.5
KSante,Malzahar,3,0,0.0
KSante,Maokai,3,1,0.3333333333333333
KSante,MasterYi,4,1,0.25
KSante,Mel,4,3,0.75
KSante,MissFortune,3,0,0.0
KSante,MonkeyKing,2,1,0.5
KSante,Naafiri,5,2,0.4
KSante,Nami,6,5,0.8333333333333334
KSante,Nasus,2,2,1.0
KSante,Nautilus,13,3,0.23076923076923078
KSante,Neeko,10,9,0.9
KSante,Nidalee,2,2,1.0
KSante,Nocturne,7,6,0.8571428571428571
KSante,Nunu,1,0,0.0
KSante,Orianna,7,3,0.42857142857142855
KSante,Pantheon,11,6,0.5454545454545454
KSante,Poppy,2,0,0.0
KSante,Pyke,9,7,0.7777777777777778
KSante,Qiyana,6,4,0.6666666666666666
KSante,Quinn,2,0,0.0
KSante,Rakan,3,2,0.6666666666666666
KSante,RekSai,2,1,0.5
KSante,Rell,4,2,0.5
KSante,Renekton,6,4,0.6666666666666666
KSante,Rengar,3,0,0.0
KSante,Riven,7,2,0.2857142857142857
KSante,Rumble,16,8,0.5
KSante,Ryze,13,11,0.8461538461538461
KSante,Senna,7,2,0.2857142857142857
KSante,Seraphine,5,2,0.4
KSante,Shaco,1,1,1.0
KSante,Shen,2,0,0.0
KSante,Shyvana,1,0,0.0
KSante,Singed,2,1,0.5
KSante,Sion,6,4,0.6666666666666666
KSante,Sivir,6,4,0.6666666666666666
KSante,Skarner,5,2,0.4
KSante,Sona,6,1,0.16666666666666666
KSante,Soraka,4,2,0.5
KSante,Swain,2,1,0.5
KSante,Sylas,12,3,0.25
KSante,Syndra,3,1,0.3333333333333333
KSante,Taliyah,3,2,0.6666666666666666
KSante,Talon,3,3,1.0
KSante,Teemo,2,0,0.0
KSante,Thresh,1,1,1.0
KSante,TwistedFate,4,3,0.75
KSante,Udyr,2,0,0.0
KSante,Urgot,2,0,0.0
KSante,Varus,10,8,0.8
KSante,Vayne,14,7,0.5
KSante,Veigar,3,1,0.3333333333333333
KSante,Velkoz,1,1,1.0
KSante,Vi,14,8,0.5714285714285714
KSante,Viego,2,0,0.0
KSante,Viktor,3,1,0.3333333333333333
KSante,Vladimir,3,2,0.6666666666666666
KSante,Xayah,2,1,0.5
KSante,Xerath,2,2,1.0
KSante,XinZhao,13,7,0.5384615384615384
KSante,Yasuo,9,2,0.2222222222222222
KSante,Yone,7,6,0.8571428571428571
KSante,Yorick,1,0,0.0
KSante,Yunara,18,9,0.5
KSante,Yuumi,1,1,1.0
KSante,Zaahen,4,1,0.25
KSante,Zac,1,0,0.0
KSante,Zed,6,3,0.5
KSante,Ziggs,4,3,0.75
KSante,Zoe,8,4,0.5
KSante,Zyra,3,3,1.0
Kaisa,Aatrox,23,8,0.34782608695652173
Kaisa,Ahri,18,7,0.3888888888888889
Kaisa,Akali,11,5,0.45454545454545453
Kaisa,Akshan,4,2,0.5
Kaisa,Alistar,13,5,0.38461538461538464
Kaisa,Ambessa,28,13,0.4642857142857143
Kaisa,Amumu,1,1,1.0
Kaisa,Anivia,19,7,0.3684210526315789
Kaisa,Annie,6,0,0.0
Kaisa,Aphelios,2,2,1.0
Kaisa,Ashe,7,3,0.42857142857142855
Kaisa,AurelionSol,4,2,0.5
Kaisa,Aurora,23,12,0.5217391304347826
Kaisa,Azir,8,6,0.75
Kaisa,Bard,30,13,0.43333333333333335
Kaisa,Belveth,1,0,0.0
Kaisa,Blitzcrank,2,1,0.5
Kaisa,Brand,5,4,0.8
Kaisa,Braum,7,3,0.42857142857142855
Kaisa,Briar,2,2,1.0
Kaisa,Caitlyn,12,6,0.5
Kaisa,Camille,6,6,1.0
Kaisa,Cassiopeia,5,2,0.4
Kaisa,Chogath,3,3,1.0
Kaisa,Corki,15,7,0.4666666666666667
Kaisa,Darius,6,2,0.3333333333333333
Kaisa,Diana,4,1,0.25
Kaisa,DrMundo,4,2,0.5
Kaisa,Draven,2,1,0.5
Kaisa,Ekko,10,7,0.7
Kaisa,Elise,10,5,0.5
Kaisa,Evelynn,4,2,0.5
Kaisa,Ezreal,76,39,0.5131578947368421
Kaisa,FiddleSticks,5,2,0.4
Kaisa,Fiora,3,1,0.3333333333333333
Kaisa,Fizz,1,0,0.0
Kaisa,Galio,9,4,0.4444444444444444
Kaisa,Gangplank,4,2,0.5
Kaisa,Garen,9,4,0.4444444444444444
Kaisa,Gnar,12,10,0.8333333333333334
Kaisa,Gragas,5,2,0.4
Kaisa,Graves,12,5,0.4166666666666667
Kaisa,Gwen,4,1,0.25
Kaisa,Hecarim,3,2,0.6666666666666666
Kaisa,Heimerdinger,2,1,0.5
Kaisa,Hwei,6,4,0.6666666666666666
Kaisa,Irelia,8,4,0.5
Kaisa,Ivern,3,3,1.0
Kaisa,Janna,5,3,0.6
Kaisa,JarvanIV,22,12,0.5454545454545454
Kaisa,Jax,6,1,0.16666666666666666
Kaisa,Jayce,34,20,0.5882352941176471
Kaisa,Jhin,20,7,0.35
Kaisa,Jinx,4,0,0.0
Kaisa,KSante,9,6,0.6666666666666666
Kaisa,Kalista,1,1,1.0
Kaisa,Karma,31,14,0.45161290322580644
Kaisa,Karthus,2,0,0.0
Kaisa,Kassadin,1,0,0.0
Kaisa,Katarina,8,3,0.375
Kaisa,Kayle,2,1,0.5
Kaisa,Kayn,3,2,0.6666666666666666
Kaisa,Kennen,5,0,0.0
Kaisa,Khazix,3,2,0.6666666666666666
Kaisa,Kindred,3,1,0.3333333333333333
Kaisa,Kled,2,1,0.5
Kaisa,KogMaw,4,1,0.25
Kaisa,Leblanc,11,3,0.2727272727272727
Kaisa,LeeSin,26,11,0.4230769230769231
Kaisa,Leona,9,4,0.4444444444444444
Kaisa,Lillia,1,1,1.0
Kaisa,Lissandra,10,6,0.6
Kaisa,Lucian,19,11,0.5789473684210527
Kaisa,Lulu,6,3,0.5
Kaisa,Lux,5,2,0.4
Kaisa,Malphite,4,1,0.25
Kaisa,Malzahar,4,2,0.5
Kaisa,Maokai,2,1,0.5
Kaisa,MasterYi,4,3,0.75
Kaisa,Mel,17,10,0.5882352941176471
Kaisa,MissFortune,2,0,0.0
Kaisa,MonkeyKing,2,1,0.5
Kaisa,Morgana,3,3,1.0
Kaisa,Naafiri,11,3,0.2727272727272727
Kaisa,Nami,15,8,0.5333333333333333
Kaisa,Nasus,2,1,0.5
Kaisa,Nautilus,19,8,0.42105263157894735
Kaisa,Neeko,14,7,0.5
Kaisa,Nidalee,6,0,0.0
Kaisa,Nocturne,11,5,0.45454545454545453
Kaisa,Nunu,5,3,0.6
Kaisa,Olaf,2,1,0.5
Kaisa,Orianna,11,6,0.5454545454545454
Kaisa,Ornn,7,1,0.14285714285714285
Kaisa,Pantheon,23,11,0.4782608695652174
Kaisa,Poppy,7,3,0.42857142857142855
Kaisa,Pyke,11,4,0.36363636363636365
Kaisa,Qiyana,11,7,0.6363636363636364
Kaisa,Quinn,5,4,0.8
Kaisa,Rakan,12,2,0.16666666666666666
Kaisa,RekSai,4,1,0.25
Kaisa,Rell,8,5,0.625
Kaisa,Renekton,9,1,0.1111111111111111
Kaisa,Rengar,5,2,0.4
Kaisa,Riven,5,2,0.4
Kaisa,Rumble,8,6,0.75
Kaisa,Ryze,12,6,0.5
Kaisa,Sejuani,2,2,1.0
Kaisa,Senna,13,6,0.46153846153846156
Kaisa,Seraphine,7,3,0.42857142857142855
Kaisa,Sett,1,0,0.0
Kaisa,Shaco,4,2,0.5
Kaisa,Shen,1,1,1.0
Kaisa,Shyvana,1,1,1.0
Kaisa,Singed,3,1,0.3333333333333333
Kaisa,Sion,12,7,0.5833333333333334
Kaisa,Sivir,7,3,0.42857142857142855
Kaisa,Skarner,7,3,0.42857142857142855
Kaisa,Smolder,5,2,0.4
Kaisa,Sona,8,4,0.5
Kaisa,Soraka,3,2,0.6666666666666666
Kaisa,Swain,3,1,0.3333333333333333
Kaisa,Sylas,14,5,0.35714285714285715
Kaisa,Syndra,6,1,0.16666666666666666
Kaisa,Taliyah,9,4,0.4444444444444444
Kaisa,Talon,7,3,0.42857142857142855
Kaisa,Taric,1,0,0.0
Kaisa,Teemo,6,3,0.5
Kaisa,Thresh,2,0,0.0
Kaisa,Tristana,3,1,0.3333333333333333
Kaisa,Trundle,1,0,0.0
Kaisa,TwistedFate,10,2,0.2
Kaisa,Twitch,2,1,0.5
Kaisa,Udyr,3,2,0.6666666666666666
Kaisa,Urgot,1,0,0.0
Kaisa,Varus,15,7,0.4666666666666667
Kaisa,Vayne,16,9,0.5625
Kaisa,Veigar,3,1,0.3333333333333333
Kaisa,Velkoz,1,1,1.0
Kaisa,Vex,3,2,0.6666666666666666
Kaisa,Vi,7,5,0.7142857142857143
Kaisa,Viego,12,7,0.5833333333333334
Kaisa,Viktor,7,3,0.42857142857142855
Kaisa,Vladimir,8,5,0.625
Kaisa,Volibear,2,0,0.0
Kaisa,Xayah,19,8,0.42105263157894735
Kaisa,Xerath,5,2,0.4
Kaisa,XinZhao,14,7,0.5
Kaisa,Yasuo,12,6,0.5
Kaisa,Yone,18,9,0.5
Kaisa,Yorick,4,3,0.75
Kaisa,Yunara,20,14,0.7
Kaisa,Yuumi,4,3,0.75
Kaisa,Zaahen,10,3,0.3
Kaisa,Zac,1,0,0.0
Kaisa,Zed,7,1,0.14285714285714285
Kaisa,Zeri,2,0,0.0
Kaisa,Ziggs,5,3,0.6
Kaisa,Zilean,3,2,0.6666666666666666
Kaisa,Zoe,7,5,0.7142857142857143
Kaisa,Zyra,3,1,0.3333333333333333
Kalista,Aatrox,8,4,0.5
Kalista,Ahri,6,4,0.6666666666666666
Kalista,Akali,7,4,0.5714285714285714
Kalista,Akshan,4,1,0.25
Kalista,Alistar,2,0,0.0
Kalista,Ambessa,7,2,0.2857142857142857
Kalista,Anivia,10,4,0.4
Kalista,Aphelios,1,1,1.0
Kalista,Ashe,5,1,0.2
Kalista,AurelionSol,1,0,0.0
Kalista,Aurora,4,4,1.0
Kalista,Azir,2,1,0.5
Kalista,Bard,10,4,0.4
Kalista,Blitzcrank,1,1,1.0
Kalista,Braum,4,2,0.5
Kalista,Caitlyn,8,3,0.375
Kalista,Corki,3,2,0.6666666666666666
Kalista,Darius,1,0,0.0
Kalista,Diana,3,0,0.0
Kalista,DrMundo,2,2,1.0
Kalista,Draven,3,1,0.3333333333333333
Kalista,Ekko,1,0,0.0
Kalista,Elise,1,1,1.0
Kalista,Evelynn,1,0,0.0
Kalista,Ezreal,19,10,0.5263157894736842
Kalista,FiddleSticks,1,0,0.0
Kalista,Fiora,1,0,0.0
Kalista,Galio,3,1,0.3333333333333333
Kalista,Gangplank,1,1,1.0
Kalista,Garen,3,0,0.0
Kalista,Gnar,3,1,0.3333333333333333
Kalista,Gragas,1,0,0.0
Kalista,Graves,8,3,0.375
Kalista,Gwen,1,0,0.0
Kalista,Hecarim,1,1,1.0
Kalista,Hwei,4,2,0.5
Kalista,Illaoi,1,1,1.0
Kalista,Irelia,4,1,0.25
Kalista,Ivern,2,1,0.5
Kalista,Janna,1,0,0.0
Kalista,JarvanIV,5,3,0.6
Kalista,Jax,5,3,0.6
Kalista,Jayce,8,6,0.75
Kalista,Jhin,2,1,0.5
Kalista,Jinx,1,1,1.0
Kalista,KSante,2,1,0.5
Kalista,Kaisa,1,0,0.0
Kalista,Karma,10,6,0.6
Kalista,Karthus,4,1,0.25
Kalista,Kayle,2,0,0.0
Kalista,Kayn,1,0,0.0
Kalista,Kennen,1,0,0.0
Kalista,Khazix,1,1,1.0
Kalista,Kled,2,2,1.0
Kalista,KogMaw,1,1,1.0
Kalista,Leblanc,1,0,0.0
Kalista,LeeSin,8,5,0.625
Kalista,Leona,4,2,0.5
Kalista,Lillia,1,0,0.0
Kalista,Lissandra,2,0,0.0
Kalista,Lucian,3,0,0.0
Kalista,Lulu,3,1,0.3333333333333333
Kalista,Lux,2,2,1.0
Kalista,Malzahar,2,0,0.0
Kalista,Maokai,1,0,0.0
Kalista,Mel,4,1,0.25
Kalista,Milio,1,0,0.0
Kalista,MissFortune,1,0,0.0
Kalista,MonkeyKing,2,1,0.5
Kalista,Naafiri,6,1,0.16666666666666666
Kalista,Nami,9,5,0.5555555555555556
Kalista,Nautilus,6,1,0.16666666666666666
Kalista,Neeko,1,1,1.0
Kalista,Nocturne,1,1,1.0
Kalista,Nunu,1,1,1.0
Kalista,Orianna,1,0,0.0
Kalista,Ornn,2,1,0.5
Kalista,Pantheon,9,5,0.5555555555555556
Kalista,Poppy,12,2,0.16666666666666666
Kalista,Pyke,4,3,0.75
Kalista,Qiyana,2,0,0.0
Kalista,Quinn,2,0,0.0
Kalista,RekSai,1,0,0.0
Kalista,Rell,1,0,0.0
Kalista,Renekton,2,0,0.0
Kalista,Rengar,2,1,0.5
Kalista,Riven,3,1,0.3333333333333333
Kalista,Rumble,1,0,0.0
Kalista,Ryze,6,4,0.6666666666666666
Kalista,Senna,4,0,0.0
Kalista,Seraphine,3,1,0.3333333333333333
Kalista,Sett,1,0,0.0
Kalista,Sion,2,2,1.0
Kalista,Sivir,1,0,0.0
Kalista,Skarner,2,1,0.5
Kalista,Smolder,1,1,1.0
Kalista,Soraka,2,0,0.0
Kalista,Sylas,10,3,0.3
Kalista,Syndra,1,0,0.0
Kalista,Taliyah,8,1,0.125
Kalista,Talon,3,1,0.3333333333333333
Kalista,Thresh,1,1,1.0
Kalista,Tristana,2,1,0.5
Kalista,Tryndamere,1,0,0.0
Kalista,TwistedFate,1,1,1.0
Kalista,Udyr,3,1,0.3333333333333333
Kalista,Varus,7,3,0.42857142857142855
Kalista,Vayne,5,1,0.2
Kalista,Veigar,2,0,0.0
Kalista,Velkoz,2,1,0.5
Kalista,Vex,2,1,0.5
Kalista,Vi,2,0,0.0
Kalista,Viego,1,0,0.0
Kalista,Viktor,3,0,0.0
Kalista,Vladimir,1,1,1.0
Kalista,Xayah,1,0,0.0
Kalista,Xerath,4,2,0.5
Kalista,XinZhao,5,1,0.2
Kalista,Yone,3,2,0.6666666666666666
Kalista,Yorick,5,4,0.8
Kalista,Yunara,6,3,0.5
Kalista,Zaahen,2,1,0.5
Kalista,Zed,1,0,0.0
Kalista,Zeri,1,0,0.0
Kalista,Ziggs,2,2,1.0
Kalista,Zilean,1,0,0.0
Kalista,Zyra,1,0,0.0
Karma,Aatrox,31,15,0.4838709677419355
Karma,Ahri,31,15,0.4838709677419355
Karma,Akali,36,17,0.4722222222222222
Karma,Akshan,10,6,0.6
Karma,Alistar,4,1,0.25
Karma,Ambessa,63,31,0.49206349206349204
Karma,Amumu,2,1,0.5
Karma,Anivia,63,31,0.49206349206349204
Karma,Annie,21,12,0.5714285714285714
Karma,Aphelios,5,3,0.6
Karma,Ashe,26,11,0.4230769230769231
Karma,AurelionSol,7,4,0.5714285714285714
Karma,Aurora,44,20,0.45454545454545453
Karma,Azir,11,5,0.45454545454545453
Karma,Bard,67,28,0.417910447761194
Karma,Belveth,4,2,0.5
Karma,Blitzcrank,2,1,0.5
Karma,Brand,4,2,0.5
Karma,Briar,1,0,0.0
Karma,Caitlyn,47,22,0.46808510638297873
Karma,Camille,6,2,0.3333333333333333
Karma,Cassiopeia,10,3,0.3
Karma,Chogath,3,3,1.0
Karma,Corki,22,9,0.4090909090909091
Karma,Darius,8,4,0.5
Karma,Diana,5,3,0.6
Karma,DrMundo,7,4,0.5714285714285714
Karma,Draven,8,4,0.5
Karma,Ekko,21,6,0.2857142857142857
Karma,Elise,17,9,0.5294117647058824
Karma,Evelynn,5,1,0.2
Karma,Ezreal,88,40,0.45454545454545453
Karma,FiddleSticks,8,6,0.75
Karma,Fiora,7,3,0.42857142857142855
Karma,Fizz,5,2,0.4
Karma,Galio,4,1,0.25
Karma,Gangplank,5,3,0.6
Karma,Garen,10,1,0.1
Karma,Gnar,23,12,0.5217391304347826
Karma,Gragas,3,2,0.6666666666666666
Karma,Graves,13,4,0.3076923076923077
Karma,Gwen,8,3,0.375
Karma,Hecarim,9,4,0.4444444444444444
Karma,Heimerdinger,1,0,0.0
Karma,Hwei,12,5,0.4166666666666667
Karma,Illaoi,3,1,0.3333333333333333
Karma,Irelia,13,6,0.46153846153846156
Karma,Ivern,6,4,0.6666666666666666
Karma,Janna,7,3,0.42857142857142855
Karma,JarvanIV,36,16,0.4444444444444444
Karma,Jax,13,3,0.23076923076923078
Karma,Jayce,70,32,0.45714285714285713
Karma,Jhin,48,25,0.5208333333333334
Karma,Jinx,8,5,0.625
Karma,KSante,18,6,0.3333333333333333
Karma,Kaisa,31,17,0.5483870967741935
Karma,Kalista,10,4,0.4
Karma,Karthus,11,7,0.6363636363636364
Karma,Kassadin,1,0,0.0
Karma,Katarina,8,4,0.5
Karma,Kayle,6,3,0.5
Karma,Kayn,6,6,1.0
Karma,Kennen,3,1,0.3333333333333333
Karma,Khazix,6,2,0.3333333333333333
Karma,Kindred,8,1,0.125
Karma,Kled,5,1,0.2
Karma,KogMaw,2,0,0.0
Karma,Leblanc,24,13,0.5416666666666666
Karma,LeeSin,46,20,0.43478260869565216
Karma,Leona,6,4,0.6666666666666666
Karma,Lillia,7,4,0.5714285714285714
Karma,Lissandra,12,7,0.5833333333333334
Karma,Lucian,35,15,0.42857142857142855
Karma,Lulu,36,19,0.5277777777777778
Karma,Lux,8,4,0.5
Karma,Malphite,8,4,0.5
Karma,Malzahar,4,2,0.5
Karma,Maokai,1,0,0.0
Karma,MasterYi,1,1,1.0
Karma,Mel,16,8,0.5
Karma,Milio,2,2,1.0
Karma,MissFortune,10,2,0.2
Karma,MonkeyKing,3,3,1.0
Karma,Mordekaiser,2,2,1.0
Karma,Morgana,1,0,0.0
Karma,Naafiri,24,14,0.5833333333333334
Karma,Nami,47,15,0.3191489361702128
Karma,Nasus,5,3,0.6
Karma,Nautilus,84,37,0.44047619047619047
Karma,Neeko,29,13,0.4482758620689655
Karma,Nidalee,20,13,0.65
Karma,Nilah,1,0,0.0
Karma,Nocturne,28,11,0.39285714285714285
Karma,Nunu,9,3,0.3333333333333333
Karma,Olaf,11,5,0.45454545454545453
Karma,Orianna,36,14,0.3888888888888889
Karma,Ornn,9,4,0.4444444444444444
Karma,Pantheon,42,21,0.5
Karma,Poppy,9,5,0.5555555555555556
Karma,Pyke,22,11,0.5
Karma,Qiyana,19,12,0.631578947368421
Karma,Quinn,14,3,0.21428571428571427
Karma,Rakan,17,8,0.47058823529411764
Karma,RekSai,6,3,0.5
Karma,Rell,11,4,0.36363636363636365
Karma,Renekton,26,10,0.38461538461538464
Karma,Rengar,14,6,0.42857142857142855
Karma,Riven,15,10,0.6666666666666666
Karma,Rumble,24,10,0.4166666666666667
Karma,Ryze,36,18,0.5
Karma,Samira,1,1,1.0
Karma,Senna,19,10,0.5263157894736842
Karma,Seraphine,28,15,0.5357142857142857
Karma,Sett,7,2,0.2857142857142857
Karma,Shaco,2,0,0.0
Karma,Shen,8,3,0.375
Karma,Shyvana,2,1,0.5
Karma,Singed,11,5,0.45454545454545453
Karma,Sion,30,18,0.6
Karma,Sivir,17,10,0.5882352941176471
Karma,Skarner,9,5,0.5555555555555556
Karma,Smolder,11,2,0.18181818181818182
Karma,Sona,17,6,0.35294117647058826
Karma,Soraka,11,2,0.18181818181818182
Karma,Swain,11,5,0.45454545454545453
Karma,Sylas,34,14,0.4117647058823529
Karma,Syndra,11,3,0.2727272727272727
Karma,Taliyah,14,4,0.2857142857142857
Karma,Talon,8,5,0.625
Karma,Taric,2,2,1.0
Karma,Teemo,8,2,0.25
Karma,Thresh,9,6,0.6666666666666666
Karma,Tristana,5,3,0.6
Karma,Trundle,3,1,0.3333333333333333
Karma,Tryndamere,2,1,0.5
Karma,TwistedFate,20,8,0.4
Karma,Twitch,2,2,1.0
Karma,Udyr,9,5,0.5555555555555556
Karma,Urgot,1,1,1.0
Karma,Varus,39,21,0.5384615384615384
Karma,Vayne,41,23,0.5609756097560976
Karma,Veigar,6,3,0.5
Karma,Velkoz,8,3,0.375
Karma,Vex,2,1,0.5
Karma,Vi,23,15,0.6521739130434783
Karma,Viego,11,6,0.5454545454545454
Karma,Viktor,14,8,0.5714285714285714
Karma,Vladimir,22,10,0.45454545454545453
Karma,Volibear,1,0,0.0
Karma,Warwick,3,2,0.6666666666666666
Karma,Xayah,2,1,0.5
Karma,Xerath,5,2,0.4
Karma,XinZhao,36,13,0.3611111111111111
Karma,Yasuo,31,15,0.4838709677419355
Karma,Yone,25,11,0.44
Karma,Yorick,13,8,0.6153846153846154
Karma,Yunara,46,21,0.45652173913043476
Karma,Yuumi,8,5,0.625
Karma,Zaahen,18,8,0.4444444444444444
Karma,Zac,1,1,1.0
Karma,Zed,8,3,0.375
Karma,Zeri,6,5,0.8333333333333334
Karma,Ziggs,5,2,0.4
Karma,Zilean,10,2,0.2
Karma,Zoe,19,7,0.3684210526315789
Karma,Zyra,9,6,0.6666666666666666
Karthus,Aatrox,4,2,0.5
Karthus,Ahri,9,3,0.3333333333333333
Karthus,Akali,5,2,0.4
Karthus,Akshan,2,2,1.0
Karthus,Alistar,1,0,0.0
Karthus,Ambessa,15,7,0.4666666666666667
Karthus,Anivia,10,8,0.8
Karthus,Annie,6,3,0.5
Karthus,Aphelios,3,2,0.6666666666666666
Karthus,Ashe,2,0,0.0
Karthus,Aurora,8,4,0.5
Karthus,Azir,2,0,0.0
Karthus,Bard,12,5,0.4166666666666667
Karthus,Belveth,2,1,0.5
Karthus,Blitzcrank,2,0,0.0
Karthus,Brand,1,0,0.0
Karthus,Caitlyn,8,4,0.5
Karthus,Camille,4,2,0.5
Karthus,Cassiopeia,6,4,0.6666666666666666
Karthus,Chogath,1,1,1.0
Karthus,Corki,6,4,0.6666666666666666
Karthus,Darius,1,0,0.0
Karthus,DrMundo,4,1,0.25
Karthus,Draven,2,1,0.5
Karthus,Ekko,4,2,0.5
Karthus,Elise,4,1,0.25
Karthus,Evelynn,3,2,0.6666666666666666
Karthus,Ezreal,20,8,0.4
Karthus,FiddleSticks,2,2,1.0
Karthus,Fiora,2,2,1.0
Karthus,Galio,8,5,0.625
Karthus,Gangplank,3,2,0.6666666666666666
Karthus,Garen,2,0,0.0
Karthus,Gnar,5,5,1.0
Karthus,Graves,12,5,0.4166666666666667
Karthus,Gwen,2,0,0.0
Karthus,Hecarim,2,2,1.0
Karthus,Hwei,6,3,0.5
Karthus,Irelia,4,2,0.5
Karthus,Janna,2,2,1.0
Karthus,JarvanIV,8,3,0.375
Karthus,Jax,1,1,1.0
Karthus,Jayce,22,15,0.6818181818181818
Karthus,Jhin,11,9,0.8181818181818182
Karthus,Jinx,5,2,0.4
Karthus,KSante,4,0,0.0
Karthus,Kaisa,2,2,1.0
Karthus,Kalista,4,3,0.75
Karthus,Karma,11,4,0.36363636363636365
Karthus,Kassadin,2,0,0.0
Karthus,Katarina,2,0,0.0
Karthus,Kayle,1,1,1.0
Karthus,Kayn,2,1,0.5
Karthus,Khazix,2,2,1.0
Karthus,Kindred,5,1,0.2
Karthus,Kled,1,1,1.0
Karthus,KogMaw,1,1,1.0
Karthus,Leblanc,5,4,0.8
Karthus,LeeSin,7,6,0.8571428571428571
Karthus,Leona,7,3,0.42857142857142855
Karthus,Lillia,3,2,0.6666666666666666
Karthus,Lissandra,5,5,1.0
Karthus,Lucian,3,1,0.3333333333333333
Karthus,Lulu,3,2,0.6666666666666666
Karthus,Lux,2,1,0.5
Karthus,Malphite,3,2,0.6666666666666666
Karthus,Maokai,1,1,1.0
Karthus,MasterYi,4,3,0.75
Karthus,Mel,2,1,0.5
Karthus,Milio,1,0,0.0
Karthus,MissFortune,1,1,1.0
Karthus,MonkeyKing,2,1,0.5
Karthus,Naafiri,10,5,0.5
Karthus,Nami,7,3,0.42857142857142855
Karthus,Nasus,2,0,0.0
Karthus,Nautilus,10,8,0.8
Karthus,Neeko,2,2,1.0
Karthus,Nidalee,3,3,1.0
Karthus,Nocturne,6,1,0.16666666666666666
Karthus,Nunu,4,2,0.5
Karthus,Orianna,4,1,0.25
Karthus,Ornn,3,1,0.3333333333333333
Karthus,Pantheon,7,4,0.5714285714285714
Karthus,Poppy,2,1,0.5
Karthus,Pyke,5,2,0.4
Karthus,Qiyana,4,2,0.5
Karthus,Quinn,1,0,0.0
Karthus,Rakan,1,1,1.0
Karthus,RekSai,2,1,0.5
Karthus,Rell,5,1,0.2
Karthus,Renata,2,1,0.5
Karthus,Renekton,3,2,0.6666666666666666
Karthus,Rengar,3,1,0.3333333333333333
Karthus,Riven,3,2,0.6666666666666666
Karthus,Rumble,5,2,0.4
Karthus,Ryze,12,7,0.5833333333333334
Karthus,Samira,1,0,0.0
Karthus,Senna,7,2,0.2857142857142857
Karthus,Seraphine,5,0,0.0
Karthus,Shaco,1,0,0.0
Karthus,Shen,5,3,0.6
Karthus,Singed,5,2,0.4
Karthus,Sion,7,1,0.14285714285714285
Karthus,Sivir,7,4,0.5714285714285714
Karthus,Smolder,2,1,0.5
Karthus,Sona,9,5,0.5555555555555556
Karthus,Soraka,2,1,0.5
Karthus,Swain,1,1,1.0
Karthus,Sylas,13,7,0.5384615384615384
Karthus,Syndra,1,0,0.0
Karthus,Taliyah,2,0,0.0
Karthus,Talon,6,3,0.5
Karthus,Taric,2,1,0.5
Karthus,Teemo,3,2,0.6666666666666666
Karthus,Thresh,5,5,1.0
Karthus,Tristana,2,2,1.0
Karthus,TwistedFate,4,3,0.75
Karthus,Twitch,1,1,1.0
Karthus,Udyr,1,0,0.0
Karthus,Urgot,2,2,1.0
Karthus,Varus,9,4,0.4444444444444444
Karthus,Vayne,12,9,0.75
Karthus,Veigar,1,1,1.0
Karthus,Velkoz,2,1,0.5
Karthus,Vi,3,1,0.3333333333333333
Karthus,Viego,4,4,1.0
Karthus,Viktor,3,1,0.3333333333333333
Karthus,Vladimir,4,2,0.5
Karthus,Xayah,2,0,0.0
Karthus,Xerath,2,1,0.5
Karthus,XinZhao,3,0,0.0
Karthus,Yasuo,8,4,0.5
Karthus,Yone,5,2,0.4
Karthus,Yorick,1,1,1.0
Karthus,Yunara,5,3,0.6
Karthus,Yuumi,1,1,1.0
Karthus,Zaahen,2,0,0.0
Karthus,Zed,5,2,0.4
Karthus,Zeri,3,1,0.3333333333333333
Karthus,Zilean,7,4,0.5714285714285714
Karthus,Zoe,2,1,0.5
Karthus,Zyra,1,0,0.0
Kassadin,Aatrox,3,2,0.6666666666666666
Kassadin,Akshan,1,1,1.0
Kassadin,Alistar,2,1,0.5
Kassadin,Ambessa,2,1,0.5
Kassadin,Anivia,5,1,0.2
Kassadin,Annie,3,1,0.3333333333333333
Kassadin,Aphelios,1,0,0.0
Kassadin,Ashe,4,2,0.5
Kassadin,Aurora,4,3,0.75
Kassadin,Bard,1,0,0.0
Kassadin,Belveth,1,1,1.0
Kassadin,Brand,2,0,0.0
Kassadin,Braum,1,1,1.0
Kassadin,Caitlyn,1,1,1.0
Kassadin,Cassiopeia,1,1,1.0
Kassadin,Corki,4,2,0.5
Kassadin,Darius,1,0,0.0
Kassadin,Ekko,3,2,0.6666666666666666
Kassadin,Ezreal,4,1,0.25
Kassadin,FiddleSticks,1,0,0.0
Kassadin,Fizz,1,1,1.0
Kassadin,Galio,2,1,0.5
Kassadin,Garen,1,1,1.0
Kassadin,Gnar,1,1,1.0
Kassadin,Graves,2,2,1.0
Kassadin,Hecarim,2,0,0.0
Kassadin,Hwei,3,0,0.0
Kassadin,Irelia,2,1,0.5
Kassadin,Ivern,1,1,1.0
Kassadin,JarvanIV,3,1,0.3333333333333333
Kassadin,Jax,1,0,0.0
Kassadin,Jayce,3,2,0.6666666666666666
Kassadin,Jhin,3,1,0.3333333333333333
Kassadin,Jinx,1,0,0.0
Kassadin,KSante,2,0,0.0
Kassadin,Kaisa,1,1,1.0
Kassadin,Karma,1,1,1.0
Kassadin,Karthus,2,2,1.0
Kassadin,Katarina,1,0,0.0
Kassadin,Kayn,1,0,0.0
Kassadin,Kindred,1,0,0.0
Kassadin,Leblanc,1,0,0.0
Kassadin,LeeSin,3,2,0.6666666666666666
Kassadin,Leona,2,2,1.0
Kassadin,Lissandra,2,0,0.0
Kassadin,Lucian,1,0,0.0
Kassadin,Lulu,3,1,0.3333333333333333
Kassadin,Mel,2,1,0.5
Kassadin,MonkeyKing,1,1,1.0
Kassadin,Nami,5,1,0.2
Kassadin,Nautilus,6,4,0.6666666666666666
Kassadin,Nidalee,2,0,0.0
Kassadin,Nilah,1,0,0.0
Kassadin,Nocturne,3,1,0.3333333333333333
Kassadin,Pantheon,4,2,0.5
Kassadin,Poppy,1,0,0.0
Kassadin,Pyke,2,0,0.0
Kassadin,Qiyana,3,1,0.3333333333333333
Kassadin,Quinn,1,0,0.0
Kassadin,Rakan,2,0,0.0
Kassadin,Renekton,1,0,0.0
Kassadin,Riven,3,1,0.3333333333333333
Kassadin,Rumble,3,1,0.3333333333333333
Kassadin,Ryze,3,1,0.3333333333333333
Kassadin,Seraphine,1,0,0.0
Kassadin,Shaco,2,1,0.5
Kassadin,Shen,2,1,0.5
Kassadin,Shyvana,1,1,1.0
Kassadin,Sion,1,1,1.0
Kassadin,Sivir,2,1,0.5
Kassadin,Smolder,4,1,0.25
Kassadin,Sona,4,2,0.5
Kassadin,Swain,1,1,1.0
Kassadin,Sylas,3,2,0.6666666666666666
Kassadin,Syndra,2,1,0.5
Kassadin,Talon,2,1,0.5
Kassadin,Teemo,2,0,0.0
Kassadin,Thresh,1,0,0.0
Kassadin,Tristana,2,1,0.5
Kassadin,TwistedFate,1,1,1.0
Kassadin,Udyr,3,1,0.3333333333333333
Kassadin,Urgot,2,2,1.0
Kassadin,Varus,1,0,0.0
Kassadin,Vayne,4,0,0.0
Kassadin,Veigar,1,1,1.0
Kassadin,Velkoz,1,1,1.0
Kassadin,Vi,1,1,1.0
Kassadin,Viego,1,0,0.0
Kassadin,Vladimir,5,4,0.8
Kassadin,Xayah,3,1,0.3333333333333333
Kassadin,Yone,3,1,0.3333333333333333
Kassadin,Yorick,1,1,1.0
Kassadin,Yunara,2,1,0.5
Kassadin,Zaahen,1,0,0.0
Kassadin,Zac,2,0,0.0
Kassadin,Zed,2,1,0.5
Kassadin,Ziggs,1,1,1.0
Kassadin,Zilean,1,0,0.0
Kassadin,Zoe,4,3,0.75
Katarina,Aatrox,8,4,0.5
Katarina,Ahri,5,3,0.6
Katarina,Akali,6,4,0.6666666666666666
Katarina,Akshan,1,1,1.0
Katarina,Alistar,5,3,0.6
Katarina,Ambessa,5,4,0.8
Katarina,Anivia,4,3,0.75
Katarina,Annie,8,3,0.375
Katarina,Aphelios,1,1,1.0
Katarina,Ashe,5,4,0.8
Katarina,AurelionSol,3,3,1.0
Katarina,Aurora,8,3,0.375
Katarina,Azir,2,0,0.0
Katarina,Bard,10,3,0.3
Katarina,Blitzcrank,4,4,1.0
Katarina,Brand,2,1,0.5
Katarina,Braum,1,0,0.0
Katarina,Caitlyn,9,5,0.5555555555555556
Katarina,Camille,2,0,0.0
Katarina,Cassiopeia,2,1,0.5
Katarina,Corki,3,2,0.6666666666666666
Katarina,Darius,3,3,1.0
Katarina,DrMundo,2,0,0.0
Katarina,Draven,3,1,0.3333333333333333
Katarina,Ekko,4,0,0.0
Katarina,Elise,1,1,1.0
Katarina,Ezreal,14,6,0.42857142857142855
Katarina,FiddleSticks,2,2,1.0
Katarina,Galio,7,3,0.42857142857142855
Katarina,Gangplank,3,2,0.6666666666666666
Katarina,Garen,5,2,0.4
Katarina,Gnar,3,2,0.6666666666666666
Katarina,Gragas,3,2,0.6666666666666666
Katarina,Graves,3,3,1.0
Katarina,Gwen,3,2,0.6666666666666666
Katarina,Hecarim,4,1,0.25
Katarina,Hwei,4,2,0.5
Katarina,Irelia,6,3,0.5
Katarina,Ivern,1,0,0.0
Katarina,JarvanIV,2,2,1.0
Katarina,Jax,2,0,0.0
Katarina,Jayce,7,1,0.14285714285714285
Katarina,Jhin,8,5,0.625
Katarina,Jinx,4,0,0.0
Katarina,KSante,3,1,0.3333333333333333
Katarina,Kaisa,8,5,0.625
Katarina,Karma,8,4,0.5
Katarina,Karthus,2,2,1.0
Katarina,Kassadin,1,1,1.0
Katarina,Kayn,1,0,0.0
Katarina,Kennen,1,0,0.0
Katarina,Kindred,4,1,0.25
Katarina,Kled,1,0,0.0
Katarina,KogMaw,1,1,1.0
Katarina,Leblanc,6,3,0.5
Katarina,LeeSin,10,5,0.5
Katarina,Leona,2,0,0.0
Katarina,Lissandra,7,2,0.2857142857142857
Katarina,Lucian,1,0,0.0
Katarina,Lulu,8,4,0.5
Katarina,Lux,2,2,1.0
Katarina,Malphite,2,1,0.5
Katarina,Malzahar,3,1,0.3333333333333333
Katarina,MasterYi,5,3,0.6
Katarina,Mel,3,1,0.3333333333333333
Katarina,Milio,1,0,0.0
Katarina,MissFortune,1,0,0.0
Katarina,MonkeyKing,1,1,1.0
Katarina,Naafiri,2,2,1.0
Katarina,Nami,7,5,0.7142857142857143
Katarina,Nasus,4,1,0.25
Katarina,Nautilus,4,2,0.5
Katarina,Neeko,4,3,0.75
Katarina,Nidalee,4,3,0.75
Katarina,Nocturne,2,1,0.5
Katarina,Nunu,3,1,0.3333333333333333
Katarina,Olaf,3,1,0.3333333333333333
Katarina,Orianna,2,2,1.0
Katarina,Ornn,2,1,0.5
Katarina,Pantheon,10,3,0.3
Katarina,Poppy,2,0,0.0
Katarina,Pyke,2,0,0.0
Katarina,Qiyana,5,4,0.8
Katarina,Quinn,1,0,0.0
Katarina,Rakan,3,2,0.6666666666666666
Katarina,Rammus,2,1,0.5
Katarina,RekSai,3,1,0.3333333333333333
Katarina,Rell,5,1,0.2
Katarina,Renata,1,0,0.0
Katarina,Rengar,3,2,0.6666666666666666
Katarina,Riven,2,1,0.5
Katarina,Rumble,6,4,0.6666666666666666
Katarina,Ryze,5,0,0.0
Katarina,Samira,1,1,1.0
Katarina,Senna,2,1,0.5
Katarina,Seraphine,6,4,0.6666666666666666
Katarina,Shaco,1,0,0.0
Katarina,Shen,3,1,0.3333333333333333
Katarina,Shyvana,1,1,1.0
Katarina,Singed,2,2,1.0
Katarina,Sion,6,3,0.5
Katarina,Skarner,2,2,1.0
Katarina,Smolder,1,1,1.0
Katarina,Sona,4,2,0.5
Katarina,Soraka,3,2,0.6666666666666666
Katarina,Sylas,4,3,0.75
Katarina,Taliyah,3,1,0.3333333333333333
Katarina,Talon,4,3,0.75
Katarina,Taric,1,0,0.0
Katarina,Teemo,3,2,0.6666666666666666
Katarina,Thresh,1,1,1.0
Katarina,Tristana,1,0,0.0
Katarina,TwistedFate,6,2,0.3333333333333333
Katarina,Twitch,2,2,1.0
Katarina,Udyr,1,1,1.0
Katarina,Varus,5,2,0.4
Katarina,Vayne,4,3,0.75
Katarina,Veigar,5,3,0.6
Katarina,Velkoz,2,1,0.5
Katarina,Vex,1,0,0.0
Katarina,Vi,3,2,0.6666666666666666
Katarina,Viego,4,2,0.5
Katarina,Viktor,3,2,0.6666666666666666
Katarina,Vladimir,7,3,0.42857142857142855
Katarina,Xayah,4,1,0.25
Katarina,XinZhao,2,0,0.0
Katarina,Yasuo,5,4,0.8
Katarina,Yone,1,0,0.0
Katarina,Yorick,3,3,1.0
Katarina,Yunara,5,2,0.4
Katarina,Yuumi,3,2,0.6666666666666666
Katarina,Zaahen,7,7,1.0
Katarina,Zed,2,1,0.5
Katarina,Zeri,1,1,1.0
Katarina,Ziggs,1,0,0.0
Katarina,Zoe,1,1,1.0
Katarina,Zyra,1,1,1.0
Kayle,Aatrox,3,1,0.3333333333333333
Kayle,Ahri,2,1,0.5
Kayle,Akali,2,0,0.0
Kayle,Alistar,1,0,0.0
Kayle,Ambessa,2,1,0.5
Kayle,Anivia,8,6,0.75
Kayle,Annie,1,0,0.0
Kayle,Aphelios,1,1,1.0
Kayle,Ashe,4,3,0.75
Kayle,Aurora,3,1,0.3333333333333333
Kayle,Azir,2,1,0.5
Kayle,Bard,5,2,0.4
Kayle,Blitzcrank,3,2,0.6666666666666666
Kayle,Braum,2,1,0.5
Kayle,Caitlyn,4,3,0.75
Kayle,Camille,1,1,1.0
Kayle,Cassiopeia,2,1,0.5
Kayle,Corki,4,1,0.25
Kayle,Diana,1,1,1.0
Kayle,DrMundo,1,1,1.0
Kayle,Draven,2,2,1.0
Kayle,Ekko,2,2,1.0
Kayle,Ezreal,8,5,0.625
Kayle,Fizz,1,1,1.0
Kayle,Galio,1,1,1.0
Kayle,Gangplank,1,1,1.0
Kayle,Garen,5,4,0.8
Kayle,Gnar,1,0,0.0
Kayle,Gragas,1,0,0.0
Kayle,Graves,4,2,0.5
Kayle,Hecarim,2,1,0.5
Kayle,Hwei,1,0,0.0
Kayle,Janna,1,0,0.0
Kayle,JarvanIV,1,1,1.0
Kayle,Jax,4,2,0.5
Kayle,Jayce,5,3,0.6
Kayle,Jhin,1,1,1.0
Kayle,KSante,3,1,0.3333333333333333
Kayle,Kaisa,2,1,0.5
Kayle,Kalista,2,2,1.0
Kayle,Karma,6,3,0.5
Kayle,Karthus,1,0,0.0
Kayle,Kayn,2,1,0.5
Kayle,Kindred,1,0,0.0
Kayle,Kled,1,1,1.0
Kayle,Leblanc,1,0,0.0
Kayle,LeeSin,1,1,1.0
Kayle,Leona,1,1,1.0
Kayle,Lillia,1,1,1.0
Kayle,Lucian,1,0,0.0
Kayle,Lulu,3,2,0.6666666666666666
Kayle,Lux,2,1,0.5
Kayle,Malphite,1,0,0.0
Kayle,Malzahar,1,1,1.0
Kayle,Maokai,1,0,0.0
Kayle,Mel,1,0,0.0
Kayle,MonkeyKing,1,1,1.0
Kayle,Morgana,1,1,1.0
Kayle,Nami,3,3,1.0
Kayle,Nasus,1,1,1.0
Kayle,Nautilus,1,0,0.0
Kayle,Neeko,1,0,0.0
Kayle,Nocturne,3,1,0.3333333333333333
Kayle,Nunu,2,2,1.0
Kayle,Orianna,2,1,0.5
Kayle,Pantheon,2,1,0.5
Kayle,Poppy,4,3,0.75
Kayle,Pyke,2,2,1.0
Kayle,RekSai,1,0,0.0
Kayle,Rell,1,0,0.0
Kayle,Renata,1,1,1.0
Kayle,Renekton,1,1,1.0
Kayle,Riven,1,1,1.0
Kayle,Ryze,2,1,0.5
Kayle,Senna,2,2,1.0
Kayle,Seraphine,1,1,1.0
Kayle,Sett,1,1,1.0
Kayle,Shaco,1,1,1.0
Kayle,Shen,2,1,0.5
Kayle,Singed,2,0,0.0
Kayle,Sion,2,2,1.0
Kayle,Sivir,2,2,1.0
Kayle,Skarner,1,0,0.0
Kayle,Smolder,1,1,1.0
Kayle,Sona,3,2,0.6666666666666666
Kayle,Swain,1,0,0.0
Kayle,Sylas,5,4,0.8
Kayle,Syndra,3,3,1.0
Kayle,Taliyah,3,3,1.0
Kayle,Taric,1,1,1.0
Kayle,Teemo,1,0,0.0
Kayle,Tristana,1,1,1.0
Kayle,TwistedFate,1,0,0.0
Kayle,Urgot,1,0,0.0
Kayle,Varus,2,1,0.5
Kayle,Vayne,1,1,1.0
Kayle,Vi,2,2,1.0
Kayle,Viego,2,1,0.5
Kayle,Vladimir,4,3,0.75
Kayle,XinZhao,3,1,0.3333333333333333
Kayle,Yasuo,1,0,0.0
Kayle,Yone,3,2,0.6666666666666666
Kayle,Yunara,3,1,0.3333333333333333
Kayle,Zaahen,1,1,1.0
Kayle,Zed,2,1,0.5
Kayle,Zoe,1,1,1.0
Kayn,Aatrox,5,0,0.0
Kayn,Ahri,2,2,1.0
Kayn,Akali,6,1,0.16666666666666666
Kayn,Akshan,2,0,0.0
Kayn,Alistar,3,2,0.6666666666666666
Kayn,Ambessa,5,3,0.6
Kayn,Anivia,7,2,0.2857142857142857
Kayn,Annie,4,3,0.75
Kayn,Aphelios,1,0,0.0
Kayn,Ashe,7,2,0.2857142857142857
Kayn,Aurora,7,4,0.5714285714285714
Kayn,Azir,2,0,0.0
Kayn,Bard,8,1,0.125
Kayn,Belveth,2,1,0.5
Kayn,Brand,3,1,0.3333333333333333
Kayn,Briar,1,0,0.0
Kayn,Caitlyn,6,3,0.5
Kayn,Camille,3,2,0.6666666666666666
Kayn,Cassiopeia,1,1,1.0
Kayn,Corki,1,0,0.0
Kayn,Diana,1,0,0.0
Kayn,Draven,1,0,0.0
Kayn,Ekko,1,0,0.0
Kayn,Evelynn,1,0,0.0
Kayn,Ezreal,7,5,0.7142857142857143
Kayn,FiddleSticks,3,1,0.3333333333333333
Kayn,Galio,3,1,0.3333333333333333
Kayn,Gangplank,2,1,0.5
Kayn,Gnar,2,1,0.5
Kayn,Gragas,1,0,0.0
Kayn,Graves,8,6,0.75
Kayn,Gwen,1,0,0.0
Kayn,Hecarim,2,2,1.0
Kayn,Heimerdinger,3,2,0.6666666666666666
Kayn,Hwei,4,0,0.0
Kayn,Irelia,1,1,1.0
Kayn,JarvanIV,5,3,0.6
Kayn,Jax,2,2,1.0
Kayn,Jayce,5,3,0.6
Kayn,Jhin,7,3,0.42857142857142855
Kayn,Jinx,1,1,1.0
Kayn,KSante,4,3,0.75
Kayn,Kaisa,3,1,0.3333333333333333
Kayn,Kalista,1,1,1.0
Kayn,Karma,6,0,0.0
Kayn,Karthus,2,1,0.5
Kayn,Kassadin,1,1,1.0
Kayn,Katarina,1,1,1.0
Kayn,Kayle,2,1,0.5
Kayn,Kennen,1,1,1.0
Kayn,Khazix,1,0,0.0
Kayn,Kindred,2,0,0.0
Kayn,Kled,1,1,1.0
Kayn,Leblanc,4,3,0.75
Kayn,LeeSin,8,1,0.125
Kayn,Leona,1,0,0.0
Kayn,Lissandra,4,3,0.75
Kayn,Lucian,4,4,1.0
Kayn,Lulu,3,2,0.6666666666666666
Kayn,Lux,1,1,1.0
Kayn,Malphite,1,0,0.0
Kayn,Maokai,1,0,0.0
Kayn,MasterYi,2,2,1.0
Kayn,Mel,3,1,0.3333333333333333
Kayn,Milio,1,0,0.0
Kayn,MissFortune,2,1,0.5
Kayn,MonkeyKing,2,0,0.0
Kayn,Naafiri,8,2,0.25
Kayn,Nami,4,2,0.5
Kayn,Nasus,1,0,0.0
Kayn,Nautilus,9,3,0.3333333333333333
Kayn,Neeko,3,0,0.0
Kayn,Nidalee,2,0,0.0
Kayn,Nilah,1,0,0.0
Kayn,Nocturne,5,2,0.4
Kayn,Nunu,1,1,1.0
Kayn,Orianna,6,0,0.0
Kayn,Ornn,2,1,0.5
Kayn,Pantheon,2,0,0.0
Kayn,Poppy,1,1,1.0
Kayn,Pyke,4,2,0.5
Kayn,Qiyana,3,2,0.6666666666666666
Kayn,Quinn,1,0,0.0
Kayn,Rakan,1,0,0.0
Kayn,RekSai,3,1,0.3333333333333333
Kayn,Rell,3,2,0.6666666666666666
Kayn,Riven,3,1,0.3333333333333333
Kayn,Rumble,2,1,0.5
Kayn,Ryze,3,2,0.6666666666666666
Kayn,Senna,4,2,0.5
Kayn,Seraphine,2,0,0.0
Kayn,Shaco,1,0,0.0
Kayn,Shen,2,1,0.5
Kayn,Singed,5,1,0.2
Kayn,Sion,2,0,0.0
Kayn,Sivir,4,1,0.25
Kayn,Skarner,2,0,0.0
Kayn,Smolder,2,0,0.0
Kayn,Sona,4,3,0.75
Kayn,Soraka,2,2,1.0
Kayn,Swain,3,1,0.3333333333333333
Kayn,Sylas,6,2,0.3333333333333333
Kayn,Syndra,3,2,0.6666666666666666
Kayn,Taliyah,3,1,0.3333333333333333
Kayn,Talon,1,0,0.0
Kayn,Teemo,2,1,0.5
Kayn,Thresh,1,1,1.0
Kayn,Tristana,1,0,0.0
Kayn,Twitch,1,1,1.0
Kayn,Urgot,1,1,1.0
Kayn,Varus,5,1,0.2
Kayn,Vayne,5,1,0.2
Kayn,Veigar,1,1,1.0
Kayn,Vex,1,0,0.0
Kayn,Vi,1,1,1.0
Kayn,Viego,1,1,1.0
Kayn,Viktor,4,2,0.5
Kayn,Vladimir,4,2,0.5
Kayn,Xayah,1,0,0.0
Kayn,Xerath,3,2,0.6666666666666666
Kayn,XinZhao,2,2,1.0
Kayn,Yasuo,3,2,0.6666666666666666
Kayn,Yone,4,0,0.0
Kayn,Yorick,3,1,0.3333333333333333
Kayn,Yunara,6,2,0.3333333333333333
Kayn,Yuumi,3,2,0.6666666666666666
Kayn,Zaahen,3,1,0.3333333333333333
Kayn,Zed,1,0,0.0
Kayn,Ziggs,1,0,0.0
Kayn,Zoe,4,2,0.5
Kennen,Aatrox,3,0,0.0
Kennen,Ahri,2,1,0.5
Kennen,Akali,6,4,0.6666666666666666
Kennen,Alistar,5,1,0.2
Kennen,Ambessa,5,4,0.8
Kennen,Anivia,9,6,0.6666666666666666
Kennen,Annie,3,1,0.3333333333333333
Kennen,Aphelios,2,1,0.5
Kennen,AurelionSol,3,1,0.3333333333333333
Kennen,Aurora,4,1,0.25
Kennen,Azir,2,2,1.0
Kennen,Bard,8,4,0.5
Kennen,Braum,1,0,0.0
Kennen,Caitlyn,7,6,0.8571428571428571
Kennen,Corki,3,1,0.3333333333333333
Kennen,Darius,3,1,0.3333333333333333
Kennen,Ekko,3,0,0.0
Kennen,Elise,2,2,1.0
Kennen,Evelynn,2,1,0.5
Kennen,Ezreal,6,2,0.3333333333333333
Kennen,FiddleSticks,1,1,1.0
Kennen,Fiora,5,1,0.2
Kennen,Fizz,1,1,1.0
Kennen,Galio,2,1,0.5
Kennen,Gangplank,1,1,1.0
Kennen,Garen,1,0,0.0
Kennen,Gnar,4,2,0.5
Kennen,Graves,3,1,0.3333333333333333
Kennen,Illaoi,1,1,1.0
Kennen,Irelia,2,1,0.5
Kennen,Janna,1,0,0.0
Kennen,JarvanIV,7,5,0.7142857142857143
Kennen,Jax,3,1,0.3333333333333333
Kennen,Jayce,6,3,0.5
Kennen,Jhin,5,2,0.4
Kennen,Jinx,2,0,0.0
Kennen,Kaisa,5,5,1.0
Kennen,Kalista,1,1,1.0
Kennen,Karma,3,2,0.6666666666666666
Kennen,Katarina,1,1,1.0
Kennen,Kayn,1,0,0.0
Kennen,Khazix,1,0,0.0
Kennen,Leblanc,2,0,0.0
Kennen,LeeSin,7,3,0.42857142857142855
Kennen,Leona,2,0,0.0
Kennen,Lissandra,2,1,0.5
Kennen,Lucian,4,1,0.25
Kennen,Lulu,3,1,0.3333333333333333
Kennen,Lux,2,2,1.0
Kennen,Malphite,2,1,0.5
Kennen,MasterYi,3,1,0.3333333333333333
Kennen,Mel,1,0,0.0
Kennen,MissFortune,1,0,0.0
Kennen,MonkeyKing,4,2,0.5
Kennen,Nami,6,1,0.16666666666666666
Kennen,Nautilus,2,2,1.0
Kennen,Neeko,3,2,0.6666666666666666
Kennen,Nidalee,3,1,0.3333333333333333
Kennen,Nocturne,2,0,0.0
Kennen,Nunu,1,0,0.0
Kennen,Orianna,3,1,0.3333333333333333
Kennen,Ornn,3,1,0.3333333333333333
Kennen,Pantheon,4,3,0.75
Kennen,Poppy,1,1,1.0
Kennen,Pyke,3,1,0.3333333333333333
Kennen,Qiyana,3,1,0.3333333333333333
Kennen,Rakan,2,1,0.5
Kennen,RekSai,1,0,0.0
Kennen,Rell,1,1,1.0
Kennen,Renekton,2,2,1.0
Kennen,Riven,4,3,0.75
Kennen,Rumble,2,2,1.0
Kennen,Ryze,5,1,0.2
Kennen,Sejuani,2,1,0.5
Kennen,Senna,2,2,1.0
Kennen,Seraphine,2,0,0.0
Kennen,Singed,1,0,0.0
Kennen,Sion,1,0,0.0
Kennen,Sivir,2,0,0.0
Kennen,Skarner,2,2,1.0
Kennen,Sona,2,1,0.5
Kennen,Soraka,1,0,0.0
Kennen,Sylas,5,3,0.6
Kennen,Syndra,1,0,0.0
Kennen,Taliyah,1,0,0.0
Kennen,Talon,3,1,0.3333333333333333
Kennen,Teemo,2,0,0.0
Kennen,Tristana,3,2,0.6666666666666666
Kennen,Trundle,1,1,1.0
Kennen,Tryndamere,1,0,0.0
Kennen,Udyr,2,1,0.5
Kennen,Urgot,1,1,1.0
Kennen,Varus,4,4,1.0
Kennen,Vayne,4,0,0.0
Kennen,Velkoz,2,2,1.0
Kennen,Vi,1,1,1.0
Kennen,Viego,1,1,1.0
Kennen,Viktor,2,1,0.5
Kennen,Vladimir,1,0,0.0
Kennen,Xerath,1,0,0.0
Kennen,XinZhao,4,3,0.75
Kennen,Yasuo,3,1,0.3333333333333333
Kennen,Yone,3,2,0.6666666666666666
Kennen,Yunara,4,1,0.25
Kennen,Zaahen,1,1,1.0
Kennen,Zed,3,2,0.6666666666666666
Kennen,Zeri,1,0,0.0
Kennen,Ziggs,2,1,0.5
Kennen,Zoe,6,3,0.5
Kennen,Zyra,2,2,1.0
Khazix,Aatrox,2,1,0.5
Khazix,Ahri,5,4,0.8
Khazix,Akali,4,1,0.25
Khazix,Akshan,3,1,0.3333333333333333
Khazix,Alistar,4,1,0.25
Khazix,Ambessa,4,1,0.25
Khazix,Amumu,1,1,1.0
Khazix,Anivia,7,4,0.5714285714285714
Khazix,Annie,1,0,0.0
Khazix,Ashe,2,1,0.5
Khazix,AurelionSol,2,2,1.0
Khazix,Aurora,8,6,0.75
Khazix,Azir,1,1,1.0
Khazix,Bard,7,3,0.42857142857142855
Khazix,Blitzcrank,1,1,1.0
Khazix,Briar,1,1,1.0
Khazix,Caitlyn,6,3,0.5
Khazix,Camille,1,1,1.0
Khazix,Cassiopeia,2,1,0.5
Khazix,Corki,4,3,0.75
Khazix,Darius,3,0,0.0
Khazix,DrMundo,3,2,0.6666666666666666
Khazix,Draven,1,0,0.0
Khazix,Ekko,2,0,0.0
Khazix,Elise,1,0,0.0
Khazix,Ezreal,7,4,0.5714285714285714
Khazix,FiddleSticks,2,0,0.0
Khazix,Fizz,2,1,0.5
Khazix,Galio,1,0,0.0
Khazix,Garen,1,1,1.0
Khazix,Gnar,5,2,0.4
Khazix,Gragas,2,0,0.0
Khazix,Graves,2,2,1.0
Khazix,Hecarim,3,1,0.3333333333333333
Khazix,Hwei,3,1,0.3333333333333333
Khazix,Irelia,4,3,0.75
Khazix,Ivern,2,1,0.5
Khazix,Janna,1,0,0.0
Khazix,JarvanIV,4,1,0.25
Khazix,Jayce,10,4,0.4
Khazix,Jhin,9,5,0.5555555555555556
Khazix,Kaisa,3,1,0.3333333333333333
Khazix,Kalista,1,0,0.0
Khazix,Karma,6,4,0.6666666666666666
Khazix,Karthus,2,0,0.0
Khazix,Kayn,1,1,1.0
Khazix,Kennen,1,1,1.0
Khazix,Kindred,3,0,0.0
Khazix,KogMaw,2,1,0.5
Khazix,LeeSin,2,1,0.5
Khazix,Leona,2,1,0.5
Khazix,Lucian,2,1,0.5
Khazix,Lulu,7,3,0.42857142857142855
Khazix,Lux,1,0,0.0
Khazix,MasterYi,3,0,0.0
Khazix,Mel,4,2,0.5
Khazix,Milio,1,1,1.0
Khazix,MissFortune,3,0,0.0
Khazix,Mordekaiser,1,0,0.0
Khazix,Morgana,1,0,0.0
Khazix,Naafiri,4,3,0.75
Khazix,Nami,3,1,0.3333333333333333
Khazix,Nautilus,10,5,0.5
Khazix,Neeko,2,1,0.5
Khazix,Nidalee,4,2,0.5
Khazix,Nilah,1,1,1.0
Khazix,Nocturne,6,2,0.3333333333333333
Khazix,Nunu,2,1,0.5
Khazix,Olaf,1,1,1.0
Khazix,Orianna,3,1,0.3333333333333333
Khazix,Pantheon,8,2,0.25
Khazix,Poppy,4,1,0.25
Khazix,Pyke,3,1,0.3333333333333333
Khazix,Qiyana,5,4,0.8
Khazix,Quinn,3,2,0.6666666666666666
Khazix,Rakan,1,0,0.0
Khazix,RekSai,3,1,0.3333333333333333
Khazix,Rell,1,0,0.0
Khazix,Renekton,2,1,0.5
Khazix,Riven,2,1,0.5
Khazix,Rumble,3,2,0.6666666666666666
Khazix,Ryze,3,0,0.0
Khazix,Senna,5,3,0.6
Khazix,Seraphine,4,1,0.25
Khazix,Sett,1,1,1.0
Khazix,Shaco,2,1,0.5
Khazix,Shen,2,1,0.5
Khazix,Singed,3,1,0.3333333333333333
Khazix,Sion,2,1,0.5
Khazix,Sivir,3,1,0.3333333333333333
Khazix,Skarner,1,0,0.0
Khazix,Smolder,1,1,1.0
Khazix,Sona,6,4,0.6666666666666666
Khazix,Soraka,1,0,0.0
Khazix,Sylas,5,2,0.4
Khazix,Syndra,1,1,1.0
Khazix,Talon,3,2,0.6666666666666666
Khazix,Taric,1,0,0.0
Khazix,Teemo,1,0,0.0
Khazix,Tryndamere,1,0,0.0
Khazix,TwistedFate,5,2,0.4
Khazix,Twitch,1,0,0.0
Khazix,Udyr,1,1,1.0
Khazix,Varus,6,2,0.3333333333333333
Khazix,Vayne,2,2,1.0
Khazix,Veigar,1,1,1.0
Khazix,Velkoz,1,0,0.0
Khazix,Vex,2,2,1.0
Khazix,Vi,4,2,0.5
Khazix,Viego,2,2,1.0
Khazix,Viktor,1,0,0.0
Khazix,Vladimir,3,1,0.3333333333333333
Khazix,Warwick,1,0,0.0
Khazix,Xerath,1,0,0.0
Khazix,XinZhao,5,2,0.4
Khazix,Yone,3,3,1.0
Khazix,Yorick,1,0,0.0
Khazix,Yunara,7,3,0.42857142857142855
Khazix,Zaahen,1,0,0.0
Khazix,Zac,1,0,0.0
Khazix,Zed,5,0,0.0
Khazix,Zeri,1,0,0.0
Khazix,Ziggs,1,1,1.0
Khazix,Zoe,1,1,1.0
Khazix,Zyra,1,0,0.0
Kindred,Aatrox,2,1,0.5
Kindred,Ahri,5,3,0.6
Kindred,Akali,4,3,0.75
Kindred,Akshan,3,3,1.0
Kindred,Alistar,1,0,0.0
Kindred,Ambessa,9,6,0.6666666666666666
Kindred,Amumu,1,0,0.0
Kindred,Anivia,10,7,0.7
Kindred,Annie,3,2,0.6666666666666666
Kindred,Ashe,6,3,0.5
Kindred,Aurora,7,4,0.5714285714285714
Kindred,Azir,2,1,0.5
Kindred,Bard,10,6,0.6
Kindred,Belveth,2,1,0.5
Kindred,Blitzcrank,3,2,0.6666666666666666
Kindred,Brand,1,0,0.0
Kindred,Briar,1,0,0.0
Kindred,Caitlyn,13,6,0.46153846153846156
Kindred,Camille,6,4,0.6666666666666666
Kindred,Cassiopeia,4,2,0.5
Kindred,Corki,5,3,0.6
Kindred,Darius,1,0,0.0
Kindred,Diana,3,1,0.3333333333333333
Kindred,DrMundo,1,1,1.0
Kindred,Draven,1,1,1.0
Kindred,Ekko,2,2,1.0
Kindred,Elise,1,0,0.0
Kindred,Evelynn,2,2,1.0
Kindred,Ezreal,12,9,0.75
Kindred,FiddleSticks,1,0,0.0
Kindred,Galio,1,0,0.0
Kindred,Gangplank,1,1,1.0
Kindred,Garen,1,0,0.0
Kindred,Gnar,8,4,0.5
Kindred,Gragas,2,1,0.5
Kindred,Graves,9,3,0.3333333333333333
Kindred,Gwen,1,0,0.0
Kindred,Hwei,3,3,1.0
Kindred,Illaoi,1,1,1.0
Kindred,Irelia,1,0,0.0
Kindred,Ivern,1,1,1.0
Kindred,Janna,1,1,1.0
Kindred,JarvanIV,3,2,0.6666666666666666
Kindred,Jax,4,2,0.5
Kindred,Jayce,14,11,0.7857142857142857
Kindred,Jhin,10,7,0.7
Kindred,Jinx,2,2,1.0
Kindred,KSante,1,0,0.0
Kindred,Kaisa,3,2,0.6666666666666666
Kindred,Karma,8,7,0.875
Kindred,Karthus,5,4,0.8
Kindred,Kassadin,1,1,1.0
Kindred,Katarina,4,3,0.75
Kindred,Kayle,1,1,1.0
Kindred,Kayn,2,2,1.0
Kindred,Khazix,3,3,1.0
Kindred,Leblanc,1,0,0.0
Kindred,LeeSin,12,7,0.5833333333333334
Kindred,Lillia,5,2,0.4
Kindred,Lissandra,1,1,1.0
Kindred,Lucian,2,2,1.0
Kindred,Lulu,2,2,1.0
Kindred,Lux,1,1,1.0
Kindred,Malphite,1,0,0.0
Kindred,MasterYi,1,1,1.0
Kindred,Mel,2,1,0.5
Kindred,MissFortune,2,1,0.5
Kindred,MonkeyKing,1,1,1.0
Kindred,Naafiri,6,4,0.6666666666666666
Kindred,Nami,6,3,0.5
Kindred,Nautilus,9,8,0.8888888888888888
Kindred,Neeko,3,1,0.3333333333333333
Kindred,Nidalee,1,1,1.0
Kindred,Nocturne,5,4,0.8
Kindred,Orianna,6,5,0.8333333333333334
Kindred,Ornn,3,2,0.6666666666666666
Kindred,Pantheon,8,4,0.5
Kindred,Poppy,3,1,0.3333333333333333
Kindred,Pyke,2,1,0.5
Kindred,Qiyana,2,2,1.0
Kindred,Quinn,1,0,0.0
Kindred,Rakan,2,1,0.5
Kindred,RekSai,1,0,0.0
Kindred,Rell,5,3,0.6
Kindred,Rengar,2,0,0.0
Kindred,Riven,3,2,0.6666666666666666
Kindred,Rumble,4,3,0.75
Kindred,Ryze,5,5,1.0
Kindred,Samira,1,0,0.0
Kindred,Sejuani,1,1,1.0
Kindred,Senna,6,2,0.3333333333333333
Kindred,Seraphine,2,1,0.5
Kindred,Shen,1,0,0.0
Kindred,Shyvana,1,0,0.0
Kindred,Singed,1,0,0.0
Kindred,Sion,7,6,0.8571428571428571
Kindred,Sivir,1,1,1.0
Kindred,Skarner,1,0,0.0
Kindred,Sona,1,1,1.0
Kindred,Soraka,1,1,1.0
Kindred,Swain,2,0,0.0
Kindred,Sylas,6,3,0.5
Kindred,Syndra,2,0,0.0
Kindred,Taliyah,3,0,0.0
Kindred,Talon,1,1,1.0
Kindred,Taric,1,1,1.0
Kindred,Teemo,1,0,0.0
Kindred,Tristana,4,2,0.5
Kindred,TwistedFate,3,0,0.0
Kindred,Twitch,1,1,1.0
Kindred,Varus,6,3,0.5
Kindred,Vayne,6,4,0.6666666666666666
Kindred,Veigar,1,1,1.0
Kindred,Vex,1,0,0.0
Kindred,Vi,1,1,1.0
Kindred,Viego,2,0,0.0
Kindred,Viktor,3,1,0.3333333333333333
Kindred,Vladimir,3,2,0.6666666666666666
Kindred,Xerath,2,2,1.0
Kindred,XinZhao,6,4,0.6666666666666666
Kindred,Yasuo,5,1,0.2
Kindred,Yone,3,3,1.0
Kindred,Yorick,1,1,1.0
Kindred,Yunara,3,3,1.0
Kindred,Yuumi,1,1,1.0
Kindred,Zaahen,1,1,1.0
Kindred,Zac,1,1,1.0
Kindred,Zed,3,2,0.6666666666666666
Kindred,Ziggs,1,1,1.0
Kindred,Zilean,1,1,1.0
Kindred,Zoe,1,1,1.0
Kindred,Zyra,4,1,0.25
Kled,Aatrox,2,1,0.5
Kled,Ahri,1,0,0.0
Kled,Akali,1,1,1.0
Kled,Alistar,3,2,0.6666666666666666
Kled,Ambessa,5,3,0.6
Kled,Amumu,1,1,1.0
Kled,Anivia,2,1,0.5
Kled,Annie,2,0,0.0
Kled,Aphelios,1,1,1.0
Kled,Ashe,1,1,1.0
Kled,AurelionSol,2,2,1.0
Kled,Aurora,3,0,0.0
Kled,Azir,1,0,0.0
Kled,Braum,1,1,1.0
Kled,Caitlyn,1,1,1.0
Kled,Corki,2,1,0.5
Kled,Darius,4,2,0.5
Kled,Diana,1,1,1.0
Kled,Draven,4,2,0.5
Kled,Ekko,2,1,0.5
Kled,Elise,2,1,0.5
Kled,Evelynn,1,0,0.0
Kled,FiddleSticks,3,2,0.6666666666666666
Kled,Fiora,1,1,1.0
Kled,Galio,1,1,1.0
Kled,Gangplank,3,3,1.0
Kled,Gnar,3,2,0.6666666666666666
Kled,Graves,3,2,0.6666666666666666
Kled,Hecarim,1,0,0.0
Kled,Heimerdinger,1,1,1.0
Kled,Hwei,2,1,0.5
Kled,Ivern,1,1,1.0
Kled,Jax,1,0,0.0
Kled,Jayce,2,1,0.5
Kled,Jhin,5,2,0.4
Kled,Jinx,2,0,0.0
Kled,KSante,2,2,1.0
Kled,Kaisa,2,1,0.5
Kled,Kalista,2,0,0.0
Kled,Karma,5,4,0.8
Kled,Karthus,1,0,0.0
Kled,Katarina,1,1,1.0
Kled,Kayle,1,0,0.0
Kled,Kayn,1,0,0.0
Kled,KogMaw,2,2,1.0
Kled,LeeSin,4,2,0.5
Kled,Lulu,1,0,0.0
Kled,Lux,3,2,0.6666666666666666
Kled,Malphite,1,0,0.0
Kled,Mel,2,1,0.5
Kled,MissFortune,1,0,0.0
Kled,Naafiri,2,1,0.5
Kled,Nami,3,2,0.6666666666666666
Kled,Nautilus,5,1,0.2
Kled,Neeko,3,1,0.3333333333333333
Kled,Nidalee,3,1,0.3333333333333333
Kled,Nunu,1,0,0.0
Kled,Olaf,3,1,0.3333333333333333
Kled,Orianna,2,1,0.5
Kled,Ornn,1,0,0.0
Kled,Pantheon,1,0,0.0
Kled,Poppy,1,0,0.0
Kled,Qiyana,2,0,0.0
Kled,Quinn,1,1,1.0
Kled,Rakan,1,0,0.0
Kled,RekSai,1,0,0.0
Kled,Rell,1,0,0.0
Kled,Renata,1,1,1.0
Kled,Renekton,1,1,1.0
Kled,Rengar,1,0,0.0
Kled,Ryze,2,1,0.5
Kled,Sejuani,1,1,1.0
Kled,Senna,3,1,0.3333333333333333
Kled,Shaco,1,1,1.0
Kled,Shen,2,1,0.5
Kled,Sion,2,1,0.5
Kled,Skarner,1,1,1.0
Kled,Smolder,2,2,1.0
Kled,Soraka,3,2,0.6666666666666666
Kled,Sylas,4,2,0.5
Kled,Taliyah,1,0,0.0
Kled,Talon,1,1,1.0
Kled,Teemo,1,1,1.0
Kled,Thresh,2,1,0.5
Kled,Tristana,2,0,0.0
Kled,Varus,3,2,0.6666666666666666
Kled,Vayne,2,1,0.5
Kled,Veigar,5,3,0.6
Kled,Velkoz,1,1,1.0
Kled,Viego,2,1,0.5
Kled,Vladimir,2,1,0.5
Kled,Volibear,1,0,0.0
Kled,XinZhao,2,1,0.5
Kled,Yasuo,3,3,1.0
Kled,Yunara,4,1,0.25
Kled,Zaahen,2,2,1.0
Kled,Zed,2,0,0.0
Kled,Zeri,1,1,1.0
Kled,Ziggs,1,0,0.0
Kled,Zoe,1,1,1.0
KogMaw,Aatrox,3,1,0.3333333333333333
KogMaw,Ahri,5,0,0.0
KogMaw,Akali,2,1,0.5
KogMaw,Ambessa,4,2,0.5
KogMaw,Anivia,6,3,0.5
KogMaw,Annie,2,1,0.5
KogMaw,Aphelios,1,0,0.0
KogMaw,Ashe,6,2,0.3333333333333333
KogMaw,Aurora,2,0,0.0
KogMaw,Azir,2,1,0.5
KogMaw,Bard,3,0,0.0
KogMaw,Blitzcrank,2,1,0.5
KogMaw,Caitlyn,6,2,0.3333333333333333
KogMaw,Camille,2,0,0.0
KogMaw,Cassiopeia,1,0,0.0
KogMaw,Draven,1,0,0.0
KogMaw,Ekko,1,1,1.0
KogMaw,Elise,2,1,0.5
KogMaw,Ezreal,5,3,0.6
KogMaw,Garen,1,0,0.0
KogMaw,Gnar,1,0,0.0
KogMaw,Gragas,1,0,0.0
KogMaw,Graves,1,0,0.0
KogMaw,Hecarim,1,1,1.0
KogMaw,Hwei,3,2,0.6666666666666666
KogMaw,Irelia,1,1,1.0
KogMaw,Janna,2,1,0.5
KogMaw,JarvanIV,2,1,0.5
KogMaw,Jax,3,2,0.6666666666666666
KogMaw,Jayce,3,3,1.0
KogMaw,Jhin,2,1,0.5
KogMaw,Kaisa,4,3,0.75
KogMaw,Kalista,1,0,0.0
KogMaw,Karma,2,2,1.0
KogMaw,Karthus,1,0,0.0
KogMaw,Katarina,1,0,0.0
KogMaw,Khazix,2,1,0.5
KogMaw,Kled,2,0,0.0
KogMaw,Leblanc,1,0,0.0
KogMaw,LeeSin,3,0,0.0
KogMaw,Leona,1,0,0.0
KogMaw,Lillia,1,1,1.0
KogMaw,Lissandra,1,0,0.0
KogMaw,Lucian,3,2,0.6666666666666666
KogMaw,Lulu,2,1,0.5
KogMaw,Lux,2,2,1.0
KogMaw,Malphite,1,1,1.0
KogMaw,Maokai,1,1,1.0
KogMaw,Mel,2,2,1.0
KogMaw,Milio,1,0,0.0
KogMaw,MonkeyKing,1,1,1.0
KogMaw,Naafiri,1,0,0.0
KogMaw,Nami,4,2,0.5
KogMaw,Nautilus,4,1,0.25
KogMaw,Neeko,1,1,1.0
KogMaw,Nidalee,2,0,0.0
KogMaw,Nocturne,4,1,0.25
KogMaw,Nunu,1,1,1.0
KogMaw,Orianna,2,1,0.5
KogMaw,Ornn,1,0,0.0
KogMaw,Pantheon,3,2,0.6666666666666666
KogMaw,Poppy,1,0,0.0
KogMaw,Qiyana,1,0,0.0
KogMaw,Rakan,1,1,1.0
KogMaw,RekSai,3,1,0.3333333333333333
KogMaw,Renata,1,0,0.0
KogMaw,Renekton,4,2,0.5
KogMaw,Rengar,1,0,0.0
KogMaw,Rumble,1,1,1.0
KogMaw,Ryze,2,2,1.0
KogMaw,Seraphine,5,1,0.2
KogMaw,Sett,1,0,0.0
KogMaw,Shen,1,0,0.0
KogMaw,Singed,1,0,0.0
KogMaw,Sion,2,1,0.5
KogMaw,Sona,4,2,0.5
KogMaw,Sylas,1,0,0.0
KogMaw,Syndra,2,0,0.0
KogMaw,Taliyah,2,1,0.5
KogMaw,Talon,1,0,0.0
KogMaw,Teemo,1,0,0.0
KogMaw,TwistedFate,3,1,0.3333333333333333
KogMaw,Twitch,3,1,0.3333333333333333
KogMaw,Udyr,2,0,0.0
KogMaw,Varus,4,3,0.75
KogMaw,Vayne,5,3,0.6
KogMaw,Veigar,3,1,0.3333333333333333
KogMaw,Velkoz,1,1,1.0
KogMaw,Vi,1,1,1.0
KogMaw,Viego,2,2,1.0
KogMaw,Viktor,1,0,0.0
KogMaw,Vladimir,1,1,1.0
KogMaw,Volibear,1,1,1.0
KogMaw,Xerath,2,1,0.5
KogMaw,XinZhao,2,0,0.0
KogMaw,Yasuo,3,1,0.3333333333333333
KogMaw,Yone,3,1,0.3333333333333333
KogMaw,Yorick,1,0,0.0
KogMaw,Yunara,3,1,0.3333333333333333
KogMaw,Zed,2,0,0.0
KogMaw,Ziggs,1,1,1.0
KogMaw,Zoe,1,1,1.0
KogMaw,Zyra,1,0,0.0
Leblanc,Aatrox,5,2,0.4
Leblanc,Ahri,7,5,0.7142857142857143
Leblanc,Akali,8,2,0.25
Leblanc,Akshan,2,2,1.0
Leblanc,Alistar,5,1,0.2
Leblanc,Ambessa,21,15,0.7142857142857143
Leblanc,Amumu,1,0,0.0
Leblanc,Anivia,14,5,0.35714285714285715
Leblanc,Annie,8,4,0.5
Leblanc,Aphelios,1,1,1.0
Leblanc,Ashe,9,2,0.2222222222222222
Leblanc,AurelionSol,3,3,1.0
Leblanc,Aurora,19,7,0.3684210526315789
Leblanc,Azir,8,4,0.5
Leblanc,Bard,12,3,0.25
Leblanc,Braum,4,3,0.75
Leblanc,Briar,1,1,1.0
Leblanc,Caitlyn,10,4,0.4
Leblanc,Camille,6,3,0.5
Leblanc,Cassiopeia,2,1,0.5
Leblanc,Chogath,2,0,0.0
Leblanc,Corki,5,4,0.8
Leblanc,Darius,3,2,0.6666666666666666
Leblanc,DrMundo,5,1,0.2
Leblanc,Draven,2,1,0.5
Leblanc,Ekko,3,2,0.6666666666666666
Leblanc,Elise,4,3,0.75
Leblanc,Evelynn,1,1,1.0
Leblanc,Ezreal,30,18,0.6
Leblanc,FiddleSticks,3,2,0.6666666666666666
Leblanc,Fiora,5,2,0.4
Leblanc,Fizz,1,1,1.0
Leblanc,Galio,3,1,0.3333333333333333
Leblanc,Gangplank,1,1,1.0
Leblanc,Garen,5,1,0.2
Leblanc,Gnar,8,5,0.625
Leblanc,Gragas,3,1,0.3333333333333333
Leblanc,Graves,11,8,0.7272727272727273
Leblanc,Hecarim,3,1,0.3333333333333333
Leblanc,Hwei,8,5,0.625
Leblanc,Irelia,7,1,0.14285714285714285
Leblanc,Ivern,3,3,1.0
Leblanc,Janna,3,0,0.0
Leblanc,JarvanIV,23,8,0.34782608695652173
Leblanc,Jax,2,2,1.0
Leblanc,Jayce,11,3,0.2727272727272727
Leblanc,Jhin,16,9,0.5625
Leblanc,Jinx,2,1,0.5
Leblanc,KSante,4,1,0.25
Leblanc,Kaisa,11,8,0.7272727272727273
Leblanc,Kalista,1,1,1.0
Leblanc,Karma,24,11,0.4583333333333333
Leblanc,Karthus,5,1,0.2
Leblanc,Kassadin,1,1,1.0
Leblanc,Katarina,6,3,0.5
Leblanc,Kayle,1,1,1.0
Leblanc,Kayn,4,1,0.25
Leblanc,Kennen,2,2,1.0
Leblanc,Kindred,1,1,1.0
Leblanc,KogMaw,1,1,1.0
Leblanc,LeeSin,15,6,0.4
Leblanc,Leona,1,0,0.0
Leblanc,Lillia,3,2,0.6666666666666666
Leblanc,Lissandra,11,3,0.2727272727272727
Leblanc,Lucian,9,5,0.5555555555555556
Leblanc,Lulu,9,4,0.4444444444444444
Leblanc,Lux,2,2,1.0
Leblanc,Malphite,5,4,0.8
Leblanc,Malzahar,1,1,1.0
Leblanc,Maokai,1,0,0.0
Leblanc,MasterYi,4,2,0.5
Leblanc,Mel,7,5,0.7142857142857143
Leblanc,Milio,3,1,0.3333333333333333
Leblanc,MissFortune,2,2,1.0
Leblanc,MonkeyKing,2,0,0.0
Leblanc,Morgana,1,0,0.0
Leblanc,Nami,13,6,0.46153846153846156
Leblanc,Nasus,2,0,0.0
Leblanc,Nautilus,13,7,0.5384615384615384
Leblanc,Neeko,9,6,0.6666666666666666
Leblanc,Nidalee,5,2,0.4
Leblanc,Nocturne,13,4,0.3076923076923077
Leblanc,Nunu,5,3,0.6
Leblanc,Olaf,2,2,1.0
Leblanc,Orianna,10,5,0.5
Leblanc,Ornn,2,2,1.0
Leblanc,Pantheon,13,8,0.6153846153846154
Leblanc,Poppy,1,1,1.0
Leblanc,Pyke,5,4,0.8
Leblanc,Qiyana,4,4,1.0
Leblanc,Quinn,3,3,1.0
Leblanc,Rakan,3,0,0.0
Leblanc,RekSai,5,2,0.4
Leblanc,Rell,5,4,0.8
Leblanc,Renata,1,0,0.0
Leblanc,Renekton,4,2,0.5
Leblanc,Rengar,4,3,0.75
Leblanc,Riven,3,1,0.3333333333333333
Leblanc,Rumble,6,5,0.8333333333333334
Leblanc,Ryze,11,5,0.45454545454545453
Leblanc,Sejuani,1,1,1.0
Leblanc,Senna,10,5,0.5
Leblanc,Seraphine,6,3,0.5
Leblanc,Sett,1,0,0.0
Leblanc,Shen,1,0,0.0
Leblanc,Shyvana,1,1,1.0
Leblanc,Sion,18,10,0.5555555555555556
Leblanc,Sivir,3,1,0.3333333333333333
Leblanc,Skarner,2,2,1.0
Leblanc,Sona,5,2,0.4
Leblanc,Soraka,2,1,0.5
Leblanc,Swain,2,0,0.0
Leblanc,Sylas,9,4,0.4444444444444444
Leblanc,Syndra,4,2,0.5
Leblanc,Taliyah,8,4,0.5
Leblanc,Talon,6,2,0.3333333333333333
Leblanc,Taric,2,0,0.0
Leblanc,Teemo,2,0,0.0
Leblanc,Thresh,3,2,0.6666666666666666
Leblanc,Tristana,6,3,0.5
Leblanc,Tryndamere,1,0,0.0
Leblanc,TwistedFate,3,2,0.6666666666666666
Leblanc,Twitch,2,2,1.0
Leblanc,Udyr,3,1,0.3333333333333333
Leblanc,Urgot,1,1,1.0
Leblanc,Varus,15,5,0.3333333333333333
Leblanc,Vayne,13,8,0.6153846153846154
Leblanc,Veigar,4,1,0.25
Leblanc,Velkoz,2,1,0.5
Leblanc,Vex,5,4,0.8
Leblanc,Vi,8,6,0.75
Leblanc,Viego,4,4,1.0
Leblanc,Viktor,10,6,0.6
Leblanc,Vladimir,3,2,0.6666666666666666
Leblanc,Volibear,1,1,1.0
Leblanc,Xayah,1,0,0.0
Leblanc,Xerath,5,2,0.4
Leblanc,XinZhao,9,3,0.3333333333333333
Leblanc,Yasuo,6,1,0.16666666666666666
Leblanc,Yone,9,6,0.6666666666666666
Leblanc,Yorick,5,3,0.6
Leblanc,Yunara,15,7,0.4666666666666667
Leblanc,Yuumi,2,2,1.0
Leblanc,Zaahen,4,1,0.25
Leblanc,Zed,4,1,0.25
Leblanc,Ziggs,5,4,0.8
Leblanc,Zilean,3,1,0.3333333333333333
Leblanc,Zoe,5,3,0.6
Leblanc,Zyra,2,1,0.5
LeeSin,Aatrox,25,14,0.56
LeeSin,Ahri,18,9,0.5
LeeSin,Akali,20,6,0.3
LeeSin,Akshan,8,5,0.625
LeeSin,Alistar,18,10,0.5555555555555556
LeeSin,Ambessa,52,30,0.5769230769230769
LeeSin,Amumu,4,2,0.5
LeeSin,Anivia,57,31,0.543859649122807
LeeSin,Annie,15,10,0.6666666666666666
LeeSin,Aphelios,6,2,0.3333333333333333
LeeSin,Ashe,20,7,0.35
LeeSin,AurelionSol,8,5,0.625
LeeSin,Aurora,34,18,0.5294117647058824
LeeSin,Azir,17,13,0.7647058823529411
LeeSin,Bard,42,19,0.4523809523809524
LeeSin,Belveth,5,2,0.4
LeeSin,Blitzcrank,5,2,0.4
LeeSin,Brand,5,3,0.6
LeeSin,Braum,10,7,0.7
LeeSin,Briar,1,0,0.0
LeeSin,Caitlyn,40,16,0.4
LeeSin,Camille,11,6,0.5454545454545454
LeeSin,Cassiopeia,14,6,0.42857142857142855
LeeSin,Chogath,4,0,0.0
LeeSin,Corki,24,15,0.625
LeeSin,Darius,7,4,0.5714285714285714
LeeSin,Diana,4,4,1.0
LeeSin,DrMundo,8,4,0.5
LeeSin,Draven,11,5,0.45454545454545453
LeeSin,Ekko,17,6,0.35294117647058826
LeeSin,Elise,11,5,0.45454545454545453
LeeSin,Evelynn,3,3,1.0
LeeSin,Ezreal,90,48,0.5333333333333333
LeeSin,FiddleSticks,11,4,0.36363636363636365
LeeSin,Fiora,12,8,0.6666666666666666
LeeSin,Fizz,6,4,0.6666666666666666
LeeSin,Galio,10,3,0.3
LeeSin,Gangplank,8,4,0.5
LeeSin,Garen,7,3,0.42857142857142855
LeeSin,Gnar,33,19,0.5757575757575758
LeeSin,Gragas,5,4,0.8
LeeSin,Graves,21,13,0.6190476190476191
LeeSin,Gwen,6,2,0.3333333333333333
LeeSin,Hecarim,6,3,0.5
LeeSin,Hwei,18,11,0.6111111111111112
LeeSin,Irelia,16,7,0.4375
LeeSin,Ivern,6,3,0.5
LeeSin,Janna,8,4,0.5
LeeSin,JarvanIV,52,26,0.5
LeeSin,Jax,13,5,0.38461538461538464
LeeSin,Jayce,70,34,0.4857142857142857
LeeSin,Jhin,34,18,0.5294117647058824
LeeSin,Jinx,12,5,0.4166666666666667
LeeSin,KSante,8,4,0.5
LeeSin,Kaisa,26,15,0.5769230769230769
LeeSin,Kalista,8,3,0.375
LeeSin,Karma,46,26,0.5652173913043478
LeeSin,Karthus,7,1,0.14285714285714285
LeeSin,Kassadin,3,1,0.3333333333333333
LeeSin,Katarina,10,5,0.5
LeeSin,Kayle,1,0,0.0
LeeSin,Kayn,8,7,0.875
LeeSin,Kennen,7,4,0.5714285714285714
LeeSin,Khazix,2,1,0.5
LeeSin,Kindred,12,5,0.4166666666666667
LeeSin,Kled,4,2,0.5
LeeSin,KogMaw,3,3,1.0
LeeSin,Leblanc,15,9,0.6
LeeSin,Leona,14,4,0.2857142857142857
LeeSin,Lillia,4,3,0.75
LeeSin,Lissandra,17,7,0.4117647058823529
LeeSin,Lucian,37,18,0.4864864864864865
LeeSin,Lulu,26,12,0.46153846153846156
LeeSin,Lux,13,7,0.5384615384615384
LeeSin,Malphite,9,4,0.4444444444444444
LeeSin,Malzahar,3,1,0.3333333333333333
LeeSin,Maokai,3,1,0.3333333333333333
LeeSin,MasterYi,13,9,0.6923076923076923
LeeSin,Mel,20,10,0.5
LeeSin,Milio,6,3,0.5
LeeSin,MissFortune,4,2,0.5
LeeSin,MonkeyKing,4,1,0.25
LeeSin,Mordekaiser,2,0,0.0
LeeSin,Morgana,4,3,0.75
LeeSin,Naafiri,19,9,0.47368421052631576
LeeSin,Nami,36,22,0.6111111111111112
LeeSin,Nasus,4,2,0.5
LeeSin,Nautilus,30,11,0.36666666666666664
LeeSin,Neeko,34,16,0.47058823529411764
LeeSin,Nidalee,16,10,0.625
LeeSin,Nocturne,10,4,0.4
LeeSin,Nunu,7,2,0.2857142857142857
LeeSin,Olaf,5,2,0.4
LeeSin,Orianna,27,16,0.5925925925925926
LeeSin,Ornn,4,2,0.5
LeeSin,Pantheon,41,21,0.5121951219512195
LeeSin,Poppy,18,6,0.3333333333333333
LeeSin,Pyke,19,11,0.5789473684210527
LeeSin,Qiyana,15,7,0.4666666666666667
LeeSin,Quinn,3,2,0.6666666666666666
LeeSin,Rakan,12,8,0.6666666666666666
LeeSin,Rammus,1,1,1.0
LeeSin,RekSai,6,0,0.0
LeeSin,Rell,9,4,0.4444444444444444
LeeSin,Renata,1,0,0.0
LeeSin,Renekton,11,6,0.5454545454545454
LeeSin,Rengar,14,6,0.42857142857142855
LeeSin,Riven,19,13,0.6842105263157895
LeeSin,Rumble,20,7,0.35
LeeSin,Ryze,44,26,0.5909090909090909
LeeSin,Samira,1,0,0.0
LeeSin,Sejuani,3,2,0.6666666666666666
LeeSin,Senna,22,12,0.5454545454545454
LeeSin,Seraphine,20,10,0.5
LeeSin,Sett,3,1,0.3333333333333333
LeeSin,Shaco,8,4,0.5
LeeSin,Shen,8,5,0.625
LeeSin,Shyvana,2,1,0.5
LeeSin,Singed,4,2,0.5
LeeSin,Sion,23,12,0.5217391304347826
LeeSin,Sivir,16,8,0.5
LeeSin,Skarner,13,5,0.38461538461538464
LeeSin,Smolder,6,3,0.5
LeeSin,Sona,23,10,0.43478260869565216
LeeSin,Soraka,4,3,0.75
LeeSin,Swain,8,6,0.75
LeeSin,Sylas,22,13,0.5909090909090909
LeeSin,Syndra,8,6,0.75
LeeSin,TahmKench,1,1,1.0
LeeSin,Taliyah,16,6,0.375
LeeSin,Talon,9,3,0.3333333333333333
LeeSin,Taric,3,1,0.3333333333333333
LeeSin,Teemo,9,5,0.5555555555555556
LeeSin,Thresh,5,4,0.8
LeeSin,Tristana,8,5,0.625
LeeSin,Tryndamere,1,0,0.0
LeeSin,TwistedFate,16,6,0.375
LeeSin,Twitch,2,1,0.5
LeeSin,Udyr,8,5,0.625
LeeSin,Urgot,5,4,0.8
LeeSin,Varus,40,24,0.6
LeeSin,Vayne,34,19,0.5588235294117647
LeeSin,Veigar,6,4,0.6666666666666666
LeeSin,Velkoz,6,3,0.5
LeeSin,Vex,3,2,0.6666666666666666
LeeSin,Vi,33,16,0.48484848484848486
LeeSin,Viego,13,6,0.46153846153846156
LeeSin,Viktor,18,8,0.4444444444444444
LeeSin,Vladimir,11,6,0.5454545454545454
LeeSin,Volibear,4,1,0.25
LeeSin,Xayah,2,1,0.5
LeeSin,Xerath,13,5,0.38461538461538464
LeeSin,XinZhao,49,23,0.46938775510204084
LeeSin,Yasuo,21,13,0.6190476190476191
LeeSin,Yone,24,13,0.5416666666666666
LeeSin,Yorick,8,5,0.625
LeeSin,Yunara,47,23,0.48936170212765956
LeeSin,Yuumi,9,6,0.6666666666666666
LeeSin,Zaahen,17,13,0.7647058823529411
LeeSin,Zac,1,0,0.0
LeeSin,Zed,15,6,0.4
LeeSin,Zeri,1,1,1.0
LeeSin,Ziggs,6,5,0.8333333333333334
LeeSin,Zilean,4,0,0.0
LeeSin,Zoe,17,7,0.4117647058823529
LeeSin,Zyra,9,4,0.4444444444444444
Leona,Aatrox,1,0,0.0
Leona,Ahri,16,7,0.4375
Leona,Akali,6,3,0.5
Leona,Akshan,4,2,0.5
Leona,Alistar,7,1,0.14285714285714285
Leona,Ambessa,15,8,0.5333333333333333
Leona,Anivia,9,2,0.2222222222222222
Leona,Annie,4,3,0.75
Leona,Aphelios,1,1,1.0
Leona,Ashe,3,2,0.6666666666666666
Leona,AurelionSol,3,1,0.3333333333333333
Leona,Aurora,11,3,0.2727272727272727
Leona,Azir,3,1,0.3333333333333333
Leona,Bard,11,6,0.5454545454545454
Leona,Belveth,1,1,1.0
Leona,Blitzcrank,1,0,0.0
Leona,Brand,2,1,0.5
Leona,Braum,9,5,0.5555555555555556
Leona,Briar,1,1,1.0
Leona,Caitlyn,10,6,0.6
Leona,Camille,7,2,0.2857142857142857
Leona,Cassiopeia,2,0,0.0
Leona,Chogath,1,1,1.0
Leona,Corki,6,1,0.16666666666666666
Leona,Darius,3,1,0.3333333333333333
Leona,DrMundo,2,2,1.0
Leona,Draven,2,1,0.5
Leona,Ekko,2,2,1.0
Leona,Elise,4,1,0.25
Leona,Evelynn,1,0,0.0
Leona,Ezreal,17,7,0.4117647058823529
Leona,Fiora,3,3,1.0
Leona,Fizz,3,1,0.3333333333333333
Leona,Galio,1,1,1.0
Leona,Gangplank,3,2,0.6666666666666666
Leona,Garen,4,2,0.5
Leona,Gnar,3,2,0.6666666666666666
Leona,Gragas,3,0,0.0
Leona,Graves,9,3,0.3333333333333333
Leona,Gwen,1,0,0.0
Leona,Hecarim,4,2,0.5
Leona,Heimerdinger,2,0,0.0
Leona,Hwei,3,2,0.6666666666666666
Leona,Illaoi,1,1,1.0
Leona,Irelia,3,2,0.6666666666666666
Leona,Ivern,3,1,0.3333333333333333
Leona,Janna,2,0,0.0
Leona,JarvanIV,10,1,0.1
Leona,Jax,4,1,0.25
Leona,Jayce,8,2,0.25
Leona,Jhin,6,1,0.16666666666666666
Leona,Jinx,2,1,0.5
Leona,KSante,3,2,0.6666666666666666
Leona,Kaisa,9,5,0.5555555555555556
Leona,Kalista,4,2,0.5
Leona,Karma,6,2,0.3333333333333333
Leona,Karthus,7,4,0.5714285714285714
Leona,Kassadin,2,0,0.0
Leona,Katarina,2,2,1.0
Leona,Kayle,1,0,0.0
Leona,Kayn,1,1,1.0
Leona,Kennen,2,2,1.0
Leona,Khazix,2,1,0.5
Leona,KogMaw,1,1,1.0
Leona,Leblanc,1,1,1.0
Leona,LeeSin,14,10,0.7142857142857143
Leona,Lissandra,3,1,0.3333333333333333
Leona,Lucian,6,4,0.6666666666666666
Leona,Lulu,3,2,0.6666666666666666
Leona,Lux,6,2,0.3333333333333333
Leona,Malphite,3,0,0.0
Leona,Malzahar,1,1,1.0
Leona,MasterYi,1,1,1.0
Leona,Mel,7,2,0.2857142857142857
Leona,MissFortune,4,2,0.5
Leona,MonkeyKing,3,1,0.3333333333333333
Leona,Morgana,2,1,0.5
Leona,Naafiri,7,2,0.2857142857142857
Leona,Nami,6,5,0.8333333333333334
Leona,Nasus,1,0,0.0
Leona,Nautilus,15,6,0.4
Leona,Neeko,5,3,0.6
Leona,Nidalee,2,1,0.5
Leona,Nilah,3,2,0.6666666666666666
Leona,Nocturne,4,1,0.25
Leona,Nunu,3,1,0.3333333333333333
Leona,Orianna,7,4,0.5714285714285714
Leona,Ornn,2,2,1.0
Leona,Pantheon,3,1,0.3333333333333333
Leona,Poppy,4,2,0.5
Leona,Pyke,6,3,0.5
Leona,Qiyana,8,4,0.5
Leona,Quinn,5,2,0.4
Leona,Rakan,2,1,0.5
Leona,RekSai,2,1,0.5
Leona,Rell,4,0,0.0
Leona,Renata,2,0,0.0
Leona,Renekton,6,1,0.16666666666666666
Leona,Rengar,2,1,0.5
Leona,Riven,2,1,0.5
Leona,Rumble,9,3,0.3333333333333333
Leona,Ryze,12,8,0.6666666666666666
Leona,Samira,2,1,0.5
Leona,Sejuani,1,0,0.0
Leona,Senna,5,1,0.2
Leona,Seraphine,3,2,0.6666666666666666
Leona,Shaco,2,0,0.0
Leona,Shen,7,3,0.42857142857142855
Leona,Shyvana,1,0,0.0
Leona,Singed,3,1,0.3333333333333333
Leona,Sion,7,2,0.2857142857142857
Leona,Sivir,1,0,0.0
Leona,Skarner,2,0,0.0
Leona,Smolder,1,0,0.0
Leona,Sona,7,2,0.2857142857142857
Leona,Soraka,2,1,0.5
Leona,Swain,3,1,0.3333333333333333
Leona,Sylas,11,6,0.5454545454545454
Leona,Syndra,8,4,0.5
Leona,Taliyah,3,2,0.6666666666666666
Leona,Talon,5,4,0.8
Leona,Teemo,2,0,0.0
Leona,Thresh,1,0,0.0
Leona,Tristana,1,0,0.0
Leona,Trundle,2,2,1.0
Leona,Tryndamere,1,0,0.0
Leona,TwistedFate,1,0,0.0
Leona,Udyr,1,0,0.0
Leona,Urgot,1,1,1.0
Leona,Varus,11,5,0.45454545454545453
Leona,Vayne,7,4,0.5714285714285714
Leona,Veigar,2,1,0.5
Leona,Velkoz,1,0,0.0
Leona,Vex,1,1,1.0
Leona,Vi,6,0,0.0
Leona,Viego,5,3,0.6
Leona,Viktor,6,3,0.5
Leona,Vladimir,3,1,0.3333333333333333
Leona,Xayah,2,1,0.5
Leona,XinZhao,3,0,0.0
Leona,Yasuo,7,4,0.5714285714285714
Leona,Yone,9,2,0.2222222222222222
Leona,Yorick,2,2,1.0
Leona,Yunara,4,2,0.5
Leona,Zaahen,2,0,0.0
Leona,Zac,2,0,0.0
Leona,Zed,6,1,0.16666666666666666
Leona,Zilean,2,1,0.5
Leona,Zoe,6,3,0.5
Leona,Zyra,5,3,0.6
Lillia,Aatrox,1,0,0.0
Lillia,Akali,4,0,0.0
Lillia,Akshan,4,0,0.0
Lillia,Alistar,3,3,1.0
Lillia,Ambessa,3,2,0.6666666666666666
Lillia,Anivia,7,4,0.5714285714285714
Lillia,Annie,5,3,0.6
Lillia,Ashe,5,3,0.6
Lillia,Aurora,6,3,0.5
Lillia,Azir,1,0,0.0
Lillia,Bard,9,4,0.4444444444444444
Lillia,Belveth,1,0,0.0
Lillia,Brand,2,2,1.0
Lillia,Braum,1,0,0.0
Lillia,Caitlyn,7,1,0.14285714285714285
Lillia,Camille,1,1,1.0
Lillia,Cassiopeia,2,0,0.0
Lillia,Corki,5,1,0.2
Lillia,Darius,1,0,0.0
Lillia,Diana,1,1,1.0
Lillia,DrMundo,2,0,0.0
Lillia,Draven,1,1,1.0
Lillia,Ekko,2,1,0.5
Lillia,Ezreal,11,5,0.45454545454545453
Lillia,FiddleSticks,1,0,0.0
Lillia,Fiora,1,1,1.0
Lillia,Fizz,1,0,0.0
Lillia,Galio,3,2,0.6666666666666666
Lillia,Gangplank,1,0,0.0
Lillia,Garen,1,1,1.0
Lillia,Gnar,2,1,0.5
Lillia,Graves,2,0,0.0
Lillia,Gwen,4,1,0.25
Lillia,Hecarim,3,2,0.6666666666666666
Lillia,Hwei,2,2,1.0
Lillia,Irelia,3,2,0.6666666666666666
Lillia,Janna,2,0,0.0
Lillia,JarvanIV,5,2,0.4
Lillia,Jax,3,2,0.6666666666666666
Lillia,Jayce,10,4,0.4
Lillia,Jhin,6,4,0.6666666666666666
Lillia,Jinx,2,0,0.0
Lillia,KSante,7,3,0.42857142857142855
Lillia,Kaisa,1,0,0.0
Lillia,Kalista,1,1,1.0
Lillia,Karma,7,3,0.42857142857142855
Lillia,Karthus,3,1,0.3333333333333333
Lillia,Kayle,1,0,0.0
Lillia,Kindred,5,3,0.6
Lillia,KogMaw,1,0,0.0
Lillia,Leblanc,3,1,0.3333333333333333
Lillia,LeeSin,4,1,0.25
Lillia,Lissandra,1,0,0.0
Lillia,Lucian,7,3,0.42857142857142855
Lillia,Lulu,1,0,0.0
Lillia,Lux,5,1,0.2
Lillia,Malphite,3,3,1.0
Lillia,Maokai,2,1,0.5
Lillia,MasterYi,2,1,0.5
Lillia,Milio,3,1,0.3333333333333333
Lillia,MissFortune,1,0,0.0
Lillia,Morgana,1,0,0.0
Lillia,Naafiri,6,2,0.3333333333333333
Lillia,Nami,6,2,0.3333333333333333
Lillia,Nasus,2,1,0.5
Lillia,Nautilus,5,4,0.8
Lillia,Nidalee,3,2,0.6666666666666666
Lillia,Nilah,1,1,1.0
Lillia,Nocturne,2,2,1.0
Lillia,Nunu,3,1,0.3333333333333333
Lillia,Orianna,1,1,1.0
Lillia,Pantheon,6,4,0.6666666666666666
Lillia,Poppy,2,0,0.0
Lillia,Pyke,2,1,0.5
Lillia,Qiyana,6,2,0.3333333333333333
Lillia,Quinn,2,1,0.5
Lillia,Rakan,2,2,1.0
Lillia,Rammus,2,1,0.5
Lillia,RekSai,5,2,0.4
Lillia,Rell,5,3,0.6
Lillia,Renekton,2,0,0.0
Lillia,Rengar,4,0,0.0
Lillia,Rumble,4,4,1.0
Lillia,Ryze,4,1,0.25
Lillia,Senna,3,1,0.3333333333333333
Lillia,Seraphine,5,1,0.2
Lillia,Shen,2,1,0.5
Lillia,Singed,2,0,0.0
Lillia,Sion,6,2,0.3333333333333333
Lillia,Sivir,2,1,0.5
Lillia,Skarner,5,3,0.6
Lillia,Smolder,2,1,0.5
Lillia,Sona,2,0,0.0
Lillia,Soraka,1,0,0.0
Lillia,Swain,4,1,0.25
Lillia,Sylas,4,1,0.25
Lillia,Syndra,2,1,0.5
Lillia,Taliyah,2,1,0.5
Lillia,Talon,1,1,1.0
Lillia,Taric,1,1,1.0
Lillia,Teemo,1,0,0.0
Lillia,Thresh,3,1,0.3333333333333333
Lillia,Tristana,2,2,1.0
Lillia,TwistedFate,2,0,0.0
Lillia,Twitch,1,0,0.0
Lillia,Varus,2,1,0.5
Lillia,Vayne,1,1,1.0
Lillia,Veigar,1,1,1.0
Lillia,Velkoz,1,0,0.0
Lillia,Vi,2,2,1.0
Lillia,Viego,2,1,0.5
Lillia,Viktor,3,3,1.0
Lillia,Vladimir,5,4,0.8
Lillia,XinZhao,1,0,0.0
Lillia,Yasuo,9,5,0.5555555555555556
Lillia,Yone,3,1,0.3333333333333333
Lillia,Yorick,2,2,1.0
Lillia,Yunara,3,1,0.3333333333333333
Lillia,Yuumi,1,1,1.0
Lillia,Zaahen,3,1,0.3333333333333333
Lillia,Zac,1,0,0.0
Lillia,Ziggs,1,1,1.0
Lillia,Zilean,1,1,1.0
Lillia,Zoe,2,0,0.0
Lillia,Zyra,2,1,0.5
Lissandra,Aatrox,6,4,0.6666666666666666
Lissandra,Ahri,8,5,0.625
Lissandra,Akali,6,3,0.5
Lissandra,Akshan,5,4,0.8
Lissandra,Alistar,12,3,0.25
Lissandra,Ambessa,16,10,0.625
Lissandra,Amumu,1,1,1.0
Lissandra,Anivia,18,9,0.5
Lissandra,Annie,3,1,0.3333333333333333
Lissandra,Ashe,8,4,0.5
Lissandra,AurelionSol,1,0,0.0
Lissandra,Aurora,12,5,0.4166666666666667
Lissandra,Azir,1,1,1.0
Lissandra,Bard,15,9,0.6
Lissandra,Blitzcrank,1,0,0.0
Lissandra,Braum,3,2,0.6666666666666666
Lissandra,Briar,1,1,1.0
Lissandra,Caitlyn,13,8,0.6153846153846154
Lissandra,Cassiopeia,4,2,0.5
Lissandra,Corki,10,4,0.4
Lissandra,Diana,2,1,0.5
Lissandra,DrMundo,2,1,0.5
Lissandra,Draven,1,1,1.0
Lissandra,Ekko,4,2,0.5
Lissandra,Elise,3,1,0.3333333333333333
Lissandra,Evelynn,2,2,1.0
Lissandra,Ezreal,17,10,0.5882352941176471
Lissandra,FiddleSticks,4,3,0.75
Lissandra,Fiora,4,3,0.75
Lissandra,Fizz,6,4,0.6666666666666666
Lissandra,Galio,4,1,0.25
Lissandra,Garen,2,0,0.0
Lissandra,Gnar,8,3,0.375
Lissandra,Gragas,4,2,0.5
Lissandra,Graves,4,2,0.5
Lissandra,Gwen,2,1,0.5
Lissandra,Hecarim,1,0,0.0
Lissandra,Heimerdinger,1,0,0.0
Lissandra,Hwei,2,1,0.5
Lissandra,Irelia,2,1,0.5
Lissandra,Janna,1,1,1.0
Lissandra,JarvanIV,12,5,0.4166666666666667
Lissandra,Jax,5,3,0.6
Lissandra,Jayce,26,11,0.4230769230769231
Lissandra,Jhin,15,5,0.3333333333333333
Lissandra,Jinx,2,2,1.0
Lissandra,KSante,3,1,0.3333333333333333
Lissandra,Kaisa,10,4,0.4
Lissandra,Kalista,2,2,1.0
Lissandra,Karma,12,5,0.4166666666666667
Lissandra,Karthus,5,0,0.0
Lissandra,Kassadin,2,2,1.0
Lissandra,Katarina,7,5,0.7142857142857143
Lissandra,Kayn,4,1,0.25
Lissandra,Kennen,2,1,0.5
Lissandra,Kindred,1,0,0.0
Lissandra,KogMaw,1,1,1.0
Lissandra,Leblanc,11,8,0.7272727272727273
Lissandra,LeeSin,17,10,0.5882352941176471
Lissandra,Leona,3,2,0.6666666666666666
Lissandra,Lillia,1,1,1.0
Lissandra,Lucian,7,1,0.14285714285714285
Lissandra,Lulu,3,2,0.6666666666666666
Lissandra,Lux,2,1,0.5
Lissandra,Malphite,2,2,1.0
Lissandra,MasterYi,3,3,1.0
Lissandra,Mel,9,7,0.7777777777777778
Lissandra,Milio,2,2,1.0
Lissandra,MissFortune,2,1,0.5
Lissandra,Morgana,2,1,0.5
Lissandra,Naafiri,10,6,0.6
Lissandra,Nami,11,2,0.18181818181818182
Lissandra,Nasus,1,0,0.0
Lissandra,Nautilus,14,6,0.42857142857142855
Lissandra,Neeko,5,2,0.4
Lissandra,Nidalee,7,2,0.2857142857142857
Lissandra,Nocturne,5,1,0.2
Lissandra,Nunu,1,0,0.0
Lissandra,Olaf,4,2,0.5
Lissandra,Orianna,6,2,0.3333333333333333
Lissandra,Ornn,1,1,1.0
Lissandra,Pantheon,8,4,0.5
Lissandra,Poppy,3,2,0.6666666666666666
Lissandra,Pyke,4,3,0.75
Lissandra,Qiyana,7,5,0.7142857142857143
Lissandra,Rakan,6,3,0.5
Lissandra,Rell,6,3,0.5
Lissandra,Renekton,4,1,0.25
Lissandra,Rengar,1,1,1.0
Lissandra,Riven,4,1,0.25
Lissandra,Rumble,5,3,0.6
Lissandra,Ryze,8,4,0.5
Lissandra,Sejuani,1,1,1.0
Lissandra,Senna,5,2,0.4
Lissandra,Seraphine,6,4,0.6666666666666666
Lissandra,Sett,2,1,0.5
Lissandra,Shaco,2,0,0.0
Lissandra,Shen,4,2,0.5
Lissandra,Shyvana,1,1,1.0
Lissandra,Singed,2,1,0.5
Lissandra,Sion,9,5,0.5555555555555556
Lissandra,Sivir,6,4,0.6666666666666666
Lissandra,Skarner,4,2,0.5
Lissandra,Smolder,4,2,0.5
Lissandra,Sona,6,4,0.6666666666666666
Lissandra,Soraka,3,3,1.0
Lissandra,Sylas,20,7,0.35
Lissandra,Syndra,2,1,0.5
Lissandra,TahmKench,1,0,0.0
Lissandra,Taliyah,2,2,1.0
Lissandra,Talon,3,1,0.3333333333333333
Lissandra,Teemo,1,0,0.0
Lissandra,Thresh,3,2,0.6666666666666666
Lissandra,Tristana,4,2,0.5
Lissandra,Trundle,1,1,1.0
Lissandra,Tryndamere,1,0,0.0
Lissandra,TwistedFate,9,4,0.4444444444444444
Lissandra,Twitch,2,0,0.0
Lissandra,Udyr,1,0,0.0
Lissandra,Varus,13,8,0.6153846153846154
Lissandra,Vayne,8,5,0.625
Lissandra,Veigar,4,2,0.5
Lissandra,Velkoz,1,0,0.0
Lissandra,Vex,1,0,0.0
Lissandra,Vi,11,5,0.45454545454545453
Lissandra,Viego,3,2,0.6666666666666666
Lissandra,Viktor,7,3,0.42857142857142855
Lissandra,Vladimir,2,1,0.5
Lissandra,Xayah,1,1,1.0
Lissandra,Xerath,4,1,0.25
Lissandra,XinZhao,6,3,0.5
Lissandra,Yasuo,5,3,0.6
Lissandra,Yone,5,2,0.4
Lissandra,Yorick,6,4,0.6666666666666666
Lissandra,Yunara,13,9,0.6923076923076923
Lissandra,Yuumi,4,4,1.0
Lissandra,Zaahen,4,1,0.25
Lissandra,Zac,1,1,1.0
Lissandra,Zed,4,2,0.5
Lissandra,Ziggs,1,1,1.0
Lissandra,Zilean,3,0,0.0
Lissandra,Zoe,1,1,1.0
Lissandra,Zyra,3,0,0.0
Lucian,Aatrox,13,6,0.46153846153846156
Lucian,Ahri,16,5,0.3125
Lucian,Akali,17,10,0.5882352941176471
Lucian,Akshan,7,4,0.5714285714285714
Lucian,Alistar,7,2,0.2857142857142857
Lucian,Ambessa,31,19,0.6129032258064516
Lucian,Amumu,1,1,1.0
Lucian,Anivia,34,21,0.6176470588235294
Lucian,Annie,9,5,0.5555555555555556
Lucian,Aphelios,6,5,0.8333333333333334
Lucian,Ashe,18,9,0.5
Lucian,AurelionSol,3,1,0.3333333333333333
Lucian,Aurora,27,14,0.5185185185185185
Lucian,Azir,12,8,0.6666666666666666
Lucian,Bard,22,9,0.4090909090909091
Lucian,Belveth,4,3,0.75
Lucian,Blitzcrank,4,2,0.5
Lucian,Brand,4,1,0.25
Lucian,Braum,5,4,0.8
Lucian,Briar,3,1,0.3333333333333333
Lucian,Caitlyn,32,14,0.4375
Lucian,Camille,4,1,0.25
Lucian,Cassiopeia,6,1,0.16666666666666666
Lucian,Corki,19,9,0.47368421052631576
Lucian,Darius,4,3,0.75
Lucian,Diana,1,0,0.0
Lucian,DrMundo,1,0,0.0
Lucian,Draven,5,2,0.4
Lucian,Ekko,15,6,0.4
Lucian,Elise,6,2,0.3333333333333333
Lucian,Evelynn,4,3,0.75
Lucian,Ezreal,64,28,0.4375
Lucian,FiddleSticks,6,2,0.3333333333333333
Lucian,Fiora,6,3,0.5
Lucian,Galio,11,9,0.8181818181818182
Lucian,Gangplank,9,4,0.4444444444444444
Lucian,Garen,4,2,0.5
Lucian,Gnar,21,9,0.42857142857142855
Lucian,Gragas,3,2,0.6666666666666666
Lucian,Graves,14,7,0.5
Lucian,Gwen,4,1,0.25
Lucian,Hecarim,4,1,0.25
Lucian,Heimerdinger,1,1,1.0
Lucian,Hwei,8,3,0.375
Lucian,Irelia,5,3,0.6
Lucian,Ivern,3,3,1.0
Lucian,Janna,6,2,0.3333333333333333
Lucian,JarvanIV,37,20,0.5405405405405406
Lucian,Jax,6,2,0.3333333333333333
Lucian,Jayce,41,22,0.5365853658536586
Lucian,Jhin,18,8,0.4444444444444444
Lucian,Jinx,9,6,0.6666666666666666
Lucian,KSante,7,3,0.42857142857142855
Lucian,Kaisa,19,8,0.42105263157894735
Lucian,Kalista,3,3,1.0
Lucian,Karma,35,20,0.5714285714285714
Lucian,Karthus,3,2,0.6666666666666666
Lucian,Kassadin,1,1,1.0
Lucian,Katarina,1,1,1.0
Lucian,Kayle,1,1,1.0
Lucian,Kayn,4,0,0.0
Lucian,Kennen,4,3,0.75
Lucian,Khazix,2,1,0.5
Lucian,Kindred,2,0,0.0
Lucian,KogMaw,3,1,0.3333333333333333
Lucian,Leblanc,9,4,0.4444444444444444
Lucian,LeeSin,37,19,0.5135135135135135
Lucian,Leona,6,2,0.3333333333333333
Lucian,Lillia,7,4,0.5714285714285714
Lucian,Lissandra,7,6,0.8571428571428571
Lucian,Lulu,27,18,0.6666666666666666
Lucian,Lux,11,7,0.6363636363636364
Lucian,Malphite,6,1,0.16666666666666666
Lucian,Malzahar,3,3,1.0
Lucian,Maokai,4,0,0.0
Lucian,MasterYi,4,2,0.5
Lucian,Mel,8,4,0.5
Lucian,Milio,1,1,1.0
Lucian,MissFortune,6,4,0.6666666666666666
Lucian,MonkeyKing,3,2,0.6666666666666666
Lucian,Naafiri,11,7,0.6363636363636364
Lucian,Nami,15,5,0.3333333333333333
Lucian,Nasus,3,2,0.6666666666666666
Lucian,Nautilus,29,17,0.5862068965517241
Lucian,Neeko,8,4,0.5
Lucian,Nidalee,9,4,0.4444444444444444
Lucian,Nilah,2,2,1.0
Lucian,Nocturne,7,4,0.5714285714285714
Lucian,Nunu,6,3,0.5
Lucian,Olaf,2,1,0.5
Lucian,Orianna,15,7,0.4666666666666667
Lucian,Ornn,9,4,0.4444444444444444
Lucian,Pantheon,24,14,0.5833333333333334
Lucian,Poppy,9,4,0.4444444444444444
Lucian,Pyke,14,10,0.7142857142857143
Lucian,Qiyana,12,4,0.3333333333333333
Lucian,Quinn,3,0,0.0
Lucian,Rakan,5,3,0.6
Lucian,Rammus,1,1,1.0
Lucian,RekSai,7,3,0.42857142857142855
Lucian,Rell,7,3,0.42857142857142855
Lucian,Renata,2,2,1.0
Lucian,Renekton,6,3,0.5
Lucian,Rengar,4,1,0.25
Lucian,Riven,1,1,1.0
Lucian,Rumble,10,5,0.5
Lucian,Ryze,17,6,0.35294117647058826
Lucian,Samira,1,1,1.0
Lucian,Sejuani,2,0,0.0
Lucian,Senna,18,10,0.5555555555555556
Lucian,Seraphine,16,7,0.4375
Lucian,Sett,4,2,0.5
Lucian,Shaco,4,1,0.25
Lucian,Shen,6,3,0.5
Lucian,Shyvana,1,0,0.0
Lucian,Singed,5,2,0.4
Lucian,Sion,21,10,0.47619047619047616
Lucian,Sivir,1,0,0.0
Lucian,Skarner,10,4,0.4
Lucian,Smolder,2,1,0.5
Lucian,Sona,9,4,0.4444444444444444
Lucian,Soraka,6,3,0.5
Lucian,Swain,1,0,0.0
Lucian,Sylas,12,6,0.5
Lucian,Syndra,10,6,0.6
Lucian,TahmKench,2,1,0.5
Lucian,Taliyah,5,3,0.6
Lucian,Talon,9,4,0.4444444444444444
Lucian,Taric,1,1,1.0
Lucian,Teemo,5,2,0.4
Lucian,Thresh,5,2,0.4
Lucian,Tristana,11,5,0.45454545454545453
Lucian,Trundle,1,0,0.0
Lucian,Tryndamere,2,1,0.5
Lucian,TwistedFate,7,5,0.7142857142857143
Lucian,Twitch,1,0,0.0
Lucian,Udyr,3,1,0.3333333333333333
Lucian,Urgot,4,3,0.75
Lucian,Varus,24,15,0.625
Lucian,Vayne,20,15,0.75
Lucian,Veigar,5,3,0.6
Lucian,Velkoz,2,1,0.5
Lucian,Vex,6,2,0.3333333333333333
Lucian,Vi,12,2,0.16666666666666666
Lucian,Viego,5,4,0.8
Lucian,Viktor,11,7,0.6363636363636364
Lucian,Vladimir,11,10,0.9090909090909091
Lucian,Volibear,1,0,0.0
Lucian,Warwick,1,0,0.0
Lucian,Xayah,3,3,1.0
Lucian,Xerath,3,0,0.0
Lucian,XinZhao,14,9,0.6428571428571429
Lucian,Yasuo,12,7,0.5833333333333334
Lucian,Yone,17,10,0.5882352941176471
Lucian,Yorick,7,4,0.5714285714285714
Lucian,Yunara,29,16,0.5517241379310345
Lucian,Yuumi,4,3,0.75
Lucian,Zaahen,8,5,0.625
Lucian,Zac,2,0,0.0
Lucian,Zed,5,3,0.6
Lucian,Zeri,3,2,0.6666666666666666
Lucian,Ziggs,9,3,0.3333333333333333
Lucian,Zilean,6,2,0.3333333333333333
Lucian,Zoe,12,8,0.6666666666666666
Lucian,Zyra,6,3,0.5
Lulu,Aatrox,6,4,0.6666666666666666
Lulu,Ahri,18,3,0.16666666666666666
Lulu,Akali,15,8,0.5333333333333333
Lulu,Akshan,2,2,1.0
Lulu,Alistar,6,2,0.3333333333333333
Lulu,Ambessa,29,13,0.4482758620689655
Lulu,Amumu,3,1,0.3333333333333333
Lulu,Anivia,32,19,0.59375
Lulu,Annie,11,4,0.36363636363636365
Lulu,Aphelios,6,3,0.5
Lulu,Ashe,13,7,0.5384615384615384
Lulu,AurelionSol,4,3,0.75
Lulu,Aurora,15,8,0.5333333333333333
Lulu,Azir,7,3,0.42857142857142855
Lulu,Bard,22,11,0.5
Lulu,Belveth,1,0,0.0
Lulu,Blitzcrank,4,4,1.0
Lulu,Brand,3,1,0.3333333333333333
Lulu,Braum,3,1,0.3333333333333333
Lulu,Caitlyn,21,11,0.5238095238095238
Lulu,Camille,4,1,0.25
Lulu,Cassiopeia,5,2,0.4
Lulu,Chogath,1,0,0.0
Lulu,Corki,16,7,0.4375
Lulu,Darius,3,1,0.3333333333333333
Lulu,Diana,1,1,1.0
Lulu,DrMundo,6,4,0.6666666666666666
Lulu,Draven,2,1,0.5
Lulu,Ekko,11,6,0.5454545454545454
Lulu,Elise,7,3,0.42857142857142855
Lulu,Evelynn,3,3,1.0
Lulu,Ezreal,38,19,0.5
Lulu,FiddleSticks,6,2,0.3333333333333333
Lulu,Fiora,5,5,1.0
Lulu,Fizz,3,3,1.0
Lulu,Galio,14,3,0.21428571428571427
Lulu,Gangplank,5,3,0.6
Lulu,Garen,3,2,0.6666666666666666
Lulu,Gnar,14,6,0.42857142857142855
Lulu,Gragas,2,1,0.5
Lulu,Graves,12,5,0.4166666666666667
Lulu,Gwen,2,1,0.5
Lulu,Hecarim,7,3,0.42857142857142855
Lulu,Hwei,8,7,0.875
Lulu,Irelia,8,6,0.75
Lulu,Ivern,1,1,1.0
Lulu,Janna,1,1,1.0
Lulu,JarvanIV,20,16,0.8
Lulu,Jax,12,5,0.4166666666666667
Lulu,Jayce,26,16,0.6153846153846154
Lulu,Jhin,22,11,0.5
Lulu,Jinx,7,2,0.2857142857142857
Lulu,KSante,9,6,0.6666666666666666
Lulu,Kaisa,6,3,0.5
Lulu,Kalista,3,2,0.6666666666666666
Lulu,Karma,36,17,0.4722222222222222
Lulu,Karthus,3,1,0.3333333333333333
Lulu,Kassadin,3,2,0.6666666666666666
Lulu,Katarina,8,4,0.5
Lulu,Kayle,3,1,0.3333333333333333
Lulu,Kayn,3,1,0.3333333333333333
Lulu,Kennen,3,2,0.6666666666666666
Lulu,Khazix,7,4,0.5714285714285714
Lulu,Kindred,2,0,0.0
Lulu,Kled,1,1,1.0
Lulu,KogMaw,2,1,0.5
Lulu,Leblanc,9,5,0.5555555555555556
Lulu,LeeSin,26,14,0.5384615384615384
Lulu,Leona,3,1,0.3333333333333333
Lulu,Lillia,1,1,1.0
Lulu,Lissandra,3,1,0.3333333333333333
Lulu,Lucian,27,9,0.3333333333333333
Lulu,Lux,5,2,0.4
Lulu,Malphite,4,2,0.5
Lulu,Malzahar,2,0,0.0
Lulu,Maokai,2,0,0.0
Lulu,MasterYi,2,2,1.0
Lulu,Mel,8,4,0.5
Lulu,Milio,2,1,0.5
Lulu,MissFortune,4,1,0.25
Lulu,MonkeyKing,4,0,0.0
Lulu,Mordekaiser,2,2,1.0
Lulu,Naafiri,10,4,0.4
Lulu,Nami,26,11,0.4230769230769231
Lulu,Nasus,1,0,0.0
Lulu,Nautilus,13,5,0.38461538461538464
Lulu,Neeko,13,10,0.7692307692307693
Lulu,Nidalee,9,7,0.7777777777777778
Lulu,Nocturne,10,6,0.6
Lulu,Nunu,7,2,0.2857142857142857
Lulu,Olaf,3,1,0.3333333333333333
Lulu,Orianna,12,3,0.25
Lulu,Ornn,3,1,0.3333333333333333
Lulu,Pantheon,16,8,0.5
Lulu,Poppy,2,0,0.0
Lulu,Pyke,7,3,0.42857142857142855
Lulu,Qiyana,10,4,0.4
Lulu,Quinn,1,0,0.0
Lulu,Rakan,10,7,0.7
Lulu,RekSai,5,2,0.4
Lulu,Rell,9,4,0.4444444444444444
Lulu,Renata,1,0,0.0
Lulu,Renekton,9,5,0.5555555555555556
Lulu,Rengar,5,1,0.2
Lulu,Riven,6,2,0.3333333333333333
Lulu,Rumble,6,5,0.8333333333333334
Lulu,Ryze,24,12,0.5
Lulu,Sejuani,4,3,0.75
Lulu,Senna,8,3,0.375
Lulu,Seraphine,15,7,0.4666666666666667
Lulu,Shaco,3,1,0.3333333333333333
Lulu,Shen,7,5,0.7142857142857143
Lulu,Shyvana,1,1,1.0
Lulu,Singed,4,2,0.5
Lulu,Sion,14,7,0.5
Lulu,Sivir,3,2,0.6666666666666666
Lulu,Skarner,6,4,0.6666666666666666
Lulu,Smolder,3,1,0.3333333333333333
Lulu,Sona,6,4,0.6666666666666666
Lulu,Soraka,2,1,0.5
Lulu,Swain,3,2,0.6666666666666666
Lulu,Sylas,15,11,0.7333333333333333
Lulu,Syndra,10,6,0.6
Lulu,Taliyah,6,4,0.6666666666666666
Lulu,Talon,5,2,0.4
Lulu,Teemo,4,3,0.75
Lulu,Thresh,8,4,0.5
Lulu,Tristana,9,8,0.8888888888888888
Lulu,Trundle,1,0,0.0
Lulu,TwistedFate,8,2,0.25
Lulu,Twitch,4,3,0.75
Lulu,Udyr,3,0,0.0
Lulu,Urgot,1,0,0.0
Lulu,Varus,18,11,0.6111111111111112
Lulu,Vayne,10,7,0.7
Lulu,Veigar,1,1,1.0
Lulu,Velkoz,2,2,1.0
Lulu,Vex,2,1,0.5
Lulu,Vi,13,3,0.23076923076923078
Lulu,Viego,8,6,0.75
Lulu,Viktor,5,5,1.0
Lulu,Vladimir,5,2,0.4
Lulu,Volibear,1,0,0.0
Lulu,Xayah,6,4,0.6666666666666666
Lulu,Xerath,2,2,1.0
Lulu,XinZhao,9,6,0.6666666666666666
Lulu,Yasuo,10,8,0.8
Lulu,Yone,15,6,0.4
Lulu,Yorick,8,4,0.5
Lulu,Yunara,18,7,0.3888888888888889
Lulu,Yuumi,6,3,0.5
Lulu,Zaahen,4,2,0.5
Lulu,Zac,3,1,0.3333333333333333
Lulu,Zed,6,4,0.6666666666666666
Lulu,Zeri,3,2,0.6666666666666666
Lulu,Ziggs,4,3,0.75
Lulu,Zilean,2,0,0.0
Lulu,Zyra,4,1,0.25
Lux,Aatrox,4,2,0.5
Lux,Ahri,11,4,0.36363636363636365
Lux,Akali,7,3,0.42857142857142855
Lux,Akshan,3,1,0.3333333333333333
Lux,Alistar,2,0,0.0
Lux,Ambessa,13,6,0.46153846153846156
Lux,Anivia,11,3,0.2727272727272727
Lux,Annie,6,4,0.6666666666666666
Lux,Aphelios,2,0,0.0
Lux,Ashe,6,2,0.3333333333333333
Lux,AurelionSol,2,1,0.5
Lux,Aurora,12,3,0.25
Lux,Azir,5,3,0.6
Lux,Bard,10,2,0.2
Lux,Belveth,1,0,0.0
Lux,Blitzcrank,3,2,0.6666666666666666
Lux,Brand,2,1,0.5
Lux,Braum,1,0,0.0
Lux,Caitlyn,8,2,0.25
Lux,Camille,1,0,0.0
Lux,Cassiopeia,3,2,0.6666666666666666
Lux,Corki,5,3,0.6
Lux,Darius,3,1,0.3333333333333333
Lux,Diana,3,2,0.6666666666666666
Lux,DrMundo,3,1,0.3333333333333333
Lux,Draven,2,0,0.0
Lux,Ekko,3,0,0.0
Lux,Elise,1,0,0.0
Lux,Evelynn,1,0,0.0
Lux,Ezreal,18,8,0.4444444444444444
Lux,Fiora,4,2,0.5
Lux,Fizz,1,1,1.0
Lux,Galio,4,3,0.75
Lux,Gangplank,3,0,0.0
Lux,Garen,2,1,0.5
Lux,Gnar,6,0,0.0
Lux,Gragas,3,1,0.3333333333333333
Lux,Graves,5,3,0.6
Lux,Gwen,1,1,1.0
Lux,Hecarim,1,1,1.0
Lux,Hwei,3,1,0.3333333333333333
Lux,Irelia,2,2,1.0
Lux,Ivern,2,1,0.5
Lux,Janna,2,0,0.0
Lux,JarvanIV,10,3,0.3
Lux,Jax,5,2,0.4
Lux,Jayce,16,10,0.625
Lux,Jhin,16,6,0.375
Lux,Jinx,2,0,0.0
Lux,KSante,4,1,0.25
Lux,Kaisa,5,3,0.6
Lux,Kalista,2,0,0.0
Lux,Karma,8,4,0.5
Lux,Karthus,2,1,0.5
Lux,Katarina,2,0,0.0
Lux,Kayle,2,1,0.5
Lux,Kayn,1,0,0.0
Lux,Kennen,2,0,0.0
Lux,Khazix,1,1,1.0
Lux,Kindred,1,0,0.0
Lux,Kled,3,1,0.3333333333333333
Lux,KogMaw,2,0,0.0
Lux,Leblanc,2,0,0.0
Lux,LeeSin,13,6,0.46153846153846156
Lux,Leona,6,4,0.6666666666666666
Lux,Lillia,5,4,0.8
Lux,Lissandra,2,1,0.5
Lux,Lucian,11,4,0.36363636363636365
Lux,Lulu,5,3,0.6
Lux,Malphite,1,0,0.0
Lux,Malzahar,2,1,0.5
Lux,Maokai,1,0,0.0
Lux,MasterYi,3,1,0.3333333333333333
Lux,Mel,7,4,0.5714285714285714
Lux,Milio,1,0,0.0
Lux,MissFortune,2,0,0.0
Lux,MonkeyKing,1,0,0.0
Lux,Morgana,3,3,1.0
Lux,Naafiri,5,1,0.2
Lux,Nami,13,8,0.6153846153846154
Lux,Nasus,3,1,0.3333333333333333
Lux,Nautilus,8,2,0.25
Lux,Neeko,10,2,0.2
Lux,Nidalee,7,3,0.42857142857142855
Lux,Nocturne,10,3,0.3
Lux,Nunu,1,0,0.0
Lux,Olaf,1,1,1.0
Lux,Orianna,3,1,0.3333333333333333
Lux,Ornn,2,1,0.5
Lux,Pantheon,9,5,0.5555555555555556
Lux,Poppy,2,0,0.0
Lux,Pyke,6,0,0.0
Lux,Qiyana,6,3,0.5
Lux,Rakan,3,1,0.3333333333333333
Lux,RekSai,1,0,0.0
Lux,Rell,2,1,0.5
Lux,Renekton,3,0,0.0
Lux,Rengar,1,1,1.0
Lux,Riven,1,1,1.0
Lux,Rumble,2,2,1.0
Lux,Ryze,12,4,0.3333333333333333
Lux,Samira,1,1,1.0
Lux,Sejuani,1,1,1.0
Lux,Senna,5,3,0.6
Lux,Seraphine,1,1,1.0
Lux,Sett,1,0,0.0
Lux,Shaco,3,0,0.0
Lux,Shen,7,1,0.14285714285714285
Lux,Singed,1,0,0.0
Lux,Sion,6,2,0.3333333333333333
Lux,Sivir,5,1,0.2
Lux,Skarner,6,1,0.16666666666666666
Lux,Sona,4,0,0.0
Lux,Soraka,3,2,0.6666666666666666
Lux,Swain,1,1,1.0
Lux,Sylas,7,1,0.14285714285714285
Lux,Syndra,2,1,0.5
Lux,TahmKench,1,0,0.0
Lux,Taliyah,4,1,0.25
Lux,Talon,7,2,0.2857142857142857
Lux,Taric,1,0,0.0
Lux,Teemo,2,1,0.5
Lux,Thresh,4,1,0.25
Lux,Tristana,2,1,0.5
Lux,Tryndamere,1,1,1.0
Lux,TwistedFate,7,1,0.14285714285714285
Lux,Twitch,1,1,1.0
Lux,Udyr,3,2,0.6666666666666666
Lux,Urgot,1,1,1.0
Lux,Varus,8,5,0.625
Lux,Vayne,7,1,0.14285714285714285
Lux,Veigar,3,3,1.0
Lux,Velkoz,1,1,1.0
Lux,Vi,4,1,0.25
Lux,Viego,4,2,0.5
Lux,Viktor,6,1,0.16666666666666666
Lux,Vladimir,3,1,0.3333333333333333
Lux,Volibear,1,1,1.0
Lux,Xayah,2,2,1.0
Lux,Xerath,2,1,0.5
Lux,XinZhao,3,1,0.3333333333333333
Lux,Yasuo,3,0,0.0
Lux,Yone,5,3,0.6
Lux,Yorick,2,0,0.0
Lux,Yunara,11,2,0.18181818181818182
Lux,Yuumi,6,3,0.5
Lux,Zaahen,3,0,0.0
Lux,Zac,2,0,0.0
Lux,Zed,3,2,0.6666666666666666
Lux,Zeri,2,1,0.5
Lux,Ziggs,2,1,0.5
Lux,Zilean,2,0,0.0
Lux,Zoe,5,1,0.2
Lux,Zyra,1,1,1.0
Malphite,Aatrox,11,8,0.7272727272727273
Malphite,Ahri,10,5,0.5
Malphite,Akali,6,6,1.0
Malphite,Akshan,3,1,0.3333333333333333
Malphite,Alistar,2,2,1.0
Malphite,Ambessa,8,4,0.5
Malphite,Amumu,1,0,0.0
Malphite,Anivia,6,6,1.0
Malphite,Annie,4,3,0.75
Malphite,Aphelios,3,1,0.3333333333333333
Malphite,Ashe,12,6,0.5
Malphite,AurelionSol,2,0,0.0
Malphite,Aurora,6,5,0.8333333333333334
Malphite,Azir,1,1,1.0
Malphite,Bard,10,5,0.5
Malphite,Brand,2,0,0.0
Malphite,Braum,3,2,0.6666666666666666
Malphite,Caitlyn,10,6,0.6
Malphite,Camille,1,1,1.0
Malphite,Cassiopeia,4,3,0.75
Malphite,Chogath,2,0,0.0
Malphite,Corki,9,4,0.4444444444444444
Malphite,Darius,1,0,0.0
Malphite,Diana,1,0,0.0
Malphite,DrMundo,1,0,0.0
Malphite,Draven,2,0,0.0
Malphite,Ekko,1,0,0.0
Malphite,Evelynn,2,1,0.5
Malphite,Ezreal,11,6,0.5454545454545454
Malphite,FiddleSticks,1,1,1.0
Malphite,Galio,2,2,1.0
Malphite,Gangplank,2,0,0.0
Malphite,Garen,1,0,0.0
Malphite,Gnar,6,3,0.5
Malphite,Gragas,2,2,1.0
Malphite,Graves,6,3,0.5
Malphite,Gwen,3,2,0.6666666666666666
Malphite,Hecarim,3,2,0.6666666666666666
Malphite,Hwei,5,2,0.4
Malphite,Irelia,4,1,0.25
Malphite,Ivern,2,1,0.5
Malphite,Janna,1,0,0.0
Malphite,JarvanIV,3,2,0.6666666666666666
Malphite,Jayce,19,12,0.631578947368421
Malphite,Jhin,7,4,0.5714285714285714
Malphite,Jinx,2,0,0.0
Malphite,KSante,2,1,0.5
Malphite,Kaisa,4,3,0.75
Malphite,Karma,8,4,0.5
Malphite,Karthus,3,1,0.3333333333333333
Malphite,Katarina,2,1,0.5
Malphite,Kayle,1,1,1.0
Malphite,Kayn,1,1,1.0
Malphite,Kennen,2,1,0.5
Malphite,Kindred,1,1,1.0
Malphite,Kled,1,1,1.0
Malphite,KogMaw,1,0,0.0
Malphite,Leblanc,5,1,0.2
Malphite,LeeSin,9,5,0.5555555555555556
Malphite,Leona,3,3,1.0
Malphite,Lillia,3,0,0.0
Malphite,Lissandra,2,0,0.0
Malphite,Lucian,6,5,0.8333333333333334
Malphite,Lulu,4,2,0.5
Malphite,Lux,1,1,1.0
Malphite,Malzahar,1,1,1.0
Malphite,Maokai,2,1,0.5
Malphite,Mel,2,1,0.5
Malphite,Milio,1,0,0.0
Malphite,MissFortune,2,1,0.5
Malphite,Morgana,2,0,0.0
Malphite,Naafiri,4,2,0.5
Malphite,Nami,8,5,0.625
Malphite,Nasus,2,1,0.5
Malphite,Nautilus,10,7,0.7
Malphite,Neeko,4,1,0.25
Malphite,Nidalee,4,2,0.5
Malphite,Nunu,1,0,0.0
Malphite,Olaf,1,1,1.0
Malphite,Orianna,5,3,0.6
Malphite,Ornn,3,2,0.6666666666666666
Malphite,Pantheon,12,8,0.6666666666666666
Malphite,Poppy,4,1,0.25
Malphite,Pyke,1,1,1.0
Malphite,Qiyana,7,3,0.42857142857142855
Malphite,Rakan,4,2,0.5
Malphite,RekSai,3,2,0.6666666666666666
Malphite,Rell,2,2,1.0
Malphite,Renekton,2,1,0.5
Malphite,Rengar,2,1,0.5
Malphite,Riven,1,1,1.0
Malphite,Rumble,5,2,0.4
Malphite,Ryze,3,1,0.3333333333333333
Malphite,Sejuani,1,1,1.0
Malphite,Senna,8,6,0.75
Malphite,Seraphine,7,1,0.14285714285714285
Malphite,Sett,1,0,0.0
Malphite,Sion,5,4,0.8
Malphite,Sivir,1,1,1.0
Malphite,Skarner,3,2,0.6666666666666666
Malphite,Sona,5,2,0.4
Malphite,Soraka,2,1,0.5
Malphite,Swain,1,0,0.0
Malphite,Sylas,11,7,0.6363636363636364
Malphite,Syndra,3,2,0.6666666666666666
Malphite,Talon,9,5,0.5555555555555556
Malphite,Taric,1,1,1.0
Malphite,Teemo,2,2,1.0
Malphite,Thresh,6,4,0.6666666666666666
Malphite,Tristana,5,4,0.8
Malphite,Twitch,1,1,1.0
Malphite,Udyr,2,1,0.5
Malphite,Urgot,1,0,0.0
Malphite,Varus,6,4,0.6666666666666666
Malphite,Vayne,14,7,0.5
Malphite,Veigar,1,1,1.0
Malphite,Vi,3,2,0.6666666666666666
Malphite,Viego,6,5,0.8333333333333334
Malphite,Viktor,4,0,0.0
Malphite,Vladimir,2,1,0.5
Malphite,Xayah,1,1,1.0
Malphite,Xerath,4,2,0.5
Malphite,XinZhao,4,2,0.5
Malphite,Yasuo,10,6,0.6
Malphite,Yone,9,1,0.1111111111111111
Malphite,Yunara,7,5,0.7142857142857143
Malphite,Yuumi,2,1,0.5
Malphite,Zac,1,0,0.0
Malphite,Zed,1,1,1.0
Malphite,Ziggs,1,0,0.0
Malphite,Zoe,1,1,1.0
Malphite,Zyra,2,2,1.0
Malzahar,Aatrox,2,1,0.5
Malzahar,Ahri,2,2,1.0
Malzahar,Akali,1,0,0.0
Malzahar,Ambessa,3,2,0.6666666666666666
Malzahar,Anivia,4,2,0.5
Malzahar,Annie,2,0,0.0
Malzahar,Ashe,4,0,0.0
Malzahar,Aurora,2,1,0.5
Malzahar,Azir,1,0,0.0
Malzahar,Bard,4,1,0.25
Malzahar,Belveth,2,1,0.5
Malzahar,Blitzcrank,1,1,1.0
Malzahar,Braum,1,1,1.0
Malzahar,Caitlyn,2,1,0.5
Malzahar,Corki,4,2,0.5
Malzahar,Diana,1,1,1.0
Malzahar,DrMundo,2,1,0.5
Malzahar,Draven,1,1,1.0
Malzahar,Ekko,2,0,0.0
Malzahar,Elise,1,0,0.0
Malzahar,Ezreal,5,3,0.6
Malzahar,Galio,2,0,0.0
Malzahar,Gangplank,1,0,0.0
Malzahar,Garen,2,1,0.5
Malzahar,Gnar,2,2,1.0
Malzahar,Gragas,1,1,1.0
Malzahar,Gwen,1,0,0.0
Malzahar,Hwei,1,0,0.0
Malzahar,Illaoi,1,0,0.0
Malzahar,Janna,1,0,0.0
Malzahar,JarvanIV,2,1,0.5
Malzahar,Jax,1,1,1.0
Malzahar,Jayce,5,2,0.4
Malzahar,Jhin,1,0,0.0
Malzahar,KSante,3,3,1.0
Malzahar,Kaisa,4,2,0.5
Malzahar,Kalista,2,2,1.0
Malzahar,Karma,4,2,0.5
Malzahar,Katarina,3,2,0.6666666666666666
Malzahar,Kayle,1,0,0.0
Malzahar,Leblanc,1,0,0.0
Malzahar,LeeSin,3,2,0.6666666666666666
Malzahar,Leona,1,0,0.0
Malzahar,Lucian,3,0,0.0
Malzahar,Lulu,2,2,1.0
Malzahar,Lux,2,1,0.5
Malzahar,Malphite,1,0,0.0
Malzahar,MasterYi,1,0,0.0
Malzahar,Milio,2,0,0.0
Malzahar,MissFortune,2,1,0.5
Malzahar,MonkeyKing,1,0,0.0
Malzahar,Naafiri,2,1,0.5
Malzahar,Nami,2,0,0.0
Malzahar,Nautilus,4,3,0.75
Malzahar,Neeko,1,1,1.0
Malzahar,Nidalee,1,1,1.0
Malzahar,Nocturne,1,1,1.0
Malzahar,Nunu,1,0,0.0
Malzahar,Olaf,1,1,1.0
Malzahar,Pantheon,4,2,0.5
Malzahar,Pyke,1,1,1.0
Malzahar,Qiyana,1,0,0.0
Malzahar,Rakan,2,1,0.5
Malzahar,RekSai,1,0,0.0
Malzahar,Renekton,1,0,0.0
Malzahar,Rengar,1,0,0.0
Malzahar,Riven,2,1,0.5
Malzahar,Rumble,1,1,1.0
Malzahar,Ryze,2,1,0.5
Malzahar,Senna,1,0,0.0
Malzahar,Seraphine,1,0,0.0
Malzahar,Sett,1,0,0.0
Malzahar,Shen,1,0,0.0
Malzahar,Shyvana,1,0,0.0
Malzahar,Singed,1,1,1.0
Malzahar,Sion,2,1,0.5
Malzahar,Sivir,1,0,0.0
Malzahar,Skarner,2,0,0.0
Malzahar,Smolder,3,2,0.6666666666666666
Malzahar,Sona,1,0,0.0
Malzahar,Sylas,1,0,0.0
Malzahar,Syndra,2,1,0.5
Malzahar,TahmKench,1,0,0.0
Malzahar,Talon,2,1,0.5
Malzahar,Taric,1,0,0.0
Malzahar,Teemo,1,0,0.0
Malzahar,Thresh,1,1,1.0
Malzahar,Tristana,1,0,0.0
Malzahar,TwistedFate,2,1,0.5
Malzahar,Udyr,1,0,0.0
Malzahar,Varus,3,1,0.3333333333333333
Malzahar,Veigar,1,1,1.0
Malzahar,Velkoz,1,0,0.0
Malzahar,Vi,4,2,0.5
Malzahar,Vladimir,2,1,0.5
Malzahar,XinZhao,1,0,0.0
Malzahar,Yasuo,1,1,1.0
Malzahar,Yone,1,0,0.0
Malzahar,Yorick,2,1,0.5
Malzahar,Yunara,3,1,0.3333333333333333
Malzahar,Zeri,1,1,1.0
Malzahar,Zilean,1,0,0.0
Malzahar,Zoe,2,2,1.0
Malzahar,Zyra,1,0,0.0
Maokai,Aatrox,1,1,1.0
Maokai,Ahri,2,1,0.5
Maokai,Akali,2,1,0.5
Maokai,Alistar,3,2,0.6666666666666666
Maokai,Ambessa,1,0,0.0
Maokai,Anivia,3,2,0.6666666666666666
Maokai,Annie,1,0,0.0
Maokai,Aphelios,1,1,1.0
Maokai,Ashe,2,1,0.5
Maokai,AurelionSol,1,0,0.0
Maokai,Aurora,2,2,1.0
Maokai,Bard,3,3,1.0
Maokai,Belveth,1,1,1.0
Maokai,Brand,1,0,0.0
Maokai,Braum,1,1,1.0
Maokai,Caitlyn,2,2,1.0
Maokai,Camille,1,1,1.0
Maokai,Corki,4,2,0.5
Maokai,Darius,1,0,0.0
Maokai,Diana,2,1,0.5
Maokai,Draven,1,0,0.0
Maokai,Ekko,2,2,1.0
Maokai,Elise,1,1,1.0
Maokai,Ezreal,2,1,0.5
Maokai,FiddleSticks,1,0,0.0
Maokai,Galio,1,1,1.0
Maokai,Graves,3,2,0.6666666666666666
Maokai,Hwei,2,1,0.5
Maokai,Irelia,1,1,1.0
Maokai,JarvanIV,3,1,0.3333333333333333
Maokai,Jayce,3,1,0.3333333333333333
Maokai,Jhin,2,2,1.0
Maokai,Jinx,1,1,1.0
Maokai,KSante,3,2,0.6666666666666666
Maokai,Kaisa,2,1,0.5
Maokai,Kalista,1,1,1.0
Maokai,Karma,1,1,1.0
Maokai,Karthus,1,0,0.0
Maokai,Kayle,1,1,1.0
Maokai,Kayn,1,1,1.0
Maokai,KogMaw,1,0,0.0
Maokai,Leblanc,1,1,1.0
Maokai,LeeSin,3,2,0.6666666666666666
Maokai,Lillia,2,1,0.5
Maokai,Lucian,4,4,1.0
Maokai,Lulu,2,2,1.0
Maokai,Lux,1,1,1.0
Maokai,Malphite,2,1,0.5
Maokai,Mel,1,1,1.0
Maokai,Naafiri,3,2,0.6666666666666666
Maokai,Nami,3,2,0.6666666666666666
Maokai,Nautilus,5,2,0.4
Maokai,Nidalee,1,0,0.0
Maokai,Nocturne,2,1,0.5
Maokai,Orianna,2,2,1.0
Maokai,Pantheon,5,3,0.6
Maokai,RekSai,2,1,0.5
Maokai,Rell,1,1,1.0
Maokai,Riven,2,2,1.0
Maokai,Rumble,1,1,1.0
Maokai,Ryze,2,2,1.0
Maokai,Senna,2,1,0.5
Maokai,Sion,2,1,0.5
Maokai,Sivir,1,0,0.0
Maokai,Smolder,1,1,1.0
Maokai,Sona,2,1,0.5
Maokai,Soraka,1,0,0.0
Maokai,Sylas,5,4,0.8
Maokai,Syndra,1,1,1.0
Maokai,Taliyah,2,2,1.0
Maokai,Thresh,2,1,0.5
Maokai,Varus,5,5,1.0
Maokai,Vayne,1,0,0.0
Maokai,Vi,1,1,1.0
Maokai,Viego,1,1,1.0
Maokai,Viktor,1,1,1.0
Maokai,XinZhao,2,2,1.0
Maokai,Yasuo,3,2,0.6666666666666666
Maokai,Yone,7,6,0.8571428571428571
Maokai,Yorick,2,1,0.5
Maokai,Yunara,2,1,0.5
Maokai,Zaahen,3,1,0.3333333333333333
Maokai,Zeri,1,1,1.0
Maokai,Ziggs,1,1,1.0
Maokai,Zoe,1,0,0.0
Maokai,Zyra,1,0,0.0
MasterYi,Aatrox,3,2,0.6666666666666666
MasterYi,Ahri,3,2,0.6666666666666666
MasterYi,Akali,6,5,0.8333333333333334
MasterYi,Alistar,5,3,0.6
MasterYi,Ambessa,11,7,0.6363636363636364
MasterYi,Anivia,16,8,0.5
MasterYi,Annie,6,1,0.16666666666666666
MasterYi,Ashe,4,2,0.5
MasterYi,AurelionSol,2,1,0.5
MasterYi,Aurora,4,3,0.75
MasterYi,Azir,1,0,0.0
MasterYi,Bard,4,4,1.0
MasterYi,Belveth,1,1,1.0
MasterYi,Brand,1,1,1.0
MasterYi,Braum,1,1,1.0
MasterYi,Briar,1,1,1.0
MasterYi,Caitlyn,4,2,0.5
MasterYi,Cassiopeia,1,0,0.0
MasterYi,Corki,4,3,0.75
MasterYi,Darius,2,1,0.5
MasterYi,Diana,1,1,1.0
MasterYi,Elise,2,0,0.0
MasterYi,Evelynn,1,1,1.0
MasterYi,Ezreal,15,8,0.5333333333333333
MasterYi,Fiora,2,0,0.0
MasterYi,Fizz,1,1,1.0
MasterYi,Garen,1,1,1.0
MasterYi,Gnar,1,0,0.0
MasterYi,Gragas,1,1,1.0
MasterYi,Graves,2,1,0.5
MasterYi,Gwen,2,0,0.0
MasterYi,Hecarim,2,1,0.5
MasterYi,Heimerdinger,1,0,0.0
MasterYi,Hwei,2,2,1.0
MasterYi,Irelia,4,2,0.5
MasterYi,JarvanIV,6,4,0.6666666666666666
MasterYi,Jax,4,1,0.25
MasterYi,Jayce,7,2,0.2857142857142857
MasterYi,Jhin,6,3,0.5
MasterYi,Jinx,2,0,0.0
MasterYi,KSante,4,3,0.75
MasterYi,Kaisa,4,1,0.25
MasterYi,Karma,1,0,0.0
MasterYi,Karthus,4,1,0.25
MasterYi,Katarina,5,2,0.4
MasterYi,Kayn,2,0,0.0
MasterYi,Kennen,3,2,0.6666666666666666
MasterYi,Khazix,3,3,1.0
MasterYi,Kindred,1,0,0.0
MasterYi,Leblanc,4,2,0.5
MasterYi,LeeSin,13,4,0.3076923076923077
MasterYi,Leona,1,0,0.0
MasterYi,Lillia,2,1,0.5
MasterYi,Lissandra,3,0,0.0
MasterYi,Lucian,4,2,0.5
MasterYi,Lulu,2,0,0.0
MasterYi,Lux,3,2,0.6666666666666666
MasterYi,Malzahar,1,1,1.0
MasterYi,Mel,3,0,0.0
MasterYi,Milio,1,0,0.0
MasterYi,MissFortune,2,1,0.5
MasterYi,Mordekaiser,1,1,1.0
MasterYi,Morgana,1,0,0.0
MasterYi,Naafiri,1,0,0.0
MasterYi,Nami,2,2,1.0
MasterYi,Nautilus,5,1,0.2
MasterYi,Neeko,5,3,0.6
MasterYi,Nidalee,3,1,0.3333333333333333
MasterYi,Nocturne,1,0,0.0
MasterYi,Olaf,1,0,0.0
MasterYi,Orianna,3,1,0.3333333333333333
MasterYi,Ornn,2,1,0.5
MasterYi,Pantheon,6,3,0.5
MasterYi,Poppy,4,4,1.0
MasterYi,Pyke,7,3,0.42857142857142855
MasterYi,Qiyana,5,1,0.2
MasterYi,Rakan,8,3,0.375
MasterYi,RekSai,1,0,0.0
MasterYi,Rell,4,3,0.75
MasterYi,Renata,1,1,1.0
MasterYi,Renekton,10,3,0.3
MasterYi,Rengar,1,0,0.0
MasterYi,Rumble,2,1,0.5
MasterYi,Ryze,4,2,0.5
MasterYi,Samira,1,1,1.0
MasterYi,Sejuani,1,1,1.0
MasterYi,Senna,2,1,0.5
MasterYi,Seraphine,1,1,1.0
MasterYi,Shen,3,2,0.6666666666666666
MasterYi,Singed,2,1,0.5
MasterYi,Sion,5,2,0.4
MasterYi,Sivir,2,1,0.5
MasterYi,Skarner,4,1,0.25
MasterYi,Smolder,1,1,1.0
MasterYi,Sona,4,2,0.5
MasterYi,Soraka,1,0,0.0
MasterYi,Swain,2,0,0.0
MasterYi,Sylas,4,2,0.5
MasterYi,Syndra,1,0,0.0
MasterYi,Taliyah,3,0,0.0
MasterYi,Talon,1,1,1.0
MasterYi,Taric,2,0,0.0
MasterYi,Teemo,1,0,0.0
MasterYi,Thresh,2,0,0.0
MasterYi,Tristana,4,1,0.25
MasterYi,Tryndamere,1,0,0.0
MasterYi,TwistedFate,2,1,0.5
MasterYi,Twitch,1,1,1.0
MasterYi,Urgot,1,0,0.0
MasterYi,Varus,4,2,0.5
MasterYi,Vayne,6,4,0.6666666666666666
MasterYi,Veigar,1,0,0.0
MasterYi,Velkoz,1,1,1.0
MasterYi,Vex,1,0,0.0
MasterYi,Vi,5,2,0.4
MasterYi,Viego,4,3,0.75
MasterYi,Viktor,1,1,1.0
MasterYi,Xayah,2,1,0.5
MasterYi,Xerath,1,0,0.0
MasterYi,XinZhao,1,0,0.0
MasterYi,Yasuo,6,2,0.3333333333333333
MasterYi,Yone,6,3,0.5
MasterYi,Yorick,1,1,1.0
MasterYi,Yunara,4,1,0.25
MasterYi,Yuumi,1,1,1.0
MasterYi,Zaahen,4,1,0.25
MasterYi,Zed,1,1,1.0
MasterYi,Ziggs,4,2,0.5
MasterYi,Zilean,1,0,0.0
MasterYi,Zoe,4,3,0.75
MasterYi,Zyra,2,0,0.0
Mel,Aatrox,9,5,0.5555555555555556
Mel,Ahri,23,10,0.43478260869565216
Mel,Akali,12,4,0.3333333333333333
Mel,Akshan,5,2,0.4
Mel,Alistar,5,1,0.2
Mel,Ambessa,22,8,0.36363636363636365
Mel,Amumu,2,2,1.0
Mel,Anivia,26,10,0.38461538461538464
Mel,Annie,7,4,0.5714285714285714
Mel,Aphelios,2,0,0.0
Mel,Ashe,25,12,0.48
Mel,AurelionSol,5,2,0.4
Mel,Aurora,18,7,0.3888888888888889
Mel,Azir,4,3,0.75
Mel,Bard,18,7,0.3888888888888889
Mel,Belveth,2,1,0.5
Mel,Blitzcrank,4,2,0.5
Mel,Brand,4,0,0.0
Mel,Braum,2,1,0.5
Mel,Caitlyn,15,7,0.4666666666666667
Mel,Cassiopeia,7,3,0.42857142857142855
Mel,Chogath,1,0,0.0
Mel,Corki,8,1,0.125
Mel,Darius,2,1,0.5
Mel,Diana,3,1,0.3333333333333333
Mel,DrMundo,2,0,0.0
Mel,Draven,3,3,1.0
Mel,Ekko,5,3,0.6
Mel,Elise,8,4,0.5
Mel,Evelynn,3,2,0.6666666666666666
Mel,Ezreal,25,14,0.56
Mel,FiddleSticks,3,2,0.6666666666666666
Mel,Fiora,9,6,0.6666666666666666
Mel,Fizz,3,2,0.6666666666666666
Mel,Galio,9,4,0.4444444444444444
Mel,Garen,2,1,0.5
Mel,Gnar,13,4,0.3076923076923077
Mel,Gragas,4,4,1.0
Mel,Graves,13,3,0.23076923076923078
Mel,Gwen,6,1,0.16666666666666666
Mel,Heimerdinger,3,0,0.0
Mel,Hwei,9,5,0.5555555555555556
Mel,Irelia,6,3,0.5
Mel,Ivern,2,2,1.0
Mel,Janna,2,0,0.0
Mel,JarvanIV,14,4,0.2857142857142857
Mel,Jax,3,2,0.6666666666666666
Mel,Jayce,17,8,0.47058823529411764
Mel,Jhin,13,5,0.38461538461538464
Mel,Jinx,2,1,0.5
Mel,KSante,4,1,0.25
Mel,Kaisa,17,7,0.4117647058823529
Mel,Kalista,4,3,0.75
Mel,Karma,16,8,0.5
Mel,Karthus,2,1,0.5
Mel,Kassadin,2,1,0.5
Mel,Katarina,3,2,0.6666666666666666
Mel,Kayle,1,1,1.0
Mel,Kayn,3,2,0.6666666666666666
Mel,Kennen,1,1,1.0
Mel,Khazix,4,2,0.5
Mel,Kindred,2,1,0.5
Mel,Kled,2,1,0.5
Mel,KogMaw,2,0,0.0
Mel,Leblanc,7,2,0.2857142857142857
Mel,LeeSin,20,10,0.5
Mel,Leona,7,5,0.7142857142857143
Mel,Lissandra,9,2,0.2222222222222222
Mel,Lucian,8,4,0.5
Mel,Lulu,8,4,0.5
Mel,Lux,7,3,0.42857142857142855
Mel,Malphite,2,1,0.5
Mel,Maokai,1,0,0.0
Mel,MasterYi,3,3,1.0
Mel,Milio,1,1,1.0
Mel,MonkeyKing,2,0,0.0
Mel,Mordekaiser,1,0,0.0
Mel,Morgana,3,2,0.6666666666666666
Mel,Naafiri,7,3,0.42857142857142855
Mel,Nami,12,8,0.6666666666666666
Mel,Nasus,1,1,1.0
Mel,Nautilus,16,3,0.1875
Mel,Neeko,7,3,0.42857142857142855
Mel,Nidalee,10,2,0.2
Mel,Nocturne,11,5,0.45454545454545453
Mel,Nunu,3,1,0.3333333333333333
Mel,Olaf,3,2,0.6666666666666666
Mel,Orianna,3,1,0.3333333333333333
Mel,Ornn,1,0,0.0
Mel,Pantheon,23,12,0.5217391304347826
Mel,Poppy,9,5,0.5555555555555556
Mel,Pyke,8,2,0.25
Mel,Qiyana,8,1,0.125
Mel,Quinn,2,0,0.0
Mel,Rakan,5,3,0.6
Mel,Rammus,2,1,0.5
Mel,RekSai,5,3,0.6
Mel,Rell,7,4,0.5714285714285714
Mel,Renekton,9,3,0.3333333333333333
Mel,Rengar,7,2,0.2857142857142857
Mel,Riven,8,4,0.5
Mel,Rumble,8,3,0.375
Mel,Ryze,18,12,0.6666666666666666
Mel,Sejuani,2,0,0.0
Mel,Senna,10,5,0.5
Mel,Seraphine,17,7,0.4117647058823529
Mel,Sett,2,0,0.0
Mel,Shaco,2,0,0.0
Mel,Shen,5,3,0.6
Mel,Singed,2,1,0.5
Mel,Sion,12,5,0.4166666666666667
Mel,Sivir,10,5,0.5
Mel,Skarner,6,2,0.3333333333333333
Mel,Smolder,3,1,0.3333333333333333
Mel,Sona,7,4,0.5714285714285714
Mel,Soraka,5,1,0.2
Mel,Swain,5,3,0.6
Mel,Sylas,10,4,0.4
Mel,Syndra,7,1,0.14285714285714285
Mel,TahmKench,4,1,0.25
Mel,Taliyah,8,3,0.375
Mel,Talon,2,1,0.5
Mel,Taric,1,1,1.0
Mel,Teemo,5,2,0.4
Mel,Thresh,2,0,0.0
Mel,Tristana,4,2,0.5
Mel,Trundle,1,0,0.0
Mel,Tryndamere,2,2,1.0
Mel,TwistedFate,5,1,0.2
Mel,Twitch,3,3,1.0
Mel,Udyr,4,2,0.5
Mel,Urgot,2,1,0.5
Mel,Varus,21,5,0.23809523809523808
Mel,Vayne,10,4,0.4
Mel,Veigar,5,2,0.4
Mel,Vex,1,0,0.0
Mel,Vi,12,3,0.25
Mel,Viego,6,3,0.5
Mel,Viktor,6,4,0.6666666666666666
Mel,Vladimir,4,2,0.5
Mel,Warwick,1,1,1.0
Mel,Xayah,1,1,1.0
Mel,Xerath,7,1,0.14285714285714285
Mel,XinZhao,11,6,0.5454545454545454
Mel,Yasuo,5,2,0.4
Mel,Yone,12,6,0.5
Mel,Yorick,3,1,0.3333333333333333
Mel,Yunara,10,6,0.6
Mel,Yuumi,2,1,0.5
Mel,Zaahen,10,5,0.5
Mel,Zed,4,1,0.25
Mel,Zeri,1,1,1.0
Mel,Ziggs,3,1,0.3333333333333333
Mel,Zilean,1,0,0.0
Mel,Zoe,7,2,0.2857142857142857
Mel,Zyra,4,2,0.5
Milio,Ahri,4,3,0.75
Milio,Akali,1,1,1.0
Milio,Ambessa,2,1,0.5
Milio,Anivia,6,3,0.5
Milio,Annie,1,1,1.0
Milio,Aphelios,1,1,1.0
Milio,Ashe,8,4,0.5
Milio,Aurora,4,3,0.75
Milio,Azir,4,3,0.75
Milio,Bard,3,1,0.3333333333333333
Milio,Belveth,1,0,0.0
Milio,Blitzcrank,1,1,1.0
Milio,Braum,3,2,0.6666666666666666
Milio,Caitlyn,7,4,0.5714285714285714
Milio,Camille,2,1,0.5
Milio,Cassiopeia,1,1,1.0
Milio,Chogath,1,1,1.0
Milio,Corki,3,1,0.3333333333333333
Milio,DrMundo,1,1,1.0
Milio,Ekko,1,0,0.0
Milio,Elise,2,2,1.0
Milio,Evelynn,2,2,1.0
Milio,Ezreal,8,6,0.75
Milio,Fizz,1,1,1.0
Milio,Galio,3,3,1.0
Milio,Gangplank,3,2,0.6666666666666666
Milio,Garen,2,1,0.5
Milio,Gnar,4,2,0.5
Milio,Gragas,1,0,0.0
Milio,Graves,2,1,0.5
Milio,Gwen,3,2,0.6666666666666666
Milio,Hwei,2,1,0.5
Milio,Irelia,2,0,0.0
Milio,Ivern,2,1,0.5
Milio,JarvanIV,5,4,0.8
Milio,Jayce,7,5,0.7142857142857143
Milio,Jhin,2,2,1.0
Milio,Jinx,1,0,0.0
Milio,Kalista,1,1,1.0
Milio,Karma,2,0,0.0
Milio,Karthus,1,1,1.0
Milio,Katarina,1,1,1.0
Milio,Kayn,1,1,1.0
Milio,Khazix,1,0,0.0
Milio,KogMaw,1,1,1.0
Milio,Leblanc,3,2,0.6666666666666666
Milio,LeeSin,6,3,0.5
Milio,Lillia,3,2,0.6666666666666666
Milio,Lissandra,2,0,0.0
Milio,Lucian,1,0,0.0
Milio,Lulu,2,1,0.5
Milio,Lux,1,1,1.0
Milio,Malphite,1,1,1.0
Milio,Malzahar,2,2,1.0
Milio,MasterYi,1,1,1.0
Milio,Mel,1,0,0.0
Milio,MonkeyKing,1,1,1.0
Milio,Naafiri,4,3,0.75
Milio,Nami,6,3,0.5
Milio,Nautilus,4,2,0.5
Milio,Neeko,1,1,1.0
Milio,Nidalee,3,1,0.3333333333333333
Milio,Nocturne,2,1,0.5
Milio,Olaf,1,1,1.0
Milio,Ornn,1,0,0.0
Milio,Pantheon,4,3,0.75
Milio,Pyke,5,3,0.6
Milio,Qiyana,1,0,0.0
Milio,Quinn,1,0,0.0
Milio,RekSai,4,2,0.5
Milio,Renata,1,1,1.0
Milio,Renekton,1,1,1.0
Milio,Rengar,3,1,0.3333333333333333
Milio,Riven,2,1,0.5
Milio,Rumble,1,1,1.0
Milio,Ryze,3,3,1.0
Milio,Sejuani,1,1,1.0
Milio,Senna,6,5,0.8333333333333334
Milio,Seraphine,6,2,0.3333333333333333
Milio,Sett,1,0,0.0
Milio,Shaco,1,0,0.0
Milio,Shen,2,1,0.5
Milio,Sion,4,3,0.75
Milio,Skarner,1,0,0.0
Milio,Sona,2,2,1.0
Milio,Soraka,1,0,0.0
Milio,Sylas,3,1,0.3333333333333333
Milio,Syndra,2,0,0.0
Milio,Teemo,1,0,0.0
Milio,Thresh,3,2,0.6666666666666666
Milio,Tristana,3,2,0.6666666666666666
Milio,Trundle,1,0,0.0
Milio,Tryndamere,2,1,0.5
Milio,TwistedFate,3,2,0.6666666666666666
Milio,Twitch,1,1,1.0
Milio,Udyr,1,0,0.0
Milio,Varus,9,6,0.6666666666666666
Milio,Vayne,10,8,0.8
Milio,Veigar,1,1,1.0
Milio,Viktor,4,4,1.0
Milio,Vladimir,1,1,1.0
Milio,Xayah,1,1,1.0
Milio,XinZhao,3,2,0.6666666666666666
Milio,Yasuo,5,2,0.4
Milio,Yone,2,1,0.5
Milio,Yorick,2,2,1.0
Milio,Yunara,3,1,0.3333333333333333
Milio,Yuumi,2,2,1.0
Milio,Zaahen,1,0,0.0
Milio,Zeri,1,1,1.0
Milio,Ziggs,1,0,0.0
Milio,Zoe,1,0,0.0
Milio,Zyra,1,0,0.0
MissFortune,Aatrox,3,3,1.0
MissFortune,Ahri,10,7,0.7
MissFortune,Akali,4,2,0.5
MissFortune,Akshan,1,0,0.0
MissFortune,Alistar,4,2,0.5
MissFortune,Ambessa,8,6,0.75
MissFortune,Amumu,1,1,1.0
MissFortune,Anivia,8,6,0.75
MissFortune,Annie,2,2,1.0
MissFortune,Ashe,5,4,0.8
MissFortune,AurelionSol,2,2,1.0
MissFortune,Aurora,3,3,1.0
MissFortune,Bard,5,4,0.8
MissFortune,Belveth,1,0,0.0
MissFortune,Brand,1,0,0.0
MissFortune,Braum,4,3,0.75
MissFortune,Briar,1,1,1.0
MissFortune,Caitlyn,5,2,0.4
MissFortune,Cassiopeia,1,1,1.0
MissFortune,Chogath,1,0,0.0
MissFortune,Corki,2,2,1.0
MissFortune,Darius,1,1,1.0
MissFortune,Diana,1,1,1.0
MissFortune,DrMundo,1,1,1.0
MissFortune,Draven,3,3,1.0
MissFortune,Ekko,2,2,1.0
MissFortune,Elise,2,1,0.5
MissFortune,Ezreal,21,15,0.7142857142857143
MissFortune,FiddleSticks,2,2,1.0
MissFortune,Fizz,1,0,0.0
MissFortune,Galio,2,2,1.0
MissFortune,Gangplank,2,1,0.5
MissFortune,Garen,1,1,1.0
MissFortune,Gnar,2,1,0.5
MissFortune,Gragas,1,0,0.0
MissFortune,Graves,3,0,0.0
MissFortune,Hecarim,1,1,1.0
MissFortune,Hwei,3,2,0.6666666666666666
MissFortune,Irelia,3,1,0.3333333333333333
MissFortune,Ivern,3,1,0.3333333333333333
MissFortune,Janna,4,2,0.5
MissFortune,JarvanIV,5,4,0.8
MissFortune,Jax,4,2,0.5
MissFortune,Jayce,11,4,0.36363636363636365
MissFortune,Jhin,9,6,0.6666666666666666
MissFortune,Jinx,1,1,1.0
MissFortune,KSante,3,3,1.0
MissFortune,Kaisa,2,2,1.0
MissFortune,Kalista,1,1,1.0
MissFortune,Karma,10,8,0.8
MissFortune,Karthus,1,0,0.0
MissFortune,Katarina,1,1,1.0
MissFortune,Kayn,2,1,0.5
MissFortune,Kennen,1,1,1.0
MissFortune,Khazix,3,3,1.0
MissFortune,Kindred,2,1,0.5
MissFortune,Kled,1,1,1.0
MissFortune,Leblanc,2,0,0.0
MissFortune,LeeSin,4,2,0.5
MissFortune,Leona,4,2,0.5
MissFortune,Lillia,1,1,1.0
MissFortune,Lissandra,2,1,0.5
MissFortune,Lucian,6,2,0.3333333333333333
MissFortune,Lulu,4,3,0.75
MissFortune,Lux,2,2,1.0
MissFortune,Malphite,2,1,0.5
MissFortune,Malzahar,2,1,0.5
MissFortune,MasterYi,2,1,0.5
MissFortune,Naafiri,5,2,0.4
MissFortune,Nami,4,1,0.25
MissFortune,Nasus,2,1,0.5
MissFortune,Nautilus,2,2,1.0
MissFortune,Neeko,3,1,0.3333333333333333
MissFortune,Nidalee,1,1,1.0
MissFortune,Nocturne,3,2,0.6666666666666666
MissFortune,Nunu,1,0,0.0
MissFortune,Olaf,2,1,0.5
MissFortune,Orianna,1,1,1.0
MissFortune,Ornn,1,0,0.0
MissFortune,Pantheon,5,3,0.6
MissFortune,Pyke,4,2,0.5
MissFortune,Qiyana,1,0,0.0
MissFortune,Quinn,2,1,0.5
MissFortune,RekSai,1,1,1.0
MissFortune,Rell,4,2,0.5
MissFortune,Renekton,8,7,0.875
MissFortune,Rengar,5,2,0.4
MissFortune,Riven,2,2,1.0
MissFortune,Rumble,7,3,0.42857142857142855
MissFortune,Ryze,8,5,0.625
MissFortune,Sejuani,1,0,0.0
MissFortune,Senna,4,3,0.75
MissFortune,Seraphine,2,1,0.5
MissFortune,Sett,1,0,0.0
MissFortune,Shaco,1,1,1.0
MissFortune,Shen,2,0,0.0
MissFortune,Shyvana,1,1,1.0
MissFortune,Singed,2,2,1.0
MissFortune,Sion,4,3,0.75
MissFortune,Skarner,1,1,1.0
MissFortune,Sona,4,3,0.75
MissFortune,Soraka,1,0,0.0
MissFortune,Sylas,4,3,0.75
MissFortune,Syndra,4,3,0.75
MissFortune,Taliyah,2,1,0.5
MissFortune,Talon,2,2,1.0
MissFortune,Teemo,2,2,1.0
MissFortune,Thresh,2,2,1.0
MissFortune,Tristana,2,1,0.5
MissFortune,Varus,9,4,0.4444444444444444
MissFortune,Vayne,4,2,0.5
MissFortune,Veigar,4,2,0.5
MissFortune,Velkoz,1,1,1.0
MissFortune,Vi,2,0,0.0
MissFortune,Viego,3,3,1.0
MissFortune,Viktor,3,1,0.3333333333333333
MissFortune,Vladimir,1,0,0.0
MissFortune,Volibear,1,0,0.0
MissFortune,Xerath,5,2,0.4
MissFortune,XinZhao,4,3,0.75
MissFortune,Yasuo,3,0,0.0
MissFortune,Yone,2,1,0.5
MissFortune,Yunara,6,3,0.5
MissFortune,Yuumi,2,1,0.5
MissFortune,Zaahen,2,1,0.5
MissFortune,Zac,1,1,1.0
MissFortune,Ziggs,1,0,0.0
MissFortune,Zilean,2,1,0.5
MissFortune,Zoe,4,1,0.25
MissFortune,Zyra,2,0,0.0
MonkeyKing,Aatrox,9,5,0.5555555555555556
MonkeyKing,Ahri,4,3,0.75
MonkeyKing,Akali,3,2,0.6666666666666666
MonkeyKing,Alistar,4,3,0.75
MonkeyKing,Ambessa,3,2,0.6666666666666666
MonkeyKing,Anivia,4,2,0.5
MonkeyKing,Annie,2,1,0.5
MonkeyKing,Aphelios,1,1,1.0
MonkeyKing,Ashe,5,4,0.8
MonkeyKing,Aurora,3,0,0.0
MonkeyKing,Bard,5,2,0.4
MonkeyKing,Blitzcrank,1,0,0.0
MonkeyKing,Braum,1,1,1.0
MonkeyKing,Caitlyn,5,3,0.6
MonkeyKing,Camille,1,0,0.0
MonkeyKing,Cassiopeia,2,1,0.5
MonkeyKing,Chogath,1,1,1.0
MonkeyKing,Corki,2,2,1.0
MonkeyKing,Darius,1,1,1.0
MonkeyKing,Diana,2,2,1.0
MonkeyKing,Draven,2,1,0.5
MonkeyKing,Elise,1,1,1.0
MonkeyKing,Ezreal,11,3,0.2727272727272727
MonkeyKing,Fiora,1,1,1.0
MonkeyKing,Fizz,2,1,0.5
MonkeyKing,Galio,3,3,1.0
MonkeyKing,Gnar,3,1,0.3333333333333333
MonkeyKing,Gragas,1,1,1.0
MonkeyKing,Graves,1,1,1.0
MonkeyKing,Gwen,3,1,0.3333333333333333
MonkeyKing,Hwei,4,1,0.25
MonkeyKing,Irelia,2,0,0.0
MonkeyKing,JarvanIV,8,5,0.625
MonkeyKing,Jax,2,1,0.5
MonkeyKing,Jayce,9,3,0.3333333333333333
MonkeyKing,Jhin,4,3,0.75
MonkeyKing,KSante,2,1,0.5
MonkeyKing,Kaisa,2,1,0.5
MonkeyKing,Kalista,2,1,0.5
MonkeyKing,Karma,3,0,0.0
MonkeyKing,Karthus,2,1,0.5
MonkeyKing,Kassadin,1,0,0.0
MonkeyKing,Katarina,1,0,0.0
MonkeyKing,Kayle,1,0,0.0
MonkeyKing,Kayn,2,2,1.0
MonkeyKing,Kennen,4,2,0.5
MonkeyKing,Kindred,1,0,0.0
MonkeyKing,KogMaw,1,0,0.0
MonkeyKing,Leblanc,2,2,1.0
MonkeyKing,LeeSin,4,3,0.75
MonkeyKing,Leona,3,2,0.6666666666666666
MonkeyKing,Lucian,3,1,0.3333333333333333
MonkeyKing,Lulu,4,4,1.0
MonkeyKing,Lux,1,1,1.0
MonkeyKing,Malzahar,1,1,1.0
MonkeyKing,Mel,2,2,1.0
MonkeyKing,Milio,1,0,0.0
MonkeyKing,Naafiri,5,2,0.4
MonkeyKing,Nami,4,3,0.75
MonkeyKing,Nasus,1,1,1.0
MonkeyKing,Nautilus,9,4,0.4444444444444444
MonkeyKing,Neeko,3,0,0.0
MonkeyKing,Nidalee,1,0,0.0
MonkeyKing,Nocturne,5,3,0.6
MonkeyKing,Orianna,4,1,0.25
MonkeyKing,Pantheon,9,5,0.5555555555555556
MonkeyKing,Poppy,1,1,1.0
MonkeyKing,Pyke,3,2,0.6666666666666666
MonkeyKing,Qiyana,1,1,1.0
MonkeyKing,Rakan,3,3,1.0
MonkeyKing,RekSai,1,1,1.0
MonkeyKing,Renata,1,0,0.0
MonkeyKing,Renekton,4,3,0.75
MonkeyKing,Riven,1,1,1.0
MonkeyKing,Rumble,3,2,0.6666666666666666
MonkeyKing,Ryze,3,0,0.0
MonkeyKing,Samira,1,0,0.0
MonkeyKing,Sejuani,1,1,1.0
MonkeyKing,Senna,2,1,0.5
MonkeyKing,Seraphine,1,0,0.0
MonkeyKing,Shen,4,3,0.75
MonkeyKing,Singed,1,1,1.0
MonkeyKing,Sion,3,0,0.0
MonkeyKing,Sivir,3,1,0.3333333333333333
MonkeyKing,Skarner,2,2,1.0
MonkeyKing,Smolder,1,0,0.0
MonkeyKing,Sona,2,1,0.5
MonkeyKing,Soraka,2,1,0.5
MonkeyKing,Swain,2,1,0.5
MonkeyKing,Sylas,4,3,0.75
MonkeyKing,Syndra,3,3,1.0
MonkeyKing,Taliyah,2,0,0.0
MonkeyKing,Talon,2,0,0.0
MonkeyKing,Teemo,2,1,0.5
MonkeyKing,Thresh,1,1,1.0
MonkeyKing,Tristana,2,2,1.0
MonkeyKing,TwistedFate,4,2,0.5
MonkeyKing,Twitch,1,0,0.0
MonkeyKing,Udyr,1,0,0.0
MonkeyKing,Urgot,3,1,0.3333333333333333
MonkeyKing,Varus,5,4,0.8
MonkeyKing,Vayne,3,1,0.3333333333333333
MonkeyKing,Veigar,1,1,1.0
MonkeyKing,Vex,1,0,0.0
MonkeyKing,Vi,1,1,1.0
MonkeyKing,Viego,1,1,1.0
MonkeyKing,Viktor,2,0,0.0
MonkeyKing,Vladimir,2,0,0.0
MonkeyKing,Xayah,3,2,0.6666666666666666
MonkeyKing,Xerath,1,0,0.0
MonkeyKing,XinZhao,6,0,0.0
MonkeyKing,Yasuo,2,0,0.0
MonkeyKing,Yone,2,1,0.5
MonkeyKing,Yunara,2,0,0.0
MonkeyKing,Yuumi,2,0,0.0
MonkeyKing,Zaahen,3,1,0.3333333333333333
MonkeyKing,Zed,2,1,0.5
MonkeyKing,Zeri,2,1,0.5
MonkeyKing,Zoe,1,0,0.0
MonkeyKing,Zyra,2,1,0.5
Mordekaiser,Ahri,2,0,0.0
Mordekaiser,Anivia,2,2,1.0
Mordekaiser,AurelionSol,1,0,0.0
Mordekaiser,Aurora,2,1,0.5
Mordekaiser,Belveth,1,0,0.0
Mordekaiser,Caitlyn,1,1,1.0
Mordekaiser,Draven,1,0,0.0
Mordekaiser,Ezreal,2,1,0.5
Mordekaiser,Gangplank,1,0,0.0
Mordekaiser,Garen,1,1,1.0
Mordekaiser,Hecarim,1,1,1.0
Mordekaiser,Jayce,1,0,0.0
Mordekaiser,Karma,2,0,0.0
Mordekaiser,Khazix,1,1,1.0
Mordekaiser,LeeSin,2,2,1.0
Mordekaiser,Lulu,2,0,0.0
Mordekaiser,MasterYi,1,0,0.0
Mordekaiser,Mel,1,1,1.0
Mordekaiser,Nautilus,1,1,1.0
Mordekaiser,Neeko,1,1,1.0
Mordekaiser,Nidalee,1,0,0.0
Mordekaiser,Orianna,1,1,1.0
Mordekaiser,Ornn,1,0,0.0
Mordekaiser,Pantheon,1,1,1.0
Mordekaiser,Pyke,1,0,0.0
Mordekaiser,Rakan,1,0,0.0
Mordekaiser,Riven,1,1,1.0
Mordekaiser,Ryze,1,1,1.0
Mordekaiser,Sion,1,0,0.0
Mordekaiser,Sivir,2,0,0.0
Mordekaiser,Sylas,2,1,0.5
Mordekaiser,Syndra,1,0,0.0
Mordekaiser,Talon,1,1,1.0
Mordekaiser,Teemo,1,1,1.0
Mordekaiser,Tristana,1,0,0.0
Mordekaiser,Urgot,1,0,0.0
Mordekaiser,Vayne,1,1,1.0
Mordekaiser,Velkoz,1,1,1.0
Mordekaiser,Xerath,1,0,0.0
Mordekaiser,Yone,1,0,0.0
Mordekaiser,Yunara,1,1,1.0
Mordekaiser,Zaahen,2,1,0.5
Mordekaiser,Zed,1,0,0.0
Mordekaiser,Zilean,1,1,1.0
Mordekaiser,Zyra,1,0,0.0
Morgana,Akali,1,1,1.0
Morgana,Akshan,2,1,0.5
Morgana,Alistar,1,0,0.0
Morgana,Ambessa,1,1,1.0
Morgana,Anivia,1,1,1.0
Morgana,Annie,1,0,0.0
Morgana,Aphelios,1,1,1.0
Morgana,Ashe,1,1,1.0
Morgana,Aurora,2,1,0.5
Morgana,Azir,2,0,0.0
Morgana,Blitzcrank,1,0,0.0
Morgana,Caitlyn,2,1,0.5
Morgana,Ekko,2,2,1.0
Morgana,Evelynn,1,0,0.0
Morgana,Ezreal,2,1,0.5
Morgana,FiddleSticks,1,0,0.0
Morgana,Gangplank,1,1,1.0
Morgana,Gnar,2,1,0.5
Morgana,Graves,2,2,1.0
Morgana,Gwen,1,1,1.0
Morgana,Hecarim,1,0,0.0
Morgana,Hwei,1,0,0.0
Morgana,Irelia,1,0,0.0
Morgana,JarvanIV,1,0,0.0
Morgana,Jayce,2,1,0.5
Morgana,Jhin,2,2,1.0
Morgana,Kaisa,3,0,0.0
Morgana,Karma,1,1,1.0
Morgana,Kayle,1,0,0.0
Morgana,Khazix,1,1,1.0
Morgana,Leblanc,1,1,1.0
Morgana,LeeSin,4,1,0.25
Morgana,Leona,2,1,0.5
Morgana,Lillia,1,1,1.0
Morgana,Lissandra,2,1,0.5
Morgana,Lux,3,0,0.0
Morgana,Malphite,2,2,1.0
Morgana,MasterYi,1,1,1.0
Morgana,Mel,3,1,0.3333333333333333
Morgana,Nasus,1,1,1.0
Morgana,Nautilus,3,2,0.6666666666666666
Morgana,Neeko,1,0,0.0
Morgana,Nunu,1,0,0.0
Morgana,Pantheon,2,2,1.0
Morgana,Pyke,1,1,1.0
Morgana,RekSai,1,0,0.0
Morgana,Renekton,3,1,0.3333333333333333
Morgana,Riven,1,1,1.0
Morgana,Senna,4,2,0.5
Morgana,Shaco,1,0,0.0
Morgana,Singed,1,0,0.0
Morgana,Sona,1,0,0.0
Morgana,Soraka,2,1,0.5
Morgana,Swain,1,0,0.0
Morgana,Sylas,2,2,1.0
Morgana,Syndra,1,0,0.0
Morgana,Talon,1,1,1.0
Morgana,TwistedFate,2,0,0.0
Morgana,Urgot,2,1,0.5
Morgana,Varus,1,1,1.0
Morgana,Vayne,2,1,0.5
Morgana,Veigar,2,1,0.5
Morgana,Velkoz,1,1,1.0
Morgana,Vi,3,1,0.3333333333333333
Morgana,Xerath,2,1,0.5
Morgana,XinZhao,2,2,1.0
Morgana,Yasuo,2,2,1.0
Morgana,Yone,1,0,0.0
Morgana,Yunara,2,1,0.5
Morgana,Yuumi,1,1,1.0
Morgana,Zed,2,0,0.0
Morgana,Ziggs,1,1,1.0
Morgana,Zilean,1,0,0.0
Morgana,Zoe,2,0,0.0
Morgana,Zyra,2,2,1.0
Naafiri,Aatrox,8,5,0.625
Naafiri,Ahri,13,5,0.38461538461538464
Naafiri,Akali,15,9,0.6
Naafiri,Akshan,7,3,0.42857142857142855
Naafiri,Alistar,9,4,0.4444444444444444
Naafiri,Ambessa,37,16,0.43243243243243246
Naafiri,Amumu,2,1,0.5
Naafiri,Anivia,41,17,0.4146341463414634
Naafiri,Annie,13,10,0.7692307692307693
Naafiri,Aphelios,5,2,0.4
Naafiri,Ashe,21,8,0.38095238095238093
Naafiri,AurelionSol,4,4,1.0
Naafiri,Aurora,19,10,0.5263157894736842
Naafiri,Azir,11,5,0.45454545454545453
Naafiri,Bard,23,11,0.4782608695652174
Naafiri,Brand,4,1,0.25
Naafiri,Braum,5,4,0.8
Naafiri,Briar,2,1,0.5
Naafiri,Caitlyn,21,16,0.7619047619047619
Naafiri,Camille,1,0,0.0
Naafiri,Cassiopeia,6,1,0.16666666666666666
Naafiri,Chogath,2,1,0.5
Naafiri,Corki,14,9,0.6428571428571429
Naafiri,Darius,2,1,0.5
Naafiri,Diana,3,1,0.3333333333333333
Naafiri,DrMundo,4,2,0.5
Naafiri,Draven,4,2,0.5
Naafiri,Ekko,6,5,0.8333333333333334
Naafiri,Elise,4,2,0.5
Naafiri,Ezreal,34,25,0.7352941176470589
Naafiri,FiddleSticks,6,3,0.5
Naafiri,Fiora,2,2,1.0
Naafiri,Fizz,2,2,1.0
Naafiri,Galio,7,4,0.5714285714285714
Naafiri,Gangplank,3,3,1.0
Naafiri,Garen,6,2,0.3333333333333333
Naafiri,Gnar,9,5,0.5555555555555556
Naafiri,Gragas,3,2,0.6666666666666666
Naafiri,Graves,13,6,0.46153846153846156
Naafiri,Gwen,3,3,1.0
Naafiri,Hecarim,6,3,0.5
Naafiri,Heimerdinger,2,1,0.5
Naafiri,Hwei,8,4,0.5
Naafiri,Illaoi,1,1,1.0
Naafiri,Irelia,12,8,0.6666666666666666
Naafiri,Ivern,4,4,1.0
Naafiri,Janna,3,2,0.6666666666666666
Naafiri,JarvanIV,15,7,0.4666666666666667
Naafiri,Jax,5,1,0.2
Naafiri,Jayce,51,28,0.5490196078431373
Naafiri,Jhin,27,13,0.48148148148148145
Naafiri,Jinx,5,1,0.2
Naafiri,KSante,5,3,0.6
Naafiri,Kaisa,11,8,0.7272727272727273
Naafiri,Kalista,6,5,0.8333333333333334
Naafiri,Karma,24,10,0.4166666666666667
Naafiri,Karthus,10,5,0.5
Naafiri,Katarina,2,0,0.0
Naafiri,Kayn,8,6,0.75
Naafiri,Khazix,4,1,0.25
Naafiri,Kindred,6,2,0.3333333333333333
Naafiri,Kled,2,1,0.5
Naafiri,KogMaw,1,1,1.0
Naafiri,LeeSin,19,10,0.5263157894736842
Naafiri,Leona,7,5,0.7142857142857143
Naafiri,Lillia,6,4,0.6666666666666666
Naafiri,Lissandra,10,4,0.4
Naafiri,Lucian,11,4,0.36363636363636365
Naafiri,Lulu,10,6,0.6
Naafiri,Lux,5,4,0.8
Naafiri,Malphite,4,2,0.5
Naafiri,Malzahar,2,1,0.5
Naafiri,Maokai,3,1,0.3333333333333333
Naafiri,MasterYi,1,1,1.0
Naafiri,Mel,7,4,0.5714285714285714
Naafiri,Milio,4,1,0.25
Naafiri,MissFortune,5,3,0.6
Naafiri,MonkeyKing,5,3,0.6
Naafiri,Nami,12,6,0.5
Naafiri,Nasus,3,2,0.6666666666666666
Naafiri,Nautilus,28,11,0.39285714285714285
Naafiri,Neeko,15,8,0.5333333333333333
Naafiri,Nidalee,17,6,0.35294117647058826
Naafiri,Nilah,2,1,0.5
Naafiri,Nocturne,17,8,0.47058823529411764
Naafiri,Nunu,3,1,0.3333333333333333
Naafiri,Olaf,5,2,0.4
Naafiri,Orianna,16,5,0.3125
Naafiri,Ornn,5,4,0.8
Naafiri,Pantheon,22,14,0.6363636363636364
Naafiri,Poppy,10,4,0.4
Naafiri,Pyke,9,6,0.6666666666666666
Naafiri,Qiyana,16,6,0.375
Naafiri,Quinn,4,2,0.5
Naafiri,Rakan,11,4,0.36363636363636365
Naafiri,Rammus,1,0,0.0
Naafiri,RekSai,3,0,0.0
Naafiri,Rell,9,5,0.5555555555555556
Naafiri,Renata,2,2,1.0
Naafiri,Renekton,8,3,0.375
Naafiri,Rengar,1,0,0.0
Naafiri,Riven,5,4,0.8
Naafiri,Rumble,10,6,0.6
Naafiri,Ryze,15,8,0.5333333333333333
Naafiri,Sejuani,1,0,0.0
Naafiri,Senna,5,3,0.6
Naafiri,Seraphine,15,6,0.4
Naafiri,Shaco,4,0,0.0
Naafiri,Shen,10,6,0.6
Naafiri,Singed,2,2,1.0
Naafiri,Sion,16,10,0.625
Naafiri,Sivir,8,4,0.5
Naafiri,Skarner,6,5,0.8333333333333334
Naafiri,Smolder,4,4,1.0
Naafiri,Sona,11,4,0.36363636363636365
Naafiri,Soraka,5,1,0.2
Naafiri,Swain,1,0,0.0
Naafiri,Sylas,12,6,0.5
Naafiri,Syndra,7,1,0.14285714285714285
Naafiri,TahmKench,2,0,0.0
Naafiri,Taliyah,10,8,0.8
Naafiri,Talon,8,2,0.25
Naafiri,Taric,2,1,0.5
Naafiri,Teemo,6,0,0.0
Naafiri,Thresh,6,4,0.6666666666666666
Naafiri,Tristana,4,2,0.5
Naafiri,TwistedFate,3,0,0.0
Naafiri,Twitch,2,2,1.0
Naafiri,Udyr,4,1,0.25
Naafiri,Urgot,2,1,0.5
Naafiri,Varus,20,8,0.4
Naafiri,Vayne,19,7,0.3684210526315789
Naafiri,Veigar,4,1,0.25
Naafiri,Velkoz,3,3,1.0
Naafiri,Vex,1,1,1.0
Naafiri,Vi,11,5,0.45454545454545453
Naafiri,Viego,6,4,0.6666666666666666
Naafiri,Viktor,9,4,0.4444444444444444
Naafiri,Vladimir,12,7,0.5833333333333334
Naafiri,Xayah,3,0,0.0
Naafiri,Xerath,6,3,0.5
Naafiri,XinZhao,12,7,0.5833333333333334
Naafiri,Yasuo,11,8,0.7272727272727273
Naafiri,Yone,15,4,0.26666666666666666
Naafiri,Yorick,3,1,0.3333333333333333
Naafiri,Yunara,21,8,0.38095238095238093
Naafiri,Yuumi,1,1,1.0
Naafiri,Zaahen,8,5,0.625
Naafiri,Zed,5,2,0.4
Naafiri,Zeri,1,1,1.0
Naafiri,Ziggs,5,3,0.6
Naafiri,Zilean,1,0,0.0
Naafiri,Zoe,8,7,0.875
Naafiri,Zyra,4,3,0.75
Nami,Aatrox,21,9,0.42857142857142855
Nami,Ahri,23,10,0.43478260869565216
Nami,Akali,22,8,0.36363636363636365
Nami,Akshan,8,3,0.375
Nami,Alistar,7,4,0.5714285714285714
Nami,Ambessa,30,16,0.5333333333333333
Nami,Anivia,42,17,0.40476190476190477
Nami,Annie,15,10,0.6666666666666666
Nami,Aphelios,6,5,0.8333333333333334
Nami,Ashe,22,9,0.4090909090909091
Nami,AurelionSol,5,3,0.6
Nami,Aurora,31,13,0.41935483870967744
Nami,Azir,7,5,0.7142857142857143
Nami,Bard,36,18,0.5
Nami,Belveth,2,1,0.5
Nami,Blitzcrank,1,0,0.0
Nami,Brand,2,0,0.0
Nami,Braum,5,3,0.6
Nami,Briar,4,2,0.5
Nami,Caitlyn,33,17,0.5151515151515151
Nami,Camille,3,2,0.6666666666666666
Nami,Cassiopeia,10,3,0.3
Nami,Chogath,1,0,0.0
Nami,Corki,19,12,0.631578947368421
Nami,Darius,2,1,0.5
Nami,Diana,3,2,0.6666666666666666
Nami,DrMundo,3,1,0.3333333333333333
Nami,Draven,4,1,0.25
Nami,Ekko,11,5,0.45454545454545453
Nami,Elise,3,1,0.3333333333333333
Nami,Evelynn,3,3,1.0
Nami,Ezreal,60,30,0.5
Nami,FiddleSticks,1,1,1.0
Nami,Fiora,11,5,0.45454545454545453
Nami,Fizz,2,2,1.0
Nami,Galio,12,7,0.5833333333333334
Nami,Gangplank,7,4,0.5714285714285714
Nami,Garen,6,2,0.3333333333333333
Nami,Gnar,15,8,0.5333333333333333
Nami,Gragas,6,5,0.8333333333333334
Nami,Graves,15,8,0.5333333333333333
Nami,Gwen,4,2,0.5
Nami,Hecarim,4,1,0.25
Nami,Heimerdinger,1,0,0.0
Nami,Hwei,8,6,0.75
Nami,Irelia,5,4,0.8
Nami,Ivern,5,3,0.6
Nami,Janna,8,3,0.375
Nami,JarvanIV,26,16,0.6153846153846154
Nami,Jax,8,4,0.5
Nami,Jayce,33,14,0.42424242424242425
Nami,Jhin,20,10,0.5
Nami,Jinx,8,6,0.75
Nami,KSante,6,1,0.16666666666666666
Nami,Kaisa,15,7,0.4666666666666667
Nami,Kalista,9,4,0.4444444444444444
Nami,Karma,47,32,0.6808510638297872
Nami,Karthus,7,4,0.5714285714285714
Nami,Kassadin,5,4,0.8
Nami,Katarina,7,2,0.2857142857142857
Nami,Kayle,3,0,0.0
Nami,Kayn,4,2,0.5
Nami,Kennen,6,5,0.8333333333333334
Nami,Khazix,3,2,0.6666666666666666
Nami,Kindred,6,3,0.5
Nami,Kled,3,1,0.3333333333333333
Nami,KogMaw,4,2,0.5
Nami,Leblanc,13,7,0.5384615384615384
Nami,LeeSin,36,14,0.3888888888888889
Nami,Leona,6,1,0.16666666666666666
Nami,Lillia,6,4,0.6666666666666666
Nami,Lissandra,11,9,0.8181818181818182
Nami,Lucian,15,10,0.6666666666666666
Nami,Lulu,26,15,0.5769230769230769
Nami,Lux,13,5,0.38461538461538464
Nami,Malphite,8,3,0.375
Nami,Malzahar,2,2,1.0
Nami,Maokai,3,1,0.3333333333333333
Nami,MasterYi,2,0,0.0
Nami,Mel,12,4,0.3333333333333333
Nami,Milio,6,3,0.5
Nami,MissFortune,4,3,0.75
Nami,MonkeyKing,4,1,0.25
Nami,Naafiri,12,6,0.5
Nami,Nasus,7,5,0.7142857142857143
Nami,Nautilus,30,11,0.36666666666666664
Nami,Neeko,12,5,0.4166666666666667
Nami,Nidalee,13,4,0.3076923076923077
Nami,Nilah,1,1,1.0
Nami,Nocturne,11,4,0.36363636363636365
Nami,Nunu,7,6,0.8571428571428571
Nami,Olaf,2,1,0.5
Nami,Orianna,22,10,0.45454545454545453
Nami,Ornn,6,4,0.6666666666666666
Nami,Pantheon,27,11,0.4074074074074074
Nami,Poppy,5,4,0.8
Nami,Pyke,14,9,0.6428571428571429
Nami,Qiyana,16,5,0.3125
Nami,Quinn,4,0,0.0
Nami,Rakan,9,2,0.2222222222222222
Nami,Rammus,3,2,0.6666666666666666
Nami,RekSai,5,2,0.4
Nami,Rell,6,5,0.8333333333333334
Nami,Renata,3,2,0.6666666666666666
Nami,Renekton,7,4,0.5714285714285714
Nami,Rengar,4,1,0.25
Nami,Riven,7,3,0.42857142857142855
Nami,Rumble,16,9,0.5625
Nami,Ryze,16,5,0.3125
Nami,Samira,1,0,0.0
Nami,Sejuani,2,0,0.0
Nami,Senna,18,8,0.4444444444444444
Nami,Seraphine,14,4,0.2857142857142857
Nami,Sett,5,2,0.4
Nami,Shaco,5,3,0.6
Nami,Shen,5,2,0.4
Nami,Shyvana,1,0,0.0
Nami,Singed,6,3,0.5
Nami,Sion,26,14,0.5384615384615384
Nami,Sivir,8,4,0.5
Nami,Skarner,8,6,0.75
Nami,Smolder,8,5,0.625
Nami,Sona,13,6,0.46153846153846156
Nami,Soraka,8,5,0.625
Nami,Swain,7,4,0.5714285714285714
Nami,Sylas,19,9,0.47368421052631576
Nami,Syndra,10,7,0.7
Nami,TahmKench,2,1,0.5
Nami,Taliyah,5,4,0.8
Nami,Talon,13,8,0.6153846153846154
Nami,Taric,6,3,0.5
Nami,Teemo,2,1,0.5
Nami,Thresh,6,2,0.3333333333333333
Nami,Tristana,10,5,0.5
Nami,Trundle,1,0,0.0
Nami,Tryndamere,3,2,0.6666666666666666
Nami,TwistedFate,7,2,0.2857142857142857
Nami,Twitch,1,0,0.0
Nami,Udyr,7,4,0.5714285714285714
Nami,Urgot,5,1,0.2
Nami,Varus,21,10,0.47619047619047616
Nami,Vayne,16,10,0.625
Nami,Veigar,2,0,0.0
Nami,Velkoz,3,2,0.6666666666666666
Nami,Vex,3,1,0.3333333333333333
Nami,Vi,13,4,0.3076923076923077
Nami,Viego,8,6,0.75
Nami,Viktor,11,5,0.45454545454545453
Nami,Vladimir,7,4,0.5714285714285714
Nami,Warwick,2,1,0.5
Nami,Xayah,3,2,0.6666666666666666
Nami,Xerath,5,1,0.2
Nami,XinZhao,16,9,0.5625
Nami,Yasuo,15,10,0.6666666666666666
Nami,Yone,12,8,0.6666666666666666
Nami,Yorick,3,1,0.3333333333333333
Nami,Yunara,28,12,0.42857142857142855
Nami,Yuumi,8,6,0.75
Nami,Zaahen,16,5,0.3125
Nami,Zed,5,3,0.6
Nami,Zeri,2,1,0.5
Nami,Ziggs,2,0,0.0
Nami,Zilean,4,2,0.5
Nami,Zoe,11,6,0.5454545454545454
Nami,Zyra,6,4,0.6666666666666666
Nasus,Aatrox,2,2,1.0
Nasus,Ahri,2,1,0.5
Nasus,Akali,2,1,0.5
Nasus,Akshan,2,1,0.5
Nasus,Alistar,2,2,1.0
Nasus,Ambessa,5,2,0.4
Nasus,Anivia,7,3,0.42857142857142855
Nasus,Annie,1,0,0.0
Nasus,Ashe,1,0,0.0
Nasus,AurelionSol,1,0,0.0
Nasus,Aurora,2,0,0.0
Nasus,Bard,5,2,0.4
Nasus,Belveth,2,0,0.0
Nasus,Blitzcrank,1,1,1.0
Nasus,Brand,3,2,0.6666666666666666
Nasus,Braum,2,1,0.5
Nasus,Caitlyn,2,1,0.5
Nasus,Camille,1,1,1.0
Nasus,Cassiopeia,1,1,1.0
Nasus,Chogath,1,1,1.0
Nasus,Corki,3,2,0.6666666666666666
Nasus,Diana,1,0,0.0
Nasus,DrMundo,2,1,0.5
Nasus,Draven,1,1,1.0
Nasus,Ekko,2,2,1.0
Nasus,Evelynn,1,1,1.0
Nasus,Ezreal,5,3,0.6
Nasus,FiddleSticks,1,0,0.0
Nasus,Galio,1,1,1.0
Nasus,Gnar,1,0,0.0
Nasus,Graves,1,1,1.0
Nasus,Hecarim,1,0,0.0
Nasus,Hwei,3,2,0.6666666666666666
Nasus,Irelia,1,1,1.0
Nasus,Janna,2,1,0.5
Nasus,JarvanIV,1,1,1.0
Nasus,Jayce,5,2,0.4
Nasus,Jhin,2,0,0.0
Nasus,Jinx,2,1,0.5
Nasus,KSante,2,0,0.0
Nasus,Kaisa,2,1,0.5
Nasus,Karma,5,2,0.4
Nasus,Karthus,2,2,1.0
Nasus,Katarina,4,3,0.75
Nasus,Kayle,1,0,0.0
Nasus,Kayn,1,1,1.0
Nasus,Leblanc,2,2,1.0
Nasus,LeeSin,4,2,0.5
Nasus,Leona,1,1,1.0
Nasus,Lillia,2,1,0.5
Nasus,Lissandra,1,1,1.0
Nasus,Lucian,3,1,0.3333333333333333
Nasus,Lulu,1,1,1.0
Nasus,Lux,3,2,0.6666666666666666
Nasus,Malphite,2,1,0.5
Nasus,Mel,1,0,0.0
Nasus,MissFortune,2,1,0.5
Nasus,MonkeyKing,1,0,0.0
Nasus,Morgana,1,0,0.0
Nasus,Naafiri,3,1,0.3333333333333333
Nasus,Nami,7,2,0.2857142857142857
Nasus,Nautilus,2,0,0.0
Nasus,Neeko,2,1,0.5
Nasus,Nilah,1,0,0.0
Nasus,Nocturne,2,1,0.5
Nasus,Nunu,1,1,1.0
Nasus,Olaf,1,0,0.0
Nasus,Orianna,3,2,0.6666666666666666
Nasus,Ornn,2,1,0.5
Nasus,Pantheon,2,1,0.5
Nasus,Poppy,1,1,1.0
Nasus,Pyke,2,0,0.0
Nasus,Qiyana,4,4,1.0
Nasus,Quinn,2,1,0.5
Nasus,Rakan,1,1,1.0
Nasus,Rammus,1,0,0.0
Nasus,RekSai,1,1,1.0
Nasus,Renekton,2,1,0.5
Nasus,Rengar,1,0,0.0
Nasus,Riven,3,3,1.0
Nasus,Ryze,3,0,0.0
Nasus,Senna,2,2,1.0
Nasus,Shyvana,1,0,0.0
Nasus,Sion,1,0,0.0
Nasus,Sivir,1,0,0.0
Nasus,Skarner,1,0,0.0
Nasus,Smolder,2,1,0.5
Nasus,Sona,1,0,0.0
Nasus,Sylas,3,1,0.3333333333333333
Nasus,Syndra,3,3,1.0
Nasus,Taliyah,2,1,0.5
Nasus,Talon,4,4,1.0
Nasus,Teemo,2,1,0.5
Nasus,Thresh,2,1,0.5
Nasus,Tristana,1,1,1.0
Nasus,TwistedFate,2,1,0.5
Nasus,Udyr,1,1,1.0
Nasus,Varus,2,2,1.0
Nasus,Vayne,5,3,0.6
Nasus,Vex,1,1,1.0
Nasus,Viktor,1,1,1.0
Nasus,Vladimir,1,0,0.0
Nasus,Xerath,1,0,0.0
Nasus,XinZhao,2,1,0.5
Nasus,Yasuo,4,3,0.75
Nasus,Yone,4,2,0.5
Nasus,Yunara,3,2,0.6666666666666666
Nasus,Zaahen,4,0,0.0
Nasus,Zac,1,0,0.0
Nasus,Zeri,1,1,1.0
Nasus,Zilean,2,1,0.5
Nautilus,Aatrox,24,12,0.5
Nautilus,Ahri,31,13,0.41935483870967744
Nautilus,Akali,21,13,0.6190476190476191
Nautilus,Akshan,16,9,0.5625
Nautilus,Alistar,17,5,0.29411764705882354
Nautilus,Ambessa,56,30,0.5357142857142857
Nautilus,Amumu,1,0,0.0
Nautilus,Anivia,35,13,0.37142857142857144
Nautilus,Annie,11,8,0.7272727272727273
Nautilus,Aphelios,5,3,0.6
Nautilus,Ashe,20,9,0.45
Nautilus,AurelionSol,9,6,0.6666666666666666
Nautilus,Aurora,34,20,0.5882352941176471
Nautilus,Azir,18,11,0.6111111111111112
Nautilus,Bard,39,17,0.4358974358974359
Nautilus,Belveth,5,3,0.6
Nautilus,Blitzcrank,4,2,0.5
Nautilus,Brand,6,4,0.6666666666666666
Nautilus,Braum,32,19,0.59375
Nautilus,Briar,2,2,1.0
Nautilus,Caitlyn,44,23,0.5227272727272727
Nautilus,Camille,5,3,0.6
Nautilus,Cassiopeia,15,10,0.6666666666666666
Nautilus,Chogath,2,1,0.5
Nautilus,Corki,23,15,0.6521739130434783
Nautilus,Darius,10,4,0.4
Nautilus,Diana,5,0,0.0
Nautilus,DrMundo,9,6,0.6666666666666666
Nautilus,Draven,4,1,0.25
Nautilus,Ekko,21,13,0.6190476190476191
Nautilus,Elise,9,5,0.5555555555555556
Nautilus,Evelynn,7,7,1.0
Nautilus,Ezreal,81,40,0.49382716049382713
Nautilus,FiddleSticks,5,3,0.6
Nautilus,Fiora,9,3,0.3333333333333333
Nautilus,Fizz,4,2,0.5
Nautilus,Galio,14,8,0.5714285714285714
Nautilus,Gangplank,6,2,0.3333333333333333
Nautilus,Garen,5,3,0.6
Nautilus,Gnar,22,13,0.5909090909090909
Nautilus,Gragas,7,5,0.7142857142857143
Nautilus,Graves,19,11,0.5789473684210527
Nautilus,Gwen,5,0,0.0
Nautilus,Hecarim,4,2,0.5
Nautilus,Hwei,12,7,0.5833333333333334
Nautilus,Illaoi,1,0,0.0
Nautilus,Irelia,22,11,0.5
Nautilus,Ivern,3,3,1.0
Nautilus,Janna,5,4,0.8
Nautilus,JarvanIV,33,21,0.6363636363636364
Nautilus,Jax,9,4,0.4444444444444444
Nautilus,Jayce,46,23,0.5
Nautilus,Jhin,30,15,0.5
Nautilus,Jinx,9,5,0.5555555555555556
Nautilus,KSante,13,10,0.7692307692307693
Nautilus,Kaisa,19,11,0.5789473684210527
Nautilus,Kalista,6,5,0.8333333333333334
Nautilus,Karma,84,47,0.5595238095238095
Nautilus,Karthus,10,2,0.2
Nautilus,Kassadin,6,2,0.3333333333333333
Nautilus,Katarina,4,2,0.5
Nautilus,Kayle,1,1,1.0
Nautilus,Kayn,9,6,0.6666666666666666
Nautilus,Kennen,2,0,0.0
Nautilus,Khazix,10,5,0.5
Nautilus,Kindred,9,1,0.1111111111111111
Nautilus,Kled,5,4,0.8
Nautilus,KogMaw,4,3,0.75
Nautilus,Leblanc,13,6,0.46153846153846156
Nautilus,LeeSin,30,19,0.6333333333333333
Nautilus,Leona,15,9,0.6
Nautilus,Lillia,5,1,0.2
Nautilus,Lissandra,14,8,0.5714285714285714
Nautilus,Lucian,29,12,0.41379310344827586
Nautilus,Lulu,13,8,0.6153846153846154
Nautilus,Lux,8,6,0.75
Nautilus,Malphite,10,3,0.3
Nautilus,Malzahar,4,1,0.25
Nautilus,Maokai,5,3,0.6
Nautilus,MasterYi,5,4,0.8
Nautilus,Mel,16,13,0.8125
Nautilus,Milio,4,2,0.5
Nautilus,MissFortune,2,0,0.0
Nautilus,MonkeyKing,9,5,0.5555555555555556
Nautilus,Mordekaiser,1,0,0.0
Nautilus,Morgana,3,1,0.3333333333333333
Nautilus,Naafiri,28,17,0.6071428571428571
Nautilus,Nami,30,19,0.6333333333333333
Nautilus,Nasus,2,2,1.0
Nautilus,Neeko,20,11,0.55
Nautilus,Nidalee,11,5,0.45454545454545453
Nautilus,Nilah,1,1,1.0
Nautilus,Nocturne,19,6,0.3157894736842105
Nautilus,Nunu,4,1,0.25
Nautilus,Olaf,4,3,0.75
Nautilus,Orianna,15,8,0.5333333333333333
Nautilus,Ornn,7,3,0.42857142857142855
Nautilus,Pantheon,32,13,0.40625
Nautilus,Poppy,15,6,0.4
Nautilus,Pyke,18,13,0.7222222222222222
Nautilus,Qiyana,19,11,0.5789473684210527
Nautilus,Quinn,5,4,0.8
Nautilus,Rakan,6,3,0.5
Nautilus,RekSai,3,0,0.0
Nautilus,Rell,19,10,0.5263157894736842
Nautilus,Renata,4,2,0.5
Nautilus,Renekton,17,10,0.5882352941176471
Nautilus,Rengar,11,9,0.8181818181818182
Nautilus,Riven,13,8,0.6153846153846154
Nautilus,Rumble,20,12,0.6
Nautilus,Ryze,29,21,0.7241379310344828
Nautilus,Sejuani,6,3,0.5
Nautilus,Senna,15,5,0.3333333333333333
Nautilus,Seraphine,17,5,0.29411764705882354
Nautilus,Shaco,5,1,0.2
Nautilus,Shen,6,5,0.8333333333333334
Nautilus,Shyvana,1,0,0.0
Nautilus,Singed,5,3,0.6
Nautilus,Sion,20,7,0.35
Nautilus,Sivir,15,8,0.5333333333333333
Nautilus,Skarner,6,2,0.3333333333333333
Nautilus,Smolder,10,6,0.6
Nautilus,Sona,20,11,0.55
Nautilus,Soraka,8,4,0.5
Nautilus,Swain,3,0,0.0
Nautilus,Sylas,28,12,0.42857142857142855
Nautilus,Syndra,8,3,0.375
Nautilus,TahmKench,5,2,0.4
Nautilus,Taliyah,19,6,0.3157894736842105
Nautilus,Talon,14,7,0.5
Nautilus,Taric,3,2,0.6666666666666666
Nautilus,Teemo,8,5,0.625
Nautilus,Thresh,16,13,0.8125
Nautilus,Tristana,14,7,0.5
Nautilus,Trundle,1,0,0.0
Nautilus,Tryndamere,2,0,0.0
Nautilus,TwistedFate,16,7,0.4375
Nautilus,Twitch,1,1,1.0
Nautilus,Udyr,6,5,0.8333333333333334
Nautilus,Urgot,2,1,0.5
Nautilus,Varus,30,14,0.4666666666666667
Nautilus,Vayne,28,20,0.7142857142857143
Nautilus,Veigar,6,4,0.6666666666666666
Nautilus,Velkoz,2,0,0.0
Nautilus,Vex,3,2,0.6666666666666666
Nautilus,Vi,21,10,0.47619047619047616
Nautilus,Viego,15,11,0.7333333333333333
Nautilus,Viktor,9,6,0.6666666666666666
Nautilus,Vladimir,11,9,0.8181818181818182
Nautilus,Volibear,2,2,1.0
Nautilus,Xayah,7,3,0.42857142857142855
Nautilus,Xerath,10,5,0.5
Nautilus,XinZhao,18,8,0.4444444444444444
Nautilus,Yasuo,18,11,0.6111111111111112
Nautilus,Yone,22,12,0.5454545454545454
Nautilus,Yorick,9,4,0.4444444444444444
Nautilus,Yunara,28,20,0.7142857142857143
Nautilus,Yuumi,3,1,0.3333333333333333
Nautilus,Zaahen,16,10,0.625
Nautilus,Zac,1,1,1.0
Nautilus,Zed,12,4,0.3333333333333333
Nautilus,Zeri,5,2,0.4
Nautilus,Ziggs,8,4,0.5
Nautilus,Zilean,7,4,0.5714285714285714
Nautilus,Zoe,8,5,0.625
Nautilus,Zyra,5,2,0.4
Neeko,Aatrox,12,4,0.3333333333333333
Neeko,Ahri,9,5,0.5555555555555556
Neeko,Akali,13,9,0.6923076923076923
Neeko,Akshan,3,1,0.3333333333333333
Neeko,Alistar,12,5,0.4166666666666667
Neeko,Ambessa,15,10,0.6666666666666666
Neeko,Anivia,23,17,0.7391304347826086
Neeko,Annie,10,7,0.7
Neeko,Aphelios,4,1,0.25
Neeko,Ashe,11,7,0.6363636363636364
Neeko,AurelionSol,2,1,0.5
Neeko,Aurora,20,11,0.55
Neeko,Azir,11,9,0.8181818181818182
Neeko,Bard,37,18,0.4864864864864865
Neeko,Belveth,1,0,0.0
Neeko,Blitzcrank,2,1,0.5
Neeko,Brand,4,2,0.5
Neeko,Braum,7,5,0.7142857142857143
Neeko,Caitlyn,19,11,0.5789473684210527
Neeko,Cassiopeia,3,0,0.0
Neeko,Chogath,2,1,0.5
Neeko,Corki,11,6,0.5454545454545454
Neeko,Darius,3,3,1.0
Neeko,Diana,1,0,0.0
Neeko,DrMundo,3,2,0.6666666666666666
Neeko,Draven,4,4,1.0
Neeko,Ekko,6,4,0.6666666666666666
Neeko,Elise,6,2,0.3333333333333333
Neeko,Evelynn,2,1,0.5
Neeko,Ezreal,39,22,0.5641025641025641
Neeko,FiddleSticks,1,0,0.0
Neeko,Fiora,1,1,1.0
Neeko,Fizz,2,1,0.5
Neeko,Galio,5,4,0.8
Neeko,Gangplank,4,0,0.0
Neeko,Garen,6,3,0.5
Neeko,Gnar,10,5,0.5
Neeko,Gragas,1,0,0.0
Neeko,Graves,8,3,0.375
Neeko,Gwen,4,4,1.0
Neeko,Hecarim,2,2,1.0
Neeko,Heimerdinger,2,1,0.5
Neeko,Hwei,10,3,0.3
Neeko,Illaoi,1,1,1.0
Neeko,Irelia,10,5,0.5
Neeko,Ivern,2,2,1.0
Neeko,Janna,4,2,0.5
Neeko,JarvanIV,18,11,0.6111111111111112
Neeko,Jax,7,2,0.2857142857142857
Neeko,Jayce,33,17,0.5151515151515151
Neeko,Jhin,24,9,0.375
Neeko,Jinx,3,1,0.3333333333333333
Neeko,KSante,10,1,0.1
Neeko,Kaisa,14,7,0.5
Neeko,Kalista,1,0,0.0
Neeko,Karma,29,16,0.5517241379310345
Neeko,Karthus,2,0,0.0
Neeko,Katarina,4,1,0.25
Neeko,Kayle,1,1,1.0
Neeko,Kayn,3,3,1.0
Neeko,Kennen,3,1,0.3333333333333333
Neeko,Khazix,2,1,0.5
Neeko,Kindred,3,2,0.6666666666666666
Neeko,Kled,3,2,0.6666666666666666
Neeko,KogMaw,1,0,0.0
Neeko,Leblanc,9,3,0.3333333333333333
Neeko,LeeSin,34,18,0.5294117647058824
Neeko,Leona,5,2,0.4
Neeko,Lissandra,5,3,0.6
Neeko,Lucian,8,4,0.5
Neeko,Lulu,13,3,0.23076923076923078
Neeko,Lux,10,8,0.8
Neeko,Malphite,4,3,0.75
Neeko,Malzahar,1,0,0.0
Neeko,MasterYi,5,2,0.4
Neeko,Mel,7,4,0.5714285714285714
Neeko,Milio,1,0,0.0
Neeko,MissFortune,3,2,0.6666666666666666
Neeko,MonkeyKing,3,3,1.0
Neeko,Mordekaiser,1,0,0.0
Neeko,Morgana,1,1,1.0
Neeko,Naafiri,15,7,0.4666666666666667
Neeko,Nami,12,7,0.5833333333333334
Neeko,Nasus,2,1,0.5
Neeko,Nautilus,20,9,0.45
Neeko,Nidalee,1,0,0.0
Neeko,Nocturne,15,10,0.6666666666666666
Neeko,Nunu,5,1,0.2
Neeko,Olaf,4,1,0.25
Neeko,Orianna,18,10,0.5555555555555556
Neeko,Ornn,3,1,0.3333333333333333
Neeko,Pantheon,11,6,0.5454545454545454
Neeko,Poppy,2,0,0.0
Neeko,Pyke,7,4,0.5714285714285714
Neeko,Qiyana,10,4,0.4
Neeko,Quinn,4,2,0.5
Neeko,Rakan,7,3,0.42857142857142855
Neeko,RekSai,3,1,0.3333333333333333
Neeko,Rell,2,1,0.5
Neeko,Renekton,12,6,0.5
Neeko,Rengar,2,0,0.0
Neeko,Riven,4,4,1.0
Neeko,Rumble,10,5,0.5
Neeko,Ryze,18,6,0.3333333333333333
Neeko,Samira,2,0,0.0
Neeko,Sejuani,4,3,0.75
Neeko,Senna,3,0,0.0
Neeko,Seraphine,13,7,0.5384615384615384
Neeko,Shaco,2,1,0.5
Neeko,Shen,5,4,0.8
Neeko,Shyvana,4,4,1.0
Neeko,Singed,5,3,0.6
Neeko,Sion,19,11,0.5789473684210527
Neeko,Sivir,5,2,0.4
Neeko,Skarner,11,7,0.6363636363636364
Neeko,Smolder,7,4,0.5714285714285714
Neeko,Sona,7,5,0.7142857142857143
Neeko,Soraka,3,3,1.0
Neeko,Swain,3,1,0.3333333333333333
Neeko,Sylas,11,4,0.36363636363636365
Neeko,Syndra,10,3,0.3
Neeko,Taliyah,6,4,0.6666666666666666
Neeko,Talon,4,2,0.5
Neeko,Taric,2,0,0.0
Neeko,Teemo,3,0,0.0
Neeko,Thresh,5,3,0.6
Neeko,Tristana,5,3,0.6
Neeko,TwistedFate,6,3,0.5
Neeko,Twitch,3,2,0.6666666666666666
Neeko,Udyr,4,2,0.5
Neeko,Varus,13,8,0.6153846153846154
Neeko,Vayne,13,6,0.46153846153846156
Neeko,Veigar,3,0,0.0
Neeko,Velkoz,3,2,0.6666666666666666
Neeko,Vi,7,3,0.42857142857142855
Neeko,Viego,8,4,0.5
Neeko,Viktor,8,5,0.625
Neeko,Vladimir,6,3,0.5
Neeko,Volibear,2,0,0.0
Neeko,Xayah,4,2,0.5
Neeko,XinZhao,14,9,0.6428571428571429
Neeko,Yasuo,10,6,0.6
Neeko,Yone,11,7,0.6363636363636364
Neeko,Yorick,5,3,0.6
Neeko,Yunara,22,14,0.6363636363636364
Neeko,Yuumi,5,4,0.8
Neeko,Zaahen,2,1,0.5
Neeko,Zac,1,0,0.0
Neeko,Zed,4,1,0.25
Neeko,Zeri,2,2,1.0
Neeko,Ziggs,2,1,0.5
Neeko,Zilean,3,2,0.6666666666666666
Neeko,Zoe,7,6,0.8571428571428571
Neeko,Zyra,7,4,0.5714285714285714
Nidalee,Aatrox,5,2,0.4
Nidalee,Ahri,17,10,0.5882352941176471
Nidalee,Akali,9,5,0.5555555555555556
Nidalee,Alistar,4,2,0.5
Nidalee,Ambessa,24,15,0.625
Nidalee,Amumu,1,1,1.0
Nidalee,Anivia,23,13,0.5652173913043478
Nidalee,Annie,6,1,0.16666666666666666
Nidalee,Aphelios,1,1,1.0
Nidalee,Ashe,15,6,0.4
Nidalee,Aurora,12,6,0.5
Nidalee,Azir,2,2,1.0
Nidalee,Bard,12,7,0.5833333333333334
Nidalee,Belveth,3,0,0.0
Nidalee,Braum,4,4,1.0
Nidalee,Caitlyn,10,6,0.6
Nidalee,Camille,7,4,0.5714285714285714
Nidalee,Cassiopeia,3,1,0.3333333333333333
Nidalee,Chogath,1,1,1.0
Nidalee,Corki,12,6,0.5
Nidalee,Darius,1,1,1.0
Nidalee,Diana,2,2,1.0
Nidalee,DrMundo,4,3,0.75
Nidalee,Draven,2,2,1.0
Nidalee,Ekko,4,3,0.75
Nidalee,Elise,5,3,0.6
Nidalee,Ezreal,30,13,0.43333333333333335
Nidalee,FiddleSticks,5,3,0.6
Nidalee,Fiora,1,0,0.0
Nidalee,Fizz,3,2,0.6666666666666666
Nidalee,Galio,3,2,0.6666666666666666
Nidalee,Gangplank,6,5,0.8333333333333334
Nidalee,Gnar,1,1,1.0
Nidalee,Gragas,2,2,1.0
Nidalee,Graves,11,5,0.45454545454545453
Nidalee,Hecarim,3,1,0.3333333333333333
Nidalee,Hwei,5,2,0.4
Nidalee,Irelia,5,3,0.6
Nidalee,Ivern,1,1,1.0
Nidalee,Janna,2,1,0.5
Nidalee,JarvanIV,10,5,0.5
Nidalee,Jax,4,1,0.25
Nidalee,Jayce,19,10,0.5263157894736842
Nidalee,Jhin,9,5,0.5555555555555556
Nidalee,Jinx,5,4,0.8
Nidalee,KSante,2,0,0.0
Nidalee,Kaisa,6,6,1.0
Nidalee,Karma,20,7,0.35
Nidalee,Karthus,3,0,0.0
Nidalee,Kassadin,2,2,1.0
Nidalee,Katarina,4,1,0.25
Nidalee,Kayn,2,2,1.0
Nidalee,Kennen,3,2,0.6666666666666666
Nidalee,Khazix,4,2,0.5
Nidalee,Kindred,1,0,0.0
Nidalee,Kled,3,2,0.6666666666666666
Nidalee,KogMaw,2,2,1.0
Nidalee,Leblanc,5,3,0.6
Nidalee,LeeSin,16,6,0.375
Nidalee,Leona,2,1,0.5
Nidalee,Lillia,3,1,0.3333333333333333
Nidalee,Lissandra,7,5,0.7142857142857143
Nidalee,Lucian,9,5,0.5555555555555556
Nidalee,Lulu,9,2,0.2222222222222222
Nidalee,Lux,7,4,0.5714285714285714
Nidalee,Malphite,4,2,0.5
Nidalee,Malzahar,1,0,0.0
Nidalee,Maokai,1,1,1.0
Nidalee,MasterYi,3,2,0.6666666666666666
Nidalee,Mel,10,8,0.8
Nidalee,Milio,3,2,0.6666666666666666
Nidalee,MissFortune,1,0,0.0
Nidalee,MonkeyKing,1,1,1.0
Nidalee,Mordekaiser,1,1,1.0
Nidalee,Naafiri,17,11,0.6470588235294118
Nidalee,Nami,13,9,0.6923076923076923
Nidalee,Nautilus,11,6,0.5454545454545454
Nidalee,Neeko,1,1,1.0
Nidalee,Nocturne,2,0,0.0
Nidalee,Olaf,2,1,0.5
Nidalee,Orianna,8,5,0.625
Nidalee,Ornn,1,0,0.0
Nidalee,Pantheon,13,8,0.6153846153846154
Nidalee,Poppy,3,0,0.0
Nidalee,Pyke,8,5,0.625
Nidalee,Qiyana,5,4,0.8
Nidalee,Rakan,4,2,0.5
Nidalee,Rammus,2,2,1.0
Nidalee,RekSai,5,2,0.4
Nidalee,Rell,2,1,0.5
Nidalee,Renekton,8,7,0.875
Nidalee,Rengar,3,2,0.6666666666666666
Nidalee,Riven,3,1,0.3333333333333333
Nidalee,Rumble,8,5,0.625
Nidalee,Ryze,12,9,0.75
Nidalee,Samira,2,2,1.0
Nidalee,Senna,5,3,0.6
Nidalee,Seraphine,8,4,0.5
Nidalee,Sett,1,1,1.0
Nidalee,Shaco,2,0,0.0
Nidalee,Shen,7,4,0.5714285714285714
Nidalee,Singed,1,1,1.0
Nidalee,Sion,11,6,0.5454545454545454
Nidalee,Sivir,4,2,0.5
Nidalee,Skarner,3,3,1.0
Nidalee,Smolder,3,2,0.6666666666666666
Nidalee,Sona,5,3,0.6
Nidalee,Soraka,4,1,0.25
Nidalee,Swain,2,1,0.5
Nidalee,Sylas,11,3,0.2727272727272727
Nidalee,Syndra,2,1,0.5
Nidalee,Taliyah,5,2,0.4
Nidalee,Talon,5,3,0.6
Nidalee,Taric,4,4,1.0
Nidalee,Teemo,2,0,0.0
Nidalee,Thresh,5,5,1.0
Nidalee,Tristana,5,3,0.6
Nidalee,Tryndamere,1,0,0.0
Nidalee,TwistedFate,9,3,0.3333333333333333
Nidalee,Urgot,2,1,0.5
Nidalee,Varus,10,5,0.5
Nidalee,Vayne,15,11,0.7333333333333333
Nidalee,Veigar,1,0,0.0
Nidalee,Velkoz,1,0,0.0
Nidalee,Vi,5,2,0.4
Nidalee,Viego,4,3,0.75
Nidalee,Viktor,3,2,0.6666666666666666
Nidalee,Vladimir,4,2,0.5
Nidalee,Xayah,1,1,1.0
Nidalee,Xerath,3,2,0.6666666666666666
Nidalee,XinZhao,4,2,0.5
Nidalee,Yasuo,5,2,0.4
Nidalee,Yone,3,3,1.0
Nidalee,Yorick,2,2,1.0
Nidalee,Yunara,18,10,0.5555555555555556
Nidalee,Yuumi,1,0,0.0
Nidalee,Zaahen,3,1,0.3333333333333333
Nidalee,Zac,1,1,1.0
Nidalee,Zed,4,1,0.25
Nidalee,Ziggs,2,1,0.5
Nidalee,Zilean,2,2,1.0
Nidalee,Zoe,4,2,0.5
Nidalee,Zyra,5,3,0.6
Nilah,Aatrox,3,1,0.3333333333333333
Nilah,Ahri,1,0,0.0
Nilah,Alistar,1,0,0.0
Nilah,Ambessa,2,1,0.5
Nilah,Anivia,2,0,0.0
Nilah,Annie,1,0,0.0
Nilah,Ashe,1,0,0.0
Nilah,Aurora,2,1,0.5
Nilah,Blitzcrank,1,0,0.0
Nilah,Brand,1,0,0.0
Nilah,Braum,1,1,1.0
Nilah,Cassiopeia,1,1,1.0
Nilah,Corki,1,0,0.0
Nilah,Darius,1,0,0.0
Nilah,Diana,2,1,0.5
Nilah,Ekko,1,0,0.0
Nilah,Ezreal,1,0,0.0
Nilah,FiddleSticks,1,1,1.0
Nilah,Fiora,1,0,0.0
Nilah,Gangplank,1,1,1.0
Nilah,Irelia,2,2,1.0
Nilah,Ivern,1,1,1.0
Nilah,Janna,1,1,1.0
Nilah,JarvanIV,2,1,0.5
Nilah,Jayce,1,0,0.0
Nilah,Jhin,1,0,0.0
Nilah,Karma,1,1,1.0
Nilah,Kassadin,1,1,1.0
Nilah,Kayn,1,1,1.0
Nilah,Khazix,1,0,0.0
Nilah,Leona,3,1,0.3333333333333333
Nilah,Lillia,1,0,0.0
Nilah,Lucian,2,0,0.0
Nilah,Naafiri,2,1,0.5
Nilah,Nami,1,0,0.0
Nilah,Nasus,1,1,1.0
Nilah,Nautilus,1,0,0.0
Nilah,Nocturne,1,0,0.0
Nilah,Nunu,1,1,1.0
Nilah,Orianna,3,1,0.3333333333333333
Nilah,Pantheon,2,1,0.5
Nilah,Poppy,1,0,0.0
Nilah,Rakan,1,0,0.0
Nilah,Rell,1,1,1.0
Nilah,Riven,1,1,1.0
Nilah,Samira,2,1,0.5
Nilah,Sejuani,1,1,1.0
Nilah,Senna,1,1,1.0
Nilah,Shen,1,1,1.0
Nilah,Singed,1,1,1.0
Nilah,Sivir,1,1,1.0
Nilah,Sona,2,0,0.0
Nilah,Soraka,1,1,1.0
Nilah,Sylas,3,2,0.6666666666666666
Nilah,Thresh,1,1,1.0
Nilah,Tristana,2,2,1.0
Nilah,TwistedFate,2,0,0.0
Nilah,Udyr,1,0,0.0
Nilah,Varus,1,0,0.0
Nilah,Velkoz,1,0,0.0
Nilah,Xerath,1,1,1.0
Nilah,Yasuo,5,2,0.4
Nilah,Yunara,1,1,1.0
Nilah,Zed,1,0,0.0
Nilah,Ziggs,1,0,0.0
Nocturne,Aatrox,10,5,0.5
Nocturne,Ahri,17,7,0.4117647058823529
Nocturne,Akali,20,4,0.2
Nocturne,Akshan,2,2,1.0
Nocturne,Alistar,5,1,0.2
Nocturne,Ambessa,21,11,0.5238095238095238
Nocturne,Anivia,22,10,0.45454545454545453
Nocturne,Annie,10,4,0.4
Nocturne,Aphelios,1,1,1.0
Nocturne,Ashe,10,2,0.2
Nocturne,AurelionSol,2,1,0.5
Nocturne,Aurora,24,13,0.5416666666666666
Nocturne,Azir,9,4,0.4444444444444444
Nocturne,Bard,23,9,0.391304347826087
Nocturne,Belveth,1,0,0.0
Nocturne,Blitzcrank,1,0,0.0
Nocturne,Brand,2,0,0.0
Nocturne,Braum,5,2,0.4
Nocturne,Briar,2,1,0.5
Nocturne,Caitlyn,14,9,0.6428571428571429
Nocturne,Camille,3,2,0.6666666666666666
Nocturne,Cassiopeia,3,1,0.3333333333333333
Nocturne,Chogath,1,1,1.0
Nocturne,Corki,16,5,0.3125
Nocturne,Darius,2,2,1.0
Nocturne,Diana,1,1,1.0
Nocturne,DrMundo,7,1,0.14285714285714285
Nocturne,Ekko,13,7,0.5384615384615384
Nocturne,Elise,5,2,0.4
Nocturne,Evelynn,7,5,0.7142857142857143
Nocturne,Ezreal,36,19,0.5277777777777778
Nocturne,FiddleSticks,1,1,1.0
Nocturne,Fiora,1,1,1.0
Nocturne,Fizz,1,1,1.0
Nocturne,Galio,3,2,0.6666666666666666
Nocturne,Gangplank,2,0,0.0
Nocturne,Garen,6,2,0.3333333333333333
Nocturne,Gnar,17,7,0.4117647058823529
Nocturne,Gragas,2,0,0.0
Nocturne,Graves,11,6,0.5454545454545454
Nocturne,Gwen,2,0,0.0
Nocturne,Hecarim,2,1,0.5
Nocturne,Heimerdinger,1,0,0.0
Nocturne,Hwei,9,4,0.4444444444444444
Nocturne,Illaoi,2,1,0.5
Nocturne,Irelia,5,4,0.8
Nocturne,Ivern,1,1,1.0
Nocturne,Janna,2,2,1.0
Nocturne,JarvanIV,19,10,0.5263157894736842
Nocturne,Jax,6,3,0.5
Nocturne,Jayce,20,8,0.4
Nocturne,Jhin,13,8,0.6153846153846154
Nocturne,Jinx,3,2,0.6666666666666666
Nocturne,KSante,7,1,0.14285714285714285
Nocturne,Kaisa,11,6,0.5454545454545454
Nocturne,Kalista,1,0,0.0
Nocturne,Karma,28,17,0.6071428571428571
Nocturne,Karthus,6,5,0.8333333333333334
Nocturne,Kassadin,3,2,0.6666666666666666
Nocturne,Katarina,2,1,0.5
Nocturne,Kayle,3,2,0.6666666666666666
Nocturne,Kayn,5,3,0.6
Nocturne,Kennen,2,2,1.0
Nocturne,Khazix,6,4,0.6666666666666666
Nocturne,Kindred,5,1,0.2
Nocturne,KogMaw,4,3,0.75
Nocturne,Leblanc,13,9,0.6923076923076923
Nocturne,LeeSin,10,6,0.6
Nocturne,Leona,4,3,0.75
Nocturne,Lillia,2,0,0.0
Nocturne,Lissandra,5,4,0.8
Nocturne,Lucian,7,3,0.42857142857142855
Nocturne,Lulu,10,4,0.4
Nocturne,Lux,10,7,0.7
Nocturne,Malzahar,1,0,0.0
Nocturne,Maokai,2,1,0.5
Nocturne,MasterYi,1,1,1.0
Nocturne,Mel,11,6,0.5454545454545454
Nocturne,Milio,2,1,0.5
Nocturne,MissFortune,3,1,0.3333333333333333
Nocturne,MonkeyKing,5,2,0.4
Nocturne,Naafiri,17,9,0.5294117647058824
Nocturne,Nami,11,7,0.6363636363636364
Nocturne,Nasus,2,1,0.5
Nocturne,Nautilus,19,13,0.6842105263157895
Nocturne,Neeko,15,5,0.3333333333333333
Nocturne,Nidalee,2,2,1.0
Nocturne,Nilah,1,1,1.0
Nocturne,Nunu,1,0,0.0
Nocturne,Olaf,2,1,0.5
Nocturne,Orianna,8,5,0.625
Nocturne,Ornn,2,1,0.5
Nocturne,Pantheon,25,12,0.48
Nocturne,Poppy,3,1,0.3333333333333333
Nocturne,Pyke,10,6,0.6
Nocturne,Qiyana,6,4,0.6666666666666666
Nocturne,Quinn,3,2,0.6666666666666666
Nocturne,Rakan,8,4,0.5
Nocturne,RekSai,3,2,0.6666666666666666
Nocturne,Rell,4,2,0.5
Nocturne,Renekton,6,5,0.8333333333333334
Nocturne,Rengar,8,5,0.625
Nocturne,Riven,3,2,0.6666666666666666
Nocturne,Rumble,8,6,0.75
Nocturne,Ryze,17,6,0.35294117647058826
Nocturne,Sejuani,2,2,1.0
Nocturne,Senna,6,3,0.5
Nocturne,Seraphine,7,4,0.5714285714285714
Nocturne,Sett,1,0,0.0
Nocturne,Shaco,4,3,0.75
Nocturne,Shen,1,1,1.0
Nocturne,Shyvana,3,3,1.0
Nocturne,Singed,6,3,0.5
Nocturne,Sion,16,12,0.75
Nocturne,Sivir,7,4,0.5714285714285714
Nocturne,Skarner,4,2,0.5
Nocturne,Smolder,11,5,0.45454545454545453
Nocturne,Sona,1,1,1.0
Nocturne,Soraka,3,1,0.3333333333333333
Nocturne,Swain,3,2,0.6666666666666666
Nocturne,Sylas,11,8,0.7272727272727273
Nocturne,Syndra,6,3,0.5
Nocturne,TahmKench,1,0,0.0
Nocturne,Taliyah,4,2,0.5
Nocturne,Talon,5,2,0.4
Nocturne,Taric,2,1,0.5
Nocturne,Teemo,8,2,0.25
Nocturne,Thresh,3,2,0.6666666666666666
Nocturne,Tristana,1,0,0.0
Nocturne,Trundle,1,0,0.0
Nocturne,Tryndamere,1,0,0.0
Nocturne,TwistedFate,5,4,0.8
Nocturne,Twitch,1,1,1.0
Nocturne,Udyr,3,3,1.0
Nocturne,Varus,16,9,0.5625
Nocturne,Vayne,10,4,0.4
Nocturne,Veigar,2,2,1.0
Nocturne,Velkoz,7,6,0.8571428571428571
Nocturne,Vex,2,1,0.5
Nocturne,Vi,14,7,0.5
Nocturne,Viego,9,6,0.6666666666666666
Nocturne,Viktor,2,1,0.5
Nocturne,Vladimir,2,1,0.5
Nocturne,Xayah,6,3,0.5
Nocturne,XinZhao,5,2,0.4
Nocturne,Yasuo,9,4,0.4444444444444444
Nocturne,Yone,14,10,0.7142857142857143
Nocturne,Yorick,4,2,0.5
Nocturne,Yunara,18,8,0.4444444444444444
Nocturne,Yuumi,1,0,0.0
Nocturne,Zaahen,9,4,0.4444444444444444
Nocturne,Zac,1,0,0.0
Nocturne,Zed,3,1,0.3333333333333333
Nocturne,Ziggs,6,4,0.6666666666666666
Nocturne,Zilean,2,1,0.5
Nocturne,Zoe,5,4,0.8
Nocturne,Zyra,4,3,0.75
Nunu,Aatrox,8,5,0.625
Nunu,Ahri,7,4,0.5714285714285714
Nunu,Akali,7,2,0.2857142857142857
Nunu,Akshan,1,1,1.0
Nunu,Alistar,2,1,0.5
Nunu,Ambessa,6,4,0.6666666666666666
Nunu,Anivia,7,3,0.42857142857142855
Nunu,Annie,3,0,0.0
Nunu,Aphelios,2,1,0.5
Nunu,Ashe,5,2,0.4
Nunu,Aurora,8,4,0.5
Nunu,Azir,3,2,0.6666666666666666
Nunu,Bard,7,3,0.42857142857142855
Nunu,Blitzcrank,2,1,0.5
Nunu,Brand,3,3,1.0
Nunu,Braum,2,1,0.5
Nunu,Briar,1,0,0.0
Nunu,Caitlyn,5,2,0.4
Nunu,Camille,1,1,1.0
Nunu,Cassiopeia,3,3,1.0
Nunu,Chogath,2,0,0.0
Nunu,Corki,4,1,0.25
Nunu,Diana,1,0,0.0
Nunu,DrMundo,2,1,0.5
Nunu,Ekko,8,2,0.25
Nunu,Elise,2,0,0.0
Nunu,Ezreal,15,8,0.5333333333333333
Nunu,Fiora,1,1,1.0
Nunu,Galio,3,2,0.6666666666666666
Nunu,Gangplank,4,2,0.5
Nunu,Garen,2,0,0.0
Nunu,Gnar,2,1,0.5
Nunu,Gragas,1,1,1.0
Nunu,Graves,2,2,1.0
Nunu,Gwen,3,0,0.0
Nunu,Hecarim,1,1,1.0
Nunu,Hwei,2,2,1.0
Nunu,Illaoi,1,0,0.0
Nunu,Irelia,2,1,0.5
Nunu,Ivern,1,1,1.0
Nunu,Janna,2,0,0.0
Nunu,JarvanIV,12,5,0.4166666666666667
Nunu,Jax,1,1,1.0
Nunu,Jayce,12,7,0.5833333333333334
Nunu,Jhin,10,6,0.6
Nunu,Jinx,3,1,0.3333333333333333
Nunu,KSante,1,1,1.0
Nunu,Kaisa,5,2,0.4
Nunu,Kalista,1,0,0.0
Nunu,Karma,9,6,0.6666666666666666
Nunu,Karthus,4,2,0.5
Nunu,Katarina,3,2,0.6666666666666666
Nunu,Kayle,2,0,0.0
Nunu,Kayn,1,0,0.0
Nunu,Kennen,1,1,1.0
Nunu,Khazix,2,1,0.5
Nunu,Kled,1,1,1.0
Nunu,KogMaw,1,0,0.0
Nunu,Leblanc,5,2,0.4
Nunu,LeeSin,7,5,0.7142857142857143
Nunu,Leona,3,2,0.6666666666666666
Nunu,Lillia,3,2,0.6666666666666666
Nunu,Lissandra,1,1,1.0
Nunu,Lucian,6,3,0.5
Nunu,Lulu,7,5,0.7142857142857143
Nunu,Lux,1,1,1.0
Nunu,Malphite,1,1,1.0
Nunu,Malzahar,1,1,1.0
Nunu,Mel,3,2,0.6666666666666666
Nunu,MissFortune,1,1,1.0
Nunu,Morgana,1,1,1.0
Nunu,Naafiri,3,2,0.6666666666666666
Nunu,Nami,7,1,0.14285714285714285
Nunu,Nasus,1,0,0.0
Nunu,Nautilus,4,3,0.75
Nunu,Neeko,5,4,0.8
Nunu,Nilah,1,0,0.0
Nunu,Nocturne,1,1,1.0
Nunu,Olaf,1,1,1.0
Nunu,Orianna,7,6,0.8571428571428571
Nunu,Ornn,1,1,1.0
Nunu,Pantheon,4,2,0.5
Nunu,Poppy,1,0,0.0
Nunu,Pyke,2,2,1.0
Nunu,Qiyana,3,1,0.3333333333333333
Nunu,Rakan,3,3,1.0
Nunu,Rammus,1,0,0.0
Nunu,RekSai,1,1,1.0
Nunu,Rell,1,1,1.0
Nunu,Renekton,7,5,0.7142857142857143
Nunu,Rengar,5,5,1.0
Nunu,Riven,6,6,1.0
Nunu,Rumble,3,3,1.0
Nunu,Ryze,1,1,1.0
Nunu,Sejuani,2,0,0.0
Nunu,Seraphine,4,2,0.5
Nunu,Sett,3,1,0.3333333333333333
Nunu,Shaco,1,1,1.0
Nunu,Shen,2,2,1.0
Nunu,Shyvana,2,2,1.0
Nunu,Singed,2,0,0.0
Nunu,Sion,4,3,0.75
Nunu,Sivir,6,5,0.8333333333333334
Nunu,Smolder,2,1,0.5
Nunu,Sona,6,4,0.6666666666666666
Nunu,Soraka,1,0,0.0
Nunu,Swain,1,0,0.0
Nunu,Sylas,3,2,0.6666666666666666
Nunu,Syndra,7,3,0.42857142857142855
Nunu,Talon,3,3,1.0
Nunu,Teemo,2,1,0.5
Nunu,Thresh,3,2,0.6666666666666666
Nunu,Tristana,3,3,1.0
Nunu,Trundle,1,0,0.0
Nunu,TwistedFate,1,1,1.0
Nunu,Varus,2,1,0.5
Nunu,Vayne,7,3,0.42857142857142855
Nunu,Veigar,2,2,1.0
Nunu,Velkoz,2,2,1.0
Nunu,Vi,4,2,0.5
Nunu,Viego,1,0,0.0
Nunu,Viktor,2,2,1.0
Nunu,Xayah,2,2,1.0
Nunu,Xerath,1,0,0.0
Nunu,Yasuo,7,5,0.7142857142857143
Nunu,Yone,6,3,0.5
Nunu,Yorick,2,1,0.5
Nunu,Yunara,5,4,0.8
Nunu,Yuumi,2,2,1.0
Nunu,Zaahen,4,2,0.5
Nunu,Zed,2,0,0.0
Nunu,Zeri,2,2,1.0
Nunu,Zilean,3,3,1.0
Nunu,Zoe,2,1,0.5
Nunu,Zyra,1,1,1.0
Olaf,Aatrox,5,4,0.8
Olaf,Ahri,4,3,0.75
Olaf,Akali,3,1,0.3333333333333333
Olaf,Alistar,5,2,0.4
Olaf,Ambessa,5,3,0.6
Olaf,Anivia,4,2,0.5
Olaf,Annie,2,0,0.0
Olaf,Aphelios,1,1,1.0
Olaf,Ashe,3,2,0.6666666666666666
Olaf,Aurora,5,4,0.8
Olaf,Azir,2,1,0.5
Olaf,Bard,4,2,0.5
Olaf,Braum,2,1,0.5
Olaf,Briar,1,0,0.0
Olaf,Caitlyn,6,2,0.3333333333333333
Olaf,Camille,1,1,1.0
Olaf,Cassiopeia,2,1,0.5
Olaf,Corki,3,2,0.6666666666666666
Olaf,Darius,1,0,0.0
Olaf,Diana,1,1,1.0
Olaf,DrMundo,1,1,1.0
Olaf,Draven,1,0,0.0
Olaf,Elise,3,0,0.0
Olaf,Evelynn,1,1,1.0
Olaf,Ezreal,11,6,0.5454545454545454
Olaf,FiddleSticks,4,3,0.75
Olaf,Fiora,1,0,0.0
Olaf,Galio,4,2,0.5
Olaf,Gangplank,2,0,0.0
Olaf,Garen,2,2,1.0
Olaf,Gnar,4,3,0.75
Olaf,Graves,2,0,0.0
Olaf,Gwen,1,0,0.0
Olaf,Hwei,2,1,0.5
Olaf,Irelia,3,2,0.6666666666666666
Olaf,Ivern,1,1,1.0
Olaf,Janna,1,1,1.0
Olaf,JarvanIV,5,1,0.2
Olaf,Jax,2,1,0.5
Olaf,Jayce,6,4,0.6666666666666666
Olaf,Jhin,2,1,0.5
Olaf,Jinx,1,0,0.0
Olaf,Kaisa,2,1,0.5
Olaf,Karma,11,6,0.5454545454545454
Olaf,Katarina,3,2,0.6666666666666666
Olaf,Khazix,1,0,0.0
Olaf,Kled,3,2,0.6666666666666666
Olaf,Leblanc,2,0,0.0
Olaf,LeeSin,5,3,0.6
Olaf,Lissandra,4,2,0.5
Olaf,Lucian,2,1,0.5
Olaf,Lulu,3,2,0.6666666666666666
Olaf,Lux,1,0,0.0
Olaf,Malphite,1,0,0.0
Olaf,Malzahar,1,0,0.0
Olaf,MasterYi,1,1,1.0
Olaf,Mel,3,1,0.3333333333333333
Olaf,Milio,1,0,0.0
Olaf,MissFortune,2,1,0.5
Olaf,Naafiri,5,3,0.6
Olaf,Nami,2,1,0.5
Olaf,Nasus,1,1,1.0
Olaf,Nautilus,4,1,0.25
Olaf,Neeko,4,3,0.75
Olaf,Nidalee,2,1,0.5
Olaf,Nocturne,2,1,0.5
Olaf,Nunu,1,0,0.0
Olaf,Orianna,3,1,0.3333333333333333
Olaf,Ornn,1,1,1.0
Olaf,Pantheon,4,3,0.75
Olaf,Pyke,3,2,0.6666666666666666
Olaf,Qiyana,1,1,1.0
Olaf,Rakan,2,0,0.0
Olaf,Rammus,1,0,0.0
Olaf,RekSai,1,1,1.0
Olaf,Rell,6,2,0.3333333333333333
Olaf,Renata,1,1,1.0
Olaf,Renekton,1,1,1.0
Olaf,Rengar,1,0,0.0
Olaf,Riven,2,1,0.5
Olaf,Rumble,3,3,1.0
Olaf,Ryze,1,0,0.0
Olaf,Sejuani,2,0,0.0
Olaf,Senna,2,2,1.0
Olaf,Seraphine,1,0,0.0
Olaf,Sett,1,1,1.0
Olaf,Shen,4,2,0.5
Olaf,Singed,1,0,0.0
Olaf,Sion,1,0,0.0
Olaf,Sivir,3,1,0.3333333333333333
Olaf,Skarner,1,0,0.0
Olaf,Smolder,1,1,1.0
Olaf,Sona,2,2,1.0
Olaf,Soraka,2,0,0.0
Olaf,Swain,1,1,1.0
Olaf,Sylas,3,1,0.3333333333333333
Olaf,TahmKench,1,0,0.0
Olaf,Taliyah,4,4,1.0
Olaf,Talon,1,0,0.0
Olaf,Teemo,1,0,0.0
Olaf,Thresh,1,0,0.0
Olaf,Tristana,4,3,0.75
Olaf,Tryndamere,2,2,1.0
Olaf,TwistedFate,3,1,0.3333333333333333
Olaf,Udyr,1,1,1.0
Olaf,Urgot,1,1,1.0
Olaf,Varus,9,1,0.1111111111111111
Olaf,Vayne,7,3,0.42857142857142855
Olaf,Veigar,2,1,0.5
Olaf,Velkoz,1,0,0.0
Olaf,Vex,1,1,1.0
Olaf,Vi,2,1,0.5
Olaf,Viego,3,0,0.0
Olaf,Viktor,1,1,1.0
Olaf,Vladimir,2,0,0.0
Olaf,Xerath,2,0,0.0
Olaf,XinZhao,3,1,0.3333333333333333
Olaf,Yasuo,4,0,0.0
Olaf,Yorick,2,2,1.0
Olaf,Yunara,7,2,0.2857142857142857
Olaf,Zoe,2,1,0.5
Orianna,Aatrox,10,5,0.5
Orianna,Ahri,16,8,0.5
Orianna,Akali,30,13,0.43333333333333335
Orianna,Akshan,1,0,0.0
Orianna,Alistar,10,2,0.2
Orianna,Ambessa,27,18,0.6666666666666666
Orianna,Amumu,1,0,0.0
Orianna,Anivia,32,20,0.625
Orianna,Annie,7,4,0.5714285714285714
Orianna,Aphelios,3,2,0.6666666666666666
Orianna,Ashe,13,6,0.46153846153846156
Orianna,AurelionSol,6,6,1.0
Orianna,Aurora,17,8,0.47058823529411764
Orianna,Azir,18,13,0.7222222222222222
Orianna,Bard,26,11,0.4230769230769231
Orianna,Belveth,1,0,0.0
Orianna,Blitzcrank,3,0,0.0
Orianna,Brand,1,0,0.0
Orianna,Braum,4,3,0.75
Orianna,Briar,2,1,0.5
Orianna,Caitlyn,29,14,0.4827586206896552
Orianna,Camille,7,2,0.2857142857142857
Orianna,Cassiopeia,7,5,0.7142857142857143
Orianna,Chogath,2,1,0.5
Orianna,Corki,9,4,0.4444444444444444
Orianna,Darius,3,2,0.6666666666666666
Orianna,Diana,3,2,0.6666666666666666
Orianna,DrMundo,3,1,0.3333333333333333
Orianna,Draven,4,2,0.5
Orianna,Ekko,6,4,0.6666666666666666
Orianna,Elise,4,2,0.5
Orianna,Ezreal,41,19,0.4634146341463415
Orianna,FiddleSticks,8,5,0.625
Orianna,Fiora,2,1,0.5
Orianna,Fizz,7,6,0.8571428571428571
Orianna,Galio,12,5,0.4166666666666667
Orianna,Gangplank,4,3,0.75
Orianna,Garen,5,3,0.6
Orianna,Gnar,18,9,0.5
Orianna,Gragas,4,1,0.25
Orianna,Graves,18,8,0.4444444444444444
Orianna,Gwen,5,2,0.4
Orianna,Hecarim,4,2,0.5
Orianna,Heimerdinger,1,0,0.0
Orianna,Hwei,5,0,0.0
Orianna,Illaoi,2,1,0.5
Orianna,Irelia,4,3,0.75
Orianna,Ivern,5,4,0.8
Orianna,Janna,2,2,1.0
Orianna,JarvanIV,26,13,0.5
Orianna,Jax,9,1,0.1111111111111111
Orianna,Jayce,34,20,0.5882352941176471
Orianna,Jhin,21,12,0.5714285714285714
Orianna,Jinx,4,2,0.5
Orianna,KSante,7,4,0.5714285714285714
Orianna,Kaisa,11,5,0.45454545454545453
Orianna,Kalista,1,1,1.0
Orianna,Karma,36,22,0.6111111111111112
Orianna,Karthus,4,3,0.75
Orianna,Katarina,2,0,0.0
Orianna,Kayle,2,1,0.5
Orianna,Kayn,6,6,1.0
Orianna,Kennen,3,2,0.6666666666666666
Orianna,Khazix,3,2,0.6666666666666666
Orianna,Kindred,6,1,0.16666666666666666
Orianna,Kled,2,1,0.5
Orianna,KogMaw,2,1,0.5
Orianna,Leblanc,10,5,0.5
Orianna,LeeSin,27,11,0.4074074074074074
Orianna,Leona,7,3,0.42857142857142855
Orianna,Lillia,1,0,0.0
Orianna,Lissandra,6,4,0.6666666666666666
Orianna,Lucian,15,8,0.5333333333333333
Orianna,Lulu,12,9,0.75
Orianna,Lux,3,2,0.6666666666666666
Orianna,Malphite,5,2,0.4
Orianna,Maokai,2,0,0.0
Orianna,MasterYi,3,2,0.6666666666666666
Orianna,Mel,3,2,0.6666666666666666
Orianna,MissFortune,1,0,0.0
Orianna,MonkeyKing,4,3,0.75
Orianna,Mordekaiser,1,0,0.0
Orianna,Naafiri,16,11,0.6875
Orianna,Nami,22,12,0.5454545454545454
Orianna,Nasus,3,1,0.3333333333333333
Orianna,Nautilus,15,7,0.4666666666666667
Orianna,Neeko,18,8,0.4444444444444444
Orianna,Nidalee,8,3,0.375
Orianna,Nilah,3,2,0.6666666666666666
Orianna,Nocturne,8,3,0.375
Orianna,Nunu,7,1,0.14285714285714285
Orianna,Olaf,3,2,0.6666666666666666
Orianna,Ornn,2,1,0.5
Orianna,Pantheon,27,17,0.6296296296296297
Orianna,Poppy,7,1,0.14285714285714285
Orianna,Pyke,10,5,0.5
Orianna,Qiyana,4,1,0.25
Orianna,Quinn,4,1,0.25
Orianna,Rakan,3,1,0.3333333333333333
Orianna,RekSai,2,0,0.0
Orianna,Rell,8,2,0.25
Orianna,Renekton,13,6,0.46153846153846156
Orianna,Rengar,4,0,0.0
Orianna,Riven,11,5,0.45454545454545453
Orianna,Rumble,14,8,0.5714285714285714
Orianna,Ryze,33,19,0.5757575757575758
Orianna,Samira,1,0,0.0
Orianna,Sejuani,1,1,1.0
Orianna,Senna,13,6,0.46153846153846156
Orianna,Seraphine,10,7,0.7
Orianna,Shaco,1,0,0.0
Orianna,Shen,8,3,0.375
Orianna,Singed,1,1,1.0
Orianna,Sion,15,7,0.4666666666666667
Orianna,Sivir,8,5,0.625
Orianna,Skarner,4,2,0.5
Orianna,Smolder,4,2,0.5
Orianna,Sona,3,3,1.0
Orianna,Soraka,2,2,1.0
Orianna,Swain,5,3,0.6
Orianna,Sylas,14,6,0.42857142857142855
Orianna,Syndra,10,7,0.7
Orianna,TahmKench,1,1,1.0
Orianna,Taliyah,9,4,0.4444444444444444
Orianna,Talon,5,2,0.4
Orianna,Taric,1,1,1.0
Orianna,Teemo,2,0,0.0
Orianna,Thresh,7,5,0.7142857142857143
Orianna,Tristana,3,1,0.3333333333333333
Orianna,Trundle,1,0,0.0
Orianna,Tryndamere,1,0,0.0
Orianna,TwistedFate,8,3,0.375
Orianna,Udyr,3,2,0.6666666666666666
Orianna,Varus,26,18,0.6923076923076923
Orianna,Vayne,19,7,0.3684210526315789
Orianna,Veigar,3,0,0.0
Orianna,Velkoz,2,1,0.5
Orianna,Vex,3,1,0.3333333333333333
Orianna,Vi,10,8,0.8
Orianna,Viego,13,10,0.7692307692307693
Orianna,Viktor,5,3,0.6
Orianna,Vladimir,12,5,0.4166666666666667
Orianna,Volibear,1,0,0.0
Orianna,Warwick,2,1,0.5
Orianna,Xayah,4,0,0.0
Orianna,Xerath,4,2,0.5
Orianna,XinZhao,13,7,0.5384615384615384
Orianna,Yasuo,3,2,0.6666666666666666
Orianna,Yone,16,8,0.5
Orianna,Yorick,6,2,0.3333333333333333
Orianna,Yunara,26,19,0.7307692307692307
Orianna,Yuumi,3,2,0.6666666666666666
Orianna,Zaahen,6,3,0.5
Orianna,Ziggs,6,3,0.5
Orianna,Zilean,2,0,0.0
Orianna,Zoe,4,3,0.75
Orianna,Zyra,4,3,0.75
Ornn,Aatrox,5,4,0.8
Ornn,Ahri,8,3,0.375
Ornn,Akali,4,2,0.5
Ornn,Akshan,3,2,0.6666666666666666
Ornn,Alistar,1,1,1.0
Ornn,Ambessa,9,8,0.8888888888888888
Ornn,Anivia,3,1,0.3333333333333333
Ornn,Annie,4,1,0.25
Ornn,Aphelios,4,3,0.75
Ornn,Ashe,3,1,0.3333333333333333
Ornn,AurelionSol,1,1,1.0
Ornn,Aurora,3,0,0.0
Ornn,Azir,3,1,0.3333333333333333
Ornn,Bard,6,4,0.6666666666666666
Ornn,Belveth,3,2,0.6666666666666666
Ornn,Blitzcrank,2,2,1.0
Ornn,Brand,2,2,1.0
Ornn,Braum,2,1,0.5
Ornn,Briar,2,2,1.0
Ornn,Caitlyn,10,8,0.8
Ornn,Camille,3,2,0.6666666666666666
Ornn,Cassiopeia,3,1,0.3333333333333333
Ornn,Chogath,1,0,0.0
Ornn,Corki,4,3,0.75
Ornn,Diana,1,0,0.0
Ornn,DrMundo,2,1,0.5
Ornn,Draven,2,1,0.5
Ornn,Ekko,3,3,1.0
Ornn,Evelynn,1,1,1.0
Ornn,Ezreal,15,8,0.5333333333333333
Ornn,FiddleSticks,2,2,1.0
Ornn,Fiora,1,0,0.0
Ornn,Fizz,1,1,1.0
Ornn,Galio,4,3,0.75
Ornn,Gangplank,2,1,0.5
Ornn,Garen,3,2,0.6666666666666666
Ornn,Gnar,5,4,0.8
Ornn,Gragas,2,0,0.0
Ornn,Graves,6,4,0.6666666666666666
Ornn,Gwen,4,1,0.25
Ornn,Heimerdinger,1,1,1.0
Ornn,Hwei,2,2,1.0
Ornn,Irelia,2,2,1.0
Ornn,Ivern,1,1,1.0
Ornn,Janna,2,2,1.0
Ornn,JarvanIV,8,3,0.375
Ornn,Jax,3,1,0.3333333333333333
Ornn,Jayce,7,4,0.5714285714285714
Ornn,Jhin,3,2,0.6666666666666666
Ornn,Jinx,3,1,0.3333333333333333
Ornn,Kaisa,7,6,0.8571428571428571
Ornn,Kalista,2,1,0.5
Ornn,Karma,9,5,0.5555555555555556
Ornn,Karthus,3,2,0.6666666666666666
Ornn,Katarina,2,1,0.5
Ornn,Kayn,2,1,0.5
Ornn,Kennen,3,2,0.6666666666666666
Ornn,Kindred,3,1,0.3333333333333333
Ornn,Kled,1,1,1.0
Ornn,KogMaw,1,1,1.0
Ornn,Leblanc,2,0,0.0
Ornn,LeeSin,4,2,0.5
Ornn,Leona,2,0,0.0
Ornn,Lissandra,1,0,0.0
Ornn,Lucian,9,5,0.5555555555555556
Ornn,Lulu,3,2,0.6666666666666666
Ornn,Lux,2,1,0.5
Ornn,Malphite,3,1,0.3333333333333333
Ornn,MasterYi,2,1,0.5
Ornn,Mel,1,1,1.0
Ornn,Milio,1,1,1.0
Ornn,MissFortune,1,1,1.0
Ornn,Mordekaiser,1,1,1.0
Ornn,Naafiri,5,1,0.2
Ornn,Nami,6,2,0.3333333333333333
Ornn,Nasus,2,1,0.5
Ornn,Nautilus,7,4,0.5714285714285714
Ornn,Neeko,3,2,0.6666666666666666
Ornn,Nidalee,1,1,1.0
Ornn,Nocturne,2,1,0.5
Ornn,Nunu,1,0,0.0
Ornn,Olaf,1,0,0.0
Ornn,Orianna,2,1,0.5
Ornn,Pantheon,9,5,0.5555555555555556
Ornn,Poppy,1,1,1.0
Ornn,Pyke,6,5,0.8333333333333334
Ornn,Qiyana,1,0,0.0
Ornn,Quinn,1,0,0.0
Ornn,Rakan,4,2,0.5
Ornn,RekSai,4,4,1.0
Ornn,Rell,5,3,0.6
Ornn,Renata,2,1,0.5
Ornn,Renekton,2,1,0.5
Ornn,Rengar,1,0,0.0
Ornn,Riven,1,1,1.0
Ornn,Rumble,7,6,0.8571428571428571
Ornn,Ryze,8,3,0.375
Ornn,Samira,1,1,1.0
Ornn,Senna,5,4,0.8
Ornn,Seraphine,7,3,0.42857142857142855
Ornn,Sett,3,2,0.6666666666666666
Ornn,Shaco,2,0,0.0
Ornn,Shen,3,3,1.0
Ornn,Shyvana,1,1,1.0
Ornn,Singed,3,3,1.0
Ornn,Sion,7,3,0.42857142857142855
Ornn,Sivir,3,1,0.3333333333333333
Ornn,Skarner,3,2,0.6666666666666666
Ornn,Smolder,2,1,0.5
Ornn,Sona,6,3,0.5
Ornn,Soraka,3,3,1.0
Ornn,Swain,3,2,0.6666666666666666
Ornn,Sylas,11,8,0.7272727272727273
Ornn,Syndra,3,2,0.6666666666666666
Ornn,Taliyah,6,5,0.8333333333333334
Ornn,Talon,4,1,0.25
Ornn,Taric,2,1,0.5
Ornn,Teemo,2,2,1.0
Ornn,Thresh,1,1,1.0
Ornn,Tristana,2,2,1.0
Ornn,Tryndamere,1,0,0.0
Ornn,TwistedFate,7,3,0.42857142857142855
Ornn,Twitch,1,0,0.0
Ornn,Varus,9,4,0.4444444444444444
Ornn,Vayne,5,5,1.0
Ornn,Veigar,3,1,0.3333333333333333
Ornn,Velkoz,2,2,1.0
Ornn,Vex,1,1,1.0
Ornn,Vi,6,3,0.5
Ornn,Viego,4,4,1.0
Ornn,Viktor,3,2,0.6666666666666666
Ornn,Vladimir,3,2,0.6666666666666666
Ornn,Xayah,3,0,0.0
Ornn,Xerath,3,2,0.6666666666666666
Ornn,XinZhao,3,2,0.6666666666666666
Ornn,Yasuo,4,4,1.0
Ornn,Yone,2,1,0.5
Ornn,Yunara,6,2,0.3333333333333333
Ornn,Yuumi,2,0,0.0
Ornn,Zaahen,7,5,0.7142857142857143
Ornn,Zac,1,0,0.0
Ornn,Zed,1,1,1.0
Ornn,Zilean,1,0,0.0
Ornn,Zoe,5,3,0.6
Ornn,Zyra,2,1,0.5
Pantheon,Aatrox,20,12,0.6
Pantheon,Ahri,35,14,0.4
Pantheon,Akali,19,11,0.5789473684210527
Pantheon,Akshan,11,6,0.5454545454545454
Pantheon,Alistar,12,5,0.4166666666666667
Pantheon,Ambessa,35,22,0.6285714285714286
Pantheon,Anivia,36,24,0.6666666666666666
Pantheon,Annie,13,8,0.6153846153846154
Pantheon,Aphelios,7,5,0.7142857142857143
Pantheon,Ashe,15,4,0.26666666666666666
Pantheon,AurelionSol,6,4,0.6666666666666666
Pantheon,Aurora,34,16,0.47058823529411764
Pantheon,Azir,9,6,0.6666666666666666
Pantheon,Bard,31,15,0.4838709677419355
Pantheon,Belveth,1,1,1.0
Pantheon,Blitzcrank,3,1,0.3333333333333333
Pantheon,Brand,2,2,1.0
Pantheon,Braum,12,6,0.5
Pantheon,Briar,2,1,0.5
Pantheon,Caitlyn,41,20,0.4878048780487805
Pantheon,Camille,7,4,0.5714285714285714
Pantheon,Cassiopeia,6,2,0.3333333333333333
Pantheon,Chogath,2,2,1.0
Pantheon,Corki,25,16,0.64
Pantheon,Darius,6,4,0.6666666666666666
Pantheon,Diana,1,1,1.0
Pantheon,DrMundo,13,7,0.5384615384615384
Pantheon,Draven,6,3,0.5
Pantheon,Ekko,14,6,0.42857142857142855
Pantheon,Elise,15,6,0.4
Pantheon,Evelynn,3,1,0.3333333333333333
Pantheon,Ezreal,47,23,0.48936170212765956
Pantheon,FiddleSticks,7,2,0.2857142857142857
Pantheon,Fiora,5,3,0.6
Pantheon,Fizz,2,2,1.0
Pantheon,Galio,15,8,0.5333333333333333
Pantheon,Gangplank,4,3,0.75
Pantheon,Garen,7,3,0.42857142857142855
Pantheon,Gnar,22,10,0.45454545454545453
Pantheon,Gragas,9,2,0.2222222222222222
Pantheon,Graves,16,11,0.6875
Pantheon,Gwen,3,2,0.6666666666666666
Pantheon,Hecarim,4,2,0.5
Pantheon,Hwei,10,5,0.5
Pantheon,Irelia,11,3,0.2727272727272727
Pantheon,Ivern,1,0,0.0
Pantheon,Janna,4,2,0.5
Pantheon,JarvanIV,40,16,0.4
Pantheon,Jax,12,2,0.16666666666666666
Pantheon,Jayce,39,18,0.46153846153846156
Pantheon,Jhin,28,10,0.35714285714285715
Pantheon,Jinx,5,4,0.8
Pantheon,KSante,11,5,0.45454545454545453
Pantheon,Kaisa,23,12,0.5217391304347826
Pantheon,Kalista,9,4,0.4444444444444444
Pantheon,Karma,42,21,0.5
Pantheon,Karthus,7,3,0.42857142857142855
Pantheon,Kassadin,4,2,0.5
Pantheon,Katarina,10,7,0.7
Pantheon,Kayle,2,1,0.5
Pantheon,Kayn,2,2,1.0
Pantheon,Kennen,4,1,0.25
Pantheon,Khazix,8,6,0.75
Pantheon,Kindred,8,4,0.5
Pantheon,Kled,1,1,1.0
Pantheon,KogMaw,3,1,0.3333333333333333
Pantheon,Leblanc,13,5,0.38461538461538464
Pantheon,LeeSin,41,20,0.4878048780487805
Pantheon,Leona,3,2,0.6666666666666666
Pantheon,Lillia,6,2,0.3333333333333333
Pantheon,Lissandra,8,4,0.5
Pantheon,Lucian,24,10,0.4166666666666667
Pantheon,Lulu,16,8,0.5
Pantheon,Lux,9,4,0.4444444444444444
Pantheon,Malphite,12,4,0.3333333333333333
Pantheon,Malzahar,4,2,0.5
Pantheon,Maokai,5,2,0.4
Pantheon,MasterYi,6,3,0.5
Pantheon,Mel,23,11,0.4782608695652174
Pantheon,Milio,4,1,0.25
Pantheon,MissFortune,5,2,0.4
Pantheon,MonkeyKing,9,4,0.4444444444444444
Pantheon,Mordekaiser,1,0,0.0
Pantheon,Morgana,2,0,0.0
Pantheon,Naafiri,22,8,0.36363636363636365
Pantheon,Nami,27,16,0.5925925925925926
Pantheon,Nasus,2,1,0.5
Pantheon,Nautilus,32,19,0.59375
Pantheon,Neeko,11,5,0.45454545454545453
Pantheon,Nidalee,13,5,0.38461538461538464
Pantheon,Nilah,2,1,0.5
Pantheon,Nocturne,25,13,0.52
Pantheon,Nunu,4,2,0.5
Pantheon,Olaf,4,1,0.25
Pantheon,Orianna,27,10,0.37037037037037035
Pantheon,Ornn,9,4,0.4444444444444444
Pantheon,Poppy,14,6,0.42857142857142855
Pantheon,Pyke,21,8,0.38095238095238093
Pantheon,Qiyana,13,5,0.38461538461538464
Pantheon,Quinn,4,1,0.25
Pantheon,Rakan,11,8,0.7272727272727273
Pantheon,Rammus,2,2,1.0
Pantheon,RekSai,2,0,0.0
Pantheon,Rell,13,6,0.46153846153846156
Pantheon,Renata,5,3,0.6
Pantheon,Renekton,15,8,0.5333333333333333
Pantheon,Rengar,9,4,0.4444444444444444
Pantheon,Riven,12,8,0.6666666666666666
Pantheon,Rumble,10,7,0.7
Pantheon,Ryze,28,17,0.6071428571428571
Pantheon,Samira,2,1,0.5
Pantheon,Sejuani,5,2,0.4
Pantheon,Senna,18,9,0.5
Pantheon,Seraphine,14,3,0.21428571428571427
Pantheon,Sett,5,2,0.4
Pantheon,Shaco,2,1,0.5
Pantheon,Shen,14,7,0.5
Pantheon,Shyvana,1,1,1.0
Pantheon,Singed,7,4,0.5714285714285714
Pantheon,Sion,17,10,0.5882352941176471
Pantheon,Sivir,18,11,0.6111111111111112
Pantheon,Skarner,12,5,0.4166666666666667
Pantheon,Smolder,1,0,0.0
Pantheon,Sona,16,8,0.5
Pantheon,Soraka,5,3,0.6
Pantheon,Swain,5,3,0.6
Pantheon,Sylas,27,12,0.4444444444444444
Pantheon,Syndra,11,7,0.6363636363636364
Pantheon,TahmKench,2,2,1.0
Pantheon,Taliyah,7,3,0.42857142857142855
Pantheon,Talon,12,7,0.5833333333333334
Pantheon,Taric,3,0,0.0
Pantheon,Teemo,2,0,0.0
Pantheon,Thresh,9,5,0.5555555555555556
Pantheon,Tristana,7,0,0.0
Pantheon,Trundle,3,1,0.3333333333333333
Pantheon,Tryndamere,3,0,0.0
Pantheon,TwistedFate,12,6,0.5
Pantheon,Twitch,1,0,0.0
Pantheon,Udyr,1,1,1.0
Pantheon,Urgot,1,0,0.0
Pantheon,Varus,32,20,0.625
Pantheon,Vayne,17,9,0.5294117647058824
Pantheon,Veigar,10,5,0.5
Pantheon,Velkoz,3,2,0.6666666666666666
Pantheon,Vex,3,1,0.3333333333333333
Pantheon,Vi,19,10,0.5263157894736842
Pantheon,Viego,6,4,0.6666666666666666
Pantheon,Viktor,15,6,0.4
Pantheon,Vladimir,11,5,0.45454545454545453
Pantheon,Volibear,1,1,1.0
Pantheon,Warwick,3,2,0.6666666666666666
Pantheon,Xayah,3,0,0.0
Pantheon,Xerath,8,5,0.625
Pantheon,XinZhao,20,8,0.4
Pantheon,Yasuo,19,10,0.5263157894736842
Pantheon,Yone,13,6,0.46153846153846156
Pantheon,Yorick,9,5,0.5555555555555556
Pantheon,Yunara,27,14,0.5185185185185185
Pantheon,Yuumi,2,1,0.5
Pantheon,Zaahen,7,3,0.42857142857142855
Pantheon,Zac,4,1,0.25
Pantheon,Zed,10,5,0.5
Pantheon,Zeri,4,2,0.5
Pantheon,Ziggs,2,2,1.0
Pantheon,Zilean,5,2,0.4
Pantheon,Zoe,3,2,0.6666666666666666
Pantheon,Zyra,6,2,0.3333333333333333
Poppy,Aatrox,7,6,0.8571428571428571
Poppy,Ahri,13,9,0.6923076923076923
Poppy,Akali,9,6,0.6666666666666666
Poppy,Akshan,2,1,0.5
Poppy,Alistar,9,5,0.5555555555555556
Poppy,Ambessa,27,16,0.5925925925925926
Poppy,Amumu,1,1,1.0
Poppy,Anivia,10,5,0.5
Poppy,Annie,4,2,0.5
Poppy,Aphelios,2,1,0.5
Poppy,Ashe,7,3,0.42857142857142855
Poppy,AurelionSol,4,3,0.75
Poppy,Aurora,6,4,0.6666666666666666
Poppy,Azir,5,4,0.8
Poppy,Bard,12,6,0.5
Poppy,Belveth,2,1,0.5
Poppy,Briar,2,2,1.0
Poppy,Caitlyn,8,2,0.25
Poppy,Cassiopeia,3,2,0.6666666666666666
Poppy,Chogath,2,2,1.0
Poppy,Corki,3,1,0.3333333333333333
Poppy,Darius,1,0,0.0
Poppy,DrMundo,2,2,1.0
Poppy,Draven,1,1,1.0
Poppy,Ekko,2,0,0.0
Poppy,Evelynn,1,1,1.0
Poppy,Ezreal,18,12,0.6666666666666666
Poppy,FiddleSticks,1,0,0.0
Poppy,Fiora,2,2,1.0
Poppy,Galio,5,3,0.6
Poppy,Gangplank,4,3,0.75
Poppy,Garen,5,3,0.6
Poppy,Gnar,6,3,0.5
Poppy,Gragas,4,3,0.75
Poppy,Graves,2,1,0.5
Poppy,Hecarim,1,1,1.0
Poppy,Hwei,8,5,0.625
Poppy,Irelia,2,2,1.0
Poppy,JarvanIV,10,6,0.6
Poppy,Jax,3,1,0.3333333333333333
Poppy,Jayce,10,6,0.6
Poppy,Jhin,7,5,0.7142857142857143
Poppy,KSante,2,2,1.0
Poppy,Kaisa,7,4,0.5714285714285714
Poppy,Kalista,12,10,0.8333333333333334
Poppy,Karma,9,4,0.4444444444444444
Poppy,Karthus,2,1,0.5
Poppy,Kassadin,1,1,1.0
Poppy,Katarina,2,2,1.0
Poppy,Kayle,4,1,0.25
Poppy,Kayn,1,0,0.0
Poppy,Kennen,1,0,0.0
Poppy,Khazix,4,3,0.75
Poppy,Kindred,3,2,0.6666666666666666
Poppy,Kled,1,1,1.0
Poppy,KogMaw,1,1,1.0
Poppy,Leblanc,1,0,0.0
Poppy,LeeSin,18,12,0.6666666666666666
Poppy,Leona,4,2,0.5
Poppy,Lillia,2,2,1.0
Poppy,Lissandra,3,1,0.3333333333333333
Poppy,Lucian,9,5,0.5555555555555556
Poppy,Lulu,2,2,1.0
Poppy,Lux,2,2,1.0
Poppy,Malphite,4,3,0.75
Poppy,MasterYi,4,0,0.0
Poppy,Mel,9,4,0.4444444444444444
Poppy,MonkeyKing,1,0,0.0
Poppy,Naafiri,10,6,0.6
Poppy,Nami,5,1,0.2
Poppy,Nasus,1,0,0.0
Poppy,Nautilus,15,9,0.6
Poppy,Neeko,2,2,1.0
Poppy,Nidalee,3,3,1.0
Poppy,Nilah,1,1,1.0
Poppy,Nocturne,3,2,0.6666666666666666
Poppy,Nunu,1,1,1.0
Poppy,Orianna,7,6,0.8571428571428571
Poppy,Ornn,1,0,0.0
Poppy,Pantheon,14,8,0.5714285714285714
Poppy,Pyke,8,6,0.75
Poppy,Qiyana,1,1,1.0
Poppy,Rakan,6,6,1.0
Poppy,RekSai,3,3,1.0
Poppy,Rell,14,8,0.5714285714285714
Poppy,Renata,4,4,1.0
Poppy,Renekton,3,1,0.3333333333333333
Poppy,Rengar,4,2,0.5
Poppy,Riven,6,4,0.6666666666666666
Poppy,Rumble,6,5,0.8333333333333334
Poppy,Ryze,9,3,0.3333333333333333
Poppy,Sejuani,1,0,0.0
Poppy,Senna,1,1,1.0
Poppy,Seraphine,6,4,0.6666666666666666
Poppy,Shaco,1,1,1.0
Poppy,Shen,8,5,0.625
Poppy,Singed,1,0,0.0
Poppy,Sion,6,3,0.5
Poppy,Sivir,1,1,1.0
Poppy,Skarner,2,0,0.0
Poppy,Smolder,1,1,1.0
Poppy,Sona,4,3,0.75
Poppy,Soraka,2,1,0.5
Poppy,Swain,1,0,0.0
Poppy,Sylas,13,9,0.6923076923076923
Poppy,Syndra,3,2,0.6666666666666666
Poppy,Taliyah,2,2,1.0
Poppy,Talon,6,5,0.8333333333333334
Poppy,Thresh,2,2,1.0
Poppy,Tristana,8,4,0.5
Poppy,Trundle,1,1,1.0
Poppy,Tryndamere,1,0,0.0
Poppy,TwistedFate,2,1,0.5
Poppy,Udyr,3,2,0.6666666666666666
Poppy,Urgot,1,0,0.0
Poppy,Varus,11,4,0.36363636363636365
Poppy,Vayne,1,1,1.0
Poppy,Veigar,1,0,0.0
Poppy,Velkoz,2,1,0.5
Poppy,Vi,5,2,0.4
Poppy,Viego,3,2,0.6666666666666666
Poppy,Viktor,4,1,0.25
Poppy,Vladimir,3,2,0.6666666666666666
Poppy,Warwick,1,1,1.0
Poppy,Xayah,1,1,1.0
Poppy,Xerath,2,0,0.0
Poppy,XinZhao,5,5,1.0
Poppy,Yasuo,6,4,0.6666666666666666
Poppy,Yone,8,3,0.375
Poppy,Yorick,3,3,1.0
Poppy,Yunara,9,6,0.6666666666666666
Poppy,Yuumi,1,0,0.0
Poppy,Zaahen,3,1,0.3333333333333333
Poppy,Ziggs,3,3,1.0
Poppy,Zoe,3,1,0.3333333333333333
Poppy,Zyra,4,2,0.5
Pyke,Aatrox,14,9,0.6428571428571429
Pyke,Ahri,6,2,0.3333333333333333
Pyke,Akali,12,5,0.4166666666666667
Pyke,Akshan,3,1,0.3333333333333333
Pyke,Alistar,9,7,0.7777777777777778
Pyke,Ambessa,25,11,0.44
Pyke,Anivia,48,22,0.4583333333333333
Pyke,Annie,5,2,0.4
Pyke,Aphelios,1,1,1.0
Pyke,Ashe,14,6,0.42857142857142855
Pyke,AurelionSol,2,0,0.0
Pyke,Aurora,19,14,0.7368421052631579
Pyke,Azir,5,4,0.8
Pyke,Bard,34,11,0.3235294117647059
Pyke,Belveth,5,0,0.0
Pyke,Brand,4,2,0.5
Pyke,Braum,3,0,0.0
Pyke,Briar,1,0,0.0
Pyke,Caitlyn,23,7,0.30434782608695654
Pyke,Camille,3,1,0.3333333333333333
Pyke,Cassiopeia,7,3,0.42857142857142855
Pyke,Chogath,2,0,0.0
Pyke,Corki,14,8,0.5714285714285714
Pyke,Darius,3,2,0.6666666666666666
Pyke,DrMundo,3,1,0.3333333333333333
Pyke,Draven,4,3,0.75
Pyke,Ekko,12,4,0.3333333333333333
Pyke,Elise,13,5,0.38461538461538464
Pyke,Evelynn,1,1,1.0
Pyke,Ezreal,35,17,0.4857142857142857
Pyke,FiddleSticks,4,2,0.5
Pyke,Fiora,4,1,0.25
Pyke,Galio,11,8,0.7272727272727273
Pyke,Gangplank,1,1,1.0
Pyke,Garen,5,4,0.8
Pyke,Gnar,14,10,0.7142857142857143
Pyke,Gragas,4,1,0.25
Pyke,Graves,14,7,0.5
Pyke,Gwen,4,3,0.75
Pyke,Hecarim,2,0,0.0
Pyke,Heimerdinger,2,1,0.5
Pyke,Hwei,11,4,0.36363636363636365
Pyke,Irelia,8,4,0.5
Pyke,Ivern,3,0,0.0
Pyke,Janna,1,1,1.0
Pyke,JarvanIV,19,11,0.5789473684210527
Pyke,Jax,8,7,0.875
Pyke,Jayce,27,17,0.6296296296296297
Pyke,Jhin,23,11,0.4782608695652174
Pyke,Jinx,6,2,0.3333333333333333
Pyke,KSante,9,2,0.2222222222222222
Pyke,Kaisa,11,7,0.6363636363636364
Pyke,Kalista,4,1,0.25
Pyke,Karma,22,11,0.5
Pyke,Karthus,5,3,0.6
Pyke,Kassadin,2,2,1.0
Pyke,Katarina,2,2,1.0
Pyke,Kayle,2,0,0.0
Pyke,Kayn,4,2,0.5
Pyke,Kennen,3,2,0.6666666666666666
Pyke,Khazix,3,2,0.6666666666666666
Pyke,Kindred,2,1,0.5
Pyke,Leblanc,5,1,0.2
Pyke,LeeSin,19,8,0.42105263157894735
Pyke,Leona,6,3,0.5
Pyke,Lillia,2,1,0.5
Pyke,Lissandra,4,1,0.25
Pyke,Lucian,14,4,0.2857142857142857
Pyke,Lulu,7,4,0.5714285714285714
Pyke,Lux,6,6,1.0
Pyke,Malphite,1,0,0.0
Pyke,Malzahar,1,0,0.0
Pyke,MasterYi,7,4,0.5714285714285714
Pyke,Mel,8,6,0.75
Pyke,Milio,5,2,0.4
Pyke,MissFortune,4,2,0.5
Pyke,MonkeyKing,3,1,0.3333333333333333
Pyke,Mordekaiser,1,1,1.0
Pyke,Morgana,1,0,0.0
Pyke,Naafiri,9,3,0.3333333333333333
Pyke,Nami,14,5,0.35714285714285715
Pyke,Nasus,2,2,1.0
Pyke,Nautilus,18,5,0.2777777777777778
Pyke,Neeko,7,3,0.42857142857142855
Pyke,Nidalee,8,3,0.375
Pyke,Nocturne,10,4,0.4
Pyke,Nunu,2,0,0.0
Pyke,Olaf,3,1,0.3333333333333333
Pyke,Orianna,10,5,0.5
Pyke,Ornn,6,1,0.16666666666666666
Pyke,Pantheon,21,13,0.6190476190476191
Pyke,Poppy,8,2,0.25
Pyke,Qiyana,8,3,0.375
Pyke,Quinn,4,2,0.5
Pyke,Rakan,14,4,0.2857142857142857
Pyke,RekSai,5,3,0.6
Pyke,Rell,5,3,0.6
Pyke,Renekton,9,2,0.2222222222222222
Pyke,Rengar,4,1,0.25
Pyke,Riven,5,2,0.4
Pyke,Rumble,9,2,0.2222222222222222
Pyke,Ryze,20,13,0.65
Pyke,Samira,2,0,0.0
Pyke,Sejuani,3,0,0.0
Pyke,Senna,9,5,0.5555555555555556
Pyke,Seraphine,9,3,0.3333333333333333
Pyke,Sett,2,1,0.5
Pyke,Shaco,2,1,0.5
Pyke,Shen,4,0,0.0
Pyke,Shyvana,1,1,1.0
Pyke,Singed,5,3,0.6
Pyke,Sion,14,4,0.2857142857142857
Pyke,Sivir,7,3,0.42857142857142855
Pyke,Skarner,10,8,0.8
Pyke,Smolder,2,2,1.0
Pyke,Sona,6,6,1.0
Pyke,Soraka,2,0,0.0
Pyke,Swain,2,1,0.5
Pyke,Sylas,13,6,0.46153846153846156
Pyke,Syndra,5,3,0.6
Pyke,TahmKench,1,0,0.0
Pyke,Taliyah,6,2,0.3333333333333333
Pyke,Talon,9,2,0.2222222222222222
Pyke,Taric,1,1,1.0
Pyke,Teemo,5,2,0.4
Pyke,Thresh,3,1,0.3333333333333333
Pyke,Tristana,3,0,0.0
Pyke,TwistedFate,6,1,0.16666666666666666
Pyke,Udyr,3,1,0.3333333333333333
Pyke,Urgot,1,0,0.0
Pyke,Varus,17,9,0.5294117647058824
Pyke,Vayne,14,5,0.35714285714285715
Pyke,Veigar,2,0,0.0
Pyke,Vex,2,0,0.0
Pyke,Vi,5,0,0.0
Pyke,Viego,5,4,0.8
Pyke,Viktor,6,3,0.5
Pyke,Vladimir,4,3,0.75
Pyke,Volibear,1,0,0.0
Pyke,Xayah,2,1,0.5
Pyke,Xerath,7,3,0.42857142857142855
Pyke,XinZhao,9,2,0.2222222222222222
Pyke,Yasuo,7,7,1.0
Pyke,Yone,13,6,0.46153846153846156
Pyke,Yorick,6,3,0.5
Pyke,Yunara,11,5,0.45454545454545453
Pyke,Yuumi,1,1,1.0
Pyke,Zaahen,5,2,0.4
Pyke,Zac,1,0,0.0
Pyke,Zed,8,3,0.375
Pyke,Zeri,1,1,1.0
Pyke,Ziggs,10,4,0.4
Pyke,Zilean,5,2,0.4
Pyke,Zoe,9,6,0.6666666666666666
Pyke,Zyra,8,3,0.375
Qiyana,Aatrox,10,6,0.6
Qiyana,Ahri,21,11,0.5238095238095238
Qiyana,Akali,14,6,0.42857142857142855
Qiyana,Akshan,6,3,0.5
Qiyana,Alistar,7,3,0.42857142857142855
Qiyana,Ambessa,22,15,0.6818181818181818
Qiyana,Anivia,21,10,0.47619047619047616
Qiyana,Annie,7,3,0.42857142857142855
Qiyana,Aphelios,6,4,0.6666666666666666
Qiyana,Ashe,8,3,0.375
Qiyana,AurelionSol,5,3,0.6
Qiyana,Aurora,12,6,0.5
Qiyana,Azir,5,4,0.8
Qiyana,Bard,19,9,0.47368421052631576
Qiyana,Belveth,2,2,1.0
Qiyana,Blitzcrank,2,1,0.5
Qiyana,Brand,1,0,0.0
Qiyana,Braum,2,0,0.0
Qiyana,Briar,2,1,0.5
Qiyana,Caitlyn,15,7,0.4666666666666667
Qiyana,Camille,5,3,0.6
Qiyana,Cassiopeia,3,1,0.3333333333333333
Qiyana,Corki,10,4,0.4
Qiyana,Darius,6,3,0.5
Qiyana,Diana,1,1,1.0
Qiyana,DrMundo,6,4,0.6666666666666666
Qiyana,Draven,1,0,0.0
Qiyana,Ekko,11,4,0.36363636363636365
Qiyana,Elise,5,4,0.8
Qiyana,Evelynn,2,2,1.0
Qiyana,Ezreal,35,19,0.5428571428571428
Qiyana,FiddleSticks,1,0,0.0
Qiyana,Fiora,3,1,0.3333333333333333
Qiyana,Fizz,4,1,0.25
Qiyana,Galio,5,1,0.2
Qiyana,Gangplank,3,2,0.6666666666666666
Qiyana,Garen,5,3,0.6
Qiyana,Gnar,8,2,0.25
Qiyana,Gragas,3,1,0.3333333333333333
Qiyana,Graves,6,4,0.6666666666666666
Qiyana,Gwen,2,2,1.0
Qiyana,Hecarim,6,2,0.3333333333333333
Qiyana,Heimerdinger,1,0,0.0
Qiyana,Hwei,13,8,0.6153846153846154
Qiyana,Irelia,5,2,0.4
Qiyana,Ivern,2,2,1.0
Qiyana,Janna,4,1,0.25
Qiyana,JarvanIV,11,7,0.6363636363636364
Qiyana,Jax,6,4,0.6666666666666666
Qiyana,Jayce,27,16,0.5925925925925926
Qiyana,Jhin,18,8,0.4444444444444444
Qiyana,Jinx,4,0,0.0
Qiyana,KSante,6,2,0.3333333333333333
Qiyana,Kaisa,11,4,0.36363636363636365
Qiyana,Kalista,2,2,1.0
Qiyana,Karma,19,7,0.3684210526315789
Qiyana,Karthus,4,2,0.5
Qiyana,Kassadin,3,2,0.6666666666666666
Qiyana,Katarina,5,1,0.2
Qiyana,Kayn,3,1,0.3333333333333333
Qiyana,Kennen,3,2,0.6666666666666666
Qiyana,Khazix,5,1,0.2
Qiyana,Kindred,2,0,0.0
Qiyana,Kled,2,2,1.0
Qiyana,KogMaw,1,1,1.0
Qiyana,Leblanc,4,0,0.0
Qiyana,LeeSin,15,8,0.5333333333333333
Qiyana,Leona,8,4,0.5
Qiyana,Lillia,6,4,0.6666666666666666
Qiyana,Lissandra,7,2,0.2857142857142857
Qiyana,Lucian,12,8,0.6666666666666666
Qiyana,Lulu,10,6,0.6
Qiyana,Lux,6,3,0.5
Qiyana,Malphite,7,4,0.5714285714285714
Qiyana,Malzahar,1,1,1.0
Qiyana,MasterYi,5,4,0.8
Qiyana,Mel,8,7,0.875
Qiyana,Milio,1,1,1.0
Qiyana,MissFortune,1,1,1.0
Qiyana,MonkeyKing,1,0,0.0
Qiyana,Naafiri,16,10,0.625
Qiyana,Nami,16,11,0.6875
Qiyana,Nasus,4,0,0.0
Qiyana,Nautilus,19,8,0.42105263157894735
Qiyana,Neeko,10,6,0.6
Qiyana,Nidalee,5,1,0.2
Qiyana,Nocturne,6,2,0.3333333333333333
Qiyana,Nunu,3,2,0.6666666666666666
Qiyana,Olaf,1,0,0.0
Qiyana,Orianna,4,3,0.75
Qiyana,Ornn,1,1,1.0
Qiyana,Pantheon,13,8,0.6153846153846154
Qiyana,Poppy,1,0,0.0
Qiyana,Pyke,8,5,0.625
Qiyana,Quinn,1,0,0.0
Qiyana,Rakan,8,5,0.625
Qiyana,RekSai,8,3,0.375
Qiyana,Rell,8,7,0.875
Qiyana,Renata,1,1,1.0
Qiyana,Renekton,9,3,0.3333333333333333
Qiyana,Rengar,4,0,0.0
Qiyana,Riven,9,6,0.6666666666666666
Qiyana,Rumble,6,3,0.5
Qiyana,Ryze,14,11,0.7857142857142857
Qiyana,Sejuani,2,1,0.5
Qiyana,Senna,8,3,0.375
Qiyana,Seraphine,5,2,0.4
Qiyana,Sett,2,0,0.0
Qiyana,Shaco,4,1,0.25
Qiyana,Shen,4,2,0.5
Qiyana,Shyvana,1,1,1.0
Qiyana,Singed,4,3,0.75
Qiyana,Sion,10,5,0.5
Qiyana,Sivir,7,5,0.7142857142857143
Qiyana,Skarner,5,1,0.2
Qiyana,Smolder,2,2,1.0
Qiyana,Sona,6,4,0.6666666666666666
Qiyana,Soraka,5,2,0.4
Qiyana,Swain,2,0,0.0
Qiyana,Sylas,14,7,0.5
Qiyana,Syndra,3,0,0.0
Qiyana,Taliyah,4,3,0.75
Qiyana,Talon,8,3,0.375
Qiyana,Taric,1,1,1.0
Qiyana,Teemo,4,3,0.75
Qiyana,Thresh,6,4,0.6666666666666666
Qiyana,Tristana,5,4,0.8
Qiyana,Trundle,1,0,0.0
Qiyana,Tryndamere,2,1,0.5
Qiyana,TwistedFate,7,2,0.2857142857142857
Qiyana,Twitch,2,1,0.5
Qiyana,Udyr,3,1,0.3333333333333333
Qiyana,Varus,17,7,0.4117647058823529
Qiyana,Vayne,12,5,0.4166666666666667
Qiyana,Veigar,3,1,0.3333333333333333
Qiyana,Velkoz,2,1,0.5
Qiyana,Vex,4,2,0.5
Qiyana,Vi,11,5,0.45454545454545453
Qiyana,Viego,3,1,0.3333333333333333
Qiyana,Viktor,4,1,0.25
Qiyana,Vladimir,6,3,0.5
Qiyana,Xayah,4,3,0.75
Qiyana,Xerath,6,2,0.3333333333333333
Qiyana,XinZhao,9,5,0.5555555555555556
Qiyana,Yasuo,12,8,0.6666666666666666
Qiyana,Yone,8,4,0.5
Qiyana,Yorick,4,3,0.75
Qiyana,Yunara,19,9,0.47368421052631576
Qiyana,Yuumi,4,2,0.5
Qiyana,Zaahen,4,2,0.5
Qiyana,Zac,1,0,0.0
Qiyana,Zed,5,3,0.6
Qiyana,Zeri,3,2,0.6666666666666666
Qiyana,Ziggs,1,1,1.0
Qiyana,Zilean,2,0,0.0
Qiyana,Zoe,5,2,0.4
Qiyana,Zyra,2,1,0.5
Quinn,Aatrox,3,3,1.0
Quinn,Ahri,2,2,1.0
Quinn,Akali,7,3,0.42857142857142855
Quinn,Akshan,3,1,0.3333333333333333
Quinn,Alistar,5,1,0.2
Quinn,Ambessa,8,3,0.375
Quinn,Anivia,6,2,0.3333333333333333
Quinn,Annie,3,2,0.6666666666666666
Quinn,Ashe,5,3,0.6
Quinn,AurelionSol,1,1,1.0
Quinn,Aurora,3,2,0.6666666666666666
Quinn,Bard,5,2,0.4
Quinn,Belveth,2,2,1.0
Quinn,Caitlyn,5,3,0.6
Quinn,Camille,1,0,0.0
Quinn,Cassiopeia,1,1,1.0
Quinn,Corki,3,3,1.0
Quinn,Diana,2,1,0.5
Quinn,DrMundo,5,3,0.6
Quinn,Ekko,4,1,0.25
Quinn,Elise,2,1,0.5
Quinn,Evelynn,1,1,1.0
Quinn,Ezreal,14,8,0.5714285714285714
Quinn,Galio,2,1,0.5
Quinn,Gangplank,2,2,1.0
Quinn,Garen,4,1,0.25
Quinn,Gnar,2,1,0.5
Quinn,Gragas,2,2,1.0
Quinn,Graves,2,0,0.0
Quinn,Irelia,2,0,0.0
Quinn,Janna,3,3,1.0
Quinn,JarvanIV,3,2,0.6666666666666666
Quinn,Jax,1,1,1.0
Quinn,Jayce,14,11,0.7857142857142857
Quinn,Jhin,7,4,0.5714285714285714
Quinn,KSante,2,2,1.0
Quinn,Kaisa,5,1,0.2
Quinn,Kalista,2,2,1.0
Quinn,Karma,14,11,0.7857142857142857
Quinn,Karthus,1,1,1.0
Quinn,Kassadin,1,1,1.0
Quinn,Katarina,1,1,1.0
Quinn,Kayn,1,1,1.0
Quinn,Khazix,3,1,0.3333333333333333
Quinn,Kindred,1,1,1.0
Quinn,Kled,1,0,0.0
Quinn,Leblanc,3,0,0.0
Quinn,LeeSin,3,1,0.3333333333333333
Quinn,Leona,5,3,0.6
Quinn,Lillia,2,1,0.5
Quinn,Lucian,3,3,1.0
Quinn,Lulu,1,1,1.0
Quinn,Mel,2,2,1.0
Quinn,Milio,1,1,1.0
Quinn,MissFortune,2,1,0.5
Quinn,Naafiri,4,2,0.5
Quinn,Nami,4,4,1.0
Quinn,Nasus,2,1,0.5
Quinn,Nautilus,5,1,0.2
Quinn,Neeko,4,2,0.5
Quinn,Nocturne,3,1,0.3333333333333333
Quinn,Orianna,4,3,0.75
Quinn,Ornn,1,1,1.0
Quinn,Pantheon,4,3,0.75
Quinn,Pyke,4,2,0.5
Quinn,Qiyana,1,1,1.0
Quinn,Renata,1,1,1.0
Quinn,Rengar,3,3,1.0
Quinn,Riven,3,3,1.0
Quinn,Rumble,4,2,0.5
Quinn,Ryze,3,2,0.6666666666666666
Quinn,Senna,3,3,1.0
Quinn,Seraphine,2,2,1.0
Quinn,Shaco,3,1,0.3333333333333333
Quinn,Shen,1,1,1.0
Quinn,Singed,3,3,1.0
Quinn,Sion,5,2,0.4
Quinn,Sivir,3,3,1.0
Quinn,Skarner,3,3,1.0
Quinn,Soraka,2,0,0.0
Quinn,Sylas,3,0,0.0
Quinn,Taliyah,2,2,1.0
Quinn,Talon,2,2,1.0
Quinn,Thresh,1,1,1.0
Quinn,Tristana,1,0,0.0
Quinn,TwistedFate,3,1,0.3333333333333333
Quinn,Udyr,3,2,0.6666666666666666
Quinn,Vayne,1,1,1.0
Quinn,Veigar,1,1,1.0
Quinn,Velkoz,1,1,1.0
Quinn,Vex,1,1,1.0
Quinn,Vi,2,0,0.0
Quinn,Viego,1,0,0.0
Quinn,Viktor,3,3,1.0
Quinn,Vladimir,3,3,1.0
Quinn,Xayah,1,0,0.0
Quinn,Xerath,1,1,1.0
Quinn,XinZhao,1,1,1.0
Quinn,Yasuo,5,3,0.6
Quinn,Yone,2,1,0.5
Quinn,Yorick,1,1,1.0
Quinn,Yunara,3,0,0.0
Quinn,Zaahen,2,2,1.0
Quinn,Zed,3,3,1.0
Quinn,Ziggs,1,1,1.0
Quinn,Zilean,1,0,0.0
Quinn,Zoe,1,1,1.0
Quinn,Zyra,1,1,1.0
Rakan,Aatrox,8,6,0.75
Rakan,Ahri,6,2,0.3333333333333333
Rakan,Akali,9,3,0.3333333333333333
Rakan,Akshan,2,2,1.0
Rakan,Alistar,3,1,0.3333333333333333
Rakan,Ambessa,14,5,0.35714285714285715
Rakan,Anivia,14,5,0.35714285714285715
Rakan,Annie,6,2,0.3333333333333333
Rakan,Aphelios,4,2,0.5
Rakan,Ashe,11,4,0.36363636363636365
Rakan,AurelionSol,3,3,1.0
Rakan,Aurora,9,6,0.6666666666666666
Rakan,Azir,2,1,0.5
Rakan,Bard,12,5,0.4166666666666667
Rakan,Belveth,1,0,0.0
Rakan,Brand,1,1,1.0
Rakan,Braum,3,2,0.6666666666666666
Rakan,Briar,2,1,0.5
Rakan,Caitlyn,7,3,0.42857142857142855
Rakan,Camille,4,2,0.5
Rakan,Cassiopeia,3,2,0.6666666666666666
Rakan,Chogath,1,0,0.0
Rakan,Corki,7,3,0.42857142857142855
Rakan,Darius,4,3,0.75
Rakan,Diana,3,1,0.3333333333333333
Rakan,Draven,2,1,0.5
Rakan,Ekko,6,3,0.5
Rakan,Elise,4,2,0.5
Rakan,Evelynn,3,3,1.0
Rakan,Ezreal,24,11,0.4583333333333333
Rakan,FiddleSticks,3,3,1.0
Rakan,Fiora,2,1,0.5
Rakan,Fizz,3,3,1.0
Rakan,Galio,2,1,0.5
Rakan,Gangplank,1,0,0.0
Rakan,Garen,2,1,0.5
Rakan,Gnar,9,4,0.4444444444444444
Rakan,Gragas,3,1,0.3333333333333333
Rakan,Graves,13,4,0.3076923076923077
Rakan,Gwen,3,0,0.0
Rakan,Hecarim,2,1,0.5
Rakan,Heimerdinger,1,0,0.0
Rakan,Hwei,3,3,1.0
Rakan,Irelia,4,1,0.25
Rakan,Ivern,1,1,1.0
Rakan,Janna,4,3,0.75
Rakan,JarvanIV,10,6,0.6
Rakan,Jax,3,1,0.3333333333333333
Rakan,Jayce,20,10,0.5
Rakan,Jhin,15,7,0.4666666666666667
Rakan,Jinx,3,1,0.3333333333333333
Rakan,KSante,3,1,0.3333333333333333
Rakan,Kaisa,12,10,0.8333333333333334
Rakan,Karma,17,9,0.5294117647058824
Rakan,Karthus,1,0,0.0
Rakan,Kassadin,2,2,1.0
Rakan,Katarina,3,1,0.3333333333333333
Rakan,Kayn,1,1,1.0
Rakan,Kennen,2,1,0.5
Rakan,Khazix,1,1,1.0
Rakan,Kindred,2,1,0.5
Rakan,Kled,1,1,1.0
Rakan,KogMaw,1,0,0.0
Rakan,Leblanc,3,3,1.0
Rakan,LeeSin,12,4,0.3333333333333333
Rakan,Leona,2,1,0.5
Rakan,Lillia,2,0,0.0
Rakan,Lissandra,6,3,0.5
Rakan,Lucian,5,2,0.4
Rakan,Lulu,10,3,0.3
Rakan,Lux,3,2,0.6666666666666666
Rakan,Malphite,4,2,0.5
Rakan,Malzahar,2,1,0.5
Rakan,MasterYi,8,5,0.625
Rakan,Mel,5,2,0.4
Rakan,MonkeyKing,3,0,0.0
Rakan,Mordekaiser,1,1,1.0
Rakan,Naafiri,11,7,0.6363636363636364
Rakan,Nami,9,7,0.7777777777777778
Rakan,Nasus,1,0,0.0
Rakan,Nautilus,6,3,0.5
Rakan,Neeko,7,4,0.5714285714285714
Rakan,Nidalee,4,2,0.5
Rakan,Nilah,1,1,1.0
Rakan,Nocturne,8,4,0.5
Rakan,Nunu,3,0,0.0
Rakan,Olaf,2,2,1.0
Rakan,Orianna,3,2,0.6666666666666666
Rakan,Ornn,4,2,0.5
Rakan,Pantheon,11,3,0.2727272727272727
Rakan,Poppy,6,0,0.0
Rakan,Pyke,14,10,0.7142857142857143
Rakan,Qiyana,8,3,0.375
Rakan,RekSai,3,0,0.0
Rakan,Rell,4,1,0.25
Rakan,Renata,1,1,1.0
Rakan,Renekton,9,6,0.6666666666666666
Rakan,Rengar,1,0,0.0
Rakan,Riven,3,2,0.6666666666666666
Rakan,Rumble,6,3,0.5
Rakan,Ryze,9,5,0.5555555555555556
Rakan,Samira,1,1,1.0
Rakan,Sejuani,2,0,0.0
Rakan,Senna,7,5,0.7142857142857143
Rakan,Seraphine,5,1,0.2
Rakan,Shaco,2,1,0.5
Rakan,Shen,2,0,0.0
Rakan,Shyvana,1,0,0.0
Rakan,Singed,2,0,0.0
Rakan,Sion,7,4,0.5714285714285714
Rakan,Sivir,1,1,1.0
Rakan,Skarner,4,1,0.25
Rakan,Smolder,1,0,0.0
Rakan,Sona,6,3,0.5
Rakan,Soraka,5,1,0.2
Rakan,Swain,4,2,0.5
Rakan,Sylas,12,7,0.5833333333333334
Rakan,Syndra,6,4,0.6666666666666666
Rakan,TahmKench,1,1,1.0
Rakan,Taliyah,4,2,0.5
Rakan,Talon,3,2,0.6666666666666666
Rakan,Taric,1,0,0.0
Rakan,Teemo,5,0,0.0
Rakan,Tristana,1,1,1.0
Rakan,TwistedFate,4,2,0.5
Rakan,Udyr,1,1,1.0
Rakan,Varus,8,4,0.5
Rakan,Vayne,10,6,0.6
Rakan,Veigar,4,1,0.25
Rakan,Velkoz,1,1,1.0
Rakan,Vex,2,1,0.5
Rakan,Vi,11,8,0.7272727272727273
Rakan,Viego,2,2,1.0
Rakan,Viktor,6,2,0.3333333333333333
Rakan,Vladimir,4,1,0.25
Rakan,Volibear,1,0,0.0
Rakan,Xayah,4,2,0.5
Rakan,Xerath,5,3,0.6
Rakan,XinZhao,3,1,0.3333333333333333
Rakan,Yasuo,6,1,0.16666666666666666
Rakan,Yone,3,2,0.6666666666666666
Rakan,Yorick,2,1,0.5
Rakan,Yunara,12,6,0.5
Rakan,Yuumi,3,3,1.0
Rakan,Zaahen,4,3,0.75
Rakan,Zac,1,1,1.0
Rakan,Zed,4,1,0.25
Rakan,Zeri,2,2,1.0
Rakan,Ziggs,4,2,0.5
Rakan,Zilean,3,0,0.0
Rakan,Zoe,4,2,0.5
Rakan,Zyra,2,2,1.0
Rammus,Alistar,1,1,1.0
Rammus,Anivia,5,2,0.4
Rammus,Annie,1,0,0.0
Rammus,Aurora,1,1,1.0
Rammus,Belveth,1,0,0.0
Rammus,Corki,4,0,0.0
Rammus,Draven,1,1,1.0
Rammus,Ekko,1,1,1.0
Rammus,Galio,1,0,0.0
Rammus,Gangplank,2,1,0.5
Rammus,Gnar,1,1,1.0
Rammus,Hecarim,1,1,1.0
Rammus,Irelia,1,0,0.0
Rammus,JarvanIV,1,1,1.0
Rammus,Jayce,1,0,0.0
Rammus,Jhin,2,0,0.0
Rammus,Jinx,1,1,1.0
Rammus,Katarina,2,1,0.5
Rammus,LeeSin,1,0,0.0
Rammus,Lillia,2,1,0.5
Rammus,Lucian,1,0,0.0
Rammus,Mel,2,1,0.5
Rammus,Naafiri,1,1,1.0
Rammus,Nami,3,1,0.3333333333333333
Rammus,Nasus,1,1,1.0
Rammus,Nidalee,2,0,0.0
Rammus,Nunu,1,1,1.0
Rammus,Olaf,1,1,1.0
Rammus,Pantheon,2,0,0.0
Rammus,RekSai,1,0,0.0
Rammus,Rumble,1,1,1.0
Rammus,Samira,1,1,1.0
Rammus,Sett,1,0,0.0
Rammus,Sion,2,1,0.5
Rammus,Sivir,2,1,0.5
Rammus,Sona,3,0,0.0
Rammus,Soraka,2,0,0.0
Rammus,Talon,1,0,0.0
Rammus,Thresh,2,1,0.5
Rammus,TwistedFate,1,0,0.0
Rammus,Urgot,1,1,1.0
Rammus,Varus,2,1,0.5
Rammus,Vayne,1,0,0.0
Rammus,Vi,1,1,1.0
Rammus,Viktor,2,0,0.0
Rammus,Xerath,1,0,0.0
Rammus,XinZhao,1,1,1.0
Rammus,Yasuo,1,0,0.0
Rammus,Yone,1,1,1.0
Rammus,Yunara,1,1,1.0
Rammus,Yuumi,2,2,1.0
Rammus,Zaahen,1,0,0.0
Rammus,Zed,1,1,1.0
Rammus,Zilean,1,1,1.0
Rammus,Zoe,1,1,1.0
RekSai,Aatrox,3,2,0.6666666666666666
RekSai,Ahri,8,4,0.5
RekSai,Akali,5,5,1.0
RekSai,Akshan,2,0,0.0
RekSai,Alistar,2,1,0.5
RekSai,Ambessa,14,5,0.35714285714285715
RekSai,Anivia,6,4,0.6666666666666666
RekSai,Annie,3,2,0.6666666666666666
RekSai,Aphelios,1,1,1.0
RekSai,Ashe,7,4,0.5714285714285714
RekSai,AurelionSol,2,0,0.0
RekSai,Aurora,3,1,0.3333333333333333
RekSai,Azir,2,2,1.0
RekSai,Bard,8,3,0.375
RekSai,Belveth,3,2,0.6666666666666666
RekSai,Blitzcrank,1,1,1.0
RekSai,Brand,1,0,0.0
RekSai,Braum,4,2,0.5
RekSai,Caitlyn,10,6,0.6
RekSai,Chogath,1,0,0.0
RekSai,Corki,3,2,0.6666666666666666
RekSai,Darius,2,2,1.0
RekSai,Diana,1,1,1.0
RekSai,DrMundo,4,2,0.5
RekSai,Draven,1,0,0.0
RekSai,Ekko,1,1,1.0
RekSai,Elise,3,1,0.3333333333333333
RekSai,Evelynn,2,1,0.5
RekSai,Ezreal,6,3,0.5
RekSai,FiddleSticks,1,1,1.0
RekSai,Fiora,3,2,0.6666666666666666
RekSai,Galio,1,0,0.0
RekSai,Gangplank,1,1,1.0
RekSai,Garen,1,0,0.0
RekSai,Gnar,5,2,0.4
RekSai,Gragas,1,1,1.0
RekSai,Graves,4,4,1.0
RekSai,Gwen,2,2,1.0
RekSai,Hecarim,1,0,0.0
RekSai,Heimerdinger,2,0,0.0
RekSai,Hwei,1,1,1.0
RekSai,Illaoi,2,1,0.5
RekSai,Irelia,1,0,0.0
RekSai,Ivern,3,0,0.0
RekSai,JarvanIV,7,4,0.5714285714285714
RekSai,Jayce,5,2,0.4
RekSai,Jhin,7,5,0.7142857142857143
RekSai,Jinx,1,0,0.0
RekSai,KSante,2,1,0.5
RekSai,Kaisa,4,3,0.75
RekSai,Kalista,1,1,1.0
RekSai,Karma,6,3,0.5
RekSai,Karthus,2,1,0.5
RekSai,Katarina,3,2,0.6666666666666666
RekSai,Kayle,1,1,1.0
RekSai,Kayn,3,2,0.6666666666666666
RekSai,Kennen,1,1,1.0
RekSai,Khazix,3,2,0.6666666666666666
RekSai,Kindred,1,1,1.0
RekSai,Kled,1,1,1.0
RekSai,KogMaw,3,2,0.6666666666666666
RekSai,Leblanc,5,3,0.6
RekSai,LeeSin,6,6,1.0
RekSai,Leona,2,1,0.5
RekSai,Lillia,5,3,0.6
RekSai,Lucian,7,4,0.5714285714285714
RekSai,Lulu,5,3,0.6
RekSai,Lux,1,1,1.0
RekSai,Malphite,3,1,0.3333333333333333
RekSai,Malzahar,1,1,1.0
RekSai,Maokai,2,1,0.5
RekSai,MasterYi,1,1,1.0
RekSai,Mel,5,2,0.4
RekSai,Milio,4,2,0.5
RekSai,MissFortune,1,0,0.0
RekSai,MonkeyKing,1,0,0.0
RekSai,Morgana,1,1,1.0
RekSai,Naafiri,3,3,1.0
RekSai,Nami,5,3,0.6
RekSai,Nasus,1,0,0.0
RekSai,Nautilus,3,3,1.0
RekSai,Neeko,3,2,0.6666666666666666
RekSai,Nidalee,5,3,0.6
RekSai,Nocturne,3,1,0.3333333333333333
RekSai,Nunu,1,0,0.0
RekSai,Olaf,1,0,0.0
RekSai,Orianna,2,2,1.0
RekSai,Ornn,4,0,0.0
RekSai,Pantheon,2,2,1.0
RekSai,Poppy,3,0,0.0
RekSai,Pyke,5,2,0.4
RekSai,Qiyana,8,5,0.625
RekSai,Rakan,3,3,1.0
RekSai,Rammus,1,1,1.0
RekSai,Renekton,4,3,0.75
RekSai,Rengar,4,2,0.5
RekSai,Riven,3,1,0.3333333333333333
RekSai,Rumble,3,1,0.3333333333333333
RekSai,Ryze,2,2,1.0
RekSai,Sejuani,2,2,1.0
RekSai,Senna,3,2,0.6666666666666666
RekSai,Seraphine,3,2,0.6666666666666666
RekSai,Shen,4,2,0.5
RekSai,Shyvana,1,0,0.0
RekSai,Singed,1,1,1.0
RekSai,Sion,3,3,1.0
RekSai,Sivir,2,2,1.0
RekSai,Skarner,2,2,1.0
RekSai,Smolder,2,2,1.0
RekSai,Sona,4,2,0.5
RekSai,Soraka,2,1,0.5
RekSai,Sylas,8,5,0.625
RekSai,Syndra,2,0,0.0
RekSai,TahmKench,1,0,0.0
RekSai,Taliyah,3,2,0.6666666666666666
RekSai,Talon,1,1,1.0
RekSai,Thresh,1,1,1.0
RekSai,Tristana,1,1,1.0
RekSai,TwistedFate,1,1,1.0
RekSai,Udyr,1,0,0.0
RekSai,Varus,4,3,0.75
RekSai,Vayne,5,2,0.4
RekSai,Veigar,2,1,0.5
RekSai,Velkoz,1,0,0.0
RekSai,Vex,1,0,0.0
RekSai,Vi,1,0,0.0
RekSai,Viego,3,3,1.0
RekSai,Viktor,4,2,0.5
RekSai,Vladimir,3,2,0.6666666666666666
RekSai,Xayah,1,0,0.0
RekSai,Xerath,3,1,0.3333333333333333
RekSai,XinZhao,3,2,0.6666666666666666
RekSai,Yasuo,3,2,0.6666666666666666
RekSai,Yone,8,6,0.75
RekSai,Yunara,6,4,0.6666666666666666
RekSai,Yuumi,1,1,1.0
RekSai,Zaahen,1,0,0.0
RekSai,Zed,2,1,0.5
RekSai,Ziggs,4,3,0.75
RekSai,Zoe,1,1,1.0
RekSai,Zyra,2,0,0.0
Rell,Aatrox,9,3,0.3333333333333333
Rell,Ahri,5,1,0.2
Rell,Akali,9,4,0.4444444444444444
Rell,Akshan,2,2,1.0
Rell,Alistar,14,4,0.2857142857142857
Rell,Ambessa,13,8,0.6153846153846154
Rell,Amumu,1,1,1.0
Rell,Anivia,24,17,0.7083333333333334
Rell,Annie,4,4,1.0
Rell,Aphelios,5,3,0.6
Rell,Ashe,12,5,0.4166666666666667
Rell,AurelionSol,2,2,1.0
Rell,Aurora,13,8,0.6153846153846154
Rell,Azir,4,2,0.5
Rell,Bard,8,4,0.5
Rell,Belveth,2,1,0.5
Rell,Blitzcrank,1,0,0.0
Rell,Brand,3,0,0.0
Rell,Braum,5,2,0.4
Rell,Briar,1,1,1.0
Rell,Caitlyn,8,6,0.75
Rell,Camille,2,1,0.5
Rell,Cassiopeia,4,1,0.25
Rell,Corki,1,1,1.0
Rell,Darius,4,2,0.5
Rell,Diana,2,2,1.0
Rell,DrMundo,3,1,0.3333333333333333
Rell,Draven,2,2,1.0
Rell,Ekko,3,2,0.6666666666666666
Rell,Elise,5,2,0.4
Rell,Evelynn,2,1,0.5
Rell,Ezreal,14,5,0.35714285714285715
Rell,FiddleSticks,1,0,0.0
Rell,Fiora,1,0,0.0
Rell,Fizz,1,1,1.0
Rell,Galio,3,1,0.3333333333333333
Rell,Gangplank,1,1,1.0
Rell,Garen,2,1,0.5
Rell,Gnar,6,3,0.5
Rell,Gragas,3,1,0.3333333333333333
Rell,Graves,8,2,0.25
Rell,Gwen,2,1,0.5
Rell,Hwei,3,2,0.6666666666666666
Rell,Irelia,3,1,0.3333333333333333
Rell,Ivern,6,4,0.6666666666666666
Rell,Janna,2,1,0.5
Rell,JarvanIV,10,7,0.7
Rell,Jax,5,3,0.6
Rell,Jayce,16,7,0.4375
Rell,Jhin,13,4,0.3076923076923077
Rell,Jinx,5,1,0.2
Rell,KSante,4,2,0.5
Rell,Kaisa,8,3,0.375
Rell,Kalista,1,1,1.0
Rell,Karma,11,7,0.6363636363636364
Rell,Karthus,5,4,0.8
Rell,Katarina,5,4,0.8
Rell,Kayle,1,1,1.0
Rell,Kayn,3,1,0.3333333333333333
Rell,Kennen,1,0,0.0
Rell,Khazix,1,1,1.0
Rell,Kindred,5,2,0.4
Rell,Kled,1,1,1.0
Rell,Leblanc,5,1,0.2
Rell,LeeSin,9,5,0.5555555555555556
Rell,Leona,4,4,1.0
Rell,Lillia,5,2,0.4
Rell,Lissandra,6,3,0.5
Rell,Lucian,7,4,0.5714285714285714
Rell,Lulu,9,5,0.5555555555555556
Rell,Lux,2,1,0.5
Rell,Malphite,2,0,0.0
Rell,Maokai,1,0,0.0
Rell,MasterYi,4,1,0.25
Rell,Mel,7,3,0.42857142857142855
Rell,MissFortune,4,2,0.5
Rell,Naafiri,9,4,0.4444444444444444
Rell,Nami,6,1,0.16666666666666666
Rell,Nautilus,19,9,0.47368421052631576
Rell,Neeko,2,1,0.5
Rell,Nidalee,2,1,0.5
Rell,Nilah,1,0,0.0
Rell,Nocturne,4,2,0.5
Rell,Nunu,1,0,0.0
Rell,Olaf,6,4,0.6666666666666666
Rell,Orianna,8,6,0.75
Rell,Ornn,5,2,0.4
Rell,Pantheon,13,7,0.5384615384615384
Rell,Poppy,14,6,0.42857142857142855
Rell,Pyke,5,2,0.4
Rell,Qiyana,8,1,0.125
Rell,Rakan,4,3,0.75
Rell,Renata,2,1,0.5
Rell,Renekton,4,1,0.25
Rell,Rengar,4,2,0.5
Rell,Riven,5,3,0.6
Rell,Rumble,1,1,1.0
Rell,Ryze,8,4,0.5
Rell,Senna,3,2,0.6666666666666666
Rell,Seraphine,3,2,0.6666666666666666
Rell,Sett,1,0,0.0
Rell,Shaco,1,1,1.0
Rell,Shen,2,1,0.5
Rell,Singed,3,2,0.6666666666666666
Rell,Sion,8,4,0.5
Rell,Sivir,3,2,0.6666666666666666
Rell,Skarner,2,1,0.5
Rell,Smolder,2,2,1.0
Rell,Sona,4,0,0.0
Rell,Swain,1,0,0.0
Rell,Sylas,9,2,0.2222222222222222
Rell,Syndra,1,1,1.0
Rell,TahmKench,2,1,0.5
Rell,Taliyah,3,0,0.0
Rell,Talon,5,2,0.4
Rell,Teemo,2,1,0.5
Rell,Thresh,1,0,0.0
Rell,Tristana,1,0,0.0
Rell,TwistedFate,7,3,0.42857142857142855
Rell,Udyr,1,0,0.0
Rell,Urgot,1,0,0.0
Rell,Varus,12,7,0.5833333333333334
Rell,Vayne,8,2,0.25
Rell,Veigar,2,1,0.5
Rell,Velkoz,2,1,0.5
Rell,Vex,1,0,0.0
Rell,Vi,6,4,0.6666666666666666
Rell,Viego,7,5,0.7142857142857143
Rell,Viktor,2,1,0.5
Rell,Vladimir,2,1,0.5
Rell,Volibear,1,0,0.0
Rell,Xayah,2,2,1.0
Rell,Xerath,3,1,0.3333333333333333
Rell,XinZhao,4,3,0.75
Rell,Yasuo,10,4,0.4
Rell,Yone,9,4,0.4444444444444444
Rell,Yorick,3,1,0.3333333333333333
Rell,Yunara,16,8,0.5
Rell,Yuumi,2,2,1.0
Rell,Zaahen,5,1,0.2
Rell,Zac,2,2,1.0
Rell,Zed,4,2,0.5
Rell,Zeri,1,1,1.0
Rell,Ziggs,1,1,1.0
Rell,Zoe,3,1,0.3333333333333333
Rell,Zyra,1,0,0.0
Renata,Aatrox,3,2,0.6666666666666666
Renata,Akali,3,1,0.3333333333333333
Renata,Akshan,1,0,0.0
Renata,Alistar,1,0,0.0
Renata,Ambessa,1,0,0.0
Renata,Anivia,1,0,0.0
Renata,Ashe,1,1,1.0
Renata,AurelionSol,1,0,0.0
Renata,Aurora,1,1,1.0
Renata,Belveth,1,1,1.0
Renata,Brand,1,1,1.0
Renata,Caitlyn,1,1,1.0
Renata,Corki,1,0,0.0
Renata,Draven,1,1,1.0
Renata,Ekko,2,0,0.0
Renata,Ezreal,1,1,1.0
Renata,Garen,1,0,0.0
Renata,Gragas,1,0,0.0
Renata,Hecarim,1,1,1.0
Renata,Hwei,1,1,1.0
Renata,Irelia,1,0,0.0
Renata,Jayce,2,2,1.0
Renata,Jhin,1,1,1.0
Renata,Karthus,2,1,0.5
Renata,Katarina,1,1,1.0
Renata,Kayle,1,0,0.0
Renata,Kled,1,0,0.0
Renata,KogMaw,1,1,1.0
Renata,Leblanc,1,1,1.0
Renata,LeeSin,1,1,1.0
Renata,Leona,2,2,1.0
Renata,Lucian,2,0,0.0
Renata,Lulu,1,1,1.0
Renata,MasterYi,1,0,0.0
Renata,Milio,1,0,0.0
Renata,MonkeyKing,1,1,1.0
Renata,Naafiri,2,0,0.0
Renata,Nami,3,1,0.3333333333333333
Renata,Nautilus,4,2,0.5
Renata,Olaf,1,0,0.0
Renata,Ornn,2,1,0.5
Renata,Pantheon,5,2,0.4
Renata,Poppy,4,0,0.0
Renata,Qiyana,1,0,0.0
Renata,Quinn,1,0,0.0
Renata,Rakan,1,0,0.0
Renata,Rell,2,1,0.5
Renata,Rumble,1,0,0.0
Renata,Ryze,2,0,0.0
Renata,Senna,3,0,0.0
Renata,Sett,1,0,0.0
Renata,Sion,1,1,1.0
Renata,Soraka,1,0,0.0
Renata,Sylas,1,0,0.0
Renata,Syndra,1,0,0.0
Renata,Taliyah,3,1,0.3333333333333333
Renata,Tristana,1,0,0.0
Renata,Varus,1,1,1.0
Renata,Vayne,2,1,0.5
Renata,Velkoz,1,1,1.0
Renata,Vex,1,0,0.0
Renata,Vi,1,0,0.0
Renata,Vladimir,1,0,0.0
Renata,XinZhao,1,0,0.0
Renata,Yone,1,1,1.0
Renata,Yorick,1,1,1.0
Renata,Yunara,2,1,0.5
Renata,Ziggs,1,1,1.0
Renata,Zoe,1,0,0.0
Renekton,Aatrox,9,6,0.6666666666666666
Renekton,Ahri,11,4,0.36363636363636365
Renekton,Akali,13,9,0.6923076923076923
Renekton,Akshan,4,2,0.5
Renekton,Alistar,7,1,0.14285714285714285
Renekton,Ambessa,39,26,0.6666666666666666
Renekton,Amumu,2,0,0.0
Renekton,Anivia,20,9,0.45
Renekton,Annie,11,7,0.6363636363636364
Renekton,Ashe,10,3,0.3
Renekton,AurelionSol,4,2,0.5
Renekton,Aurora,11,9,0.8181818181818182
Renekton,Azir,5,1,0.2
Renekton,Bard,16,6,0.375
Renekton,Belveth,1,1,1.0
Renekton,Blitzcrank,4,1,0.25
Renekton,Brand,1,1,1.0
Renekton,Braum,1,1,1.0
Renekton,Briar,1,1,1.0
Renekton,Caitlyn,15,9,0.6
Renekton,Camille,6,5,0.8333333333333334
Renekton,Cassiopeia,5,2,0.4
Renekton,Chogath,1,0,0.0
Renekton,Corki,10,6,0.6
Renekton,Darius,2,1,0.5
Renekton,Diana,3,2,0.6666666666666666
Renekton,DrMundo,2,0,0.0
Renekton,Draven,2,0,0.0
Renekton,Ekko,3,2,0.6666666666666666
Renekton,Elise,5,3,0.6
Renekton,Evelynn,1,0,0.0
Renekton,Ezreal,31,20,0.6451612903225806
Renekton,FiddleSticks,3,2,0.6666666666666666
Renekton,Fiora,8,4,0.5
Renekton,Fizz,3,2,0.6666666666666666
Renekton,Galio,4,2,0.5
Renekton,Gangplank,4,2,0.5
Renekton,Garen,1,0,0.0
Renekton,Gnar,12,7,0.5833333333333334
Renekton,Gragas,2,1,0.5
Renekton,Graves,5,2,0.4
Renekton,Gwen,3,1,0.3333333333333333
Renekton,Hecarim,2,1,0.5
Renekton,Hwei,4,1,0.25
Renekton,Illaoi,1,1,1.0
Renekton,Irelia,10,7,0.7
Renekton,Ivern,4,3,0.75
Renekton,Janna,2,1,0.5
Renekton,JarvanIV,10,4,0.4
Renekton,Jax,8,2,0.25
Renekton,Jayce,16,10,0.625
Renekton,Jhin,12,8,0.6666666666666666
Renekton,Jinx,5,1,0.2
Renekton,KSante,6,2,0.3333333333333333
Renekton,Kaisa,9,8,0.8888888888888888
Renekton,Kalista,2,2,1.0
Renekton,Karma,26,16,0.6153846153846154
Renekton,Karthus,3,1,0.3333333333333333
Renekton,Kassadin,1,1,1.0
Renekton,Kayle,1,0,0.0
Renekton,Kennen,2,0,0.0
Renekton,Khazix,2,1,0.5
Renekton,Kled,1,0,0.0
Renekton,KogMaw,4,2,0.5
Renekton,Leblanc,4,2,0.5
Renekton,LeeSin,11,5,0.45454545454545453
Renekton,Leona,6,5,0.8333333333333334
Renekton,Lillia,2,2,1.0
Renekton,Lissandra,4,3,0.75
Renekton,Lucian,6,3,0.5
Renekton,Lulu,9,4,0.4444444444444444
Renekton,Lux,3,3,1.0
Renekton,Malphite,2,1,0.5
Renekton,Malzahar,1,1,1.0
Renekton,MasterYi,10,7,0.7
Renekton,Mel,9,6,0.6666666666666666
Renekton,Milio,1,0,0.0
Renekton,MissFortune,8,1,0.125
Renekton,MonkeyKing,4,1,0.25
Renekton,Morgana,3,2,0.6666666666666666
Renekton,Naafiri,8,5,0.625
Renekton,Nami,7,3,0.42857142857142855
Renekton,Nasus,2,1,0.5
Renekton,Nautilus,17,7,0.4117647058823529
Renekton,Neeko,12,6,0.5
Renekton,Nidalee,8,1,0.125
Renekton,Nocturne,6,1,0.16666666666666666
Renekton,Nunu,7,2,0.2857142857142857
Renekton,Olaf,1,0,0.0
Renekton,Orianna,13,7,0.5384615384615384
Renekton,Ornn,2,1,0.5
Renekton,Pantheon,15,7,0.4666666666666667
Renekton,Poppy,3,2,0.6666666666666666
Renekton,Pyke,9,7,0.7777777777777778
Renekton,Qiyana,9,6,0.6666666666666666
Renekton,Rakan,9,3,0.3333333333333333
Renekton,RekSai,4,1,0.25
Renekton,Rell,4,3,0.75
Renekton,Rengar,7,5,0.7142857142857143
Renekton,Riven,16,10,0.625
Renekton,Rumble,6,4,0.6666666666666666
Renekton,Ryze,10,6,0.6
Renekton,Samira,1,0,0.0
Renekton,Senna,5,3,0.6
Renekton,Seraphine,9,5,0.5555555555555556
Renekton,Sett,2,2,1.0
Renekton,Shaco,1,0,0.0
Renekton,Shen,6,3,0.5
Renekton,Shyvana,1,1,1.0
Renekton,Singed,1,0,0.0
Renekton,Sion,3,3,1.0
Renekton,Sivir,5,1,0.2
Renekton,Skarner,2,1,0.5
Renekton,Smolder,5,3,0.6
Renekton,Sona,5,3,0.6
Renekton,Soraka,1,1,1.0
Renekton,Swain,3,2,0.6666666666666666
Renekton,Sylas,15,4,0.26666666666666666
Renekton,Syndra,7,5,0.7142857142857143
Renekton,TahmKench,1,0,0.0
Renekton,Taliyah,2,0,0.0
Renekton,Talon,8,4,0.5
Renekton,Taric,2,2,1.0
Renekton,Teemo,4,2,0.5
Renekton,Thresh,4,2,0.5
Renekton,Tristana,6,5,0.8333333333333334
Renekton,TwistedFate,7,4,0.5714285714285714
Renekton,Udyr,3,2,0.6666666666666666
Renekton,Varus,13,9,0.6923076923076923
Renekton,Vayne,12,6,0.5
Renekton,Veigar,3,1,0.3333333333333333
Renekton,Vi,7,3,0.42857142857142855
Renekton,Viego,5,5,1.0
Renekton,Viktor,3,2,0.6666666666666666
Renekton,Vladimir,2,1,0.5
Renekton,Xayah,2,1,0.5
Renekton,Xerath,2,0,0.0
Renekton,XinZhao,12,6,0.5
Renekton,Yasuo,9,4,0.4444444444444444
Renekton,Yone,11,4,0.36363636363636365
Renekton,Yorick,3,1,0.3333333333333333
Renekton,Yunara,11,5,0.45454545454545453
Renekton,Yuumi,2,1,0.5
Renekton,Zaahen,4,1,0.25
Renekton,Zac,1,1,1.0
Renekton,Zed,4,2,0.5
Renekton,Zeri,1,0,0.0
Renekton,Ziggs,3,0,0.0
Renekton,Zoe,5,4,0.8
Renekton,Zyra,1,1,1.0
Rengar,Aatrox,7,4,0.5714285714285714
Rengar,Ahri,7,2,0.2857142857142857
Rengar,Akali,2,1,0.5
Rengar,Akshan,1,0,0.0
Rengar,Alistar,5,3,0.6
Rengar,Ambessa,11,7,0.6363636363636364
Rengar,Amumu,1,1,1.0
Rengar,Anivia,15,10,0.6666666666666666
Rengar,Annie,1,1,1.0
Rengar,Aphelios,1,1,1.0
Rengar,Ashe,2,2,1.0
Rengar,Aurora,8,5,0.625
Rengar,Azir,2,2,1.0
Rengar,Bard,6,4,0.6666666666666666
Rengar,Belveth,3,0,0.0
Rengar,Blitzcrank,2,2,1.0
Rengar,Brand,1,1,1.0
Rengar,Braum,2,1,0.5
Rengar,Caitlyn,6,3,0.5
Rengar,Camille,2,1,0.5
Rengar,Cassiopeia,2,1,0.5
Rengar,Chogath,1,1,1.0
Rengar,Corki,6,3,0.5
Rengar,Darius,3,2,0.6666666666666666
Rengar,Diana,2,0,0.0
Rengar,Draven,1,1,1.0
Rengar,Ekko,5,4,0.8
Rengar,Elise,4,3,0.75
Rengar,Evelynn,2,2,1.0
Rengar,Ezreal,13,9,0.6923076923076923
Rengar,FiddleSticks,4,4,1.0
Rengar,Fiora,2,2,1.0
Rengar,Galio,7,5,0.7142857142857143
Rengar,Gangplank,1,0,0.0
Rengar,Garen,1,0,0.0
Rengar,Gnar,5,4,0.8
Rengar,Gragas,2,2,1.0
Rengar,Graves,7,5,0.7142857142857143
Rengar,Gwen,4,1,0.25
Rengar,Hecarim,3,1,0.3333333333333333
Rengar,Heimerdinger,1,0,0.0
Rengar,Hwei,4,2,0.5
Rengar,Irelia,5,1,0.2
Rengar,Janna,4,4,1.0
Rengar,JarvanIV,9,5,0.5555555555555556
Rengar,Jax,2,1,0.5
Rengar,Jayce,12,8,0.6666666666666666
Rengar,Jhin,11,6,0.5454545454545454
Rengar,Jinx,1,1,1.0
Rengar,KSante,3,3,1.0
Rengar,Kaisa,5,3,0.6
Rengar,Kalista,2,1,0.5
Rengar,Karma,14,8,0.5714285714285714
Rengar,Karthus,3,2,0.6666666666666666
Rengar,Katarina,3,1,0.3333333333333333
Rengar,Kindred,2,2,1.0
Rengar,Kled,1,1,1.0
Rengar,KogMaw,1,1,1.0
Rengar,Leblanc,4,1,0.25
Rengar,LeeSin,14,8,0.5714285714285714
Rengar,Leona,2,1,0.5
Rengar,Lillia,4,4,1.0
Rengar,Lissandra,1,0,0.0
Rengar,Lucian,4,3,0.75
Rengar,Lulu,5,4,0.8
Rengar,Lux,1,0,0.0
Rengar,Malphite,2,1,0.5
Rengar,Malzahar,1,1,1.0
Rengar,MasterYi,1,1,1.0
Rengar,Mel,7,5,0.7142857142857143
Rengar,Milio,3,2,0.6666666666666666
Rengar,MissFortune,5,3,0.6
Rengar,Naafiri,1,1,1.0
Rengar,Nami,4,3,0.75
Rengar,Nasus,1,1,1.0
Rengar,Nautilus,11,2,0.18181818181818182
Rengar,Neeko,2,2,1.0
Rengar,Nidalee,3,1,0.3333333333333333
Rengar,Nocturne,8,3,0.375
Rengar,Nunu,5,0,0.0
Rengar,Olaf,1,1,1.0
Rengar,Orianna,4,4,1.0
Rengar,Ornn,1,1,1.0
Rengar,Pantheon,9,5,0.5555555555555556
Rengar,Poppy,4,2,0.5
Rengar,Pyke,4,3,0.75
Rengar,Qiyana,4,4,1.0
Rengar,Quinn,3,0,0.0
Rengar,Rakan,1,1,1.0
Rengar,RekSai,4,2,0.5
Rengar,Rell,4,2,0.5
Rengar,Renekton,7,2,0.2857142857142857
Rengar,Riven,2,1,0.5
Rengar,Rumble,3,1,0.3333333333333333
Rengar,Ryze,8,6,0.75
Rengar,Samira,1,0,0.0
Rengar,Sejuani,2,0,0.0
Rengar,Senna,3,2,0.6666666666666666
Rengar,Seraphine,3,2,0.6666666666666666
Rengar,Sett,2,0,0.0
Rengar,Shaco,2,1,0.5
Rengar,Shen,4,3,0.75
Rengar,Singed,3,0,0.0
Rengar,Sion,13,9,0.6923076923076923
Rengar,Sivir,4,2,0.5
Rengar,Skarner,1,1,1.0
Rengar,Sona,2,1,0.5
Rengar,Soraka,5,2,0.4
Rengar,Sylas,6,1,0.16666666666666666
Rengar,Syndra,3,3,1.0
Rengar,Taliyah,4,2,0.5
Rengar,Talon,1,0,0.0
Rengar,Taric,1,0,0.0
Rengar,Teemo,1,1,1.0
Rengar,Thresh,2,2,1.0
Rengar,Tristana,3,2,0.6666666666666666
Rengar,TwistedFate,3,1,0.3333333333333333
Rengar,Varus,7,4,0.5714285714285714
Rengar,Vayne,2,2,1.0
Rengar,Vex,1,0,0.0
Rengar,Vi,1,0,0.0
Rengar,Viego,3,3,1.0
Rengar,Viktor,1,1,1.0
Rengar,Vladimir,1,0,0.0
Rengar,Xayah,1,0,0.0
Rengar,Xerath,3,1,0.3333333333333333
Rengar,XinZhao,7,4,0.5714285714285714
Rengar,Yasuo,2,1,0.5
Rengar,Yone,4,3,0.75
Rengar,Yorick,2,1,0.5
Rengar,Yunara,8,4,0.5
Rengar,Yuumi,3,2,0.6666666666666666
Rengar,Zaahen,3,1,0.3333333333333333
Rengar,Zed,3,1,0.3333333333333333
Rengar,Zeri,2,1,0.5
Rengar,Ziggs,4,1,0.25
Rengar,Zoe,1,1,1.0
Rengar,Zyra,1,1,1.0
Riven,Aatrox,12,7,0.5833333333333334
Riven,Ahri,8,6,0.75
Riven,Akali,9,4,0.4444444444444444
Riven,Akshan,2,1,0.5
Riven,Alistar,7,3,0.42857142857142855
Riven,Ambessa,11,7,0.6363636363636364
Riven,Amumu,1,0,0.0
Riven,Anivia,18,9,0.5
Riven,Annie,6,2,0.3333333333333333
Riven,Aphelios,3,1,0.3333333333333333
Riven,Ashe,13,7,0.5384615384615384
Riven,AurelionSol,2,2,1.0
Riven,Aurora,12,3,0.25
Riven,Azir,1,1,1.0
Riven,Bard,14,3,0.21428571428571427
Riven,Belveth,3,1,0.3333333333333333
Riven,Blitzcrank,2,2,1.0
Riven,Braum,5,3,0.6
Riven,Briar,2,2,1.0
Riven,Caitlyn,9,3,0.3333333333333333
Riven,Camille,2,1,0.5
Riven,Cassiopeia,2,1,0.5
Riven,Chogath,3,2,0.6666666666666666
Riven,Corki,7,3,0.42857142857142855
Riven,Darius,5,3,0.6
Riven,Diana,2,0,0.0
Riven,DrMundo,4,2,0.5
Riven,Draven,2,1,0.5
Riven,Ekko,4,3,0.75
Riven,Elise,6,1,0.16666666666666666
Riven,Evelynn,2,1,0.5
Riven,Ezreal,20,7,0.35
Riven,FiddleSticks,4,4,1.0
Riven,Fiora,1,0,0.0
Riven,Fizz,1,1,1.0
Riven,Gangplank,3,1,0.3333333333333333
Riven,Garen,5,3,0.6
Riven,Gnar,8,2,0.25
Riven,Graves,7,5,0.7142857142857143
Riven,Gwen,1,0,0.0
Riven,Hecarim,4,2,0.5
Riven,Hwei,5,2,0.4
Riven,Irelia,2,0,0.0
Riven,Ivern,1,1,1.0
Riven,Janna,2,2,1.0
Riven,JarvanIV,10,4,0.4
Riven,Jax,3,2,0.6666666666666666
Riven,Jayce,12,1,0.08333333333333333
Riven,Jhin,7,2,0.2857142857142857
Riven,Jinx,2,1,0.5
Riven,KSante,7,5,0.7142857142857143
Riven,Kaisa,5,3,0.6
Riven,Kalista,3,2,0.6666666666666666
Riven,Karma,15,5,0.3333333333333333
Riven,Karthus,3,1,0.3333333333333333
Riven,Kassadin,3,2,0.6666666666666666
Riven,Katarina,2,1,0.5
Riven,Kayle,1,0,0.0
Riven,Kayn,3,2,0.6666666666666666
Riven,Kennen,4,1,0.25
Riven,Khazix,2,1,0.5
Riven,Kindred,3,1,0.3333333333333333
Riven,Leblanc,3,2,0.6666666666666666
Riven,LeeSin,19,6,0.3157894736842105
Riven,Leona,2,1,0.5
Riven,Lissandra,4,3,0.75
Riven,Lucian,1,0,0.0
Riven,Lulu,6,4,0.6666666666666666
Riven,Lux,1,0,0.0
Riven,Malphite,1,0,0.0
Riven,Malzahar,2,1,0.5
Riven,Maokai,2,0,0.0
Riven,Mel,8,4,0.5
Riven,Milio,2,1,0.5
Riven,MissFortune,2,0,0.0
Riven,MonkeyKing,1,0,0.0
Riven,Mordekaiser,1,0,0.0
Riven,Morgana,1,0,0.0
Riven,Naafiri,5,1,0.2
Riven,Nami,7,4,0.5714285714285714
Riven,Nasus,3,0,0.0
Riven,Nautilus,13,5,0.38461538461538464
Riven,Neeko,4,0,0.0
Riven,Nidalee,3,2,0.6666666666666666
Riven,Nilah,1,0,0.0
Riven,Nocturne,3,1,0.3333333333333333
Riven,Nunu,6,0,0.0
Riven,Olaf,2,1,0.5
Riven,Orianna,11,6,0.5454545454545454
Riven,Ornn,1,0,0.0
Riven,Pantheon,12,4,0.3333333333333333
Riven,Poppy,6,2,0.3333333333333333
Riven,Pyke,5,3,0.6
Riven,Qiyana,9,3,0.3333333333333333
Riven,Quinn,3,0,0.0
Riven,Rakan,3,1,0.3333333333333333
Riven,RekSai,3,2,0.6666666666666666
Riven,Rell,5,2,0.4
Riven,Renekton,16,6,0.375
Riven,Rengar,2,1,0.5
Riven,Rumble,6,3,0.5
Riven,Ryze,9,3,0.3333333333333333
Riven,Samira,2,2,1.0
Riven,Sejuani,1,0,0.0
Riven,Senna,2,0,0.0
Riven,Seraphine,7,2,0.2857142857142857
Riven,Sett,3,2,0.6666666666666666
Riven,Shen,3,1,0.3333333333333333
Riven,Shyvana,1,1,1.0
Riven,Singed,5,4,0.8
Riven,Sion,2,2,1.0
Riven,Sivir,5,1,0.2
Riven,Skarner,2,0,0.0
Riven,Smolder,2,0,0.0
Riven,Sona,8,3,0.375
Riven,Soraka,3,1,0.3333333333333333
Riven,Swain,5,2,0.4
Riven,Sylas,8,5,0.625
Riven,Syndra,5,0,0.0
Riven,TahmKench,1,0,0.0
Riven,Taliyah,5,0,0.0
Riven,Talon,4,2,0.5
Riven,Taric,2,1,0.5
Riven,Teemo,5,0,0.0
Riven,Thresh,1,1,1.0
Riven,Tristana,5,2,0.4
Riven,Trundle,1,0,0.0
Riven,TwistedFate,4,0,0.0
Riven,Twitch,1,1,1.0
Riven,Udyr,4,1,0.25
Riven,Urgot,1,1,1.0
Riven,Varus,8,2,0.25
Riven,Vayne,11,5,0.45454545454545453
Riven,Veigar,4,2,0.5
Riven,Velkoz,1,1,1.0
Riven,Vi,8,1,0.125
Riven,Viego,2,0,0.0
Riven,Viktor,3,1,0.3333333333333333
Riven,Vladimir,6,1,0.16666666666666666
Riven,Xayah,2,1,0.5
Riven,Xerath,1,1,1.0
Riven,XinZhao,5,4,0.8
Riven,Yasuo,4,1,0.25
Riven,Yone,9,4,0.4444444444444444
Riven,Yorick,1,1,1.0
Riven,Yunara,9,3,0.3333333333333333
Riven,Yuumi,3,3,1.0
Riven,Zaahen,9,3,0.3333333333333333
Riven,Zac,1,0,0.0
Riven,Zed,2,0,0.0
Riven,Zeri,3,2,0.6666666666666666
Riven,Ziggs,3,1,0.3333333333333333
Riven,Zilean,3,1,0.3333333333333333
Riven,Zoe,3,1,0.3333333333333333
Riven,Zyra,4,0,0.0
Rumble,Aatrox,7,2,0.2857142857142857
Rumble,Ahri,13,7,0.5384615384615384
Rumble,Akali,11,5,0.45454545454545453
Rumble,Akshan,1,0,0.0
Rumble,Alistar,5,2,0.4
Rumble,Ambessa,33,16,0.48484848484848486
Rumble,Amumu,1,1,1.0
Rumble,Anivia,35,20,0.5714285714285714
Rumble,Annie,7,5,0.7142857142857143
Rumble,Aphelios,3,2,0.6666666666666666
Rumble,Ashe,12,7,0.5833333333333334
Rumble,AurelionSol,3,1,0.3333333333333333
Rumble,Aurora,24,13,0.5416666666666666
Rumble,Azir,8,6,0.75
Rumble,Bard,17,5,0.29411764705882354
Rumble,Belveth,2,1,0.5
Rumble,Blitzcrank,2,0,0.0
Rumble,Brand,1,0,0.0
Rumble,Braum,3,1,0.3333333333333333
Rumble,Briar,1,0,0.0
Rumble,Caitlyn,13,6,0.46153846153846156
Rumble,Camille,4,3,0.75
Rumble,Cassiopeia,7,3,0.42857142857142855
Rumble,Corki,8,4,0.5
Rumble,Darius,5,2,0.4
Rumble,Diana,4,3,0.75
Rumble,DrMundo,3,1,0.3333333333333333
Rumble,Draven,4,4,1.0
Rumble,Ekko,2,1,0.5
Rumble,Elise,9,4,0.4444444444444444
Rumble,Evelynn,1,1,1.0
Rumble,Ezreal,46,19,0.41304347826086957
Rumble,FiddleSticks,3,1,0.3333333333333333
Rumble,Fiora,1,1,1.0
Rumble,Fizz,1,1,1.0
Rumble,Galio,7,2,0.2857142857142857
Rumble,Gangplank,4,4,1.0
Rumble,Garen,3,2,0.6666666666666666
Rumble,Gnar,9,5,0.5555555555555556
Rumble,Gragas,3,2,0.6666666666666666
Rumble,Graves,9,2,0.2222222222222222
Rumble,Gwen,2,0,0.0
Rumble,Hecarim,3,1,0.3333333333333333
Rumble,Hwei,8,5,0.625
Rumble,Illaoi,1,0,0.0
Rumble,Irelia,10,2,0.2
Rumble,Ivern,2,1,0.5
Rumble,Janna,5,1,0.2
Rumble,JarvanIV,19,5,0.2631578947368421
Rumble,Jax,9,1,0.1111111111111111
Rumble,Jayce,23,11,0.4782608695652174
Rumble,Jhin,22,9,0.4090909090909091
Rumble,Jinx,4,3,0.75
Rumble,KSante,16,8,0.5
Rumble,Kaisa,8,2,0.25
Rumble,Kalista,1,1,1.0
Rumble,Karma,24,14,0.5833333333333334
Rumble,Karthus,5,3,0.6
Rumble,Kassadin,3,2,0.6666666666666666
Rumble,Katarina,6,2,0.3333333333333333
Rumble,Kayn,2,1,0.5
Rumble,Kennen,2,0,0.0
Rumble,Khazix,3,1,0.3333333333333333
Rumble,Kindred,4,1,0.25
Rumble,KogMaw,1,0,0.0
Rumble,Leblanc,6,1,0.16666666666666666
Rumble,LeeSin,20,13,0.65
Rumble,Leona,9,6,0.6666666666666666
Rumble,Lillia,4,0,0.0
Rumble,Lissandra,5,2,0.4
Rumble,Lucian,10,5,0.5
Rumble,Lulu,6,1,0.16666666666666666
Rumble,Lux,2,0,0.0
Rumble,Malphite,5,3,0.6
Rumble,Malzahar,1,0,0.0
Rumble,Maokai,1,0,0.0
Rumble,MasterYi,2,1,0.5
Rumble,Mel,8,5,0.625
Rumble,Milio,1,0,0.0
Rumble,MissFortune,7,4,0.5714285714285714
Rumble,MonkeyKing,3,1,0.3333333333333333
Rumble,Naafiri,10,4,0.4
Rumble,Nami,16,7,0.4375
Rumble,Nautilus,20,8,0.4
Rumble,Neeko,10,5,0.5
Rumble,Nidalee,8,3,0.375
Rumble,Nocturne,8,2,0.25
Rumble,Nunu,3,0,0.0
Rumble,Olaf,3,0,0.0
Rumble,Orianna,14,6,0.42857142857142855
Rumble,Ornn,7,1,0.14285714285714285
Rumble,Pantheon,10,3,0.3
Rumble,Poppy,6,1,0.16666666666666666
Rumble,Pyke,9,7,0.7777777777777778
Rumble,Qiyana,6,3,0.5
Rumble,Quinn,4,2,0.5
Rumble,Rakan,6,3,0.5
Rumble,Rammus,1,0,0.0
Rumble,RekSai,3,2,0.6666666666666666
Rumble,Rell,1,0,0.0
Rumble,Renata,1,1,1.0
Rumble,Renekton,6,2,0.3333333333333333
Rumble,Rengar,3,2,0.6666666666666666
Rumble,Riven,6,3,0.5
Rumble,Ryze,18,5,0.2777777777777778
Rumble,Sejuani,2,1,0.5
Rumble,Senna,7,3,0.42857142857142855
Rumble,Seraphine,8,5,0.625
Rumble,Sett,2,1,0.5
Rumble,Shen,5,3,0.6
Rumble,Shyvana,1,0,0.0
Rumble,Singed,5,2,0.4
Rumble,Sion,9,4,0.4444444444444444
Rumble,Sivir,3,3,1.0
Rumble,Skarner,8,4,0.5
Rumble,Smolder,2,0,0.0
Rumble,Sona,4,2,0.5
Rumble,Soraka,3,0,0.0
Rumble,Swain,2,1,0.5
Rumble,Sylas,12,5,0.4166666666666667
Rumble,Syndra,4,0,0.0
Rumble,Taliyah,5,3,0.6
Rumble,Talon,5,5,1.0
Rumble,Teemo,3,1,0.3333333333333333
Rumble,Thresh,5,5,1.0
Rumble,Tristana,1,1,1.0
Rumble,Trundle,1,0,0.0
Rumble,Tryndamere,1,0,0.0
Rumble,TwistedFate,6,1,0.16666666666666666
Rumble,Twitch,1,1,1.0
Rumble,Udyr,2,1,0.5
Rumble,Urgot,1,0,0.0
Rumble,Varus,23,8,0.34782608695652173
Rumble,Vayne,9,3,0.3333333333333333
Rumble,Veigar,1,0,0.0
Rumble,Velkoz,2,1,0.5
Rumble,Vex,4,1,0.25
Rumble,Vi,4,2,0.5
Rumble,Viego,8,3,0.375
Rumble,Viktor,9,4,0.4444444444444444
Rumble,Vladimir,2,1,0.5
Rumble,Volibear,1,0,0.0
Rumble,Xayah,2,0,0.0
Rumble,Xerath,4,1,0.25
Rumble,XinZhao,9,5,0.5555555555555556
Rumble,Yasuo,10,8,0.8
Rumble,Yone,6,1,0.16666666666666666
Rumble,Yorick,2,1,0.5
Rumble,Yunara,15,4,0.26666666666666666
Rumble,Yuumi,1,1,1.0
Rumble,Zaahen,9,4,0.4444444444444444
Rumble,Zac,2,2,1.0
Rumble,Zed,1,0,0.0
Rumble,Zeri,3,1,0.3333333333333333
Rumble,Ziggs,3,2,0.6666666666666666
Rumble,Zilean,6,0,0.0
Rumble,Zoe,11,6,0.5454545454545454
Rumble,Zyra,3,3,1.0
Ryze,Aatrox,26,11,0.4230769230769231
Ryze,Ahri,26,14,0.5384615384615384
Ryze,Akali,18,7,0.3888888888888889
Ryze,Akshan,5,2,0.4
Ryze,Alistar,13,4,0.3076923076923077
Ryze,Ambessa,42,19,0.4523809523809524
Ryze,Amumu,2,1,0.5
Ryze,Anivia,68,28,0.4117647058823529
Ryze,Annie,12,5,0.4166666666666667
Ryze,Aphelios,5,2,0.4
Ryze,Ashe,28,10,0.35714285714285715
Ryze,AurelionSol,3,0,0.0
Ryze,Aurora,36,12,0.3333333333333333
Ryze,Azir,14,9,0.6428571428571429
Ryze,Bard,51,17,0.3333333333333333
Ryze,Belveth,5,2,0.4
Ryze,Blitzcrank,3,2,0.6666666666666666
Ryze,Brand,1,0,0.0
Ryze,Braum,5,2,0.4
Ryze,Briar,2,1,0.5
Ryze,Caitlyn,42,22,0.5238095238095238
Ryze,Camille,12,5,0.4166666666666667
Ryze,Cassiopeia,12,5,0.4166666666666667
Ryze,Chogath,2,1,0.5
Ryze,Corki,23,14,0.6086956521739131
Ryze,Darius,6,1,0.16666666666666666
Ryze,Diana,7,4,0.5714285714285714
Ryze,DrMundo,5,2,0.4
Ryze,Draven,2,1,0.5
Ryze,Ekko,16,9,0.5625
Ryze,Elise,7,3,0.42857142857142855
Ryze,Evelynn,3,2,0.6666666666666666
Ryze,Ezreal,56,29,0.5178571428571429
Ryze,FiddleSticks,2,1,0.5
Ryze,Fiora,5,3,0.6
Ryze,Fizz,3,2,0.6666666666666666
Ryze,Galio,4,3,0.75
Ryze,Gangplank,4,3,0.75
Ryze,Garen,3,2,0.6666666666666666
Ryze,Gnar,17,9,0.5294117647058824
Ryze,Gragas,4,3,0.75
Ryze,Graves,21,10,0.47619047619047616
Ryze,Gwen,5,3,0.6
Ryze,Hecarim,4,3,0.75
Ryze,Heimerdinger,2,0,0.0
Ryze,Hwei,7,3,0.42857142857142855
Ryze,Irelia,10,5,0.5
Ryze,Ivern,5,1,0.2
Ryze,Janna,5,5,1.0
Ryze,JarvanIV,21,10,0.47619047619047616
Ryze,Jax,5,2,0.4
Ryze,Jayce,58,23,0.39655172413793105
Ryze,Jhin,32,10,0.3125
Ryze,Jinx,6,4,0.6666666666666666
Ryze,KSante,13,2,0.15384615384615385
Ryze,Kaisa,12,6,0.5
Ryze,Kalista,6,2,0.3333333333333333
Ryze,Karma,36,18,0.5
Ryze,Karthus,12,5,0.4166666666666667
Ryze,Kassadin,3,2,0.6666666666666666
Ryze,Katarina,5,5,1.0
Ryze,Kayle,2,1,0.5
Ryze,Kayn,3,1,0.3333333333333333
Ryze,Kennen,5,4,0.8
Ryze,Khazix,3,3,1.0
Ryze,Kindred,5,0,0.0
Ryze,Kled,2,1,0.5
Ryze,KogMaw,2,0,0.0
Ryze,Leblanc,11,6,0.5454545454545454
Ryze,LeeSin,44,18,0.4090909090909091
Ryze,Leona,12,4,0.3333333333333333
Ryze,Lillia,4,3,0.75
Ryze,Lissandra,8,4,0.5
Ryze,Lucian,17,11,0.6470588235294118
Ryze,Lulu,24,12,0.5
Ryze,Lux,12,8,0.6666666666666666
Ryze,Malphite,3,2,0.6666666666666666
Ryze,Malzahar,2,1,0.5
Ryze,Maokai,2,0,0.0
Ryze,MasterYi,4,2,0.5
Ryze,Mel,18,6,0.3333333333333333
Ryze,Milio,3,0,0.0
Ryze,MissFortune,8,3,0.375
Ryze,MonkeyKing,3,3,1.0
Ryze,Mordekaiser,1,0,0.0
Ryze,Naafiri,15,7,0.4666666666666667
Ryze,Nami,16,11,0.6875
Ryze,Nasus,3,3,1.0
Ryze,Nautilus,29,8,0.27586206896551724
Ryze,Neeko,18,12,0.6666666666666666
Ryze,Nidalee,12,3,0.25
Ryze,Nocturne,17,11,0.6470588235294118
Ryze,Nunu,1,0,0.0
Ryze,Olaf,1,1,1.0
Ryze,Orianna,33,14,0.42424242424242425
Ryze,Ornn,8,5,0.625
Ryze,Pantheon,28,11,0.39285714285714285
Ryze,Poppy,9,6,0.6666666666666666
Ryze,Pyke,20,7,0.35
Ryze,Qiyana,14,3,0.21428571428571427
Ryze,Quinn,3,1,0.3333333333333333
Ryze,Rakan,9,4,0.4444444444444444
Ryze,RekSai,2,0,0.0
Ryze,Rell,8,4,0.5
Ryze,Renata,2,2,1.0
Ryze,Renekton,10,4,0.4
Ryze,Rengar,8,2,0.25
Ryze,Riven,9,6,0.6666666666666666
Ryze,Rumble,18,13,0.7222222222222222
Ryze,Samira,1,0,0.0
Ryze,Sejuani,3,1,0.3333333333333333
Ryze,Senna,17,6,0.35294117647058826
Ryze,Seraphine,19,8,0.42105263157894735
Ryze,Sett,2,1,0.5
Ryze,Shaco,2,0,0.0
Ryze,Shen,6,4,0.6666666666666666
Ryze,Shyvana,3,0,0.0
Ryze,Singed,5,2,0.4
Ryze,Sion,22,9,0.4090909090909091
Ryze,Sivir,9,4,0.4444444444444444
Ryze,Skarner,9,3,0.3333333333333333
Ryze,Smolder,4,1,0.25
Ryze,Sona,7,2,0.2857142857142857
Ryze,Soraka,4,1,0.25
Ryze,Swain,6,3,0.5
Ryze,Sylas,22,12,0.5454545454545454
Ryze,Syndra,5,2,0.4
Ryze,TahmKench,1,0,0.0
Ryze,Taliyah,17,9,0.5294117647058824
Ryze,Talon,7,4,0.5714285714285714
Ryze,Taric,1,1,1.0
Ryze,Teemo,9,4,0.4444444444444444
Ryze,Thresh,7,5,0.7142857142857143
Ryze,Tristana,7,3,0.42857142857142855
Ryze,Trundle,2,2,1.0
Ryze,Tryndamere,1,1,1.0
Ryze,TwistedFate,13,5,0.38461538461538464
Ryze,Udyr,7,5,0.7142857142857143
Ryze,Varus,32,16,0.5
Ryze,Vayne,24,13,0.5416666666666666
Ryze,Veigar,2,1,0.5
Ryze,Velkoz,4,4,1.0
Ryze,Vex,2,1,0.5
Ryze,Vi,23,8,0.34782608695652173
Ryze,Viego,9,4,0.4444444444444444
Ryze,Viktor,5,3,0.6
Ryze,Vladimir,12,6,0.5
Ryze,Xerath,6,2,0.3333333333333333
Ryze,XinZhao,24,11,0.4583333333333333
Ryze,Yasuo,17,8,0.47058823529411764
Ryze,Yone,19,11,0.5789473684210527
Ryze,Yorick,8,5,0.625
Ryze,Yunara,29,13,0.4482758620689655
Ryze,Yuumi,1,0,0.0
Ryze,Zaahen,9,6,0.6666666666666666
Ryze,Zed,16,4,0.25
Ryze,Zeri,2,0,0.0
Ryze,Ziggs,7,4,0.5714285714285714
Ryze,Zilean,3,0,0.0
Ryze,Zoe,8,4,0.5
Ryze,Zyra,11,6,0.5454545454545454
Samira,Aatrox,1,1,1.0
Samira,Alistar,2,0,0.0
Samira,Ambessa,3,1,0.3333333333333333
Samira,Annie,1,1,1.0
Samira,Aphelios,1,0,0.0
Samira,AurelionSol,1,0,0.0
Samira,Aurora,3,1,0.3333333333333333
Samira,Azir,1,1,1.0
Samira,Bard,2,0,0.0
Samira,Braum,1,0,0.0
Samira,Briar,1,1,1.0
Samira,Caitlyn,1,1,1.0
Samira,Cassiopeia,2,2,1.0
Samira,Corki,2,1,0.5
Samira,Darius,1,0,0.0
Samira,Ekko,1,0,0.0
Samira,Ezreal,3,1,0.3333333333333333
Samira,Fiora,1,1,1.0
Samira,Fizz,1,0,0.0
Samira,Galio,1,0,0.0
Samira,Gragas,1,1,1.0
Samira,Hwei,1,1,1.0
Samira,Irelia,1,0,0.0
Samira,Jax,1,0,0.0
Samira,Jayce,4,1,0.25
Samira,Jinx,1,0,0.0
Samira,Karma,1,0,0.0
Samira,Karthus,1,1,1.0
Samira,Katarina,1,0,0.0
Samira,Kindred,1,1,1.0
Samira,LeeSin,1,1,1.0
Samira,Leona,2,1,0.5
Samira,Lucian,1,0,0.0
Samira,Lux,1,0,0.0
Samira,MasterYi,1,0,0.0
Samira,MonkeyKing,1,1,1.0
Samira,Nami,1,1,1.0
Samira,Neeko,2,2,1.0
Samira,Nidalee,2,0,0.0
Samira,Nilah,2,1,0.5
Samira,Orianna,1,1,1.0
Samira,Ornn,1,0,0.0
Samira,Pantheon,2,1,0.5
Samira,Pyke,2,2,1.0
Samira,Rakan,1,0,0.0
Samira,Rammus,1,0,0.0
Samira,Renekton,1,1,1.0
Samira,Rengar,1,1,1.0
Samira,Riven,2,0,0.0
Samira,Ryze,1,1,1.0
Samira,Seraphine,2,1,0.5
Samira,Shaco,1,0,0.0
Samira,Shen,1,0,0.0
Samira,Sivir,2,1,0.5
Samira,Smolder,1,0,0.0
Samira,Sona,2,2,1.0
Samira,Soraka,1,1,1.0
Samira,Swain,1,1,1.0
Samira,Sylas,2,0,0.0
Samira,Taliyah,2,0,0.0
Samira,Teemo,2,1,0.5
Samira,Thresh,1,0,0.0
Samira,TwistedFate,1,1,1.0
Samira,Urgot,1,1,1.0
Samira,Varus,1,1,1.0
Samira,Vayne,1,1,1.0
Samira,Veigar,2,1,0.5
Samira,Vi,2,1,0.5
Samira,Xayah,1,1,1.0
Samira,Yorick,1,0,0.0
Samira,Yunara,3,1,0.3333333333333333
Samira,Yuumi,2,1,0.5
Samira,Zaahen,3,1,0.3333333333333333
Samira,Zed,1,1,1.0
Samira,Zeri,1,0,0.0
Samira,Zoe,1,1,1.0
Samira,Zyra,1,0,0.0
Sejuani,Aatrox,2,1,0.5
Sejuani,Ahri,3,1,0.3333333333333333
Sejuani,Akali,4,2,0.5
Sejuani,Ambessa,4,2,0.5
Sejuani,Anivia,5,3,0.6
Sejuani,Aphelios,1,0,0.0
Sejuani,Ashe,1,1,1.0
Sejuani,AurelionSol,1,1,1.0
Sejuani,Aurora,2,0,0.0
Sejuani,Azir,1,0,0.0
Sejuani,Bard,1,1,1.0
Sejuani,Belveth,1,0,0.0
Sejuani,Braum,1,1,1.0
Sejuani,Caitlyn,2,1,0.5
Sejuani,Cassiopeia,1,1,1.0
Sejuani,Corki,1,1,1.0
Sejuani,Diana,2,2,1.0
Sejuani,DrMundo,1,1,1.0
Sejuani,Elise,2,0,0.0
Sejuani,Ezreal,2,1,0.5
Sejuani,FiddleSticks,1,0,0.0
Sejuani,Garen,1,1,1.0
Sejuani,Graves,1,0,0.0
Sejuani,Hwei,4,1,0.25
Sejuani,Illaoi,1,1,1.0
Sejuani,Irelia,1,1,1.0
Sejuani,JarvanIV,3,2,0.6666666666666666
Sejuani,Jayce,3,1,0.3333333333333333
Sejuani,Jhin,3,1,0.3333333333333333
Sejuani,Jinx,2,0,0.0
Sejuani,Kaisa,2,0,0.0
Sejuani,Kennen,2,1,0.5
Sejuani,Kindred,1,0,0.0
Sejuani,Kled,1,0,0.0
Sejuani,Leblanc,1,0,0.0
Sejuani,LeeSin,3,1,0.3333333333333333
Sejuani,Leona,1,1,1.0
Sejuani,Lissandra,1,0,0.0
Sejuani,Lucian,2,2,1.0
Sejuani,Lulu,4,1,0.25
Sejuani,Lux,1,0,0.0
Sejuani,Malphite,1,0,0.0
Sejuani,MasterYi,1,0,0.0
Sejuani,Mel,2,2,1.0
Sejuani,Milio,1,0,0.0
Sejuani,MissFortune,1,1,1.0
Sejuani,MonkeyKing,1,0,0.0
Sejuani,Naafiri,1,1,1.0
Sejuani,Nami,2,2,1.0
Sejuani,Nautilus,6,3,0.5
Sejuani,Neeko,4,1,0.25
Sejuani,Nilah,1,0,0.0
Sejuani,Nocturne,2,0,0.0
Sejuani,Nunu,2,2,1.0
Sejuani,Olaf,2,2,1.0
Sejuani,Orianna,1,0,0.0
Sejuani,Pantheon,5,3,0.6
Sejuani,Poppy,1,1,1.0
Sejuani,Pyke,3,3,1.0
Sejuani,Qiyana,2,1,0.5
Sejuani,Rakan,2,2,1.0
Sejuani,RekSai,2,0,0.0
Sejuani,Rengar,2,2,1.0
Sejuani,Riven,1,1,1.0
Sejuani,Rumble,2,1,0.5
Sejuani,Ryze,3,2,0.6666666666666666
Sejuani,Senna,2,1,0.5
Sejuani,Seraphine,1,1,1.0
Sejuani,Shen,2,2,1.0
Sejuani,Sion,3,2,0.6666666666666666
Sejuani,Sivir,1,1,1.0
Sejuani,Skarner,2,2,1.0
Sejuani,Sona,1,1,1.0
Sejuani,Soraka,1,0,0.0
Sejuani,Sylas,2,1,0.5
Sejuani,Taliyah,2,1,0.5
Sejuani,Talon,1,1,1.0
Sejuani,Tristana,1,0,0.0
Sejuani,Tryndamere,1,0,0.0
Sejuani,TwistedFate,1,0,0.0
Sejuani,Varus,3,3,1.0
Sejuani,Vayne,2,0,0.0
Sejuani,Vex,1,1,1.0
Sejuani,Viego,1,1,1.0
Sejuani,Viktor,3,3,1.0
Sejuani,XinZhao,4,2,0.5
Sejuani,Yasuo,1,0,0.0
Sejuani,Yunara,5,3,0.6
Sejuani,Ziggs,1,0,0.0
Senna,Aatrox,10,5,0.5
Senna,Ahri,17,8,0.47058823529411764
Senna,Akali,12,8,0.6666666666666666
Senna,Akshan,4,3,0.75
Senna,Alistar,10,6,0.6
Senna,Ambessa,23,12,0.5217391304347826
Senna,Amumu,2,1,0.5
Senna,Anivia,24,9,0.375
Senna,Annie,4,2,0.5
Senna,Ashe,14,8,0.5714285714285714
Senna,AurelionSol,4,2,0.5
Senna,Aurora,8,4,0.5
Senna,Azir,4,2,0.5
Senna,Bard,19,9,0.47368421052631576
Senna,Belveth,2,1,0.5
Senna,Blitzcrank,4,2,0.5
Senna,Brand,2,1,0.5
Senna,Braum,7,4,0.5714285714285714
Senna,Caitlyn,12,8,0.6666666666666666
Senna,Camille,3,1,0.3333333333333333
Senna,Cassiopeia,4,4,1.0
Senna,Chogath,2,2,1.0
Senna,Corki,8,7,0.875
Senna,Darius,4,1,0.25
Senna,Diana,3,2,0.6666666666666666
Senna,DrMundo,6,3,0.5
Senna,Draven,4,2,0.5
Senna,Ekko,10,5,0.5
Senna,Elise,2,0,0.0
Senna,Evelynn,3,2,0.6666666666666666
Senna,Ezreal,32,15,0.46875
Senna,FiddleSticks,4,1,0.25
Senna,Fiora,1,1,1.0
Senna,Fizz,3,3,1.0
Senna,Galio,7,3,0.42857142857142855
Senna,Gangplank,4,2,0.5
Senna,Garen,3,0,0.0
Senna,Gnar,13,8,0.6153846153846154
Senna,Gragas,4,4,1.0
Senna,Graves,10,6,0.6
Senna,Gwen,1,1,1.0
Senna,Hecarim,3,2,0.6666666666666666
Senna,Heimerdinger,4,1,0.25
Senna,Hwei,6,3,0.5
Senna,Illaoi,2,1,0.5
Senna,Irelia,7,1,0.14285714285714285
Senna,Ivern,2,1,0.5
Senna,Janna,2,1,0.5
Senna,JarvanIV,22,9,0.4090909090909091
Senna,Jax,4,1,0.25
Senna,Jayce,29,16,0.5517241379310345
Senna,Jhin,13,5,0.38461538461538464
Senna,Jinx,6,2,0.3333333333333333
Senna,KSante,7,5,0.7142857142857143
Senna,Kaisa,13,7,0.5384615384615384
Senna,Kalista,4,4,1.0
Senna,Karma,19,9,0.47368421052631576
Senna,Karthus,7,5,0.7142857142857143
Senna,Katarina,2,1,0.5
Senna,Kayle,2,0,0.0
Senna,Kayn,4,2,0.5
Senna,Kennen,2,0,0.0
Senna,Khazix,5,2,0.4
Senna,Kindred,6,4,0.6666666666666666
Senna,Kled,3,2,0.6666666666666666
Senna,Leblanc,10,5,0.5
Senna,LeeSin,22,10,0.45454545454545453
Senna,Leona,5,4,0.8
Senna,Lillia,3,2,0.6666666666666666
Senna,Lissandra,5,3,0.6
Senna,Lucian,18,8,0.4444444444444444
Senna,Lulu,8,5,0.625
Senna,Lux,5,2,0.4
Senna,Malphite,8,2,0.25
Senna,Malzahar,1,1,1.0
Senna,Maokai,2,1,0.5
Senna,MasterYi,2,1,0.5
Senna,Mel,10,5,0.5
Senna,Milio,6,1,0.16666666666666666
Senna,MissFortune,4,1,0.25
Senna,MonkeyKing,2,1,0.5
Senna,Morgana,4,2,0.5
Senna,Naafiri,5,2,0.4
Senna,Nami,18,10,0.5555555555555556
Senna,Nasus,2,0,0.0
Senna,Nautilus,15,10,0.6666666666666666
Senna,Neeko,3,3,1.0
Senna,Nidalee,5,2,0.4
Senna,Nilah,1,0,0.0
Senna,Nocturne,6,3,0.5
Senna,Olaf,2,0,0.0
Senna,Orianna,13,7,0.5384615384615384
Senna,Ornn,5,1,0.2
Senna,Pantheon,18,9,0.5
Senna,Poppy,1,0,0.0
Senna,Pyke,9,4,0.4444444444444444
Senna,Qiyana,8,5,0.625
Senna,Quinn,3,0,0.0
Senna,Rakan,7,2,0.2857142857142857
Senna,RekSai,3,1,0.3333333333333333
Senna,Rell,3,1,0.3333333333333333
Senna,Renata,3,3,1.0
Senna,Renekton,5,2,0.4
Senna,Rengar,3,1,0.3333333333333333
Senna,Riven,2,2,1.0
Senna,Rumble,7,4,0.5714285714285714
Senna,Ryze,17,11,0.6470588235294118
Senna,Sejuani,2,1,0.5
Senna,Seraphine,5,4,0.8
Senna,Sett,2,1,0.5
Senna,Shen,4,3,0.75
Senna,Shyvana,2,2,1.0
Senna,Singed,3,3,1.0
Senna,Sion,9,4,0.4444444444444444
Senna,Sivir,3,1,0.3333333333333333
Senna,Skarner,4,4,1.0
Senna,Smolder,2,2,1.0
Senna,Sona,6,3,0.5
Senna,Soraka,8,2,0.25
Senna,Swain,5,2,0.4
Senna,Sylas,13,7,0.5384615384615384
Senna,Syndra,4,2,0.5
Senna,Taliyah,6,3,0.5
Senna,Talon,8,5,0.625
Senna,Taric,2,0,0.0
Senna,Teemo,2,0,0.0
Senna,Thresh,5,4,0.8
Senna,Tristana,8,3,0.375
Senna,Tryndamere,2,0,0.0
Senna,TwistedFate,4,1,0.25
Senna,Twitch,2,1,0.5
Senna,Udyr,2,2,1.0
Senna,Urgot,4,4,1.0
Senna,Varus,14,9,0.6428571428571429
Senna,Vayne,15,9,0.6
Senna,Veigar,3,2,0.6666666666666666
Senna,Velkoz,2,2,1.0
Senna,Vi,5,2,0.4
Senna,Viego,8,3,0.375
Senna,Viktor,2,1,0.5
Senna,Vladimir,4,3,0.75
Senna,Volibear,1,0,0.0
Senna,Warwick,1,1,1.0
Senna,Xayah,2,0,0.0
Senna,Xerath,4,1,0.25
Senna,XinZhao,10,4,0.4
Senna,Yasuo,14,9,0.6428571428571429
Senna,Yone,7,4,0.5714285714285714
Senna,Yorick,5,5,1.0
Senna,Yunara,18,9,0.5
Senna,Yuumi,4,2,0.5
Senna,Zaahen,7,2,0.2857142857142857
Senna,Zac,2,0,0.0
Senna,Zed,5,1,0.2
Senna,Zeri,2,2,1.0
Senna,Ziggs,1,0,0.0
Senna,Zilean,4,1,0.25
Senna,Zoe,8,3,0.375
Senna,Zyra,4,2,0.5
Seraphine,Aatrox,14,9,0.6428571428571429
Seraphine,Ahri,13,9,0.6923076923076923
Seraphine,Akali,7,3,0.42857142857142855
Seraphine,Akshan,5,3,0.6
Seraphine,Alistar,2,2,1.0
Seraphine,Ambessa,18,11,0.6111111111111112
Seraphine,Amumu,1,1,1.0
Seraphine,Anivia,25,16,0.64
Seraphine,Annie,12,4,0.3333333333333333
Seraphine,Aphelios,3,2,0.6666666666666666
Seraphine,Ashe,23,17,0.7391304347826086
Seraphine,AurelionSol,4,2,0.5
Seraphine,Aurora,16,8,0.5
Seraphine,Azir,5,4,0.8
Seraphine,Bard,35,16,0.45714285714285713
Seraphine,Belveth,2,1,0.5
Seraphine,Blitzcrank,1,1,1.0
Seraphine,Brand,1,1,1.0
Seraphine,Braum,3,3,1.0
Seraphine,Briar,4,3,0.75
Seraphine,Caitlyn,21,11,0.5238095238095238
Seraphine,Camille,3,2,0.6666666666666666
Seraphine,Cassiopeia,3,1,0.3333333333333333
Seraphine,Chogath,2,1,0.5
Seraphine,Corki,8,7,0.875
Seraphine,Darius,4,2,0.5
Seraphine,Diana,2,2,1.0
Seraphine,DrMundo,4,3,0.75
Seraphine,Draven,2,0,0.0
Seraphine,Ekko,9,5,0.5555555555555556
Seraphine,Elise,5,2,0.4
Seraphine,Evelynn,5,5,1.0
Seraphine,Ezreal,39,19,0.48717948717948717
Seraphine,FiddleSticks,3,2,0.6666666666666666
Seraphine,Fiora,2,2,1.0
Seraphine,Fizz,1,1,1.0
Seraphine,Galio,4,2,0.5
Seraphine,Gangplank,5,2,0.4
Seraphine,Garen,1,1,1.0
Seraphine,Gnar,11,7,0.6363636363636364
Seraphine,Gragas,3,3,1.0
Seraphine,Graves,6,3,0.5
Seraphine,Gwen,3,0,0.0
Seraphine,Hecarim,8,6,0.75
Seraphine,Hwei,7,3,0.42857142857142855
Seraphine,Irelia,15,10,0.6666666666666666
Seraphine,Ivern,2,1,0.5
Seraphine,Janna,3,2,0.6666666666666666
Seraphine,JarvanIV,17,4,0.23529411764705882
Seraphine,Jax,9,4,0.4444444444444444
Seraphine,Jayce,22,9,0.4090909090909091
Seraphine,Jhin,23,14,0.6086956521739131
Seraphine,Jinx,2,0,0.0
Seraphine,KSante,5,3,0.6
Seraphine,Kaisa,7,4,0.5714285714285714
Seraphine,Kalista,3,2,0.6666666666666666
Seraphine,Karma,28,13,0.4642857142857143
Seraphine,Karthus,5,5,1.0
Seraphine,Kassadin,1,1,1.0
Seraphine,Katarina,6,2,0.3333333333333333
Seraphine,Kayle,1,0,0.0
Seraphine,Kayn,2,2,1.0
Seraphine,Kennen,2,2,1.0
Seraphine,Khazix,4,3,0.75
Seraphine,Kindred,2,1,0.5
Seraphine,KogMaw,5,4,0.8
Seraphine,Leblanc,6,3,0.5
Seraphine,LeeSin,20,10,0.5
Seraphine,Leona,3,1,0.3333333333333333
Seraphine,Lillia,5,4,0.8
Seraphine,Lissandra,6,2,0.3333333333333333
Seraphine,Lucian,16,9,0.5625
Seraphine,Lulu,15,8,0.5333333333333333
Seraphine,Lux,1,0,0.0
Seraphine,Malphite,7,6,0.8571428571428571
Seraphine,Malzahar,1,1,1.0
Seraphine,MasterYi,1,0,0.0
Seraphine,Mel,17,10,0.5882352941176471
Seraphine,Milio,6,4,0.6666666666666666
Seraphine,MissFortune,2,1,0.5
Seraphine,MonkeyKing,1,1,1.0
Seraphine,Naafiri,15,9,0.6
Seraphine,Nami,14,10,0.7142857142857143
Seraphine,Nautilus,17,12,0.7058823529411765
Seraphine,Neeko,13,6,0.46153846153846156
Seraphine,Nidalee,8,4,0.5
Seraphine,Nocturne,7,3,0.42857142857142855
Seraphine,Nunu,4,2,0.5
Seraphine,Olaf,1,1,1.0
Seraphine,Orianna,10,3,0.3
Seraphine,Ornn,7,4,0.5714285714285714
Seraphine,Pantheon,14,11,0.7857142857142857
Seraphine,Poppy,6,2,0.3333333333333333
Seraphine,Pyke,9,6,0.6666666666666666
Seraphine,Qiyana,5,3,0.6
Seraphine,Quinn,2,0,0.0
Seraphine,Rakan,5,4,0.8
Seraphine,RekSai,3,1,0.3333333333333333
Seraphine,Rell,3,1,0.3333333333333333
Seraphine,Renekton,9,4,0.4444444444444444
Seraphine,Rengar,3,1,0.3333333333333333
Seraphine,Riven,7,5,0.7142857142857143
Seraphine,Rumble,8,3,0.375
Seraphine,Ryze,19,11,0.5789473684210527
Seraphine,Samira,2,1,0.5
Seraphine,Sejuani,1,0,0.0
Seraphine,Senna,5,1,0.2
Seraphine,Sett,1,1,1.0
Seraphine,Shaco,2,2,1.0
Seraphine,Shen,9,6,0.6666666666666666
Seraphine,Shyvana,2,1,0.5
Seraphine,Singed,3,3,1.0
Seraphine,Sion,14,6,0.42857142857142855
Seraphine,Sivir,2,1,0.5
Seraphine,Skarner,5,4,0.8
Seraphine,Smolder,1,1,1.0
Seraphine,Sona,15,7,0.4666666666666667
Seraphine,Soraka,5,3,0.6
Seraphine,Swain,2,1,0.5
Seraphine,Sylas,20,10,0.5
Seraphine,Syndra,4,3,0.75
Seraphine,Taliyah,5,4,0.8
Seraphine,Talon,7,5,0.7142857142857143
Seraphine,Taric,2,1,0.5
Seraphine,Teemo,6,3,0.5
Seraphine,Thresh,3,2,0.6666666666666666
Seraphine,Tristana,3,2,0.6666666666666666
Seraphine,Trundle,2,2,1.0
Seraphine,TwistedFate,4,4,1.0
Seraphine,Udyr,2,0,0.0
Seraphine,Urgot,2,2,1.0
Seraphine,Varus,13,7,0.5384615384615384
Seraphine,Vayne,12,5,0.4166666666666667
Seraphine,Veigar,7,4,0.5714285714285714
Seraphine,Velkoz,2,1,0.5
Seraphine,Vex,1,1,1.0
Seraphine,Vi,8,6,0.75
Seraphine,Viego,6,3,0.5
Seraphine,Viktor,6,3,0.5
Seraphine,Vladimir,5,3,0.6
Seraphine,Volibear,1,0,0.0
Seraphine,Xerath,3,2,0.6666666666666666
Seraphine,XinZhao,14,10,0.7142857142857143
Seraphine,Yasuo,7,5,0.7142857142857143
Seraphine,Yone,5,4,0.8
Seraphine,Yorick,3,1,0.3333333333333333
Seraphine,Yunara,17,9,0.5294117647058824
Seraphine,Yuumi,2,2,1.0
Seraphine,Zaahen,9,6,0.6666666666666666
Seraphine,Zed,8,4,0.5
Seraphine,Ziggs,7,4,0.5714285714285714
Seraphine,Zilean,4,1,0.25
Seraphine,Zoe,3,2,0.6666666666666666
Seraphine,Zyra,3,1,0.3333333333333333
Sett,Aatrox,2,0,0.0
Sett,Ahri,3,2,0.6666666666666666
Sett,Akali,6,4,0.6666666666666666
Sett,Akshan,1,0,0.0
Sett,Alistar,1,0,0.0
Sett,Ambessa,1,0,0.0
Sett,Anivia,2,1,0.5
Sett,Aphelios,1,1,1.0
Sett,Ashe,1,0,0.0
Sett,Aurora,1,0,0.0
Sett,Bard,3,2,0.6666666666666666
Sett,Briar,1,1,1.0
Sett,Caitlyn,2,2,1.0
Sett,Cassiopeia,1,0,0.0
Sett,Darius,2,2,1.0
Sett,DrMundo,1,1,1.0
Sett,Draven,3,2,0.6666666666666666
Sett,Ekko,2,2,1.0
Sett,Elise,1,0,0.0
Sett,Ezreal,7,3,0.42857142857142855
Sett,Gangplank,2,1,0.5
Sett,Gnar,3,3,1.0
Sett,Graves,2,0,0.0
Sett,Hecarim,1,1,1.0
Sett,Hwei,1,1,1.0
Sett,Jax,1,1,1.0
Sett,Jayce,3,3,1.0
Sett,Jhin,3,2,0.6666666666666666
Sett,Kaisa,1,1,1.0
Sett,Kalista,1,1,1.0
Sett,Karma,7,5,0.7142857142857143
Sett,Kayle,1,0,0.0
Sett,Khazix,1,0,0.0
Sett,KogMaw,1,1,1.0
Sett,Leblanc,1,1,1.0
Sett,LeeSin,3,2,0.6666666666666666
Sett,Lissandra,2,1,0.5
Sett,Lucian,4,2,0.5
Sett,Lux,1,1,1.0
Sett,Malphite,1,1,1.0
Sett,Malzahar,1,1,1.0
Sett,Mel,2,2,1.0
Sett,Milio,1,1,1.0
Sett,MissFortune,1,1,1.0
Sett,Nami,5,3,0.6
Sett,Nidalee,1,0,0.0
Sett,Nocturne,1,1,1.0
Sett,Nunu,3,2,0.6666666666666666
Sett,Olaf,1,0,0.0
Sett,Ornn,3,1,0.3333333333333333
Sett,Pantheon,5,3,0.6
Sett,Pyke,2,1,0.5
Sett,Qiyana,2,2,1.0
Sett,Rammus,1,1,1.0
Sett,Rell,1,1,1.0
Sett,Renata,1,1,1.0
Sett,Renekton,2,0,0.0
Sett,Rengar,2,2,1.0
Sett,Riven,3,1,0.3333333333333333
Sett,Rumble,2,1,0.5
Sett,Ryze,2,1,0.5
Sett,Senna,2,1,0.5
Sett,Seraphine,1,0,0.0
Sett,Shen,3,3,1.0
Sett,Shyvana,1,1,1.0
Sett,Sion,1,0,0.0
Sett,Sivir,2,2,1.0
Sett,Skarner,2,2,1.0
Sett,Sona,1,1,1.0
Sett,Soraka,2,0,0.0
Sett,Swain,1,1,1.0
Sett,Sylas,2,0,0.0
Sett,Syndra,1,1,1.0
Sett,Talon,1,1,1.0
Sett,Thresh,1,0,0.0
Sett,Tristana,1,1,1.0
Sett,TwistedFate,1,1,1.0
Sett,Udyr,2,2,1.0
Sett,Varus,1,0,0.0
Sett,Vayne,3,2,0.6666666666666666
Sett,Veigar,2,1,0.5
Sett,Vi,1,1,1.0
Sett,Viego,2,1,0.5
Sett,Viktor,1,1,1.0
Sett,Xerath,1,1,1.0
Sett,XinZhao,1,0,0.0
Sett,Yasuo,1,0,0.0
Sett,Yone,1,1,1.0
Sett,Yunara,2,2,1.0
Sett,Zaahen,1,0,0.0
Sett,Zed,3,1,0.3333333333333333
Sett,Zoe,1,0,0.0
Shaco,Aatrox,1,0,0.0
Shaco,Ahri,3,2,0.6666666666666666
Shaco,Akali,3,2,0.6666666666666666
Shaco,Akshan,2,2,1.0
Shaco,Ambessa,7,2,0.2857142857142857
Shaco,Anivia,6,3,0.5
Shaco,Annie,1,0,0.0
Shaco,Ashe,2,1,0.5
Shaco,Aurora,4,0,0.0
Shaco,Azir,1,0,0.0
Shaco,Bard,5,1,0.2
Shaco,Belveth,1,0,0.0
Shaco,Brand,1,0,0.0
Shaco,Braum,3,2,0.6666666666666666
Shaco,Caitlyn,1,1,1.0
Shaco,Cassiopeia,2,2,1.0
Shaco,Corki,1,1,1.0
Shaco,Darius,3,3,1.0
Shaco,DrMundo,1,1,1.0
Shaco,Draven,3,2,0.6666666666666666
Shaco,Evelynn,1,1,1.0
Shaco,Ezreal,6,3,0.5
Shaco,Fiora,1,0,0.0
Shaco,Gangplank,1,0,0.0
Shaco,Garen,2,1,0.5
Shaco,Gnar,3,3,1.0
Shaco,Graves,3,2,0.6666666666666666
Shaco,Hecarim,3,0,0.0
Shaco,Hwei,1,0,0.0
Shaco,Illaoi,1,1,1.0
Shaco,Irelia,1,0,0.0
Shaco,Ivern,1,1,1.0
Shaco,Jayce,5,3,0.6
Shaco,Jhin,3,0,0.0
Shaco,KSante,1,0,0.0
Shaco,Kaisa,4,2,0.5
Shaco,Karma,2,2,1.0
Shaco,Karthus,1,1,1.0
Shaco,Kassadin,2,1,0.5
Shaco,Katarina,1,1,1.0
Shaco,Kayle,1,0,0.0
Shaco,Kayn,1,1,1.0
Shaco,Khazix,2,1,0.5
Shaco,Kled,1,0,0.0
Shaco,LeeSin,8,4,0.5
Shaco,Leona,2,2,1.0
Shaco,Lissandra,2,2,1.0
Shaco,Lucian,4,3,0.75
Shaco,Lulu,3,2,0.6666666666666666
Shaco,Lux,3,3,1.0
Shaco,Mel,2,2,1.0
Shaco,Milio,1,1,1.0
Shaco,MissFortune,1,0,0.0
Shaco,Morgana,1,1,1.0
Shaco,Naafiri,4,4,1.0
Shaco,Nami,5,2,0.4
Shaco,Nautilus,5,4,0.8
Shaco,Neeko,2,1,0.5
Shaco,Nidalee,2,2,1.0
Shaco,Nocturne,4,1,0.25
Shaco,Nunu,1,0,0.0
Shaco,Orianna,1,1,1.0
Shaco,Ornn,2,2,1.0
Shaco,Pantheon,2,1,0.5
Shaco,Poppy,1,0,0.0
Shaco,Pyke,2,1,0.5
Shaco,Qiyana,4,3,0.75
Shaco,Quinn,3,2,0.6666666666666666
Shaco,Rakan,2,1,0.5
Shaco,Rell,1,0,0.0
Shaco,Renekton,1,1,1.0
Shaco,Rengar,2,1,0.5
Shaco,Ryze,2,2,1.0
Shaco,Samira,1,1,1.0
Shaco,Seraphine,2,0,0.0
Shaco,Shen,5,2,0.4
Shaco,Singed,2,0,0.0
Shaco,Sion,5,3,0.6
Shaco,Sivir,1,1,1.0
Shaco,Skarner,1,1,1.0
Shaco,Smolder,1,1,1.0
Shaco,Sona,2,0,0.0
Shaco,Sylas,4,2,0.5
Shaco,Syndra,1,1,1.0
Shaco,Taliyah,1,1,1.0
Shaco,Talon,2,2,1.0
Shaco,Taric,2,1,0.5
Shaco,Thresh,1,0,0.0
Shaco,Tristana,1,0,0.0
Shaco,Tryndamere,1,0,0.0
Shaco,TwistedFate,2,1,0.5
Shaco,Varus,3,2,0.6666666666666666
Shaco,Veigar,3,1,0.3333333333333333
Shaco,Viktor,2,1,0.5
Shaco,Vladimir,3,2,0.6666666666666666
Shaco,Yasuo,2,1,0.5
Shaco,Yone,4,2,0.5
Shaco,Yorick,1,1,1.0
Shaco,Yunara,3,1,0.3333333333333333
Shaco,Zed,2,0,0.0
Shaco,Ziggs,1,0,0.0
Shaco,Zoe,4,4,1.0
Shen,Aatrox,5,4,0.8
Shen,Ahri,8,5,0.625
Shen,Akali,3,2,0.6666666666666666
Shen,Akshan,3,1,0.3333333333333333
Shen,Alistar,5,3,0.6
Shen,Ambessa,9,3,0.3333333333333333
Shen,Anivia,16,8,0.5
Shen,Annie,5,3,0.6
Shen,Aphelios,1,1,1.0
Shen,Ashe,10,3,0.3
Shen,AurelionSol,3,3,1.0
Shen,Aurora,9,4,0.4444444444444444
Shen,Azir,3,2,0.6666666666666666
Shen,Bard,7,4,0.5714285714285714
Shen,Belveth,1,0,0.0
Shen,Blitzcrank,1,1,1.0
Shen,Brand,1,0,0.0
Shen,Braum,4,2,0.5
Shen,Caitlyn,11,4,0.36363636363636365
Shen,Camille,2,2,1.0
Shen,Cassiopeia,2,1,0.5
Shen,Chogath,1,1,1.0
Shen,Corki,8,2,0.25
Shen,Darius,2,2,1.0
Shen,Diana,1,1,1.0
Shen,DrMundo,4,2,0.5
Shen,Draven,3,1,0.3333333333333333
Shen,Ekko,2,0,0.0
Shen,Elise,8,2,0.25
Shen,Ezreal,23,13,0.5652173913043478
Shen,FiddleSticks,3,2,0.6666666666666666
Shen,Galio,5,4,0.8
Shen,Gangplank,1,1,1.0
Shen,Garen,3,2,0.6666666666666666
Shen,Gnar,9,5,0.5555555555555556
Shen,Gragas,2,2,1.0
Shen,Graves,4,3,0.75
Shen,Gwen,2,2,1.0
Shen,Hecarim,1,1,1.0
Shen,Heimerdinger,1,0,0.0
Shen,Hwei,5,3,0.6
Shen,Irelia,1,0,0.0
Shen,Ivern,1,0,0.0
Shen,Janna,4,3,0.75
Shen,JarvanIV,8,7,0.875
Shen,Jax,3,3,1.0
Shen,Jayce,6,3,0.5
Shen,Jhin,8,5,0.625
Shen,Jinx,2,0,0.0
Shen,KSante,2,2,1.0
Shen,Kaisa,1,0,0.0
Shen,Karma,8,5,0.625
Shen,Karthus,5,2,0.4
Shen,Kassadin,2,1,0.5
Shen,Katarina,3,2,0.6666666666666666
Shen,Kayle,2,1,0.5
Shen,Kayn,2,1,0.5
Shen,Khazix,2,1,0.5
Shen,Kindred,1,1,1.0
Shen,Kled,2,1,0.5
Shen,KogMaw,1,1,1.0
Shen,Leblanc,1,1,1.0
Shen,LeeSin,8,3,0.375
Shen,Leona,7,4,0.5714285714285714
Shen,Lillia,2,1,0.5
Shen,Lissandra,4,2,0.5
Shen,Lucian,6,3,0.5
Shen,Lulu,7,2,0.2857142857142857
Shen,Lux,7,6,0.8571428571428571
Shen,Malzahar,1,1,1.0
Shen,MasterYi,3,1,0.3333333333333333
Shen,Mel,5,2,0.4
Shen,Milio,2,1,0.5
Shen,MissFortune,2,2,1.0
Shen,MonkeyKing,4,1,0.25
Shen,Naafiri,10,4,0.4
Shen,Nami,5,3,0.6
Shen,Nautilus,6,1,0.16666666666666666
Shen,Neeko,5,1,0.2
Shen,Nidalee,7,3,0.42857142857142855
Shen,Nilah,1,0,0.0
Shen,Nocturne,1,0,0.0
Shen,Nunu,2,0,0.0
Shen,Olaf,4,2,0.5
Shen,Orianna,8,5,0.625
Shen,Ornn,3,0,0.0
Shen,Pantheon,14,7,0.5
Shen,Poppy,8,3,0.375
Shen,Pyke,4,4,1.0
Shen,Qiyana,4,2,0.5
Shen,Quinn,1,0,0.0
Shen,Rakan,2,2,1.0
Shen,RekSai,4,2,0.5
Shen,Rell,2,1,0.5
Shen,Renekton,6,3,0.5
Shen,Rengar,4,1,0.25
Shen,Riven,3,2,0.6666666666666666
Shen,Rumble,5,2,0.4
Shen,Ryze,6,2,0.3333333333333333
Shen,Samira,1,1,1.0
Shen,Sejuani,2,0,0.0
Shen,Senna,4,1,0.25
Shen,Seraphine,9,3,0.3333333333333333
Shen,Sett,3,0,0.0
Shen,Shaco,5,3,0.6
Shen,Singed,2,2,1.0
Shen,Sion,5,2,0.4
Shen,Sivir,4,2,0.5
Shen,Skarner,1,0,0.0
Shen,Sona,4,2,0.5
Shen,Soraka,1,0,0.0
Shen,Swain,1,1,1.0
Shen,Sylas,6,3,0.5
Shen,Syndra,2,1,0.5
Shen,TahmKench,1,0,0.0
Shen,Taliyah,1,0,0.0
Shen,Talon,2,1,0.5
Shen,Taric,2,2,1.0
Shen,Teemo,1,1,1.0
Shen,Thresh,1,1,1.0
Shen,Tristana,2,2,1.0
Shen,Tryndamere,2,0,0.0
Shen,TwistedFate,3,2,0.6666666666666666
Shen,Urgot,2,2,1.0
Shen,Varus,5,3,0.6
Shen,Vayne,14,7,0.5
Shen,Veigar,2,2,1.0
Shen,Velkoz,3,2,0.6666666666666666
Shen,Vex,2,1,0.5
Shen,Vi,4,3,0.75
Shen,Viego,3,2,0.6666666666666666
Shen,Viktor,3,1,0.3333333333333333
Shen,Volibear,1,0,0.0
Shen,Xayah,5,4,0.8
Shen,Xerath,3,1,0.3333333333333333
Shen,XinZhao,7,3,0.42857142857142855
Shen,Yasuo,3,1,0.3333333333333333
Shen,Yone,7,6,0.8571428571428571
Shen,Yorick,2,2,1.0
Shen,Yunara,6,2,0.3333333333333333
Shen,Zaahen,3,1,0.3333333333333333
Shen,Zac,1,0,0.0
Shen,Zed,2,2,1.0
Shen,Ziggs,5,3,0.6
Shen,Zilean,1,0,0.0
Shen,Zoe,4,3,0.75
Shen,Zyra,2,0,0.0
Shyvana,Aatrox,4,2,0.5
Shyvana,Ahri,2,2,1.0
Shyvana,Akali,1,0,0.0
Shyvana,Alistar,2,1,0.5
Shyvana,Ambessa,2,0,0.0
Shyvana,Amumu,2,0,0.0
Shyvana,Anivia,4,2,0.5
Shyvana,Annie,1,0,0.0
Shyvana,Ashe,2,1,0.5
Shyvana,AurelionSol,2,0,0.0
Shyvana,Aurora,2,2,1.0
Shyvana,Bard,1,0,0.0
Shyvana,Caitlyn,3,2,0.6666666666666666
Shyvana,Cassiopeia,1,1,1.0
Shyvana,Corki,1,1,1.0
Shyvana,DrMundo,1,0,0.0
Shyvana,Draven,2,0,0.0
Shyvana,Ezreal,5,2,0.4
Shyvana,FiddleSticks,1,1,1.0
Shyvana,Fiora,2,2,1.0
Shyvana,Gangplank,1,0,0.0
Shyvana,Garen,1,0,0.0
Shyvana,Gnar,1,0,0.0
Shyvana,Graves,2,1,0.5
Shyvana,Hwei,3,2,0.6666666666666666
Shyvana,Janna,1,1,1.0
Shyvana,JarvanIV,1,0,0.0
Shyvana,Jayce,5,2,0.4
Shyvana,Jhin,2,2,1.0
Shyvana,Jinx,1,1,1.0
Shyvana,KSante,1,1,1.0
Shyvana,Kaisa,1,0,0.0
Shyvana,Karma,2,1,0.5
Shyvana,Kassadin,1,0,0.0
Shyvana,Katarina,1,0,0.0
Shyvana,Kindred,1,1,1.0
Shyvana,Leblanc,1,0,0.0
Shyvana,LeeSin,2,1,0.5
Shyvana,Leona,1,1,1.0
Shyvana,Lissandra,1,0,0.0
Shyvana,Lucian,1,1,1.0
Shyvana,Lulu,1,0,0.0
Shyvana,Malzahar,1,1,1.0
Shyvana,MissFortune,1,0,0.0
Shyvana,Nami,1,1,1.0
Shyvana,Nasus,1,1,1.0
Shyvana,Nautilus,1,1,1.0
Shyvana,Neeko,4,0,0.0
Shyvana,Nocturne,3,0,0.0
Shyvana,Nunu,2,0,0.0
Shyvana,Ornn,1,0,0.0
Shyvana,Pantheon,1,0,0.0
Shyvana,Pyke,1,0,0.0
Shyvana,Qiyana,1,0,0.0
Shyvana,Rakan,1,1,1.0
Shyvana,RekSai,1,1,1.0
Shyvana,Renekton,1,0,0.0
Shyvana,Riven,1,0,0.0
Shyvana,Rumble,1,1,1.0
Shyvana,Ryze,3,3,1.0
Shyvana,Senna,2,0,0.0
Shyvana,Seraphine,2,1,0.5
Shyvana,Sett,1,0,0.0
Shyvana,Sion,4,3,0.75
Shyvana,Sivir,1,0,0.0
Shyvana,Skarner,2,0,0.0
Shyvana,Soraka,1,0,0.0
Shyvana,Sylas,3,2,0.6666666666666666
Shyvana,Syndra,2,0,0.0
Shyvana,Taliyah,2,0,0.0
Shyvana,Talon,2,0,0.0
Shyvana,Taric,2,2,1.0
Shyvana,Teemo,1,1,1.0
Shyvana,Varus,3,0,0.0
Shyvana,Vayne,1,0,0.0
Shyvana,Veigar,2,1,0.5
Shyvana,Vi,1,1,1.0
Shyvana,Viego,1,1,1.0
Shyvana,Yone,2,0,0.0
Shyvana,Yunara,3,2,0.6666666666666666
Shyvana,Zed,1,1,1.0
Shyvana,Zilean,1,0,0.0
Shyvana,Zoe,1,1,1.0
Singed,Aatrox,10,2,0.2
Singed,Ahri,3,2,0.6666666666666666
Singed,Akali,5,2,0.4
Singed,Akshan,1,1,1.0
Singed,Alistar,2,1,0.5
Singed,Ambessa,7,4,0.5714285714285714
Singed,Anivia,7,1,0.14285714285714285
Singed,Annie,5,2,0.4
Singed,Aphelios,1,0,0.0
Singed,Ashe,3,1,0.3333333333333333
Singed,AurelionSol,4,2,0.5
Singed,Aurora,8,4,0.5
Singed,Azir,2,2,1.0
Singed,Bard,8,2,0.25
Singed,Belveth,2,1,0.5
Singed,Blitzcrank,4,1,0.25
Singed,Brand,1,1,1.0
Singed,Braum,1,0,0.0
Singed,Briar,1,0,0.0
Singed,Caitlyn,7,0,0.0
Singed,Camille,1,0,0.0
Singed,Cassiopeia,1,0,0.0
Singed,Chogath,1,0,0.0
Singed,Corki,7,4,0.5714285714285714
Singed,DrMundo,3,0,0.0
Singed,Draven,4,1,0.25
Singed,Ekko,4,1,0.25
Singed,Ezreal,15,6,0.4
Singed,Fiora,5,3,0.6
Singed,Galio,2,1,0.5
Singed,Gangplank,2,0,0.0
Singed,Garen,2,0,0.0
Singed,Gnar,8,4,0.5
Singed,Gragas,1,1,1.0
Singed,Graves,3,1,0.3333333333333333
Singed,Gwen,1,0,0.0
Singed,Hecarim,1,1,1.0
Singed,Heimerdinger,1,0,0.0
Singed,Hwei,6,2,0.3333333333333333
Singed,Irelia,2,1,0.5
Singed,Ivern,1,0,0.0
Singed,Janna,5,1,0.2
Singed,JarvanIV,9,3,0.3333333333333333
Singed,Jax,3,2,0.6666666666666666
Singed,Jayce,5,3,0.6
Singed,Jhin,4,2,0.5
Singed,Jinx,1,1,1.0
Singed,KSante,2,1,0.5
Singed,Kaisa,3,2,0.6666666666666666
Singed,Karma,11,6,0.5454545454545454
Singed,Karthus,5,3,0.6
Singed,Katarina,2,0,0.0
Singed,Kayle,2,2,1.0
Singed,Kayn,5,4,0.8
Singed,Kennen,1,1,1.0
Singed,Khazix,3,2,0.6666666666666666
Singed,Kindred,1,1,1.0
Singed,KogMaw,1,1,1.0
Singed,LeeSin,4,2,0.5
Singed,Leona,3,2,0.6666666666666666
Singed,Lillia,2,2,1.0
Singed,Lissandra,2,1,0.5
Singed,Lucian,5,3,0.6
Singed,Lulu,4,2,0.5
Singed,Lux,1,1,1.0
Singed,Malzahar,1,0,0.0
Singed,MasterYi,2,1,0.5
Singed,Mel,2,1,0.5
Singed,MissFortune,2,0,0.0
Singed,MonkeyKing,1,0,0.0
Singed,Morgana,1,1,1.0
Singed,Naafiri,2,0,0.0
Singed,Nami,6,3,0.5
Singed,Nautilus,5,2,0.4
Singed,Neeko,5,2,0.4
Singed,Nidalee,1,0,0.0
Singed,Nilah,1,0,0.0
Singed,Nocturne,6,3,0.5
Singed,Nunu,2,2,1.0
Singed,Olaf,1,1,1.0
Singed,Orianna,1,0,0.0
Singed,Ornn,3,0,0.0
Singed,Pantheon,7,3,0.42857142857142855
Singed,Poppy,1,1,1.0
Singed,Pyke,5,2,0.4
Singed,Qiyana,4,1,0.25
Singed,Quinn,3,0,0.0
Singed,Rakan,2,2,1.0
Singed,RekSai,1,0,0.0
Singed,Rell,3,1,0.3333333333333333
Singed,Renekton,1,1,1.0
Singed,Rengar,3,3,1.0
Singed,Riven,5,1,0.2
Singed,Rumble,5,3,0.6
Singed,Ryze,5,3,0.6
Singed,Senna,3,0,0.0
Singed,Seraphine,3,0,0.0
Singed,Shaco,2,2,1.0
Singed,Shen,2,0,0.0
Singed,Sion,4,3,0.75
Singed,Sivir,5,1,0.2
Singed,Skarner,3,1,0.3333333333333333
Singed,Smolder,5,4,0.8
Singed,Sona,2,1,0.5
Singed,Soraka,2,0,0.0
Singed,Swain,1,0,0.0
Singed,Sylas,14,6,0.42857142857142855
Singed,Syndra,2,0,0.0
Singed,TahmKench,1,0,0.0
Singed,Taliyah,2,0,0.0
Singed,Talon,2,1,0.5
Singed,Taric,1,0,0.0
Singed,Teemo,2,0,0.0
Singed,Thresh,2,2,1.0
Singed,Tristana,1,1,1.0
Singed,Trundle,1,0,0.0
Singed,TwistedFate,8,7,0.875
Singed,Twitch,1,1,1.0
Singed,Urgot,1,1,1.0
Singed,Varus,8,1,0.125
Singed,Vayne,13,5,0.38461538461538464
Singed,Veigar,3,1,0.3333333333333333
Singed,Velkoz,1,0,0.0
Singed,Vi,2,2,1.0
Singed,Viego,2,0,0.0
Singed,Viktor,3,2,0.6666666666666666
Singed,Vladimir,6,4,0.6666666666666666
Singed,Volibear,1,0,0.0
Singed,Xerath,1,1,1.0
Singed,XinZhao,3,0,0.0
Singed,Yasuo,7,5,0.7142857142857143
Singed,Yone,3,1,0.3333333333333333
Singed,Yunara,9,6,0.6666666666666666
Singed,Yuumi,3,1,0.3333333333333333
Singed,Zaahen,4,3,0.75
Singed,Zac,1,0,0.0
Singed,Zed,5,0,0.0
Singed,Zeri,3,2,0.6666666666666666
Singed,Zilean,2,0,0.0
Singed,Zyra,1,0,0.0
Sion,Aatrox,17,9,0.5294117647058824
Sion,Ahri,13,5,0.38461538461538464
Sion,Akali,21,10,0.47619047619047616
Sion,Akshan,4,2,0.5
Sion,Alistar,8,1,0.125
Sion,Ambessa,27,15,0.5555555555555556
Sion,Anivia,33,18,0.5454545454545454
Sion,Annie,12,4,0.3333333333333333
Sion,Aphelios,2,1,0.5
Sion,Ashe,19,8,0.42105263157894735
Sion,AurelionSol,5,3,0.6
Sion,Aurora,18,10,0.5555555555555556
Sion,Azir,8,7,0.875
Sion,Bard,35,20,0.5714285714285714
Sion,Belveth,1,0,0.0
Sion,Blitzcrank,2,1,0.5
Sion,Brand,2,2,1.0
Sion,Braum,2,1,0.5
Sion,Briar,2,2,1.0
Sion,Caitlyn,25,14,0.56
Sion,Camille,8,5,0.625
Sion,Cassiopeia,9,4,0.4444444444444444
Sion,Chogath,3,2,0.6666666666666666
Sion,Corki,19,11,0.5789473684210527
Sion,Darius,2,0,0.0
Sion,Diana,3,2,0.6666666666666666
Sion,DrMundo,1,1,1.0
Sion,Draven,4,2,0.5
Sion,Ekko,10,5,0.5
Sion,Elise,6,3,0.5
Sion,Ezreal,44,23,0.5227272727272727
Sion,FiddleSticks,5,3,0.6
Sion,Fizz,4,2,0.5
Sion,Galio,5,2,0.4
Sion,Gangplank,3,3,1.0
Sion,Garen,2,0,0.0
Sion,Gnar,21,13,0.6190476190476191
Sion,Gragas,2,2,1.0
Sion,Graves,16,4,0.25
Sion,Gwen,23,8,0.34782608695652173
Sion,Hecarim,5,0,0.0
Sion,Heimerdinger,2,0,0.0
Sion,Hwei,7,3,0.42857142857142855
Sion,Illaoi,1,0,0.0
Sion,Irelia,4,3,0.75
Sion,Ivern,3,3,1.0
Sion,Janna,2,1,0.5
Sion,JarvanIV,24,12,0.5
Sion,Jax,4,0,0.0
Sion,Jayce,63,38,0.6031746031746031
Sion,Jhin,25,6,0.24
Sion,Jinx,5,4,0.8
Sion,KSante,6,2,0.3333333333333333
Sion,Kaisa,12,5,0.4166666666666667
Sion,Kalista,2,0,0.0
Sion,Karma,30,12,0.4
Sion,Karthus,7,6,0.8571428571428571
Sion,Kassadin,1,0,0.0
Sion,Katarina,6,3,0.5
Sion,Kayle,2,0,0.0
Sion,Kayn,2,2,1.0
Sion,Kennen,1,1,1.0
Sion,Khazix,2,1,0.5
Sion,Kindred,7,1,0.14285714285714285
Sion,Kled,2,1,0.5
Sion,KogMaw,2,1,0.5
Sion,Leblanc,18,8,0.4444444444444444
Sion,LeeSin,23,11,0.4782608695652174
Sion,Leona,7,5,0.7142857142857143
Sion,Lillia,6,4,0.6666666666666666
Sion,Lissandra,9,4,0.4444444444444444
Sion,Lucian,21,11,0.5238095238095238
Sion,Lulu,14,7,0.5
Sion,Lux,6,4,0.6666666666666666
Sion,Malphite,5,1,0.2
Sion,Malzahar,2,1,0.5
Sion,Maokai,2,1,0.5
Sion,MasterYi,5,3,0.6
Sion,Mel,12,7,0.5833333333333334
Sion,Milio,4,1,0.25
Sion,MissFortune,4,1,0.25
Sion,MonkeyKing,3,3,1.0
Sion,Mordekaiser,1,1,1.0
Sion,Naafiri,16,6,0.375
Sion,Nami,26,12,0.46153846153846156
Sion,Nasus,1,1,1.0
Sion,Nautilus,20,13,0.65
Sion,Neeko,19,8,0.42105263157894735
Sion,Nidalee,11,5,0.45454545454545453
Sion,Nocturne,16,4,0.25
Sion,Nunu,4,1,0.25
Sion,Olaf,1,1,1.0
Sion,Orianna,15,8,0.5333333333333333
Sion,Ornn,7,4,0.5714285714285714
Sion,Pantheon,17,7,0.4117647058823529
Sion,Poppy,6,3,0.5
Sion,Pyke,14,10,0.7142857142857143
Sion,Qiyana,10,5,0.5
Sion,Quinn,5,3,0.6
Sion,Rakan,7,3,0.42857142857142855
Sion,Rammus,2,1,0.5
Sion,RekSai,3,0,0.0
Sion,Rell,8,4,0.5
Sion,Renata,1,0,0.0
Sion,Renekton,3,0,0.0
Sion,Rengar,13,4,0.3076923076923077
Sion,Riven,2,0,0.0
Sion,Rumble,9,5,0.5555555555555556
Sion,Ryze,22,13,0.5909090909090909
Sion,Sejuani,3,1,0.3333333333333333
Sion,Senna,9,5,0.5555555555555556
Sion,Seraphine,14,8,0.5714285714285714
Sion,Sett,1,1,1.0
Sion,Shaco,5,2,0.4
Sion,Shen,5,3,0.6
Sion,Shyvana,4,1,0.25
Sion,Singed,4,1,0.25
Sion,Sivir,10,7,0.7
Sion,Skarner,7,5,0.7142857142857143
Sion,Smolder,8,2,0.25
Sion,Sona,13,8,0.6153846153846154
Sion,Soraka,4,2,0.5
Sion,Swain,1,0,0.0
Sion,Sylas,13,6,0.46153846153846156
Sion,Syndra,8,2,0.25
Sion,Taliyah,6,3,0.5
Sion,Talon,8,5,0.625
Sion,Taric,2,0,0.0
Sion,Teemo,7,2,0.2857142857142857
Sion,Thresh,5,3,0.6
Sion,Tristana,8,3,0.375
Sion,Trundle,2,0,0.0
Sion,TwistedFate,7,2,0.2857142857142857
Sion,Udyr,3,2,0.6666666666666666
Sion,Urgot,2,2,1.0
Sion,Varus,29,14,0.4827586206896552
Sion,Vayne,15,6,0.4
Sion,Veigar,5,3,0.6
Sion,Velkoz,4,3,0.75
Sion,Vex,4,1,0.25
Sion,Vi,16,9,0.5625
Sion,Viego,13,7,0.5384615384615384
Sion,Viktor,5,1,0.2
Sion,Vladimir,4,3,0.75
Sion,Xayah,9,6,0.6666666666666666
Sion,Xerath,5,2,0.4
Sion,XinZhao,17,10,0.5882352941176471
Sion,Yasuo,10,3,0.3
Sion,Yone,21,9,0.42857142857142855
Sion,Yunara,22,11,0.5
Sion,Yuumi,3,3,1.0
Sion,Zaahen,6,5,0.8333333333333334
Sion,Zed,3,2,0.6666666666666666
Sion,Zeri,1,0,0.0
Sion,Ziggs,7,5,0.7142857142857143
Sion,Zilean,3,1,0.3333333333333333
Sion,Zoe,9,4,0.4444444444444444
Sion,Zyra,7,4,0.5714285714285714
Sivir,Aatrox,9,6,0.6666666666666666
Sivir,Ahri,7,4,0.5714285714285714
Sivir,Akali,12,6,0.5
Sivir,Alistar,20,12,0.6
Sivir,Ambessa,11,4,0.36363636363636365
Sivir,Anivia,18,5,0.2777777777777778
Sivir,Annie,8,6,0.75
Sivir,Ashe,3,1,0.3333333333333333
Sivir,AurelionSol,4,3,0.75
Sivir,Aurora,9,7,0.7777777777777778
Sivir,Azir,6,5,0.8333333333333334
Sivir,Bard,13,6,0.46153846153846156
Sivir,Belveth,2,2,1.0
Sivir,Blitzcrank,3,2,0.6666666666666666
Sivir,Braum,2,1,0.5
Sivir,Briar,1,0,0.0
Sivir,Caitlyn,7,3,0.42857142857142855
Sivir,Cassiopeia,3,1,0.3333333333333333
Sivir,Chogath,1,0,0.0
Sivir,Corki,7,2,0.2857142857142857
Sivir,Diana,2,2,1.0
Sivir,DrMundo,1,0,0.0
Sivir,Draven,3,1,0.3333333333333333
Sivir,Ekko,3,1,0.3333333333333333
Sivir,Elise,5,4,0.8
Sivir,Evelynn,1,1,1.0
Sivir,Ezreal,61,34,0.5573770491803278
Sivir,FiddleSticks,2,1,0.5
Sivir,Fizz,1,0,0.0
Sivir,Galio,3,0,0.0
Sivir,Gangplank,4,3,0.75
Sivir,Garen,2,0,0.0
Sivir,Gnar,10,6,0.6
Sivir,Gragas,1,0,0.0
Sivir,Graves,6,4,0.6666666666666666
Sivir,Gwen,2,2,1.0
Sivir,Hecarim,1,0,0.0
Sivir,Heimerdinger,1,0,0.0
Sivir,Hwei,3,2,0.6666666666666666
Sivir,Illaoi,1,0,0.0
Sivir,Irelia,4,4,1.0
Sivir,JarvanIV,13,7,0.5384615384615384
Sivir,Jax,4,3,0.75
Sivir,Jayce,13,5,0.38461538461538464
Sivir,Jhin,6,1,0.16666666666666666
Sivir,Jinx,2,1,0.5
Sivir,KSante,6,2,0.3333333333333333
Sivir,Kaisa,7,4,0.5714285714285714
Sivir,Kalista,1,1,1.0
Sivir,Karma,17,7,0.4117647058823529
Sivir,Karthus,7,3,0.42857142857142855
Sivir,Kassadin,2,1,0.5
Sivir,Kayle,2,0,0.0
Sivir,Kayn,4,3,0.75
Sivir,Kennen,2,2,1.0
Sivir,Khazix,3,2,0.6666666666666666
Sivir,Kindred,1,0,0.0
Sivir,Leblanc,3,2,0.6666666666666666
Sivir,LeeSin,16,8,0.5
Sivir,Leona,1,1,1.0
Sivir,Lillia,2,1,0.5
Sivir,Lissandra,6,2,0.3333333333333333
Sivir,Lucian,1,1,1.0
Sivir,Lulu,3,1,0.3333333333333333
Sivir,Lux,5,4,0.8
Sivir,Malphite,1,0,0.0
Sivir,Malzahar,1,1,1.0
Sivir,Maokai,1,1,1.0
Sivir,MasterYi,2,1,0.5
Sivir,Mel,10,5,0.5
Sivir,MonkeyKing,3,2,0.6666666666666666
Sivir,Mordekaiser,2,2,1.0
Sivir,Naafiri,8,4,0.5
Sivir,Nami,8,4,0.5
Sivir,Nasus,1,1,1.0
Sivir,Nautilus,15,7,0.4666666666666667
Sivir,Neeko,5,3,0.6
Sivir,Nidalee,4,2,0.5
Sivir,Nilah,1,0,0.0
Sivir,Nocturne,7,3,0.42857142857142855
Sivir,Nunu,6,1,0.16666666666666666
Sivir,Olaf,3,2,0.6666666666666666
Sivir,Orianna,8,3,0.375
Sivir,Ornn,3,2,0.6666666666666666
Sivir,Pantheon,18,7,0.3888888888888889
Sivir,Poppy,1,0,0.0
Sivir,Pyke,7,4,0.5714285714285714
Sivir,Qiyana,7,2,0.2857142857142857
Sivir,Quinn,3,0,0.0
Sivir,Rakan,1,0,0.0
Sivir,Rammus,2,1,0.5
Sivir,RekSai,2,0,0.0
Sivir,Rell,3,1,0.3333333333333333
Sivir,Renekton,5,4,0.8
Sivir,Rengar,4,2,0.5
Sivir,Riven,5,4,0.8
Sivir,Rumble,3,0,0.0
Sivir,Ryze,9,5,0.5555555555555556
Sivir,Samira,2,1,0.5
Sivir,Sejuani,1,0,0.0
Sivir,Senna,3,2,0.6666666666666666
Sivir,Seraphine,2,1,0.5
Sivir,Sett,2,0,0.0
Sivir,Shaco,1,0,0.0
Sivir,Shen,4,2,0.5
Sivir,Shyvana,1,1,1.0
Sivir,Singed,5,4,0.8
Sivir,Sion,10,3,0.3
Sivir,Skarner,3,2,0.6666666666666666
Sivir,Smolder,4,2,0.5
Sivir,Sona,5,2,0.4
Sivir,Soraka,3,1,0.3333333333333333
Sivir,Swain,3,1,0.3333333333333333
Sivir,Sylas,10,4,0.4
Sivir,Syndra,7,4,0.5714285714285714
Sivir,Taliyah,4,1,0.25
Sivir,Talon,4,3,0.75
Sivir,Taric,2,0,0.0
Sivir,Teemo,4,1,0.25
Sivir,Thresh,3,1,0.3333333333333333
Sivir,Tristana,3,2,0.6666666666666666
Sivir,TwistedFate,3,1,0.3333333333333333
Sivir,Twitch,1,1,1.0
Sivir,Varus,17,12,0.7058823529411765
Sivir,Vayne,5,2,0.4
Sivir,Veigar,3,2,0.6666666666666666
Sivir,Velkoz,1,0,0.0
Sivir,Vi,6,4,0.6666666666666666
Sivir,Viego,8,1,0.125
Sivir,Viktor,8,4,0.5
Sivir,Vladimir,3,0,0.0
Sivir,Xayah,1,0,0.0
Sivir,XinZhao,6,3,0.5
Sivir,Yasuo,6,4,0.6666666666666666
Sivir,Yone,8,2,0.25
Sivir,Yorick,3,2,0.6666666666666666
Sivir,Yunara,12,6,0.5
Sivir,Zaahen,3,1,0.3333333333333333
Sivir,Zac,1,1,1.0
Sivir,Zed,6,1,0.16666666666666666
Sivir,Ziggs,7,4,0.5714285714285714
Sivir,Zilean,1,0,0.0
Sivir,Zoe,3,2,0.6666666666666666
Sivir,Zyra,3,2,0.6666666666666666
Skarner,Aatrox,2,2,1.0
Skarner,Ahri,7,3,0.42857142857142855
Skarner,Akali,6,2,0.3333333333333333
Skarner,Akshan,2,0,0.0
Skarner,Alistar,4,3,0.75
Skarner,Ambessa,9,6,0.6666666666666666
Skarner,Amumu,1,1,1.0
Skarner,Anivia,17,9,0.5294117647058824
Skarner,Annie,6,3,0.5
Skarner,Aphelios,6,3,0.5
Skarner,Ashe,3,1,0.3333333333333333
Skarner,AurelionSol,4,1,0.25
Skarner,Aurora,7,4,0.5714285714285714
Skarner,Azir,4,4,1.0
Skarner,Bard,7,4,0.5714285714285714
Skarner,Belveth,1,0,0.0
Skarner,Brand,2,1,0.5
Skarner,Briar,1,1,1.0
Skarner,Caitlyn,11,6,0.5454545454545454
Skarner,Camille,2,2,1.0
Skarner,Cassiopeia,3,2,0.6666666666666666
Skarner,Corki,3,1,0.3333333333333333
Skarner,Diana,4,1,0.25
Skarner,DrMundo,2,1,0.5
Skarner,Draven,1,1,1.0
Skarner,Ekko,6,2,0.3333333333333333
Skarner,Elise,6,1,0.16666666666666666
Skarner,Ezreal,25,14,0.56
Skarner,FiddleSticks,2,2,1.0
Skarner,Fiora,3,3,1.0
Skarner,Fizz,2,1,0.5
Skarner,Galio,3,2,0.6666666666666666
Skarner,Gangplank,3,1,0.3333333333333333
Skarner,Garen,2,1,0.5
Skarner,Gnar,8,7,0.875
Skarner,Gragas,2,0,0.0
Skarner,Graves,4,3,0.75
Skarner,Gwen,2,0,0.0
Skarner,Hecarim,1,0,0.0
Skarner,Hwei,3,2,0.6666666666666666
Skarner,Irelia,1,1,1.0
Skarner,Ivern,2,1,0.5
Skarner,Janna,3,2,0.6666666666666666
Skarner,JarvanIV,8,4,0.5
Skarner,Jax,3,2,0.6666666666666666
Skarner,Jayce,11,7,0.6363636363636364
Skarner,Jhin,8,2,0.25
Skarner,Jinx,1,1,1.0
Skarner,KSante,5,3,0.6
Skarner,Kaisa,7,4,0.5714285714285714
Skarner,Kalista,2,1,0.5
Skarner,Karma,9,4,0.4444444444444444
Skarner,Katarina,2,0,0.0
Skarner,Kayle,1,1,1.0
Skarner,Kayn,2,2,1.0
Skarner,Kennen,2,0,0.0
Skarner,Khazix,1,1,1.0
Skarner,Kindred,1,1,1.0
Skarner,Kled,1,0,0.0
Skarner,Leblanc,2,0,0.0
Skarner,LeeSin,13,8,0.6153846153846154
Skarner,Leona,2,2,1.0
Skarner,Lillia,5,2,0.4
Skarner,Lissandra,4,2,0.5
Skarner,Lucian,10,6,0.6
Skarner,Lulu,6,2,0.3333333333333333
Skarner,Lux,6,5,0.8333333333333334
Skarner,Malphite,3,1,0.3333333333333333
Skarner,Malzahar,2,2,1.0
Skarner,MasterYi,4,3,0.75
Skarner,Mel,6,4,0.6666666666666666
Skarner,Milio,1,1,1.0
Skarner,MissFortune,1,0,0.0
Skarner,MonkeyKing,2,0,0.0
Skarner,Naafiri,6,1,0.16666666666666666
Skarner,Nami,8,2,0.25
Skarner,Nasus,1,1,1.0
Skarner,Nautilus,6,4,0.6666666666666666
Skarner,Neeko,11,4,0.36363636363636365
Skarner,Nidalee,3,0,0.0
Skarner,Nocturne,4,2,0.5
Skarner,Olaf,1,1,1.0
Skarner,Orianna,4,2,0.5
Skarner,Ornn,3,1,0.3333333333333333
Skarner,Pantheon,12,7,0.5833333333333334
Skarner,Poppy,2,2,1.0
Skarner,Pyke,10,2,0.2
Skarner,Qiyana,5,4,0.8
Skarner,Quinn,3,0,0.0
Skarner,Rakan,4,3,0.75
Skarner,RekSai,2,0,0.0
Skarner,Rell,2,1,0.5
Skarner,Renekton,2,1,0.5
Skarner,Rengar,1,0,0.0
Skarner,Riven,2,2,1.0
Skarner,Rumble,8,4,0.5
Skarner,Ryze,9,6,0.6666666666666666
Skarner,Sejuani,2,0,0.0
Skarner,Senna,4,0,0.0
Skarner,Seraphine,5,1,0.2
Skarner,Sett,2,0,0.0
Skarner,Shaco,1,0,0.0
Skarner,Shen,1,1,1.0
Skarner,Shyvana,2,2,1.0
Skarner,Singed,3,2,0.6666666666666666
Skarner,Sion,7,2,0.2857142857142857
Skarner,Sivir,3,1,0.3333333333333333
Skarner,Smolder,1,1,1.0
Skarner,Sona,6,4,0.6666666666666666
Skarner,Soraka,2,1,0.5
Skarner,Swain,1,1,1.0
Skarner,Sylas,4,2,0.5
Skarner,Syndra,1,1,1.0
Skarner,Taliyah,8,4,0.5
Skarner,Talon,5,2,0.4
Skarner,Taric,2,2,1.0
Skarner,Teemo,2,1,0.5
Skarner,Thresh,4,3,0.75
Skarner,Tristana,5,3,0.6
Skarner,Trundle,6,3,0.5
Skarner,Tryndamere,1,1,1.0
Skarner,TwistedFate,3,1,0.3333333333333333
Skarner,Varus,7,5,0.7142857142857143
Skarner,Vayne,7,3,0.42857142857142855
Skarner,Veigar,2,1,0.5
Skarner,Velkoz,1,1,1.0
Skarner,Vex,2,1,0.5
Skarner,Vi,1,0,0.0
Skarner,Viego,5,2,0.4
Skarner,Viktor,3,1,0.3333333333333333
Skarner,Vladimir,1,0,0.0
Skarner,Xayah,1,1,1.0
Skarner,Xerath,4,2,0.5
Skarner,XinZhao,12,5,0.4166666666666667
Skarner,Yasuo,8,3,0.375
Skarner,Yone,3,2,0.6666666666666666
Skarner,Yorick,1,1,1.0
Skarner,Yunara,10,4,0.4
Skarner,Yuumi,2,1,0.5
Skarner,Zaahen,2,1,0.5
Skarner,Zed,4,1,0.25
Skarner,Ziggs,3,0,0.0
Skarner,Zilean,1,0,0.0
Skarner,Zoe,2,0,0.0
Skarner,Zyra,4,0,0.0
Smolder,Aatrox,4,2,0.5
Smolder,Ahri,2,0,0.0
Smolder,Akali,4,1,0.25
Smolder,Akshan,1,1,1.0
Smolder,Alistar,1,0,0.0
Smolder,Ambessa,14,7,0.5
Smolder,Amumu,1,1,1.0
Smolder,Anivia,8,3,0.375
Smolder,Annie,1,0,0.0
Smolder,Aphelios,3,1,0.3333333333333333
Smolder,Ashe,4,0,0.0
Smolder,AurelionSol,2,0,0.0
Smolder,Aurora,4,0,0.0
Smolder,Azir,5,1,0.2
Smolder,Bard,4,2,0.5
Smolder,Belveth,3,1,0.3333333333333333
Smolder,Blitzcrank,2,0,0.0
Smolder,Braum,2,0,0.0
Smolder,Caitlyn,4,3,0.75
Smolder,Cassiopeia,2,2,1.0
Smolder,Corki,6,1,0.16666666666666666
Smolder,Diana,1,0,0.0
Smolder,Draven,1,0,0.0
Smolder,Ekko,3,1,0.3333333333333333
Smolder,Ezreal,7,5,0.7142857142857143
Smolder,Galio,6,2,0.3333333333333333
Smolder,Garen,1,1,1.0
Smolder,Gnar,4,1,0.25
Smolder,Gragas,1,1,1.0
Smolder,Graves,4,2,0.5
Smolder,Gwen,1,1,1.0
Smolder,Hecarim,5,3,0.6
Smolder,Hwei,2,2,1.0
Smolder,Illaoi,2,1,0.5
Smolder,Irelia,2,1,0.5
Smolder,Ivern,1,0,0.0
Smolder,Janna,2,0,0.0
Smolder,JarvanIV,4,2,0.5
Smolder,Jax,3,0,0.0
Smolder,Jayce,11,7,0.6363636363636364
Smolder,Jhin,3,1,0.3333333333333333
Smolder,Kaisa,5,3,0.6
Smolder,Kalista,1,0,0.0
Smolder,Karma,11,9,0.8181818181818182
Smolder,Karthus,2,1,0.5
Smolder,Kassadin,4,3,0.75
Smolder,Katarina,1,0,0.0
Smolder,Kayle,1,0,0.0
Smolder,Kayn,2,2,1.0
Smolder,Khazix,1,0,0.0
Smolder,Kled,2,0,0.0
Smolder,LeeSin,6,3,0.5
Smolder,Leona,1,1,1.0
Smolder,Lillia,2,1,0.5
Smolder,Lissandra,4,2,0.5
Smolder,Lucian,2,1,0.5
Smolder,Lulu,3,2,0.6666666666666666
Smolder,Malzahar,3,1,0.3333333333333333
Smolder,Maokai,1,0,0.0
Smolder,MasterYi,1,0,0.0
Smolder,Mel,3,2,0.6666666666666666
Smolder,MonkeyKing,1,1,1.0
Smolder,Naafiri,4,0,0.0
Smolder,Nami,8,3,0.375
Smolder,Nasus,2,1,0.5
Smolder,Nautilus,10,4,0.4
Smolder,Neeko,7,3,0.42857142857142855
Smolder,Nidalee,3,1,0.3333333333333333
Smolder,Nocturne,11,6,0.5454545454545454
Smolder,Nunu,2,1,0.5
Smolder,Olaf,1,0,0.0
Smolder,Orianna,4,2,0.5
Smolder,Ornn,2,1,0.5
Smolder,Pantheon,1,1,1.0
Smolder,Poppy,1,0,0.0
Smolder,Pyke,2,0,0.0
Smolder,Qiyana,2,0,0.0
Smolder,Rakan,1,1,1.0
Smolder,RekSai,2,0,0.0
Smolder,Rell,2,0,0.0
Smolder,Renekton,5,2,0.4
Smolder,Riven,2,2,1.0
Smolder,Rumble,2,2,1.0
Smolder,Ryze,4,3,0.75
Smolder,Samira,1,1,1.0
Smolder,Senna,2,0,0.0
Smolder,Seraphine,1,0,0.0
Smolder,Shaco,1,0,0.0
Smolder,Singed,5,1,0.2
Smolder,Sion,8,6,0.75
Smolder,Sivir,4,2,0.5
Smolder,Skarner,1,0,0.0
Smolder,Sona,4,1,0.25
Smolder,Swain,3,1,0.3333333333333333
Smolder,Sylas,5,2,0.4
Smolder,Syndra,1,1,1.0
Smolder,Talon,2,0,0.0
Smolder,Teemo,1,1,1.0
Smolder,Tristana,2,0,0.0
Smolder,TwistedFate,3,3,1.0
Smolder,Udyr,1,1,1.0
Smolder,Varus,4,0,0.0
Smolder,Vayne,7,3,0.42857142857142855
Smolder,Veigar,3,1,0.3333333333333333
Smolder,Velkoz,1,1,1.0
Smolder,Vex,2,1,0.5
Smolder,Vi,2,1,0.5
Smolder,Viego,1,0,0.0
Smolder,Viktor,2,0,0.0
Smolder,Vladimir,2,1,0.5
Smolder,Volibear,1,0,0.0
Smolder,Xayah,2,1,0.5
Smolder,Xerath,2,1,0.5
Smolder,XinZhao,2,2,1.0
Smolder,Yasuo,1,1,1.0
Smolder,Yone,3,1,0.3333333333333333
Smolder,Yorick,3,3,1.0
Smolder,Yunara,3,1,0.3333333333333333
Smolder,Yuumi,3,1,0.3333333333333333
Smolder,Zac,1,0,0.0
Smolder,Zed,1,0,0.0
Smolder,Zeri,2,1,0.5
Smolder,Zilean,1,0,0.0
Smolder,Zoe,2,1,0.5
Smolder,Zyra,3,2,0.6666666666666666
Sona,Aatrox,15,7,0.4666666666666667
Sona,Ahri,11,5,0.45454545454545453
Sona,Akali,8,2,0.25
Sona,Akshan,4,3,0.75
Sona,Alistar,6,3,0.5
Sona,Ambessa,11,5,0.45454545454545453
Sona,Amumu,1,1,1.0
Sona,Anivia,20,11,0.55
Sona,Annie,5,1,0.2
Sona,Aphelios,5,5,1.0
Sona,Ashe,9,5,0.5555555555555556
Sona,AurelionSol,2,1,0.5
Sona,Aurora,11,6,0.5454545454545454
Sona,Azir,5,3,0.6
Sona,Bard,12,7,0.5833333333333334
Sona,Belveth,2,2,1.0
Sona,Blitzcrank,2,2,1.0
Sona,Braum,3,1,0.3333333333333333
Sona,Caitlyn,18,11,0.6111111111111112
Sona,Camille,4,4,1.0
Sona,Cassiopeia,5,5,1.0
Sona,Chogath,1,1,1.0
Sona,Corki,7,5,0.7142857142857143
Sona,Darius,3,3,1.0
Sona,Diana,3,2,0.6666666666666666
Sona,DrMundo,4,3,0.75
Sona,Draven,3,2,0.6666666666666666
Sona,Ekko,6,4,0.6666666666666666
Sona,Elise,6,4,0.6666666666666666
Sona,Evelynn,1,0,0.0
Sona,Ezreal,25,13,0.52
Sona,FiddleSticks,2,2,1.0
Sona,Fiora,4,2,0.5
Sona,Fizz,2,2,1.0
Sona,Galio,1,1,1.0
Sona,Gangplank,2,1,0.5
Sona,Garen,1,1,1.0
Sona,Gnar,9,6,0.6666666666666666
Sona,Gragas,1,0,0.0
Sona,Graves,6,3,0.5
Sona,Gwen,6,4,0.6666666666666666
Sona,Hecarim,2,1,0.5
Sona,Heimerdinger,1,0,0.0
Sona,Hwei,7,4,0.5714285714285714
Sona,Illaoi,3,2,0.6666666666666666
Sona,Irelia,5,2,0.4
Sona,Ivern,2,2,1.0
Sona,Janna,2,1,0.5
Sona,JarvanIV,15,6,0.4
Sona,Jax,5,3,0.6
Sona,Jayce,19,10,0.5263157894736842
Sona,Jhin,6,2,0.3333333333333333
Sona,Jinx,1,0,0.0
Sona,KSante,6,5,0.8333333333333334
Sona,Kaisa,8,4,0.5
Sona,Karma,17,11,0.6470588235294118
Sona,Karthus,9,4,0.4444444444444444
Sona,Kassadin,4,2,0.5
Sona,Katarina,4,2,0.5
Sona,Kayle,3,1,0.3333333333333333
Sona,Kayn,4,1,0.25
Sona,Kennen,2,1,0.5
Sona,Khazix,6,2,0.3333333333333333
Sona,Kindred,1,0,0.0
Sona,KogMaw,4,2,0.5
Sona,Leblanc,5,3,0.6
Sona,LeeSin,23,13,0.5652173913043478
Sona,Leona,7,5,0.7142857142857143
Sona,Lillia,2,2,1.0
Sona,Lissandra,6,2,0.3333333333333333
Sona,Lucian,9,5,0.5555555555555556
Sona,Lulu,6,2,0.3333333333333333
Sona,Lux,4,4,1.0
Sona,Malphite,5,3,0.6
Sona,Malzahar,1,1,1.0
Sona,Maokai,2,1,0.5
Sona,MasterYi,4,2,0.5
Sona,Mel,7,3,0.42857142857142855
Sona,Milio,2,0,0.0
Sona,MissFortune,4,1,0.25
Sona,MonkeyKing,2,1,0.5
Sona,Morgana,1,1,1.0
Sona,Naafiri,11,7,0.6363636363636364
Sona,Nami,13,7,0.5384615384615384
Sona,Nasus,1,1,1.0
Sona,Nautilus,20,9,0.45
Sona,Neeko,7,2,0.2857142857142857
Sona,Nidalee,5,2,0.4
Sona,Nilah,2,2,1.0
Sona,Nocturne,1,0,0.0
Sona,Nunu,6,2,0.3333333333333333
Sona,Olaf,2,0,0.0
Sona,Orianna,3,0,0.0
Sona,Ornn,6,3,0.5
Sona,Pantheon,16,8,0.5
Sona,Poppy,4,1,0.25
Sona,Pyke,6,0,0.0
Sona,Qiyana,6,2,0.3333333333333333
Sona,Rakan,6,3,0.5
Sona,Rammus,3,3,1.0
Sona,RekSai,4,2,0.5
Sona,Rell,4,4,1.0
Sona,Renekton,5,2,0.4
Sona,Rengar,2,1,0.5
Sona,Riven,8,5,0.625
Sona,Rumble,4,2,0.5
Sona,Ryze,7,5,0.7142857142857143
Sona,Samira,2,0,0.0
Sona,Sejuani,1,0,0.0
Sona,Senna,6,3,0.5
Sona,Seraphine,15,8,0.5333333333333333
Sona,Sett,1,0,0.0
Sona,Shaco,2,2,1.0
Sona,Shen,4,2,0.5
Sona,Singed,2,1,0.5
Sona,Sion,13,5,0.38461538461538464
Sona,Sivir,5,3,0.6
Sona,Skarner,6,2,0.3333333333333333
Sona,Smolder,4,3,0.75
Sona,Soraka,5,1,0.2
Sona,Swain,3,2,0.6666666666666666
Sona,Sylas,22,13,0.5909090909090909
Sona,Syndra,7,2,0.2857142857142857
Sona,Taliyah,5,2,0.4
Sona,Talon,4,2,0.5
Sona,Teemo,5,3,0.6
Sona,Thresh,6,3,0.5
Sona,Tristana,8,4,0.5
Sona,Trundle,1,0,0.0
Sona,TwistedFate,12,8,0.6666666666666666
Sona,Udyr,2,2,1.0
Sona,Urgot,2,2,1.0
Sona,Varus,12,6,0.5
Sona,Vayne,5,4,0.8
Sona,Veigar,5,4,0.8
Sona,Velkoz,1,1,1.0
Sona,Vi,8,3,0.375
Sona,Viego,4,3,0.75
Sona,Viktor,5,1,0.2
Sona,Vladimir,7,3,0.42857142857142855
Sona,Xayah,1,0,0.0
Sona,Xerath,1,1,1.0
Sona,XinZhao,9,5,0.5555555555555556
Sona,Yasuo,9,5,0.5555555555555556
Sona,Yone,7,2,0.2857142857142857
Sona,Yorick,6,3,0.5
Sona,Yunara,11,6,0.5454545454545454
Sona,Yuumi,2,1,0.5
Sona,Zaahen,3,3,1.0
Sona,Zac,1,0,0.0
Sona,Zed,6,4,0.6666666666666666
Sona,Ziggs,2,1,0.5
Sona,Zilean,3,1,0.3333333333333333
Sona,Zoe,6,4,0.6666666666666666
Sona,Zyra,3,2,0.6666666666666666
Soraka,Aatrox,4,1,0.25
Soraka,Ahri,3,2,0.6666666666666666
Soraka,Akali,7,6,0.8571428571428571
Soraka,Akshan,2,1,0.5
Soraka,Alistar,2,1,0.5
Soraka,Ambessa,6,5,0.8333333333333334
Soraka,Anivia,10,6,0.6
Soraka,Annie,5,3,0.6
Soraka,Aphelios,1,0,0.0
Soraka,Ashe,6,3,0.5
Soraka,AurelionSol,5,4,0.8
Soraka,Aurora,6,4,0.6666666666666666
Soraka,Azir,2,1,0.5
Soraka,Bard,6,4,0.6666666666666666
Soraka,Belveth,3,2,0.6666666666666666
Soraka,Blitzcrank,5,2,0.4
Soraka,Brand,2,0,0.0
Soraka,Briar,2,1,0.5
Soraka,Caitlyn,11,10,0.9090909090909091
Soraka,Cassiopeia,2,2,1.0
Soraka,Chogath,1,1,1.0
Soraka,Corki,7,2,0.2857142857142857
Soraka,DrMundo,1,1,1.0
Soraka,Draven,2,0,0.0
Soraka,Ekko,3,2,0.6666666666666666
Soraka,Elise,2,1,0.5
Soraka,Ezreal,10,8,0.8
Soraka,FiddleSticks,3,2,0.6666666666666666
Soraka,Fiora,1,1,1.0
Soraka,Galio,3,3,1.0
Soraka,Gangplank,1,1,1.0
Soraka,Garen,1,1,1.0
Soraka,Gnar,4,1,0.25
Soraka,Gragas,1,1,1.0
Soraka,Graves,5,1,0.2
Soraka,Gwen,1,1,1.0
Soraka,Hecarim,3,2,0.6666666666666666
Soraka,Hwei,3,1,0.3333333333333333
Soraka,Irelia,3,3,1.0
Soraka,Ivern,2,2,1.0
Soraka,Janna,3,2,0.6666666666666666
Soraka,JarvanIV,1,1,1.0
Soraka,Jax,3,1,0.3333333333333333
Soraka,Jayce,9,6,0.6666666666666666
Soraka,Jhin,6,3,0.5
Soraka,Jinx,3,1,0.3333333333333333
Soraka,KSante,4,2,0.5
Soraka,Kaisa,3,1,0.3333333333333333
Soraka,Kalista,2,2,1.0
Soraka,Karma,11,9,0.8181818181818182
Soraka,Karthus,2,1,0.5
Soraka,Katarina,3,1,0.3333333333333333
Soraka,Kayn,2,0,0.0
Soraka,Kennen,1,1,1.0
Soraka,Khazix,1,1,1.0
Soraka,Kindred,1,0,0.0
Soraka,Kled,3,1,0.3333333333333333
Soraka,Leblanc,2,1,0.5
Soraka,LeeSin,4,1,0.25
Soraka,Leona,2,1,0.5
Soraka,Lillia,1,1,1.0
Soraka,Lissandra,3,0,0.0
Soraka,Lucian,6,3,0.5
Soraka,Lulu,2,1,0.5
Soraka,Lux,3,1,0.3333333333333333
Soraka,Malphite,2,1,0.5
Soraka,Maokai,1,1,1.0
Soraka,MasterYi,1,1,1.0
Soraka,Mel,5,4,0.8
Soraka,Milio,1,1,1.0
Soraka,MissFortune,1,1,1.0
Soraka,MonkeyKing,2,1,0.5
Soraka,Morgana,2,1,0.5
Soraka,Naafiri,5,4,0.8
Soraka,Nami,8,3,0.375
Soraka,Nautilus,8,4,0.5
Soraka,Neeko,3,0,0.0
Soraka,Nidalee,4,3,0.75
Soraka,Nilah,1,0,0.0
Soraka,Nocturne,3,2,0.6666666666666666
Soraka,Nunu,1,1,1.0
Soraka,Olaf,2,2,1.0
Soraka,Orianna,2,0,0.0
Soraka,Ornn,3,0,0.0
Soraka,Pantheon,5,2,0.4
Soraka,Poppy,2,1,0.5
Soraka,Pyke,2,2,1.0
Soraka,Qiyana,5,3,0.6
Soraka,Quinn,2,2,1.0
Soraka,Rakan,5,4,0.8
Soraka,Rammus,2,2,1.0
Soraka,RekSai,2,1,0.5
Soraka,Renata,1,1,1.0
Soraka,Renekton,1,0,0.0
Soraka,Rengar,5,3,0.6
Soraka,Riven,3,2,0.6666666666666666
Soraka,Rumble,3,3,1.0
Soraka,Ryze,4,3,0.75
Soraka,Samira,1,0,0.0
Soraka,Sejuani,1,1,1.0
Soraka,Senna,8,6,0.75
Soraka,Seraphine,5,2,0.4
Soraka,Sett,2,2,1.0
Soraka,Shen,1,1,1.0
Soraka,Shyvana,1,1,1.0
Soraka,Singed,2,2,1.0
Soraka,Sion,4,2,0.5
Soraka,Sivir,3,2,0.6666666666666666
Soraka,Skarner,2,1,0.5
Soraka,Sona,5,4,0.8
Soraka,Swain,2,1,0.5
Soraka,Sylas,5,5,1.0
Soraka,Syndra,2,1,0.5
Soraka,TahmKench,1,0,0.0
Soraka,Taliyah,3,3,1.0
Soraka,Talon,3,1,0.3333333333333333
Soraka,Teemo,2,0,0.0
Soraka,Thresh,1,1,1.0
Soraka,Tristana,2,2,1.0
Soraka,Tryndamere,1,1,1.0
Soraka,TwistedFate,4,1,0.25
Soraka,Twitch,1,1,1.0
Soraka,Udyr,5,2,0.4
Soraka,Varus,4,2,0.5
Soraka,Vayne,7,3,0.42857142857142855
Soraka,Veigar,2,1,0.5
Soraka,Velkoz,1,1,1.0
Soraka,Vex,4,1,0.25
Soraka,Vi,7,4,0.5714285714285714
Soraka,Viego,5,3,0.6
Soraka,Viktor,2,2,1.0
Soraka,Vladimir,4,3,0.75
Soraka,Xayah,1,1,1.0
Soraka,Xerath,4,3,0.75
Soraka,XinZhao,3,2,0.6666666666666666
Soraka,Yasuo,5,4,0.8
Soraka,Yone,3,1,0.3333333333333333
Soraka,Yunara,5,3,0.6
Soraka,Yuumi,1,1,1.0
Soraka,Zaahen,5,1,0.2
Soraka,Zac,1,1,1.0
Soraka,Zed,5,2,0.4
Soraka,Zeri,1,0,0.0
Soraka,Ziggs,2,1,0.5
Soraka,Zoe,5,3,0.6
Soraka,Zyra,1,0,0.0
Swain,Aatrox,4,3,0.75
Swain,Ahri,3,3,1.0
Swain,Akali,4,3,0.75
Swain,Akshan,3,2,0.6666666666666666
Swain,Alistar,3,1,0.3333333333333333
Swain,Ambessa,3,1,0.3333333333333333
Swain,Anivia,14,7,0.5
Swain,Annie,1,1,1.0
Swain,Aphelios,1,1,1.0
Swain,Ashe,6,2,0.3333333333333333
Swain,AurelionSol,2,2,1.0
Swain,Aurora,6,5,0.8333333333333334
Swain,Azir,2,0,0.0
Swain,Bard,9,3,0.3333333333333333
Swain,Belveth,1,1,1.0
Swain,Blitzcrank,1,0,0.0
Swain,Braum,1,1,1.0
Swain,Briar,1,1,1.0
Swain,Caitlyn,5,2,0.4
Swain,Camille,4,3,0.75
Swain,Cassiopeia,3,1,0.3333333333333333
Swain,Corki,5,0,0.0
Swain,Darius,3,1,0.3333333333333333
Swain,DrMundo,1,1,1.0
Swain,Draven,2,1,0.5
Swain,Ekko,2,1,0.5
Swain,Elise,1,1,1.0
Swain,Ezreal,7,5,0.7142857142857143
Swain,FiddleSticks,1,1,1.0
Swain,Fiora,1,0,0.0
Swain,Fizz,2,1,0.5
Swain,Galio,1,0,0.0
Swain,Gangplank,1,1,1.0
Swain,Garen,3,3,1.0
Swain,Gnar,5,1,0.2
Swain,Graves,6,3,0.5
Swain,Gwen,2,0,0.0
Swain,Hecarim,2,2,1.0
Swain,Hwei,2,1,0.5
Swain,Irelia,5,4,0.8
Swain,Ivern,1,1,1.0
Swain,Janna,3,2,0.6666666666666666
Swain,JarvanIV,3,2,0.6666666666666666
Swain,Jax,2,1,0.5
Swain,Jayce,9,6,0.6666666666666666
Swain,Jhin,2,1,0.5
Swain,Jinx,1,1,1.0
Swain,KSante,2,1,0.5
Swain,Kaisa,3,2,0.6666666666666666
Swain,Karma,11,6,0.5454545454545454
Swain,Karthus,1,0,0.0
Swain,Kassadin,1,0,0.0
Swain,Kayle,1,1,1.0
Swain,Kayn,3,2,0.6666666666666666
Swain,Kindred,2,2,1.0
Swain,Leblanc,2,2,1.0
Swain,LeeSin,8,2,0.25
Swain,Leona,3,2,0.6666666666666666
Swain,Lillia,4,3,0.75
Swain,Lucian,1,1,1.0
Swain,Lulu,3,1,0.3333333333333333
Swain,Lux,1,0,0.0
Swain,Malphite,1,1,1.0
Swain,MasterYi,2,2,1.0
Swain,Mel,5,2,0.4
Swain,MonkeyKing,2,1,0.5
Swain,Morgana,1,1,1.0
Swain,Naafiri,1,1,1.0
Swain,Nami,7,3,0.42857142857142855
Swain,Nautilus,3,3,1.0
Swain,Neeko,3,2,0.6666666666666666
Swain,Nidalee,2,1,0.5
Swain,Nocturne,3,1,0.3333333333333333
Swain,Nunu,1,1,1.0
Swain,Olaf,1,0,0.0
Swain,Orianna,5,2,0.4
Swain,Ornn,3,1,0.3333333333333333
Swain,Pantheon,5,2,0.4
Swain,Poppy,1,1,1.0
Swain,Pyke,2,1,0.5
Swain,Qiyana,2,2,1.0
Swain,Rakan,4,2,0.5
Swain,Rell,1,1,1.0
Swain,Renekton,3,1,0.3333333333333333
Swain,Riven,5,3,0.6
Swain,Rumble,2,1,0.5
Swain,Ryze,6,3,0.5
Swain,Samira,1,0,0.0
Swain,Senna,5,3,0.6
Swain,Seraphine,2,1,0.5
Swain,Sett,1,0,0.0
Swain,Shen,1,0,0.0
Swain,Singed,1,1,1.0
Swain,Sion,1,1,1.0
Swain,Sivir,3,2,0.6666666666666666
Swain,Skarner,1,0,0.0
Swain,Smolder,3,2,0.6666666666666666
Swain,Sona,3,1,0.3333333333333333
Swain,Soraka,2,1,0.5
Swain,Sylas,17,11,0.6470588235294118
Swain,Syndra,6,4,0.6666666666666666
Swain,Taliyah,1,0,0.0
Swain,Talon,4,2,0.5
Swain,Taric,1,0,0.0
Swain,Teemo,2,1,0.5
Swain,Thresh,2,2,1.0
Swain,Tristana,4,2,0.5
Swain,Tryndamere,2,0,0.0
Swain,Udyr,1,0,0.0
Swain,Urgot,1,1,1.0
Swain,Varus,9,5,0.5555555555555556
Swain,Vayne,8,3,0.375
Swain,Veigar,1,0,0.0
Swain,Vex,1,0,0.0
Swain,Vi,4,3,0.75
Swain,Viego,2,0,0.0
Swain,Viktor,2,2,1.0
Swain,Vladimir,3,3,1.0
Swain,Warwick,1,0,0.0
Swain,Xayah,1,0,0.0
Swain,Xerath,1,0,0.0
Swain,XinZhao,2,1,0.5
Swain,Yasuo,7,6,0.8571428571428571
Swain,Yone,8,4,0.5
Swain,Yorick,1,0,0.0
Swain,Yunara,9,5,0.5555555555555556
Swain,Zaahen,2,1,0.5
Swain,Zac,1,0,0.0
Swain,Zed,5,1,0.2
Swain,Ziggs,1,1,1.0
Swain,Zilean,1,1,1.0
Swain,Zoe,2,1,0.5
Swain,Zyra,1,0,0.0
Sylas,Aatrox,17,7,0.4117647058823529
Sylas,Ahri,33,13,0.3939393939393939
Sylas,Akali,16,7,0.4375
Sylas,Akshan,9,5,0.5555555555555556
Sylas,Alistar,14,8,0.5714285714285714
Sylas,Ambessa,29,13,0.4482758620689655
Sylas,Amumu,3,3,1.0
Sylas,Anivia,27,13,0.48148148148148145
Sylas,Annie,10,4,0.4
Sylas,Aphelios,7,4,0.5714285714285714
Sylas,Ashe,32,17,0.53125
Sylas,AurelionSol,2,1,0.5
Sylas,Aurora,28,17,0.6071428571428571
Sylas,Azir,3,3,1.0
Sylas,Bard,19,8,0.42105263157894735
Sylas,Belveth,3,1,0.3333333333333333
Sylas,Blitzcrank,3,2,0.6666666666666666
Sylas,Brand,4,3,0.75
Sylas,Braum,4,1,0.25
Sylas,Briar,3,2,0.6666666666666666
Sylas,Caitlyn,12,9,0.75
Sylas,Camille,4,3,0.75
Sylas,Cassiopeia,8,5,0.625
Sylas,Chogath,2,1,0.5
Sylas,Corki,17,9,0.5294117647058824
Sylas,Darius,6,3,0.5
Sylas,Diana,5,3,0.6
Sylas,DrMundo,5,3,0.6
Sylas,Draven,7,3,0.42857142857142855
Sylas,Ekko,15,8,0.5333333333333333
Sylas,Elise,3,0,0.0
Sylas,Evelynn,1,1,1.0
Sylas,Ezreal,59,28,0.4745762711864407
Sylas,FiddleSticks,5,3,0.6
Sylas,Fiora,8,5,0.625
Sylas,Fizz,3,2,0.6666666666666666
Sylas,Galio,7,4,0.5714285714285714
Sylas,Gangplank,5,4,0.8
Sylas,Garen,2,1,0.5
Sylas,Gnar,32,19,0.59375
Sylas,Gragas,5,4,0.8
Sylas,Graves,15,11,0.7333333333333333
Sylas,Gwen,3,2,0.6666666666666666
Sylas,Hecarim,8,6,0.75
Sylas,Heimerdinger,1,1,1.0
Sylas,Hwei,9,5,0.5555555555555556
Sylas,Illaoi,1,0,0.0
Sylas,Irelia,11,4,0.36363636363636365
Sylas,Ivern,2,1,0.5
Sylas,Janna,3,0,0.0
Sylas,JarvanIV,20,12,0.6
Sylas,Jax,10,5,0.5
Sylas,Jayce,30,16,0.5333333333333333
Sylas,Jhin,26,14,0.5384615384615384
Sylas,Jinx,11,4,0.36363636363636365
Sylas,KSante,12,9,0.75
Sylas,Kaisa,14,9,0.6428571428571429
Sylas,Kalista,10,7,0.7
Sylas,Karma,34,20,0.5882352941176471
Sylas,Karthus,13,6,0.46153846153846156
Sylas,Kassadin,3,1,0.3333333333333333
Sylas,Katarina,4,1,0.25
Sylas,Kayle,5,1,0.2
Sylas,Kayn,6,4,0.6666666666666666
Sylas,Kennen,5,2,0.4
Sylas,Khazix,5,3,0.6
Sylas,Kindred,6,3,0.5
Sylas,Kled,4,2,0.5
Sylas,KogMaw,1,1,1.0
Sylas,Leblanc,9,5,0.5555555555555556
Sylas,LeeSin,22,9,0.4090909090909091
Sylas,Leona,11,5,0.45454545454545453
Sylas,Lillia,4,3,0.75
Sylas,Lissandra,20,13,0.65
Sylas,Lucian,12,6,0.5
Sylas,Lulu,15,4,0.26666666666666666
Sylas,Lux,7,6,0.8571428571428571
Sylas,Malphite,11,4,0.36363636363636365
Sylas,Malzahar,1,1,1.0
Sylas,Maokai,5,1,0.2
Sylas,MasterYi,4,2,0.5
Sylas,Mel,10,6,0.6
Sylas,Milio,3,2,0.6666666666666666
Sylas,MissFortune,4,1,0.25
Sylas,MonkeyKing,4,1,0.25
Sylas,Mordekaiser,2,1,0.5
Sylas,Morgana,2,0,0.0
Sylas,Naafiri,12,6,0.5
Sylas,Nami,19,10,0.5263157894736842
Sylas,Nasus,3,2,0.6666666666666666
Sylas,Nautilus,28,16,0.5714285714285714
Sylas,Neeko,11,7,0.6363636363636364
Sylas,Nidalee,11,8,0.7272727272727273
Sylas,Nilah,3,1,0.3333333333333333
Sylas,Nocturne,11,3,0.2727272727272727
Sylas,Nunu,3,1,0.3333333333333333
Sylas,Olaf,3,2,0.6666666666666666
Sylas,Orianna,14,8,0.5714285714285714
Sylas,Ornn,11,3,0.2727272727272727
Sylas,Pantheon,27,15,0.5555555555555556
Sylas,Poppy,13,4,0.3076923076923077
Sylas,Pyke,13,7,0.5384615384615384
Sylas,Qiyana,14,7,0.5
Sylas,Quinn,3,3,1.0
Sylas,Rakan,12,5,0.4166666666666667
Sylas,RekSai,8,3,0.375
Sylas,Rell,9,7,0.7777777777777778
Sylas,Renata,1,1,1.0
Sylas,Renekton,15,11,0.7333333333333333
Sylas,Rengar,6,5,0.8333333333333334
Sylas,Riven,8,3,0.375
Sylas,Rumble,12,7,0.5833333333333334
Sylas,Ryze,22,10,0.45454545454545453
Sylas,Samira,2,2,1.0
Sylas,Sejuani,2,1,0.5
Sylas,Senna,13,6,0.46153846153846156
Sylas,Seraphine,20,10,0.5
Sylas,Sett,2,2,1.0
Sylas,Shaco,4,2,0.5
Sylas,Shen,6,3,0.5
Sylas,Shyvana,3,1,0.3333333333333333
Sylas,Singed,14,8,0.5714285714285714
Sylas,Sion,13,7,0.5384615384615384
Sylas,Sivir,10,6,0.6
Sylas,Skarner,4,2,0.5
Sylas,Smolder,5,3,0.6
Sylas,Sona,22,9,0.4090909090909091
Sylas,Soraka,5,0,0.0
Sylas,Swain,17,6,0.35294117647058826
Sylas,Syndra,5,4,0.8
Sylas,TahmKench,1,1,1.0
Sylas,Taliyah,7,2,0.2857142857142857
Sylas,Talon,8,4,0.5
Sylas,Taric,6,3,0.5
Sylas,Teemo,3,1,0.3333333333333333
Sylas,Thresh,10,8,0.8
Sylas,Tristana,5,2,0.4
Sylas,Trundle,3,1,0.3333333333333333
Sylas,Tryndamere,1,0,0.0
Sylas,TwistedFate,15,5,0.3333333333333333
Sylas,Udyr,3,2,0.6666666666666666
Sylas,Urgot,2,1,0.5
Sylas,Varus,22,11,0.5
Sylas,Vayne,16,8,0.5
Sylas,Veigar,4,3,0.75
Sylas,Velkoz,1,0,0.0
Sylas,Vex,7,2,0.2857142857142857
Sylas,Vi,18,7,0.3888888888888889
Sylas,Viego,10,5,0.5
Sylas,Viktor,5,4,0.8
Sylas,Vladimir,6,2,0.3333333333333333
Sylas,Volibear,1,0,0.0
Sylas,Warwick,1,0,0.0
Sylas,Xayah,4,2,0.5
Sylas,Xerath,3,3,1.0
Sylas,XinZhao,18,11,0.6111111111111112
Sylas,Yasuo,15,7,0.4666666666666667
Sylas,Yone,16,12,0.75
Sylas,Yorick,7,3,0.42857142857142855
Sylas,Yunara,13,4,0.3076923076923077
Sylas,Zaahen,9,2,0.2222222222222222
Sylas,Zac,3,1,0.3333333333333333
Sylas,Zed,10,3,0.3
Sylas,Ziggs,6,4,0.6666666666666666
Sylas,Zilean,6,3,0.5
Sylas,Zoe,6,4,0.6666666666666666
Sylas,Zyra,5,2,0.4
Syndra,Aatrox,9,5,0.5555555555555556
Syndra,Ahri,6,5,0.8333333333333334
Syndra,Akali,10,4,0.4
Syndra,Akshan,5,4,0.8
Syndra,Alistar,4,2,0.5
Syndra,Ambessa,18,12,0.6666666666666666
Syndra,Amumu,1,1,1.0
Syndra,Anivia,18,10,0.5555555555555556
Syndra,Annie,10,6,0.6
Syndra,Aphelios,3,1,0.3333333333333333
Syndra,Ashe,8,5,0.625
Syndra,AurelionSol,3,2,0.6666666666666666
Syndra,Aurora,14,10,0.7142857142857143
Syndra,Azir,5,2,0.4
Syndra,Bard,9,7,0.7777777777777778
Syndra,Belveth,1,1,1.0
Syndra,Blitzcrank,1,0,0.0
Syndra,Braum,2,1,0.5
Syndra,Caitlyn,10,8,0.8
Syndra,Camille,2,1,0.5
Syndra,Cassiopeia,2,0,0.0
Syndra,Corki,6,3,0.5
Syndra,Darius,3,3,1.0
Syndra,Diana,4,1,0.25
Syndra,DrMundo,3,2,0.6666666666666666
Syndra,Ekko,4,3,0.75
Syndra,Evelynn,1,1,1.0
Syndra,Ezreal,16,12,0.75
Syndra,FiddleSticks,5,4,0.8
Syndra,Fiora,3,1,0.3333333333333333
Syndra,Galio,1,1,1.0
Syndra,Gangplank,3,1,0.3333333333333333
Syndra,Garen,2,0,0.0
Syndra,Gnar,5,2,0.4
Syndra,Gragas,2,1,0.5
Syndra,Graves,5,4,0.8
Syndra,Hecarim,4,3,0.75
Syndra,Heimerdinger,4,2,0.5
Syndra,Hwei,5,2,0.4
Syndra,Irelia,3,3,1.0
Syndra,Ivern,1,0,0.0
Syndra,Janna,2,0,0.0
Syndra,JarvanIV,14,9,0.6428571428571429
Syndra,Jax,4,2,0.5
Syndra,Jayce,10,6,0.6
Syndra,Jhin,8,4,0.5
Syndra,Jinx,3,1,0.3333333333333333
Syndra,KSante,3,2,0.6666666666666666
Syndra,Kaisa,6,5,0.8333333333333334
Syndra,Kalista,1,1,1.0
Syndra,Karma,11,8,0.7272727272727273
Syndra,Karthus,1,1,1.0
Syndra,Kassadin,2,1,0.5
Syndra,Kayle,3,0,0.0
Syndra,Kayn,3,1,0.3333333333333333
Syndra,Kennen,1,1,1.0
Syndra,Khazix,1,0,0.0
Syndra,Kindred,2,2,1.0
Syndra,KogMaw,2,2,1.0
Syndra,Leblanc,4,2,0.5
Syndra,LeeSin,8,2,0.25
Syndra,Leona,8,4,0.5
Syndra,Lillia,2,1,0.5
Syndra,Lissandra,2,1,0.5
Syndra,Lucian,10,4,0.4
Syndra,Lulu,10,4,0.4
Syndra,Lux,2,1,0.5
Syndra,Malphite,3,1,0.3333333333333333
Syndra,Malzahar,2,1,0.5
Syndra,Maokai,1,0,0.0
Syndra,MasterYi,1,1,1.0
Syndra,Mel,7,6,0.8571428571428571
Syndra,Milio,2,2,1.0
Syndra,MissFortune,4,1,0.25
Syndra,MonkeyKing,3,0,0.0
Syndra,Mordekaiser,1,1,1.0
Syndra,Morgana,1,1,1.0
Syndra,Naafiri,7,6,0.8571428571428571
Syndra,Nami,10,3,0.3
Syndra,Nasus,3,0,0.0
Syndra,Nautilus,8,5,0.625
Syndra,Neeko,10,7,0.7
Syndra,Nidalee,2,1,0.5
Syndra,Nocturne,6,3,0.5
Syndra,Nunu,7,4,0.5714285714285714
Syndra,Orianna,10,3,0.3
Syndra,Ornn,3,1,0.3333333333333333
Syndra,Pantheon,11,4,0.36363636363636365
Syndra,Poppy,3,1,0.3333333333333333
Syndra,Pyke,5,2,0.4
Syndra,Qiyana,3,3,1.0
Syndra,Rakan,6,2,0.3333333333333333
Syndra,RekSai,2,2,1.0
Syndra,Rell,1,0,0.0
Syndra,Renata,1,1,1.0
Syndra,Renekton,7,2,0.2857142857142857
Syndra,Rengar,3,0,0.0
Syndra,Riven,5,5,1.0
Syndra,Rumble,4,4,1.0
Syndra,Ryze,5,3,0.6
Syndra,Senna,4,2,0.5
Syndra,Seraphine,4,1,0.25
Syndra,Sett,1,0,0.0
Syndra,Shaco,1,0,0.0
Syndra,Shen,2,1,0.5
Syndra,Shyvana,2,2,1.0
Syndra,Singed,2,2,1.0
Syndra,Sion,8,6,0.75
Syndra,Sivir,7,3,0.42857142857142855
Syndra,Skarner,1,0,0.0
Syndra,Smolder,1,0,0.0
Syndra,Sona,7,5,0.7142857142857143
Syndra,Soraka,2,1,0.5
Syndra,Swain,6,2,0.3333333333333333
Syndra,Sylas,5,1,0.2
Syndra,TahmKench,2,1,0.5
Syndra,Taliyah,3,2,0.6666666666666666
Syndra,Talon,3,1,0.3333333333333333
Syndra,Taric,2,1,0.5
Syndra,Teemo,5,1,0.2
Syndra,Thresh,6,4,0.6666666666666666
Syndra,Tristana,5,5,1.0
Syndra,Tryndamere,3,2,0.6666666666666666
Syndra,TwistedFate,3,2,0.6666666666666666
Syndra,Twitch,1,1,1.0
Syndra,Udyr,2,0,0.0
Syndra,Urgot,2,0,0.0
Syndra,Varus,7,5,0.7142857142857143
Syndra,Vayne,6,2,0.3333333333333333
Syndra,Velkoz,1,1,1.0
Syndra,Vi,4,2,0.5
Syndra,Viego,3,1,0.3333333333333333
Syndra,Viktor,6,4,0.6666666666666666
Syndra,Vladimir,3,2,0.6666666666666666
Syndra,Volibear,2,1,0.5
Syndra,Warwick,1,1,1.0
Syndra,Xayah,3,2,0.6666666666666666
Syndra,Xerath,3,3,1.0
Syndra,XinZhao,7,4,0.5714285714285714
Syndra,Yasuo,4,0,0.0
Syndra,Yone,6,4,0.6666666666666666
Syndra,Yorick,4,1,0.25
Syndra,Yunara,12,6,0.5
Syndra,Yuumi,2,1,0.5
Syndra,Zaahen,7,3,0.42857142857142855
Syndra,Zac,2,1,0.5
Syndra,Zed,3,1,0.3333333333333333
Syndra,Ziggs,2,1,0.5
Syndra,Zilean,2,2,1.0
Syndra,Zoe,4,1,0.25
Syndra,Zyra,5,3,0.6
TahmKench,Ahri,2,1,0.5
TahmKench,Akali,2,2,1.0
TahmKench,Akshan,1,0,0.0
TahmKench,Ambessa,4,1,0.25
TahmKench,Amumu,2,1,0.5
TahmKench,Ashe,1,0,0.0
TahmKench,AurelionSol,1,1,1.0
TahmKench,Aurora,1,1,1.0
TahmKench,Braum,1,0,0.0
TahmKench,Caitlyn,2,1,0.5
TahmKench,Diana,2,1,0.5
TahmKench,DrMundo,1,1,1.0
TahmKench,Draven,1,0,0.0
TahmKench,Ezreal,2,1,0.5
TahmKench,Fiora,2,1,0.5
TahmKench,Garen,1,0,0.0
TahmKench,Graves,1,1,1.0
TahmKench,Gwen,1,0,0.0
TahmKench,Jayce,2,1,0.5
TahmKench,Jinx,1,1,1.0
TahmKench,LeeSin,1,0,0.0
TahmKench,Lissandra,1,1,1.0
TahmKench,Lucian,2,1,0.5
TahmKench,Lux,1,1,1.0
TahmKench,Malzahar,1,1,1.0
TahmKench,Mel,4,3,0.75
TahmKench,Naafiri,2,2,1.0
TahmKench,Nami,2,1,0.5
TahmKench,Nautilus,5,3,0.6
TahmKench,Nocturne,1,1,1.0
TahmKench,Olaf,1,1,1.0
TahmKench,Orianna,1,0,0.0
TahmKench,Pantheon,2,0,0.0
TahmKench,Pyke,1,1,1.0
TahmKench,Rakan,1,0,0.0
TahmKench,RekSai,1,1,1.0
TahmKench,Rell,2,1,0.5
TahmKench,Renekton,1,1,1.0
TahmKench,Riven,1,1,1.0
TahmKench,Ryze,1,1,1.0
TahmKench,Shen,1,1,1.0
TahmKench,Singed,1,1,1.0
TahmKench,Soraka,1,1,1.0
TahmKench,Sylas,1,0,0.0
TahmKench,Syndra,2,1,0.5
TahmKench,Talon,1,1,1.0
TahmKench,Thresh,1,1,1.0
TahmKench,Tristana,1,1,1.0
TahmKench,Varus,1,1,1.0
TahmKench,Vayne,1,1,1.0
TahmKench,Vi,4,1,0.25
TahmKench,Vladimir,1,0,0.0
TahmKench,Xayah,1,0,0.0
TahmKench,Yasuo,1,1,1.0
TahmKench,Yuumi,1,1,1.0
TahmKench,Zed,1,1,1.0
TahmKench,Zeri,1,1,1.0
TahmKench,Zilean,1,0,0.0
Taliyah,Aatrox,7,1,0.14285714285714285
Taliyah,Ahri,10,7,0.7
Taliyah,Akali,7,2,0.2857142857142857
Taliyah,Akshan,3,1,0.3333333333333333
Taliyah,Alistar,3,3,1.0
Taliyah,Ambessa,12,8,0.6666666666666666
Taliyah,Anivia,10,2,0.2
Taliyah,Annie,3,1,0.3333333333333333
Taliyah,Ashe,8,2,0.25
Taliyah,AurelionSol,4,2,0.5
Taliyah,Aurora,7,5,0.7142857142857143
Taliyah,Azir,3,2,0.6666666666666666
Taliyah,Bard,11,5,0.45454545454545453
Taliyah,Belveth,2,1,0.5
Taliyah,Blitzcrank,2,1,0.5
Taliyah,Brand,3,1,0.3333333333333333
Taliyah,Braum,4,2,0.5
Taliyah,Briar,4,3,0.75
Taliyah,Caitlyn,12,4,0.3333333333333333
Taliyah,Camille,1,0,0.0
Taliyah,Cassiopeia,1,1,1.0
Taliyah,Corki,2,2,1.0
Taliyah,Darius,1,0,0.0
Taliyah,Diana,2,1,0.5
Taliyah,DrMundo,3,1,0.3333333333333333
Taliyah,Ekko,3,2,0.6666666666666666
Taliyah,Elise,4,3,0.75
Taliyah,Evelynn,1,1,1.0
Taliyah,Ezreal,21,11,0.5238095238095238
Taliyah,FiddleSticks,1,0,0.0
Taliyah,Fiora,1,1,1.0
Taliyah,Fizz,1,0,0.0
Taliyah,Galio,5,4,0.8
Taliyah,Gangplank,2,1,0.5
Taliyah,Garen,4,1,0.25
Taliyah,Gnar,7,4,0.5714285714285714
Taliyah,Gragas,1,0,0.0
Taliyah,Graves,2,0,0.0
Taliyah,Gwen,5,2,0.4
Taliyah,Hecarim,3,1,0.3333333333333333
Taliyah,Heimerdinger,1,0,0.0
Taliyah,Hwei,3,1,0.3333333333333333
Taliyah,Irelia,7,2,0.2857142857142857
Taliyah,Ivern,3,1,0.3333333333333333
Taliyah,Janna,3,1,0.3333333333333333
Taliyah,JarvanIV,11,8,0.7272727272727273
Taliyah,Jax,4,3,0.75
Taliyah,Jayce,15,11,0.7333333333333333
Taliyah,Jhin,10,3,0.3
Taliyah,Jinx,3,2,0.6666666666666666
Taliyah,KSante,3,1,0.3333333333333333
Taliyah,Kaisa,9,5,0.5555555555555556
Taliyah,Kalista,8,7,0.875
Taliyah,Karma,14,10,0.7142857142857143
Taliyah,Karthus,2,2,1.0
Taliyah,Katarina,3,2,0.6666666666666666
Taliyah,Kayle,3,0,0.0
Taliyah,Kayn,3,2,0.6666666666666666
Taliyah,Kennen,1,1,1.0
Taliyah,Kindred,3,3,1.0
Taliyah,Kled,1,1,1.0
Taliyah,KogMaw,2,1,0.5
Taliyah,Leblanc,8,4,0.5
Taliyah,LeeSin,16,10,0.625
Taliyah,Leona,3,1,0.3333333333333333
Taliyah,Lillia,2,1,0.5
Taliyah,Lissandra,2,0,0.0
Taliyah,Lucian,5,2,0.4
Taliyah,Lulu,6,2,0.3333333333333333
Taliyah,Lux,4,3,0.75
Taliyah,Maokai,2,0,0.0
Taliyah,MasterYi,3,3,1.0
Taliyah,Mel,8,5,0.625
Taliyah,MissFortune,2,1,0.5
Taliyah,MonkeyKing,2,2,1.0
Taliyah,Naafiri,10,2,0.2
Taliyah,Nami,5,1,0.2
Taliyah,Nasus,2,1,0.5
Taliyah,Nautilus,19,13,0.6842105263157895
Taliyah,Neeko,6,2,0.3333333333333333
Taliyah,Nidalee,5,3,0.6
Taliyah,Nocturne,4,2,0.5
Taliyah,Olaf,4,0,0.0
Taliyah,Orianna,9,5,0.5555555555555556
Taliyah,Ornn,6,1,0.16666666666666666
Taliyah,Pantheon,7,4,0.5714285714285714
Taliyah,Poppy,2,0,0.0
Taliyah,Pyke,6,4,0.6666666666666666
Taliyah,Qiyana,4,1,0.25
Taliyah,Quinn,2,0,0.0
Taliyah,Rakan,4,2,0.5
Taliyah,RekSai,3,1,0.3333333333333333
Taliyah,Rell,3,3,1.0
Taliyah,Renata,3,2,0.6666666666666666
Taliyah,Renekton,2,2,1.0
Taliyah,Rengar,4,2,0.5
Taliyah,Riven,5,5,1.0
Taliyah,Rumble,5,2,0.4
Taliyah,Ryze,17,8,0.47058823529411764
Taliyah,Samira,2,2,1.0
Taliyah,Sejuani,2,1,0.5
Taliyah,Senna,6,3,0.5
Taliyah,Seraphine,5,1,0.2
Taliyah,Shaco,1,0,0.0
Taliyah,Shen,1,1,1.0
Taliyah,Shyvana,2,2,1.0
Taliyah,Singed,2,2,1.0
Taliyah,Sion,6,3,0.5
Taliyah,Sivir,4,3,0.75
Taliyah,Skarner,8,4,0.5
Taliyah,Sona,5,3,0.6
Taliyah,Soraka,3,0,0.0
Taliyah,Swain,1,1,1.0
Taliyah,Sylas,7,5,0.7142857142857143
Taliyah,Syndra,3,1,0.3333333333333333
Taliyah,Talon,6,5,0.8333333333333334
Taliyah,Taric,1,1,1.0
Taliyah,Teemo,1,0,0.0
Taliyah,Thresh,5,4,0.8
Taliyah,Tristana,3,2,0.6666666666666666
Taliyah,Tryndamere,1,0,0.0
Taliyah,TwistedFate,1,0,0.0
Taliyah,Udyr,1,0,0.0
Taliyah,Urgot,2,1,0.5
Taliyah,Varus,9,3,0.3333333333333333
Taliyah,Vayne,13,8,0.6153846153846154
Taliyah,Velkoz,1,1,1.0
Taliyah,Vex,2,1,0.5
Taliyah,Vi,11,5,0.45454545454545453
Taliyah,Viego,3,2,0.6666666666666666
Taliyah,Viktor,6,3,0.5
Taliyah,Vladimir,2,1,0.5
Taliyah,Xayah,2,1,0.5
Taliyah,Xerath,3,0,0.0
Taliyah,XinZhao,2,0,0.0
Taliyah,Yasuo,10,6,0.6
Taliyah,Yone,8,5,0.625
Taliyah,Yorick,4,2,0.5
Taliyah,Yunara,14,5,0.35714285714285715
Taliyah,Yuumi,1,1,1.0
Taliyah,Zaahen,5,1,0.2
Taliyah,Zac,1,1,1.0
Taliyah,Zed,2,1,0.5
Taliyah,Zeri,2,2,1.0
Taliyah,Ziggs,5,3,0.6
Taliyah,Zilean,2,0,0.0
Taliyah,Zoe,3,3,1.0
Taliyah,Zyra,7,4,0.5714285714285714
Talon,Aatrox,12,5,0.4166666666666667
Talon,Ahri,6,4,0.6666666666666666
Talon,Akali,4,3,0.75
Talon,Akshan,5,2,0.4
Talon,Alistar,2,0,0.0
Talon,Ambessa,23,10,0.43478260869565216
Talon,Anivia,17,13,0.7647058823529411
Talon,Annie,6,4,0.6666666666666666
Talon,Aphelios,4,3,0.75
Talon,Ashe,7,2,0.2857142857142857
Talon,AurelionSol,4,2,0.5
Talon,Aurora,9,5,0.5555555555555556
Talon,Azir,3,1,0.3333333333333333
Talon,Bard,16,9,0.5625
Talon,Blitzcrank,6,3,0.5
Talon,Brand,1,0,0.0
Talon,Braum,3,1,0.3333333333333333
Talon,Caitlyn,10,6,0.6
Talon,Camille,4,1,0.25
Talon,Chogath,1,1,1.0
Talon,Corki,10,5,0.5
Talon,Darius,2,0,0.0
Talon,Diana,4,3,0.75
Talon,Draven,3,2,0.6666666666666666
Talon,Ekko,5,3,0.6
Talon,Elise,8,3,0.375
Talon,Evelynn,2,1,0.5
Talon,Ezreal,23,9,0.391304347826087
Talon,FiddleSticks,1,0,0.0
Talon,Fiora,5,3,0.6
Talon,Galio,2,2,1.0
Talon,Gangplank,2,2,1.0
Talon,Garen,1,0,0.0
Talon,Gnar,6,2,0.3333333333333333
Talon,Gragas,1,0,0.0
Talon,Graves,9,2,0.2222222222222222
Talon,Gwen,4,1,0.25
Talon,Hecarim,3,0,0.0
Talon,Hwei,3,2,0.6666666666666666
Talon,Irelia,4,2,0.5
Talon,Ivern,3,3,1.0
Talon,Janna,3,3,1.0
Talon,JarvanIV,14,7,0.5
Talon,Jax,5,3,0.6
Talon,Jayce,17,10,0.5882352941176471
Talon,Jhin,12,3,0.25
Talon,Jinx,4,2,0.5
Talon,KSante,3,0,0.0
Talon,Kaisa,7,4,0.5714285714285714
Talon,Kalista,3,2,0.6666666666666666
Talon,Karma,8,3,0.375
Talon,Karthus,6,3,0.5
Talon,Kassadin,2,1,0.5
Talon,Katarina,4,1,0.25
Talon,Kayn,1,1,1.0
Talon,Kennen,3,2,0.6666666666666666
Talon,Khazix,3,1,0.3333333333333333
Talon,Kindred,1,0,0.0
Talon,Kled,1,0,0.0
Talon,KogMaw,1,1,1.0
Talon,Leblanc,6,4,0.6666666666666666
Talon,LeeSin,9,6,0.6666666666666666
Talon,Leona,5,1,0.2
Talon,Lillia,1,0,0.0
Talon,Lissandra,3,2,0.6666666666666666
Talon,Lucian,9,5,0.5555555555555556
Talon,Lulu,5,3,0.6
Talon,Lux,7,5,0.7142857142857143
Talon,Malphite,9,4,0.4444444444444444
Talon,Malzahar,2,1,0.5
Talon,MasterYi,1,0,0.0
Talon,Mel,2,1,0.5
Talon,MissFortune,2,0,0.0
Talon,MonkeyKing,2,2,1.0
Talon,Mordekaiser,1,0,0.0
Talon,Morgana,1,0,0.0
Talon,Naafiri,8,6,0.75
Talon,Nami,13,5,0.38461538461538464
Talon,Nasus,4,0,0.0
Talon,Nautilus,14,7,0.5
Talon,Neeko,4,2,0.5
Talon,Nidalee,5,2,0.4
Talon,Nocturne,5,3,0.6
Talon,Nunu,3,0,0.0
Talon,Olaf,1,1,1.0
Talon,Orianna,5,3,0.6
Talon,Ornn,4,3,0.75
Talon,Pantheon,12,5,0.4166666666666667
Talon,Poppy,6,1,0.16666666666666666
Talon,Pyke,9,7,0.7777777777777778
Talon,Qiyana,8,5,0.625
Talon,Quinn,2,0,0.0
Talon,Rakan,3,1,0.3333333333333333
Talon,Rammus,1,1,1.0
Talon,RekSai,1,0,0.0
Talon,Rell,5,3,0.6
Talon,Renekton,8,4,0.5
Talon,Rengar,1,1,1.0
Talon,Riven,4,2,0.5
Talon,Rumble,5,0,0.0
Talon,Ryze,7,3,0.42857142857142855
Talon,Sejuani,1,0,0.0
Talon,Senna,8,3,0.375
Talon,Seraphine,7,2,0.2857142857142857
Talon,Sett,1,0,0.0
Talon,Shaco,2,0,0.0
Talon,Shen,2,1,0.5
Talon,Shyvana,2,2,1.0
Talon,Singed,2,1,0.5
Talon,Sion,8,3,0.375
Talon,Sivir,4,1,0.25
Talon,Skarner,5,3,0.6
Talon,Smolder,2,2,1.0
Talon,Sona,4,2,0.5
Talon,Soraka,3,2,0.6666666666666666
Talon,Swain,4,2,0.5
Talon,Sylas,8,4,0.5
Talon,Syndra,3,2,0.6666666666666666
Talon,TahmKench,1,0,0.0
Talon,Taliyah,6,1,0.16666666666666666
Talon,Taric,1,0,0.0
Talon,Teemo,2,1,0.5
Talon,Thresh,1,1,1.0
Talon,Tristana,4,3,0.75
Talon,TwistedFate,9,4,0.4444444444444444
Talon,Udyr,2,1,0.5
Talon,Urgot,2,2,1.0
Talon,Varus,11,8,0.7272727272727273
Talon,Vayne,8,5,0.625
Talon,Veigar,1,1,1.0
Talon,Vex,2,1,0.5
Talon,Vi,6,6,1.0
Talon,Viego,6,2,0.3333333333333333
Talon,Viktor,3,1,0.3333333333333333
Talon,Vladimir,6,4,0.6666666666666666
Talon,Xayah,2,1,0.5
Talon,Xerath,1,1,1.0
Talon,XinZhao,2,1,0.5
Talon,Yasuo,10,4,0.4
Talon,Yone,8,4,0.5
Talon,Yorick,3,0,0.0
Talon,Yunara,12,8,0.6666666666666666
Talon,Yuumi,2,0,0.0
Talon,Zaahen,4,3,0.75
Talon,Zac,3,0,0.0
Talon,Zed,5,1,0.2
Talon,Ziggs,4,3,0.75
Talon,Zilean,2,1,0.5
Talon,Zoe,3,0,0.0
Talon,Zyra,2,1,0.5
Taric,Aatrox,1,1,1.0
Taric,Ahri,2,1,0.5
Taric,Akali,1,1,1.0
Taric,Alistar,3,1,0.3333333333333333
Taric,Ambessa,4,3,0.75
Taric,Anivia,6,4,0.6666666666666666
Taric,Annie,1,1,1.0
Taric,Ashe,5,1,0.2
Taric,AurelionSol,1,0,0.0
Taric,Aurora,5,1,0.2
Taric,Bard,6,3,0.5
Taric,Brand,1,0,0.0
Taric,Briar,1,1,1.0
Taric,Chogath,2,0,0.0
Taric,Corki,3,0,0.0
Taric,DrMundo,1,1,1.0
Taric,Draven,1,0,0.0
Taric,Ekko,1,0,0.0
Taric,Elise,1,0,0.0
Taric,Ezreal,7,2,0.2857142857142857
Taric,Fiora,1,1,1.0
Taric,Gangplank,2,1,0.5
Taric,Garen,1,0,0.0
Taric,Gnar,2,2,1.0
Taric,Gragas,1,0,0.0
Taric,Graves,1,0,0.0
Taric,Gwen,1,0,0.0
Taric,Hecarim,1,0,0.0
Taric,Illaoi,1,1,1.0
Taric,Irelia,2,0,0.0
Taric,Janna,2,0,0.0
Taric,JarvanIV,3,1,0.3333333333333333
Taric,Jax,1,0,0.0
Taric,Jayce,5,2,0.4
Taric,Jhin,3,1,0.3333333333333333
Taric,Jinx,1,0,0.0
Taric,Kaisa,1,1,1.0
Taric,Karma,2,0,0.0
Taric,Karthus,2,1,0.5
Taric,Katarina,1,1,1.0
Taric,Kayle,1,0,0.0
Taric,Khazix,1,1,1.0
Taric,Kindred,1,0,0.0
Taric,Leblanc,2,2,1.0
Taric,LeeSin,3,2,0.6666666666666666
Taric,Lillia,1,0,0.0
Taric,Lucian,1,0,0.0
Taric,Lux,1,1,1.0
Taric,Malphite,1,0,0.0
Taric,Malzahar,1,1,1.0
Taric,MasterYi,2,2,1.0
Taric,Mel,1,0,0.0
Taric,Naafiri,2,1,0.5
Taric,Nami,6,3,0.5
Taric,Nautilus,3,1,0.3333333333333333
Taric,Neeko,2,2,1.0
Taric,Nidalee,4,0,0.0
Taric,Nocturne,2,1,0.5
Taric,Orianna,1,0,0.0
Taric,Ornn,2,1,0.5
Taric,Pantheon,3,3,1.0
Taric,Pyke,1,0,0.0
Taric,Qiyana,1,0,0.0
Taric,Rakan,1,1,1.0
Taric,Renekton,2,0,0.0
Taric,Rengar,1,1,1.0
Taric,Riven,2,1,0.5
Taric,Ryze,1,0,0.0
Taric,Senna,2,2,1.0
Taric,Seraphine,2,1,0.5
Taric,Shaco,2,1,0.5
Taric,Shen,2,0,0.0
Taric,Shyvana,2,0,0.0
Taric,Singed,1,1,1.0
Taric,Sion,2,2,1.0
Taric,Sivir,2,2,1.0
Taric,Skarner,2,0,0.0
Taric,Swain,1,1,1.0
Taric,Sylas,6,3,0.5
Taric,Syndra,2,1,0.5
Taric,Taliyah,1,0,0.0
Taric,Talon,1,1,1.0
Taric,Teemo,2,0,0.0
Taric,Thresh,1,0,0.0
Taric,Tristana,1,1,1.0
Taric,Varus,2,2,1.0
Taric,Vayne,2,1,0.5
Taric,Veigar,2,0,0.0
Taric,Velkoz,2,1,0.5
Taric,Vex,1,1,1.0
Taric,Vi,1,0,0.0
Taric,Viego,1,1,1.0
Taric,Vladimir,2,1,0.5
Taric,XinZhao,1,0,0.0
Taric,Yasuo,2,1,0.5
Taric,Yunara,3,2,0.6666666666666666
Taric,Zaahen,1,0,0.0
Taric,Zac,1,0,0.0
Taric,Zed,3,0,0.0
Taric,Zoe,1,1,1.0
Taric,Zyra,1,1,1.0
Teemo,Aatrox,6,2,0.3333333333333333
Teemo,Ahri,3,3,1.0
Teemo,Akali,6,3,0.5
Teemo,Akshan,2,2,1.0
Teemo,Alistar,2,2,1.0
Teemo,Ambessa,3,2,0.6666666666666666
Teemo,Anivia,10,10,1.0
Teemo,Annie,4,1,0.25
Teemo,Aphelios,2,2,1.0
Teemo,Ashe,4,4,1.0
Teemo,AurelionSol,2,0,0.0
Teemo,Aurora,14,11,0.7857142857142857
Teemo,Azir,1,1,1.0
Teemo,Bard,8,3,0.375
Teemo,Belveth,2,2,1.0
Teemo,Braum,2,0,0.0
Teemo,Caitlyn,7,4,0.5714285714285714
Teemo,Camille,1,0,0.0
Teemo,Cassiopeia,2,2,1.0
Teemo,Chogath,1,1,1.0
Teemo,Corki,3,2,0.6666666666666666
Teemo,Darius,2,2,1.0
Teemo,Draven,1,0,0.0
Teemo,Ekko,2,0,0.0
Teemo,Elise,3,1,0.3333333333333333
Teemo,Evelynn,1,1,1.0
Teemo,Ezreal,14,9,0.6428571428571429
Teemo,FiddleSticks,1,1,1.0
Teemo,Fiora,1,0,0.0
Teemo,Fizz,1,1,1.0
Teemo,Galio,2,1,0.5
Teemo,Gangplank,4,2,0.5
Teemo,Gnar,2,0,0.0
Teemo,Graves,3,1,0.3333333333333333
Teemo,Gwen,2,0,0.0
Teemo,Hecarim,4,3,0.75
Teemo,Hwei,4,4,1.0
Teemo,Irelia,3,2,0.6666666666666666
Teemo,Ivern,1,1,1.0
Teemo,Janna,4,3,0.75
Teemo,JarvanIV,4,4,1.0
Teemo,Jax,1,1,1.0
Teemo,Jayce,10,5,0.5
Teemo,Jhin,7,3,0.42857142857142855
Teemo,Jinx,3,2,0.6666666666666666
Teemo,KSante,2,2,1.0
Teemo,Kaisa,6,3,0.5
Teemo,Karma,8,6,0.75
Teemo,Karthus,3,1,0.3333333333333333
Teemo,Kassadin,2,2,1.0
Teemo,Katarina,3,1,0.3333333333333333
Teemo,Kayle,1,1,1.0
Teemo,Kayn,2,1,0.5
Teemo,Kennen,2,2,1.0
Teemo,Khazix,1,1,1.0
Teemo,Kindred,1,1,1.0
Teemo,Kled,1,0,0.0
Teemo,KogMaw,1,1,1.0
Teemo,Leblanc,2,2,1.0
Teemo,LeeSin,9,4,0.4444444444444444
Teemo,Leona,2,2,1.0
Teemo,Lillia,1,1,1.0
Teemo,Lissandra,1,1,1.0
Teemo,Lucian,5,3,0.6
Teemo,Lulu,4,1,0.25
Teemo,Lux,2,1,0.5
Teemo,Malphite,2,0,0.0
Teemo,Malzahar,1,1,1.0
Teemo,MasterYi,1,1,1.0
Teemo,Mel,5,3,0.6
Teemo,Milio,1,1,1.0
Teemo,MissFortune,2,0,0.0
Teemo,MonkeyKing,2,1,0.5
Teemo,Mordekaiser,1,0,0.0
Teemo,Naafiri,6,6,1.0
Teemo,Nami,2,1,0.5
Teemo,Nasus,2,1,0.5
Teemo,Nautilus,8,3,0.375
Teemo,Neeko,3,3,1.0
Teemo,Nidalee,2,2,1.0
Teemo,Nocturne,8,6,0.75
Teemo,Nunu,2,1,0.5
Teemo,Olaf,1,1,1.0
Teemo,Orianna,2,2,1.0
Teemo,Ornn,2,0,0.0
Teemo,Pantheon,2,2,1.0
Teemo,Pyke,5,3,0.6
Teemo,Qiyana,4,1,0.25
Teemo,Rakan,5,5,1.0
Teemo,Rell,2,1,0.5
Teemo,Renekton,4,2,0.5
Teemo,Rengar,1,0,0.0
Teemo,Riven,5,5,1.0
Teemo,Rumble,3,2,0.6666666666666666
Teemo,Ryze,9,5,0.5555555555555556
Teemo,Samira,2,1,0.5
Teemo,Senna,2,2,1.0
Teemo,Seraphine,6,3,0.5
Teemo,Shen,1,0,0.0
Teemo,Shyvana,1,0,0.0
Teemo,Singed,2,2,1.0
Teemo,Sion,7,5,0.7142857142857143
Teemo,Sivir,4,3,0.75
Teemo,Skarner,2,1,0.5
Teemo,Smolder,1,0,0.0
Teemo,Sona,5,2,0.4
Teemo,Soraka,2,2,1.0
Teemo,Swain,2,1,0.5
Teemo,Sylas,3,2,0.6666666666666666
Teemo,Syndra,5,4,0.8
Teemo,Taliyah,1,1,1.0
Teemo,Talon,2,1,0.5
Teemo,Taric,2,2,1.0
Teemo,Thresh,1,1,1.0
Teemo,Tristana,3,2,0.6666666666666666
Teemo,Trundle,1,0,0.0
Teemo,TwistedFate,2,1,0.5
Teemo,Twitch,1,1,1.0
Teemo,Udyr,2,2,1.0
Teemo,Urgot,1,1,1.0
Teemo,Varus,3,1,0.3333333333333333
Teemo,Vayne,2,2,1.0
Teemo,Veigar,5,3,0.6
Teemo,Vex,2,1,0.5
Teemo,Vi,8,6,0.75
Teemo,Viego,3,3,1.0
Teemo,Viktor,4,3,0.75
Teemo,Vladimir,2,2,1.0
Teemo,Xerath,2,1,0.5
Teemo,XinZhao,1,1,1.0
Teemo,Yasuo,4,3,0.75
Teemo,Yone,4,3,0.75
Teemo,Yunara,8,5,0.625
Teemo,Yuumi,3,2,0.6666666666666666
Teemo,Zaahen,3,2,0.6666666666666666
Teemo,Zac,1,0,0.0
Teemo,Zed,1,1,1.0
Teemo,Zeri,1,1,1.0
Teemo,Ziggs,3,1,0.3333333333333333
Teemo,Zilean,1,0,0.0
Teemo,Zoe,2,2,1.0
Teemo,Zyra,4,2,0.5
Thresh,Aatrox,4,0,0.0
Thresh,Ahri,4,1,0.25
Thresh,Akali,3,1,0.3333333333333333
Thresh,Akshan,1,0,0.0
Thresh,Alistar,5,0,0.0
Thresh,Ambessa,8,0,0.0
Thresh,Anivia,10,5,0.5
Thresh,Annie,5,1,0.2
Thresh,Aphelios,2,2,1.0
Thresh,Ashe,5,0,0.0
Thresh,AurelionSol,3,1,0.3333333333333333
Thresh,Aurora,6,2,0.3333333333333333
Thresh,Azir,4,3,0.75
Thresh,Bard,16,5,0.3125
Thresh,Blitzcrank,4,2,0.5
Thresh,Brand,1,0,0.0
Thresh,Braum,5,1,0.2
Thresh,Briar,1,1,1.0
Thresh,Caitlyn,8,4,0.5
Thresh,Camille,4,2,0.5
Thresh,Cassiopeia,2,2,1.0
Thresh,Corki,3,2,0.6666666666666666
Thresh,Darius,3,2,0.6666666666666666
Thresh,Diana,1,1,1.0
Thresh,DrMundo,4,1,0.25
Thresh,Draven,3,2,0.6666666666666666
Thresh,Ekko,5,2,0.4
Thresh,Elise,2,0,0.0
Thresh,Evelynn,1,1,1.0
Thresh,Ezreal,16,5,0.3125
Thresh,FiddleSticks,2,0,0.0
Thresh,Fiora,1,1,1.0
Thresh,Fizz,1,0,0.0
Thresh,Galio,4,2,0.5
Thresh,Gangplank,3,2,0.6666666666666666
Thresh,Garen,3,3,1.0
Thresh,Gnar,9,4,0.4444444444444444
Thresh,Gragas,1,1,1.0
Thresh,Graves,5,2,0.4
Thresh,Hecarim,2,0,0.0
Thresh,Hwei,5,2,0.4
Thresh,Irelia,6,3,0.5
Thresh,Ivern,1,1,1.0
Thresh,Janna,1,0,0.0
Thresh,JarvanIV,9,4,0.4444444444444444
Thresh,Jax,2,1,0.5
Thresh,Jayce,18,5,0.2777777777777778
Thresh,Jhin,7,1,0.14285714285714285
Thresh,Jinx,4,2,0.5
Thresh,KSante,1,0,0.0
Thresh,Kaisa,2,2,1.0
Thresh,Kalista,1,0,0.0
Thresh,Karma,9,3,0.3333333333333333
Thresh,Karthus,5,0,0.0
Thresh,Kassadin,1,1,1.0
Thresh,Katarina,1,0,0.0
Thresh,Kayn,1,0,0.0
Thresh,Kled,2,1,0.5
Thresh,Leblanc,3,1,0.3333333333333333
Thresh,LeeSin,5,1,0.2
Thresh,Leona,1,1,1.0
Thresh,Lillia,3,2,0.6666666666666666
Thresh,Lissandra,3,1,0.3333333333333333
Thresh,Lucian,5,3,0.6
Thresh,Lulu,8,4,0.5
Thresh,Lux,4,3,0.75
Thresh,Malphite,6,2,0.3333333333333333
Thresh,Malzahar,1,0,0.0
Thresh,Maokai,2,1,0.5
Thresh,MasterYi,2,2,1.0
Thresh,Mel,2,2,1.0
Thresh,Milio,3,1,0.3333333333333333
Thresh,MissFortune,2,0,0.0
Thresh,MonkeyKing,1,0,0.0
Thresh,Naafiri,6,2,0.3333333333333333
Thresh,Nami,6,4,0.6666666666666666
Thresh,Nasus,2,1,0.5
Thresh,Nautilus,16,3,0.1875
Thresh,Neeko,5,2,0.4
Thresh,Nidalee,5,0,0.0
Thresh,Nilah,1,0,0.0
Thresh,Nocturne,3,1,0.3333333333333333
Thresh,Nunu,3,1,0.3333333333333333
Thresh,Olaf,1,1,1.0
Thresh,Orianna,7,2,0.2857142857142857
Thresh,Ornn,1,0,0.0
Thresh,Pantheon,9,4,0.4444444444444444
Thresh,Poppy,2,0,0.0
Thresh,Pyke,3,2,0.6666666666666666
Thresh,Qiyana,6,2,0.3333333333333333
Thresh,Quinn,1,0,0.0
Thresh,Rammus,2,1,0.5
Thresh,RekSai,1,0,0.0
Thresh,Rell,1,1,1.0
Thresh,Renekton,4,2,0.5
Thresh,Rengar,2,0,0.0
Thresh,Riven,1,0,0.0
Thresh,Rumble,5,0,0.0
Thresh,Ryze,7,2,0.2857142857142857
Thresh,Samira,1,1,1.0
Thresh,Senna,5,1,0.2
Thresh,Seraphine,3,1,0.3333333333333333
Thresh,Sett,1,1,1.0
Thresh,Shaco,1,1,1.0
Thresh,Shen,1,0,0.0
Thresh,Singed,2,0,0.0
Thresh,Sion,5,2,0.4
Thresh,Sivir,3,2,0.6666666666666666
Thresh,Skarner,4,1,0.25
Thresh,Sona,6,3,0.5
Thresh,Soraka,1,0,0.0
Thresh,Swain,2,0,0.0
Thresh,Sylas,10,2,0.2
Thresh,Syndra,6,2,0.3333333333333333
Thresh,TahmKench,1,0,0.0
Thresh,Taliyah,5,1,0.2
Thresh,Talon,1,0,0.0
Thresh,Taric,1,1,1.0
Thresh,Teemo,1,0,0.0
Thresh,Tristana,2,2,1.0
Thresh,TwistedFate,1,1,1.0
Thresh,Twitch,1,1,1.0
Thresh,Udyr,1,1,1.0
Thresh,Varus,10,5,0.5
Thresh,Vayne,4,0,0.0
Thresh,Veigar,3,2,0.6666666666666666
Thresh,Velkoz,3,1,0.3333333333333333
Thresh,Vex,3,1,0.3333333333333333
Thresh,Vi,3,1,0.3333333333333333
Thresh,Viego,4,1,0.25
Thresh,Viktor,2,0,0.0
Thresh,Vladimir,5,2,0.4
Thresh,Xayah,2,1,0.5
Thresh,Xerath,1,0,0.0
Thresh,XinZhao,6,1,0.16666666666666666
Thresh,Yasuo,5,1,0.2
Thresh,Yone,7,1,0.14285714285714285
Thresh,Yorick,1,0,0.0
Thresh,Yunara,13,3,0.23076923076923078
Thresh,Yuumi,1,0,0.0
Thresh,Zaahen,5,2,0.4
Thresh,Zac,2,2,1.0
Thresh,Zed,2,0,0.0
Thresh,Zeri,1,0,0.0
Thresh,Zoe,4,1,0.25
Thresh,Zyra,1,1,1.0
Tristana,Aatrox,5,2,0.4
Tristana,Ahri,8,1,0.125
Tristana,Akali,4,1,0.25
Tristana,Akshan,1,0,0.0
Tristana,Alistar,4,3,0.75
Tristana,Ambessa,14,8,0.5714285714285714
Tristana,Anivia,13,5,0.38461538461538464
Tristana,Annie,5,3,0.6
Tristana,Aphelios,2,1,0.5
Tristana,Ashe,8,3,0.375
Tristana,AurelionSol,1,1,1.0
Tristana,Aurora,13,6,0.46153846153846156
Tristana,Azir,2,1,0.5
Tristana,Bard,8,2,0.25
Tristana,Belveth,1,0,0.0
Tristana,Blitzcrank,2,1,0.5
Tristana,Brand,2,1,0.5
Tristana,Braum,4,2,0.5
Tristana,Briar,2,2,1.0
Tristana,Caitlyn,7,4,0.5714285714285714
Tristana,Camille,2,2,1.0
Tristana,Cassiopeia,2,1,0.5
Tristana,Chogath,1,0,0.0
Tristana,Corki,8,4,0.5
Tristana,Diana,3,1,0.3333333333333333
Tristana,Ekko,1,1,1.0
Tristana,Elise,5,3,0.6
Tristana,Evelynn,1,1,1.0
Tristana,Ezreal,12,5,0.4166666666666667
Tristana,FiddleSticks,3,1,0.3333333333333333
Tristana,Fiora,3,3,1.0
Tristana,Fizz,1,1,1.0
Tristana,Galio,6,4,0.6666666666666666
Tristana,Gangplank,3,3,1.0
Tristana,Gnar,6,2,0.3333333333333333
Tristana,Graves,4,0,0.0
Tristana,Hecarim,1,0,0.0
Tristana,Hwei,2,2,1.0
Tristana,Irelia,2,0,0.0
Tristana,Ivern,2,2,1.0
Tristana,Janna,3,2,0.6666666666666666
Tristana,JarvanIV,13,6,0.46153846153846156
Tristana,Jax,1,0,0.0
Tristana,Jayce,16,10,0.625
Tristana,Jhin,11,6,0.5454545454545454
Tristana,Jinx,2,0,0.0
Tristana,Kaisa,3,2,0.6666666666666666
Tristana,Kalista,2,1,0.5
Tristana,Karma,5,2,0.4
Tristana,Karthus,2,0,0.0
Tristana,Kassadin,2,1,0.5
Tristana,Katarina,1,1,1.0
Tristana,Kayle,1,0,0.0
Tristana,Kayn,1,1,1.0
Tristana,Kennen,3,1,0.3333333333333333
Tristana,Kindred,4,2,0.5
Tristana,Kled,2,2,1.0
Tristana,Leblanc,6,3,0.5
Tristana,LeeSin,8,3,0.375
Tristana,Leona,1,1,1.0
Tristana,Lillia,2,0,0.0
Tristana,Lissandra,4,2,0.5
Tristana,Lucian,11,6,0.5454545454545454
Tristana,Lulu,9,1,0.1111111111111111
Tristana,Lux,2,1,0.5
Tristana,Malphite,5,1,0.2
Tristana,Malzahar,1,1,1.0
Tristana,MasterYi,4,3,0.75
Tristana,Mel,4,2,0.5
Tristana,Milio,3,1,0.3333333333333333
Tristana,MissFortune,2,1,0.5
Tristana,MonkeyKing,2,0,0.0
Tristana,Mordekaiser,1,1,1.0
Tristana,Naafiri,4,2,0.5
Tristana,Nami,10,5,0.5
Tristana,Nasus,1,0,0.0
Tristana,Nautilus,14,7,0.5
Tristana,Neeko,5,2,0.4
Tristana,Nidalee,5,2,0.4
Tristana,Nilah,2,0,0.0
Tristana,Nocturne,1,1,1.0
Tristana,Nunu,3,0,0.0
Tristana,Olaf,4,1,0.25
Tristana,Orianna,3,2,0.6666666666666666
Tristana,Ornn,2,0,0.0
Tristana,Pantheon,7,7,1.0
Tristana,Poppy,8,4,0.5
Tristana,Pyke,3,3,1.0
Tristana,Qiyana,5,1,0.2
Tristana,Quinn,1,1,1.0
Tristana,Rakan,1,0,0.0
Tristana,RekSai,1,0,0.0
Tristana,Rell,1,1,1.0
Tristana,Renata,1,1,1.0
Tristana,Renekton,6,1,0.16666666666666666
Tristana,Rengar,3,1,0.3333333333333333
Tristana,Riven,5,3,0.6
Tristana,Rumble,1,0,0.0
Tristana,Ryze,7,4,0.5714285714285714
Tristana,Sejuani,1,1,1.0
Tristana,Senna,8,5,0.625
Tristana,Seraphine,3,1,0.3333333333333333
Tristana,Sett,1,0,0.0
Tristana,Shaco,1,1,1.0
Tristana,Shen,2,0,0.0
Tristana,Singed,1,0,0.0
Tristana,Sion,8,5,0.625
Tristana,Sivir,3,1,0.3333333333333333
Tristana,Skarner,5,2,0.4
Tristana,Smolder,2,2,1.0
Tristana,Sona,8,4,0.5
Tristana,Soraka,2,0,0.0
Tristana,Swain,4,2,0.5
Tristana,Sylas,5,3,0.6
Tristana,Syndra,5,0,0.0
Tristana,TahmKench,1,0,0.0
Tristana,Taliyah,3,1,0.3333333333333333
Tristana,Talon,4,1,0.25
Tristana,Taric,1,0,0.0
Tristana,Teemo,3,1,0.3333333333333333
Tristana,Thresh,2,0,0.0
Tristana,TwistedFate,3,0,0.0
Tristana,Twitch,2,0,0.0
Tristana,Udyr,2,0,0.0
Tristana,Urgot,1,0,0.0
Tristana,Varus,3,1,0.3333333333333333
Tristana,Vayne,9,4,0.4444444444444444
Tristana,Veigar,3,2,0.6666666666666666
Tristana,Vi,5,4,0.8
Tristana,Viego,7,6,0.8571428571428571
Tristana,Viktor,6,3,0.5
Tristana,Volibear,1,1,1.0
Tristana,Xayah,3,2,0.6666666666666666
Tristana,Xerath,2,1,0.5
Tristana,XinZhao,1,0,0.0
Tristana,Yasuo,3,1,0.3333333333333333
Tristana,Yone,2,2,1.0
Tristana,Yorick,1,1,1.0
Tristana,Yunara,22,7,0.3181818181818182
Tristana,Yuumi,2,1,0.5
Tristana,Zaahen,4,0,0.0
Tristana,Zac,2,1,0.5
Tristana,Zed,3,2,0.6666666666666666
Tristana,Ziggs,1,1,1.0
Tristana,Zoe,1,1,1.0
Tristana,Zyra,3,3,1.0
Trundle,Akali,1,1,1.0
Trundle,Alistar,1,1,1.0
Trundle,Ambessa,1,1,1.0
Trundle,Amumu,1,1,1.0
Trundle,Anivia,1,0,0.0
Trundle,Annie,1,1,1.0
Trundle,Aphelios,1,1,1.0
Trundle,Ashe,3,0,0.0
Trundle,Aurora,1,0,0.0
Trundle,Azir,1,0,0.0
Trundle,Bard,3,2,0.6666666666666666
Trundle,Braum,1,1,1.0
Trundle,Caitlyn,2,1,0.5
Trundle,Corki,2,2,1.0
Trundle,DrMundo,1,1,1.0
Trundle,Ekko,2,1,0.5
Trundle,Ezreal,3,1,0.3333333333333333
Trundle,Fiora,1,1,1.0
Trundle,Galio,3,1,0.3333333333333333
Trundle,Gangplank,1,0,0.0
Trundle,Gnar,1,1,1.0
Trundle,Hecarim,1,0,0.0
Trundle,Irelia,1,1,1.0
Trundle,Janna,1,0,0.0
Trundle,JarvanIV,1,0,0.0
Trundle,Jayce,2,0,0.0
Trundle,Jhin,3,3,1.0
Trundle,Kaisa,1,1,1.0
Trundle,Karma,3,2,0.6666666666666666
Trundle,Kennen,1,0,0.0
Trundle,Leona,2,0,0.0
Trundle,Lissandra,1,0,0.0
Trundle,Lucian,1,1,1.0
Trundle,Lulu,1,1,1.0
Trundle,Mel,1,1,1.0
Trundle,Milio,1,1,1.0
Trundle,Nami,1,1,1.0
Trundle,Nautilus,1,1,1.0
Trundle,Nocturne,1,1,1.0
Trundle,Nunu,1,1,1.0
Trundle,Orianna,1,1,1.0
Trundle,Pantheon,3,2,0.6666666666666666
Trundle,Poppy,1,0,0.0
Trundle,Qiyana,1,1,1.0
Trundle,Riven,1,1,1.0
Trundle,Rumble,1,1,1.0
Trundle,Ryze,2,0,0.0
Trundle,Seraphine,2,0,0.0
Trundle,Singed,1,1,1.0
Trundle,Sion,2,2,1.0
Trundle,Skarner,6,3,0.5
Trundle,Sona,1,1,1.0
Trundle,Sylas,3,2,0.6666666666666666
Trundle,Teemo,1,1,1.0
Trundle,TwistedFate,2,1,0.5
Trundle,Varus,1,0,0.0
Trundle,Vayne,1,0,0.0
Trundle,Veigar,1,0,0.0
Trundle,Vi,3,2,0.6666666666666666
Trundle,Viktor,1,1,1.0
Trundle,XinZhao,2,1,0.5
Trundle,Yasuo,2,2,1.0
Trundle,Yunara,3,2,0.6666666666666666
Trundle,Yuumi,1,0,0.0
Trundle,Zaahen,1,1,1.0
Trundle,Zed,1,0,0.0
Trundle,Ziggs,1,0,0.0
Trundle,Zilean,1,0,0.0
Trundle,Zyra,1,1,1.0
Tryndamere,Aatrox,1,1,1.0
Tryndamere,Akali,1,0,0.0
Tryndamere,Ambessa,2,2,1.0
Tryndamere,Aphelios,1,1,1.0
Tryndamere,Ashe,3,1,0.3333333333333333
Tryndamere,AurelionSol,1,1,1.0
Tryndamere,Aurora,1,1,1.0
Tryndamere,Azir,1,1,1.0
Tryndamere,Bard,5,4,0.8
Tryndamere,Brand,1,1,1.0
Tryndamere,Briar,2,1,0.5
Tryndamere,Corki,1,1,1.0
Tryndamere,Diana,1,1,1.0
Tryndamere,Elise,1,1,1.0
Tryndamere,Evelynn,1,1,1.0
Tryndamere,Ezreal,2,1,0.5
Tryndamere,Fizz,1,1,1.0
Tryndamere,Gangplank,1,0,0.0
Tryndamere,Garen,1,0,0.0
Tryndamere,Graves,1,0,0.0
Tryndamere,Gwen,1,1,1.0
Tryndamere,Hecarim,1,1,1.0
Tryndamere,JarvanIV,1,0,0.0
Tryndamere,Jayce,4,4,1.0
Tryndamere,Jhin,1,1,1.0
Tryndamere,Kalista,1,1,1.0
Tryndamere,Karma,2,1,0.5
Tryndamere,Kennen,1,1,1.0
Tryndamere,Khazix,1,1,1.0
Tryndamere,Leblanc,1,1,1.0
Tryndamere,LeeSin,1,1,1.0
Tryndamere,Leona,1,1,1.0
Tryndamere,Lissandra,1,1,1.0
Tryndamere,Lucian,2,1,0.5
Tryndamere,Lux,1,0,0.0
Tryndamere,MasterYi,1,1,1.0
Tryndamere,Mel,2,0,0.0
Tryndamere,Milio,2,1,0.5
Tryndamere,Nami,3,1,0.3333333333333333
Tryndamere,Nautilus,2,2,1.0
Tryndamere,Nidalee,1,1,1.0
Tryndamere,Nocturne,1,1,1.0
Tryndamere,Olaf,2,0,0.0
Tryndamere,Orianna,1,1,1.0
Tryndamere,Ornn,1,1,1.0
Tryndamere,Pantheon,3,3,1.0
Tryndamere,Poppy,1,1,1.0
Tryndamere,Qiyana,2,1,0.5
Tryndamere,Rumble,1,1,1.0
Tryndamere,Ryze,1,0,0.0
Tryndamere,Sejuani,1,1,1.0
Tryndamere,Senna,2,2,1.0
Tryndamere,Shaco,1,1,1.0
Tryndamere,Shen,2,2,1.0
Tryndamere,Skarner,1,0,0.0
Tryndamere,Soraka,1,0,0.0
Tryndamere,Swain,2,2,1.0
Tryndamere,Sylas,1,1,1.0
Tryndamere,Syndra,3,1,0.3333333333333333
Tryndamere,Taliyah,1,1,1.0
Tryndamere,Udyr,1,1,1.0
Tryndamere,Urgot,1,1,1.0
Tryndamere,Varus,2,1,0.5
Tryndamere,Vayne,1,1,1.0
Tryndamere,Veigar,1,1,1.0
Tryndamere,Velkoz,1,1,1.0
Tryndamere,Vi,1,0,0.0
Tryndamere,Viego,1,1,1.0
Tryndamere,Viktor,2,2,1.0
Tryndamere,Vladimir,1,0,0.0
Tryndamere,Warwick,1,1,1.0
Tryndamere,Xayah,2,2,1.0
Tryndamere,XinZhao,1,1,1.0
Tryndamere,Yasuo,1,1,1.0
Tryndamere,Yone,2,2,1.0
Tryndamere,Yunara,2,2,1.0
Tryndamere,Zaahen,1,0,0.0
TwistedFate,Aatrox,4,2,0.5
TwistedFate,Ahri,3,1,0.3333333333333333
TwistedFate,Akali,14,7,0.5
TwistedFate,Alistar,10,3,0.3
TwistedFate,Ambessa,18,10,0.5555555555555556
TwistedFate,Anivia,12,7,0.5833333333333334
TwistedFate,Annie,4,3,0.75
TwistedFate,Aphelios,4,3,0.75
TwistedFate,Ashe,7,3,0.42857142857142855
TwistedFate,AurelionSol,3,2,0.6666666666666666
TwistedFate,Aurora,21,13,0.6190476190476191
TwistedFate,Azir,4,3,0.75
TwistedFate,Bard,17,12,0.7058823529411765
TwistedFate,Belveth,4,2,0.5
TwistedFate,Blitzcrank,2,2,1.0
TwistedFate,Brand,2,2,1.0
TwistedFate,Braum,4,3,0.75
TwistedFate,Briar,2,2,1.0
TwistedFate,Caitlyn,13,8,0.6153846153846154
TwistedFate,Camille,1,1,1.0
TwistedFate,Cassiopeia,4,3,0.75
TwistedFate,Chogath,1,1,1.0
TwistedFate,Corki,8,4,0.5
TwistedFate,Diana,4,3,0.75
TwistedFate,DrMundo,2,0,0.0
TwistedFate,Draven,1,1,1.0
TwistedFate,Ekko,9,6,0.6666666666666666
TwistedFate,Elise,3,1,0.3333333333333333
TwistedFate,Ezreal,28,17,0.6071428571428571
TwistedFate,FiddleSticks,1,0,0.0
TwistedFate,Fiora,2,0,0.0
TwistedFate,Fizz,2,1,0.5
TwistedFate,Galio,8,4,0.5
TwistedFate,Gangplank,4,2,0.5
TwistedFate,Garen,1,1,1.0
TwistedFate,Gnar,8,6,0.75
TwistedFate,Gragas,1,0,0.0
TwistedFate,Graves,5,4,0.8
TwistedFate,Gwen,4,1,0.25
TwistedFate,Hecarim,5,5,1.0
TwistedFate,Heimerdinger,1,0,0.0
TwistedFate,Hwei,2,1,0.5
TwistedFate,Irelia,5,3,0.6
TwistedFate,Ivern,2,1,0.5
TwistedFate,Janna,3,3,1.0
TwistedFate,JarvanIV,15,10,0.6666666666666666
TwistedFate,Jax,7,5,0.7142857142857143
TwistedFate,Jayce,19,13,0.6842105263157895
TwistedFate,Jhin,12,9,0.75
TwistedFate,Jinx,5,5,1.0
TwistedFate,KSante,4,1,0.25
TwistedFate,Kaisa,10,8,0.8
TwistedFate,Kalista,1,0,0.0
TwistedFate,Karma,20,12,0.6
TwistedFate,Karthus,4,1,0.25
TwistedFate,Kassadin,1,0,0.0
TwistedFate,Katarina,6,4,0.6666666666666666
TwistedFate,Kayle,1,1,1.0
TwistedFate,Khazix,5,3,0.6
TwistedFate,Kindred,3,3,1.0
TwistedFate,KogMaw,3,2,0.6666666666666666
TwistedFate,Leblanc,3,1,0.3333333333333333
TwistedFate,LeeSin,16,10,0.625
TwistedFate,Leona,1,1,1.0
TwistedFate,Lillia,2,2,1.0
TwistedFate,Lissandra,9,5,0.5555555555555556
TwistedFate,Lucian,7,2,0.2857142857142857
TwistedFate,Lulu,8,6,0.75
TwistedFate,Lux,7,6,0.8571428571428571
TwistedFate,Malzahar,2,1,0.5
TwistedFate,MasterYi,2,1,0.5
TwistedFate,Mel,5,4,0.8
TwistedFate,Milio,3,1,0.3333333333333333
TwistedFate,MonkeyKing,4,2,0.5
TwistedFate,Morgana,2,2,1.0
TwistedFate,Naafiri,3,3,1.0
TwistedFate,Nami,7,5,0.7142857142857143
TwistedFate,Nasus,2,1,0.5
TwistedFate,Nautilus,16,9,0.5625
TwistedFate,Neeko,6,3,0.5
TwistedFate,Nidalee,9,6,0.6666666666666666
TwistedFate,Nilah,2,2,1.0
TwistedFate,Nocturne,5,1,0.2
TwistedFate,Nunu,1,0,0.0
TwistedFate,Olaf,3,2,0.6666666666666666
TwistedFate,Orianna,8,5,0.625
TwistedFate,Ornn,7,4,0.5714285714285714
TwistedFate,Pantheon,12,6,0.5
TwistedFate,Poppy,2,1,0.5
TwistedFate,Pyke,6,5,0.8333333333333334
TwistedFate,Qiyana,7,5,0.7142857142857143
TwistedFate,Quinn,3,2,0.6666666666666666
TwistedFate,Rakan,4,2,0.5
TwistedFate,Rammus,1,1,1.0
TwistedFate,RekSai,1,0,0.0
TwistedFate,Rell,7,4,0.5714285714285714
TwistedFate,Renekton,7,3,0.42857142857142855
TwistedFate,Rengar,3,2,0.6666666666666666
TwistedFate,Riven,4,4,1.0
TwistedFate,Rumble,6,5,0.8333333333333334
TwistedFate,Ryze,13,8,0.6153846153846154
TwistedFate,Samira,1,0,0.0
TwistedFate,Sejuani,1,1,1.0
TwistedFate,Senna,4,3,0.75
TwistedFate,Seraphine,4,0,0.0
TwistedFate,Sett,1,0,0.0
TwistedFate,Shaco,2,1,0.5
TwistedFate,Shen,3,1,0.3333333333333333
TwistedFate,Singed,8,1,0.125
TwistedFate,Sion,7,5,0.7142857142857143
TwistedFate,Sivir,3,2,0.6666666666666666
TwistedFate,Skarner,3,2,0.6666666666666666
TwistedFate,Smolder,3,0,0.0
TwistedFate,Sona,12,4,0.3333333333333333
TwistedFate,Soraka,4,3,0.75
TwistedFate,Sylas,15,10,0.6666666666666666
TwistedFate,Syndra,3,1,0.3333333333333333
TwistedFate,Taliyah,1,1,1.0
TwistedFate,Talon,9,5,0.5555555555555556
TwistedFate,Teemo,2,1,0.5
TwistedFate,Thresh,1,0,0.0
TwistedFate,Tristana,3,3,1.0
TwistedFate,Trundle,2,1,0.5
TwistedFate,Twitch,2,1,0.5
TwistedFate,Urgot,3,2,0.6666666666666666
TwistedFate,Varus,10,7,0.7
TwistedFate,Vayne,8,4,0.5
TwistedFate,Veigar,2,1,0.5
TwistedFate,Velkoz,1,1,1.0
TwistedFate,Vi,6,3,0.5
TwistedFate,Viktor,2,1,0.5
TwistedFate,Vladimir,4,3,0.75
TwistedFate,Xayah,3,0,0.0
TwistedFate,Xerath,7,2,0.2857142857142857
TwistedFate,XinZhao,12,6,0.5
TwistedFate,Yasuo,10,7,0.7
TwistedFate,Yone,5,3,0.6
TwistedFate,Yorick,1,0,0.0
TwistedFate,Yunara,10,5,0.5
TwistedFate,Yuumi,3,3,1.0
TwistedFate,Zaahen,3,2,0.6666666666666666
TwistedFate,Zac,2,1,0.5
TwistedFate,Zed,1,0,0.0
TwistedFate,Zeri,3,3,1.0
TwistedFate,Ziggs,3,1,0.3333333333333333
TwistedFate,Zilean,2,2,1.0
TwistedFate,Zoe,3,3,1.0
TwistedFate,Zyra,2,2,1.0
Twitch,Aatrox,1,0,0.0
Twitch,Akali,1,0,0.0
Twitch,Alistar,1,1,1.0
Twitch,Ambessa,3,3,1.0
Twitch,Anivia,6,3,0.5
Twitch,Annie,2,0,0.0
Twitch,Ashe,2,0,0.0
Twitch,Aurora,4,2,0.5
Twitch,Bard,2,1,0.5
Twitch,Belveth,1,0,0.0
Twitch,Brand,1,0,0.0
Twitch,Corki,2,1,0.5
Twitch,Diana,1,1,1.0
Twitch,Ekko,2,0,0.0
Twitch,Elise,3,2,0.6666666666666666
Twitch,Evelynn,2,1,0.5
Twitch,Ezreal,1,1,1.0
Twitch,Gangplank,1,1,1.0
Twitch,Graves,2,0,0.0
Twitch,Hwei,2,1,0.5
Twitch,Irelia,1,0,0.0
Twitch,JarvanIV,4,1,0.25
Twitch,Jax,1,0,0.0
Twitch,Jayce,4,1,0.25
Twitch,Jhin,3,2,0.6666666666666666
Twitch,Jinx,3,2,0.6666666666666666
Twitch,Kaisa,2,1,0.5
Twitch,Karma,2,0,0.0
Twitch,Karthus,1,0,0.0
Twitch,Katarina,2,0,0.0
Twitch,Kayn,1,0,0.0
Twitch,Khazix,1,1,1.0
Twitch,Kindred,1,0,0.0
Twitch,KogMaw,3,2,0.6666666666666666
Twitch,Leblanc,2,0,0.0
Twitch,LeeSin,2,1,0.5
Twitch,Lillia,1,1,1.0
Twitch,Lissandra,2,2,1.0
Twitch,Lucian,1,1,1.0
Twitch,Lulu,4,1,0.25
Twitch,Lux,1,0,0.0
Twitch,Malphite,1,0,0.0
Twitch,MasterYi,1,0,0.0
Twitch,Mel,3,0,0.0
Twitch,Milio,1,0,0.0
Twitch,MonkeyKing,1,1,1.0
Twitch,Naafiri,2,0,0.0
Twitch,Nami,1,1,1.0
Twitch,Nautilus,1,0,0.0
Twitch,Neeko,3,1,0.3333333333333333
Twitch,Nocturne,1,0,0.0
Twitch,Ornn,1,1,1.0
Twitch,Pantheon,1,1,1.0
Twitch,Qiyana,2,1,0.5
Twitch,Riven,1,0,0.0
Twitch,Rumble,1,0,0.0
Twitch,Senna,2,1,0.5
Twitch,Singed,1,0,0.0
Twitch,Sivir,1,0,0.0
Twitch,Soraka,1,0,0.0
Twitch,Syndra,1,0,0.0
Twitch,Teemo,1,0,0.0
Twitch,Thresh,1,0,0.0
Twitch,Tristana,2,2,1.0
Twitch,TwistedFate,2,1,0.5
Twitch,Udyr,1,1,1.0
Twitch,Urgot,1,0,0.0
Twitch,Vayne,1,0,0.0
Twitch,Veigar,1,1,1.0
Twitch,Viego,1,0,0.0
Twitch,Viktor,1,0,0.0
Twitch,Vladimir,1,1,1.0
Twitch,XinZhao,1,1,1.0
Twitch,Yasuo,2,1,0.5
Twitch,Yone,1,1,1.0
Twitch,Yunara,2,0,0.0
Twitch,Zed,1,0,0.0
Twitch,Zilean,1,0,0.0
Udyr,Aatrox,6,1,0.16666666666666666
Udyr,Ahri,1,0,0.0
Udyr,Akali,1,1,1.0
Udyr,Akshan,1,1,1.0
Udyr,Alistar,2,0,0.0
Udyr,Ambessa,6,4,0.6666666666666666
Udyr,Amumu,1,1,1.0
Udyr,Anivia,9,3,0.3333333333333333
Udyr,Annie,2,1,0.5
Udyr,Aphelios,1,1,1.0
Udyr,Ashe,6,2,0.3333333333333333
Udyr,AurelionSol,1,0,0.0
Udyr,Aurora,6,1,0.16666666666666666
Udyr,Azir,2,2,1.0
Udyr,Bard,4,1,0.25
Udyr,Belveth,1,0,0.0
Udyr,Brand,1,0,0.0
Udyr,Braum,3,1,0.3333333333333333
Udyr,Caitlyn,2,2,1.0
Udyr,Camille,1,0,0.0
Udyr,Cassiopeia,1,0,0.0
Udyr,Corki,3,1,0.3333333333333333
Udyr,Darius,3,1,0.3333333333333333
Udyr,Diana,1,0,0.0
Udyr,DrMundo,1,0,0.0
Udyr,Draven,2,1,0.5
Udyr,Ekko,3,2,0.6666666666666666
Udyr,Elise,2,1,0.5
Udyr,Ezreal,12,5,0.4166666666666667
Udyr,Fiora,2,0,0.0
Udyr,Fizz,1,0,0.0
Udyr,Galio,2,2,1.0
Udyr,Gangplank,1,1,1.0
Udyr,Gnar,3,3,1.0
Udyr,Gragas,1,0,0.0
Udyr,Graves,1,0,0.0
Udyr,Hecarim,2,1,0.5
Udyr,Heimerdinger,1,1,1.0
Udyr,Hwei,6,2,0.3333333333333333
Udyr,Illaoi,1,1,1.0
Udyr,Irelia,2,1,0.5
Udyr,JarvanIV,8,6,0.75
Udyr,Jax,1,1,1.0
Udyr,Jayce,1,1,1.0
Udyr,Jhin,3,0,0.0
Udyr,Jinx,1,0,0.0
Udyr,KSante,2,2,1.0
Udyr,Kaisa,3,1,0.3333333333333333
Udyr,Kalista,3,2,0.6666666666666666
Udyr,Karma,9,4,0.4444444444444444
Udyr,Karthus,1,1,1.0
Udyr,Kassadin,3,2,0.6666666666666666
Udyr,Katarina,1,0,0.0
Udyr,Kennen,2,1,0.5
Udyr,Khazix,1,0,0.0
Udyr,KogMaw,2,2,1.0
Udyr,Leblanc,3,2,0.6666666666666666
Udyr,LeeSin,8,3,0.375
Udyr,Leona,1,1,1.0
Udyr,Lissandra,1,1,1.0
Udyr,Lucian,3,2,0.6666666666666666
Udyr,Lulu,3,3,1.0
Udyr,Lux,3,1,0.3333333333333333
Udyr,Malphite,2,1,0.5
Udyr,Malzahar,1,1,1.0
Udyr,Mel,4,2,0.5
Udyr,Milio,1,1,1.0
Udyr,MonkeyKing,1,1,1.0
Udyr,Naafiri,4,3,0.75
Udyr,Nami,7,3,0.42857142857142855
Udyr,Nasus,1,0,0.0
Udyr,Nautilus,6,1,0.16666666666666666
Udyr,Neeko,4,2,0.5
Udyr,Nilah,1,1,1.0
Udyr,Nocturne,3,0,0.0
Udyr,Olaf,1,0,0.0
Udyr,Orianna,3,1,0.3333333333333333
Udyr,Pantheon,1,0,0.0
Udyr,Poppy,3,1,0.3333333333333333
Udyr,Pyke,3,2,0.6666666666666666
Udyr,Qiyana,3,2,0.6666666666666666
Udyr,Quinn,3,1,0.3333333333333333
Udyr,Rakan,1,0,0.0
Udyr,RekSai,1,1,1.0
Udyr,Rell,1,1,1.0
Udyr,Renekton,3,1,0.3333333333333333
Udyr,Riven,4,3,0.75
Udyr,Rumble,2,1,0.5
Udyr,Ryze,7,2,0.2857142857142857
Udyr,Senna,2,0,0.0
Udyr,Seraphine,2,2,1.0
Udyr,Sett,2,0,0.0
Udyr,Sion,3,1,0.3333333333333333
Udyr,Smolder,1,0,0.0
Udyr,Sona,2,0,0.0
Udyr,Soraka,5,3,0.6
Udyr,Swain,1,1,1.0
Udyr,Sylas,3,1,0.3333333333333333
Udyr,Syndra,2,2,1.0
Udyr,Taliyah,1,1,1.0
Udyr,Talon,2,1,0.5
Udyr,Teemo,2,0,0.0
Udyr,Thresh,1,0,0.0
Udyr,Tristana,2,2,1.0
Udyr,Tryndamere,1,0,0.0
Udyr,Twitch,1,0,0.0
Udyr,Urgot,1,0,0.0
Udyr,Varus,6,4,0.6666666666666666
Udyr,Vayne,3,1,0.3333333333333333
Udyr,Veigar,1,0,0.0
Udyr,Velkoz,1,0,0.0
Udyr,Vex,1,0,0.0
Udyr,Vi,2,1,0.5
Udyr,Viego,4,3,0.75
Udyr,Vladimir,1,0,0.0
Udyr,XinZhao,4,2,0.5
Udyr,Yasuo,4,2,0.5
Udyr,Yone,1,0,0.0
Udyr,Yorick,3,0,0.0
Udyr,Yunara,6,5,0.8333333333333334
Udyr,Yuumi,1,1,1.0
Udyr,Zaahen,3,1,0.3333333333333333
Udyr,Zac,2,1,0.5
Udyr,Zeri,1,0,0.0
Udyr,Zilean,1,0,0.0
Udyr,Zoe,2,2,1.0
Udyr,Zyra,2,0,0.0
Urgot,Aatrox,2,2,1.0
Urgot,Ahri,4,3,0.75
Urgot,Akali,4,0,0.0
Urgot,Alistar,1,0,0.0
Urgot,Ambessa,7,3,0.42857142857142855
Urgot,Amumu,1,0,0.0
Urgot,Anivia,4,2,0.5
Urgot,Annie,2,2,1.0
Urgot,Ashe,3,0,0.0
Urgot,Aurora,2,1,0.5
Urgot,Azir,1,0,0.0
Urgot,Bard,3,0,0.0
Urgot,Brand,1,0,0.0
Urgot,Braum,1,1,1.0
Urgot,Caitlyn,2,2,1.0
Urgot,Camille,1,1,1.0
Urgot,Cassiopeia,1,1,1.0
Urgot,Chogath,1,0,0.0
Urgot,Corki,1,0,0.0
Urgot,Darius,1,0,0.0
Urgot,Diana,1,0,0.0
Urgot,DrMundo,1,1,1.0
Urgot,Draven,1,0,0.0
Urgot,Elise,1,0,0.0
Urgot,Ezreal,7,3,0.42857142857142855
Urgot,FiddleSticks,1,1,1.0
Urgot,Galio,1,0,0.0
Urgot,Garen,1,0,0.0
Urgot,Gnar,3,2,0.6666666666666666
Urgot,Graves,2,0,0.0
Urgot,Hwei,1,0,0.0
Urgot,Irelia,1,0,0.0
Urgot,Janna,1,0,0.0
Urgot,JarvanIV,2,1,0.5
Urgot,Jax,1,1,1.0
Urgot,Jayce,1,1,1.0
Urgot,Jhin,3,1,0.3333333333333333
Urgot,Jinx,1,1,1.0
Urgot,KSante,2,2,1.0
Urgot,Kaisa,1,1,1.0
Urgot,Karma,1,0,0.0
Urgot,Karthus,2,0,0.0
Urgot,Kassadin,2,0,0.0
Urgot,Kayle,1,1,1.0
Urgot,Kayn,1,0,0.0
Urgot,Kennen,1,0,0.0
Urgot,Leblanc,1,0,0.0
Urgot,LeeSin,5,1,0.2
Urgot,Leona,1,0,0.0
Urgot,Lucian,4,1,0.25
Urgot,Lulu,1,1,1.0
Urgot,Lux,1,0,0.0
Urgot,Malphite,1,1,1.0
Urgot,MasterYi,1,1,1.0
Urgot,Mel,2,1,0.5
Urgot,MonkeyKing,3,2,0.6666666666666666
Urgot,Mordekaiser,1,1,1.0
Urgot,Morgana,2,1,0.5
Urgot,Naafiri,2,1,0.5
Urgot,Nami,5,4,0.8
Urgot,Nautilus,2,1,0.5
Urgot,Nidalee,2,1,0.5
Urgot,Olaf,1,0,0.0
Urgot,Pantheon,1,1,1.0
Urgot,Poppy,1,1,1.0
Urgot,Pyke,1,1,1.0
Urgot,Rammus,1,0,0.0
Urgot,Rell,1,1,1.0
Urgot,Riven,1,0,0.0
Urgot,Rumble,1,1,1.0
Urgot,Samira,1,0,0.0
Urgot,Senna,4,0,0.0
Urgot,Seraphine,2,0,0.0
Urgot,Shen,2,0,0.0
Urgot,Singed,1,0,0.0
Urgot,Sion,2,0,0.0
Urgot,Sona,2,0,0.0
Urgot,Swain,1,0,0.0
Urgot,Sylas,2,1,0.5
Urgot,Syndra,2,2,1.0
Urgot,Taliyah,2,1,0.5
Urgot,Talon,2,0,0.0
Urgot,Teemo,1,0,0.0
Urgot,Tristana,1,1,1.0
Urgot,Tryndamere,1,0,0.0
Urgot,TwistedFate,3,1,0.3333333333333333
Urgot,Twitch,1,1,1.0
Urgot,Udyr,1,1,1.0
Urgot,Varus,2,1,0.5
Urgot,Vayne,1,0,0.0
Urgot,Veigar,1,1,1.0
Urgot,Vi,2,0,0.0
Urgot,Vladimir,1,0,0.0
Urgot,Volibear,1,1,1.0
Urgot,Xayah,1,1,1.0
Urgot,XinZhao,1,1,1.0
Urgot,Yasuo,1,0,0.0
Urgot,Yone,1,1,1.0
Urgot,Yorick,4,2,0.5
Urgot,Yunara,2,2,1.0
Urgot,Zed,2,0,0.0
Urgot,Ziggs,1,0,0.0
Urgot,Zilean,1,1,1.0
Urgot,Zoe,1,0,0.0
Varus,Aatrox,11,5,0.45454545454545453
Varus,Ahri,16,9,0.5625
Varus,Akali,21,7,0.3333333333333333
Varus,Akshan,6,2,0.3333333333333333
Varus,Alistar,13,7,0.5384615384615384
Varus,Ambessa,40,22,0.55
Varus,Amumu,2,2,1.0
Varus,Anivia,59,26,0.4406779661016949
Varus,Annie,18,10,0.5555555555555556
Varus,Aphelios,5,2,0.4
Varus,Ashe,20,11,0.55
Varus,AurelionSol,2,1,0.5
Varus,Aurora,34,14,0.4117647058823529
Varus,Azir,7,6,0.8571428571428571
Varus,Bard,38,15,0.39473684210526316
Varus,Belveth,5,4,0.8
Varus,Blitzcrank,3,3,1.0
Varus,Brand,6,3,0.5
Varus,Braum,5,3,0.6
Varus,Briar,3,2,0.6666666666666666
Varus,Caitlyn,35,22,0.6285714285714286
Varus,Camille,5,3,0.6
Varus,Cassiopeia,12,7,0.5833333333333334
Varus,Chogath,3,2,0.6666666666666666
Varus,Corki,12,8,0.6666666666666666
Varus,Darius,2,1,0.5
Varus,Diana,1,1,1.0
Varus,DrMundo,2,2,1.0
Varus,Draven,8,4,0.5
Varus,Ekko,19,13,0.6842105263157895
Varus,Elise,7,4,0.5714285714285714
Varus,Evelynn,2,1,0.5
Varus,Ezreal,61,23,0.3770491803278688
Varus,FiddleSticks,1,0,0.0
Varus,Fiora,6,5,0.8333333333333334
Varus,Fizz,4,2,0.5
Varus,Galio,10,4,0.4
Varus,Gangplank,6,3,0.5
Varus,Garen,3,2,0.6666666666666666
Varus,Gnar,20,10,0.5
Varus,Gragas,1,1,1.0
Varus,Graves,9,5,0.5555555555555556
Varus,Gwen,6,3,0.5
Varus,Hecarim,5,1,0.2
Varus,Hwei,10,3,0.3
Varus,Illaoi,3,2,0.6666666666666666
Varus,Irelia,13,5,0.38461538461538464
Varus,Ivern,6,4,0.6666666666666666
Varus,Janna,6,2,0.3333333333333333
Varus,JarvanIV,36,20,0.5555555555555556
Varus,Jax,17,11,0.6470588235294118
Varus,Jayce,40,19,0.475
Varus,Jhin,47,15,0.3191489361702128
Varus,Jinx,7,4,0.5714285714285714
Varus,KSante,10,2,0.2
Varus,Kaisa,15,8,0.5333333333333333
Varus,Kalista,7,4,0.5714285714285714
Varus,Karma,39,18,0.46153846153846156
Varus,Karthus,9,5,0.5555555555555556
Varus,Kassadin,1,1,1.0
Varus,Katarina,5,3,0.6
Varus,Kayle,2,1,0.5
Varus,Kayn,5,4,0.8
Varus,Kennen,4,0,0.0
Varus,Khazix,6,4,0.6666666666666666
Varus,Kindred,6,3,0.5
Varus,Kled,3,1,0.3333333333333333
Varus,KogMaw,4,1,0.25
Varus,Leblanc,15,10,0.6666666666666666
Varus,LeeSin,40,16,0.4
Varus,Leona,11,6,0.5454545454545454
Varus,Lillia,2,1,0.5
Varus,Lissandra,13,5,0.38461538461538464
Varus,Lucian,24,9,0.375
Varus,Lulu,18,7,0.3888888888888889
Varus,Lux,8,3,0.375
Varus,Malphite,6,2,0.3333333333333333
Varus,Malzahar,3,2,0.6666666666666666
Varus,Maokai,5,0,0.0
Varus,MasterYi,4,2,0.5
Varus,Mel,21,16,0.7619047619047619
Varus,Milio,9,3,0.3333333333333333
Varus,MissFortune,9,5,0.5555555555555556
Varus,MonkeyKing,5,1,0.2
Varus,Morgana,1,0,0.0
Varus,Naafiri,20,12,0.6
Varus,Nami,21,11,0.5238095238095238
Varus,Nasus,2,0,0.0
Varus,Nautilus,30,16,0.5333333333333333
Varus,Neeko,13,5,0.38461538461538464
Varus,Nidalee,10,5,0.5
Varus,Nilah,1,1,1.0
Varus,Nocturne,16,7,0.4375
Varus,Nunu,2,1,0.5
Varus,Olaf,9,8,0.8888888888888888
Varus,Orianna,26,8,0.3076923076923077
Varus,Ornn,9,5,0.5555555555555556
Varus,Pantheon,32,12,0.375
Varus,Poppy,11,7,0.6363636363636364
Varus,Pyke,17,8,0.47058823529411764
Varus,Qiyana,17,10,0.5882352941176471
Varus,Rakan,8,4,0.5
Varus,Rammus,2,1,0.5
Varus,RekSai,4,1,0.25
Varus,Rell,12,5,0.4166666666666667
Varus,Renata,1,0,0.0
Varus,Renekton,13,4,0.3076923076923077
Varus,Rengar,7,3,0.42857142857142855
Varus,Riven,8,6,0.75
Varus,Rumble,23,15,0.6521739130434783
Varus,Ryze,32,16,0.5
Varus,Samira,1,0,0.0
Varus,Sejuani,3,0,0.0
Varus,Senna,14,5,0.35714285714285715
Varus,Seraphine,13,6,0.46153846153846156
Varus,Sett,1,1,1.0
Varus,Shaco,3,1,0.3333333333333333
Varus,Shen,5,2,0.4
Varus,Shyvana,3,3,1.0
Varus,Singed,8,7,0.875
Varus,Sion,29,15,0.5172413793103449
Varus,Sivir,17,5,0.29411764705882354
Varus,Skarner,7,2,0.2857142857142857
Varus,Smolder,4,4,1.0
Varus,Sona,12,6,0.5
Varus,Soraka,4,2,0.5
Varus,Swain,9,4,0.4444444444444444
Varus,Sylas,22,11,0.5
Varus,Syndra,7,2,0.2857142857142857
Varus,TahmKench,1,0,0.0
Varus,Taliyah,9,6,0.6666666666666666
Varus,Talon,11,3,0.2727272727272727
Varus,Taric,2,0,0.0
Varus,Teemo,3,2,0.6666666666666666
Varus,Thresh,10,5,0.5
Varus,Tristana,3,2,0.6666666666666666
Varus,Trundle,1,1,1.0
Varus,Tryndamere,2,1,0.5
Varus,TwistedFate,10,3,0.3
Varus,Udyr,6,2,0.3333333333333333
Varus,Urgot,2,1,0.5
Varus,Vayne,23,7,0.30434782608695654
Varus,Veigar,3,1,0.3333333333333333
Varus,Velkoz,1,1,1.0
Varus,Vex,1,0,0.0
Varus,Vi,12,5,0.4166666666666667
Varus,Viego,8,4,0.5
Varus,Viktor,7,4,0.5714285714285714
Varus,Vladimir,9,3,0.3333333333333333
Varus,Warwick,1,0,0.0
Varus,Xayah,1,1,1.0
Varus,Xerath,7,1,0.14285714285714285
Varus,XinZhao,24,9,0.375
Varus,Yasuo,11,6,0.5454545454545454
Varus,Yone,21,10,0.47619047619047616
Varus,Yorick,8,5,0.625
Varus,Yunara,28,14,0.5
Varus,Yuumi,2,2,1.0
Varus,Zaahen,6,3,0.5
Varus,Zac,2,1,0.5
Varus,Zed,6,2,0.3333333333333333
Varus,Zeri,2,2,1.0
Varus,Ziggs,12,8,0.6666666666666666
Varus,Zilean,5,3,0.6
Varus,Zoe,8,4,0.5
Varus,Zyra,5,2,0.4
Vayne,Aatrox,15,6,0.4
Vayne,Ahri,23,8,0.34782608695652173
Vayne,Akali,12,6,0.5
Vayne,Akshan,4,3,0.75
Vayne,Alistar,7,3,0.42857142857142855
Vayne,Ambessa,26,17,0.6538461538461539
Vayne,Anivia,37,14,0.3783783783783784
Vayne,Annie,12,7,0.5833333333333334
Vayne,Aphelios,2,0,0.0
Vayne,Ashe,19,10,0.5263157894736842
Vayne,AurelionSol,6,3,0.5
Vayne,Aurora,22,9,0.4090909090909091
Vayne,Azir,8,6,0.75
Vayne,Bard,34,18,0.5294117647058824
Vayne,Belveth,6,2,0.3333333333333333
Vayne,Blitzcrank,2,2,1.0
Vayne,Brand,1,1,1.0
Vayne,Braum,6,2,0.3333333333333333
Vayne,Caitlyn,16,7,0.4375
Vayne,Camille,6,4,0.6666666666666666
Vayne,Cassiopeia,6,2,0.3333333333333333
Vayne,Chogath,3,2,0.6666666666666666
Vayne,Corki,14,6,0.42857142857142855
Vayne,Darius,4,2,0.5
Vayne,Diana,4,3,0.75
Vayne,DrMundo,6,5,0.8333333333333334
Vayne,Draven,7,4,0.5714285714285714
Vayne,Ekko,13,6,0.46153846153846156
Vayne,Elise,13,5,0.38461538461538464
Vayne,Ezreal,60,32,0.5333333333333333
Vayne,FiddleSticks,6,5,0.8333333333333334
Vayne,Fiora,14,7,0.5
Vayne,Fizz,4,1,0.25
Vayne,Galio,8,5,0.625
Vayne,Gangplank,4,0,0.0
Vayne,Garen,11,7,0.6363636363636364
Vayne,Gnar,27,14,0.5185185185185185
Vayne,Gragas,3,2,0.6666666666666666
Vayne,Graves,16,7,0.4375
Vayne,Gwen,3,2,0.6666666666666666
Vayne,Hecarim,4,1,0.25
Vayne,Heimerdinger,2,0,0.0
Vayne,Hwei,10,3,0.3
Vayne,Illaoi,3,1,0.3333333333333333
Vayne,Irelia,7,5,0.7142857142857143
Vayne,Ivern,2,0,0.0
Vayne,Janna,3,2,0.6666666666666666
Vayne,JarvanIV,21,13,0.6190476190476191
Vayne,Jax,2,2,1.0
Vayne,Jayce,26,7,0.2692307692307692
Vayne,Jhin,19,9,0.47368421052631576
Vayne,Jinx,3,1,0.3333333333333333
Vayne,KSante,14,7,0.5
Vayne,Kaisa,16,7,0.4375
Vayne,Kalista,5,4,0.8
Vayne,Karma,41,18,0.43902439024390244
Vayne,Karthus,12,3,0.25
Vayne,Kassadin,4,4,1.0
Vayne,Katarina,4,1,0.25
Vayne,Kayle,1,0,0.0
Vayne,Kayn,5,4,0.8
Vayne,Kennen,4,4,1.0
Vayne,Khazix,2,0,0.0
Vayne,Kindred,6,2,0.3333333333333333
Vayne,Kled,2,1,0.5
Vayne,KogMaw,5,2,0.4
Vayne,Leblanc,13,5,0.38461538461538464
Vayne,LeeSin,34,15,0.4411764705882353
Vayne,Leona,7,3,0.42857142857142855
Vayne,Lillia,1,0,0.0
Vayne,Lissandra,8,3,0.375
Vayne,Lucian,20,5,0.25
Vayne,Lulu,10,3,0.3
Vayne,Lux,7,6,0.8571428571428571
Vayne,Malphite,14,7,0.5
Vayne,Maokai,1,1,1.0
Vayne,MasterYi,6,2,0.3333333333333333
Vayne,Mel,10,6,0.6
Vayne,Milio,10,2,0.2
Vayne,MissFortune,4,2,0.5
Vayne,MonkeyKing,3,2,0.6666666666666666
Vayne,Mordekaiser,1,0,0.0
Vayne,Morgana,2,1,0.5
Vayne,Naafiri,19,12,0.631578947368421
Vayne,Nami,16,6,0.375
Vayne,Nasus,5,2,0.4
Vayne,Nautilus,28,8,0.2857142857142857
Vayne,Neeko,13,7,0.5384615384615384
Vayne,Nidalee,15,4,0.26666666666666666
Vayne,Nocturne,10,6,0.6
Vayne,Nunu,7,4,0.5714285714285714
Vayne,Olaf,7,4,0.5714285714285714
Vayne,Orianna,19,12,0.631578947368421
Vayne,Ornn,5,0,0.0
Vayne,Pantheon,17,8,0.47058823529411764
Vayne,Poppy,1,0,0.0
Vayne,Pyke,14,9,0.6428571428571429
Vayne,Qiyana,12,7,0.5833333333333334
Vayne,Quinn,1,0,0.0
Vayne,Rakan,10,4,0.4
Vayne,Rammus,1,1,1.0
Vayne,RekSai,5,3,0.6
Vayne,Rell,8,6,0.75
Vayne,Renata,2,1,0.5
Vayne,Renekton,12,6,0.5
Vayne,Rengar,2,0,0.0
Vayne,Riven,11,6,0.5454545454545454
Vayne,Rumble,9,6,0.6666666666666666
Vayne,Ryze,24,11,0.4583333333333333
Vayne,Samira,1,0,0.0
Vayne,Sejuani,2,2,1.0
Vayne,Senna,15,6,0.4
Vayne,Seraphine,12,7,0.5833333333333334
Vayne,Sett,3,1,0.3333333333333333
Vayne,Shen,14,7,0.5
Vayne,Shyvana,1,1,1.0
Vayne,Singed,13,8,0.6153846153846154
Vayne,Sion,15,9,0.6
Vayne,Sivir,5,3,0.6
Vayne,Skarner,7,4,0.5714285714285714
Vayne,Smolder,7,4,0.5714285714285714
Vayne,Sona,5,1,0.2
Vayne,Soraka,7,4,0.5714285714285714
Vayne,Swain,8,5,0.625
Vayne,Sylas,16,8,0.5
Vayne,Syndra,6,4,0.6666666666666666
Vayne,TahmKench,1,0,0.0
Vayne,Taliyah,13,5,0.38461538461538464
Vayne,Talon,8,3,0.375
Vayne,Taric,2,1,0.5
Vayne,Teemo,2,0,0.0
Vayne,Thresh,4,4,1.0
Vayne,Tristana,9,5,0.5555555555555556
Vayne,Trundle,1,1,1.0
Vayne,Tryndamere,1,0,0.0
Vayne,TwistedFate,8,4,0.5
Vayne,Twitch,1,1,1.0
Vayne,Udyr,3,2,0.6666666666666666
Vayne,Urgot,1,1,1.0
Vayne,Varus,23,16,0.6956521739130435
Vayne,Veigar,2,1,0.5
Vayne,Velkoz,5,2,0.4
Vayne,Vex,2,1,0.5
Vayne,Vi,12,4,0.3333333333333333
Vayne,Viego,10,7,0.7
Vayne,Viktor,5,5,1.0
Vayne,Vladimir,11,6,0.5454545454545454
Vayne,Volibear,3,1,0.3333333333333333
Vayne,Xayah,3,2,0.6666666666666666
Vayne,Xerath,4,2,0.5
Vayne,XinZhao,24,9,0.375
Vayne,Yasuo,12,6,0.5
Vayne,Yone,20,9,0.45
Vayne,Yorick,2,1,0.5
Vayne,Yunara,23,7,0.30434782608695654
Vayne,Yuumi,6,5,0.8333333333333334
Vayne,Zaahen,10,8,0.8
Vayne,Zed,6,3,0.5
Vayne,Zeri,4,2,0.5
Vayne,Ziggs,1,1,1.0
Vayne,Zilean,2,2,1.0
Vayne,Zoe,7,4,0.5714285714285714
Vayne,Zyra,10,8,0.8
Veigar,Aatrox,7,4,0.5714285714285714
Veigar,Ahri,8,4,0.5
Veigar,Akali,3,2,0.6666666666666666
Veigar,Akshan,1,0,0.0
Veigar,Ambessa,6,4,0.6666666666666666
Veigar,Amumu,1,0,0.0
Veigar,Anivia,5,4,0.8
Veigar,Annie,3,1,0.3333333333333333
Veigar,Aphelios,1,1,1.0
Veigar,Ashe,6,3,0.5
Veigar,AurelionSol,1,0,0.0
Veigar,Aurora,4,3,0.75
Veigar,Azir,3,1,0.3333333333333333
Veigar,Bard,5,2,0.4
Veigar,Belveth,1,0,0.0
Veigar,Blitzcrank,1,1,1.0
Veigar,Briar,1,1,1.0
Veigar,Caitlyn,3,3,1.0
Veigar,Camille,1,0,0.0
Veigar,Cassiopeia,1,1,1.0
Veigar,Corki,2,2,1.0
Veigar,DrMundo,1,0,0.0
Veigar,Draven,1,0,0.0
Veigar,Ekko,2,0,0.0
Veigar,Elise,1,1,1.0
Veigar,Evelynn,1,0,0.0
Veigar,Ezreal,8,2,0.25
Veigar,FiddleSticks,2,0,0.0
Veigar,Fizz,1,1,1.0
Veigar,Galio,2,0,0.0
Veigar,Gangplank,1,0,0.0
Veigar,Garen,1,0,0.0
Veigar,Gnar,2,1,0.5
Veigar,Gragas,1,1,1.0
Veigar,Graves,4,0,0.0
Veigar,Heimerdinger,1,1,1.0
Veigar,Hwei,4,4,1.0
Veigar,Irelia,4,2,0.5
Veigar,Ivern,1,0,0.0
Veigar,JarvanIV,5,4,0.8
Veigar,Jax,1,0,0.0
Veigar,Jayce,11,2,0.18181818181818182
Veigar,Jhin,5,2,0.4
Veigar,Jinx,1,0,0.0
Veigar,KSante,3,2,0.6666666666666666
Veigar,Kaisa,3,2,0.6666666666666666
Veigar,Kalista,2,2,1.0
Veigar,Karma,6,3,0.5
Veigar,Karthus,1,0,0.0
Veigar,Kassadin,1,0,0.0
Veigar,Katarina,5,2,0.4
Veigar,Kayn,1,0,0.0
Veigar,Khazix,1,0,0.0
Veigar,Kindred,1,0,0.0
Veigar,Kled,5,2,0.4
Veigar,KogMaw,3,2,0.6666666666666666
Veigar,Leblanc,4,3,0.75
Veigar,LeeSin,6,2,0.3333333333333333
Veigar,Leona,2,1,0.5
Veigar,Lillia,1,0,0.0
Veigar,Lissandra,4,2,0.5
Veigar,Lucian,5,2,0.4
Veigar,Lulu,1,0,0.0
Veigar,Lux,3,0,0.0
Veigar,Malphite,1,0,0.0
Veigar,Malzahar,1,0,0.0
Veigar,MasterYi,1,1,1.0
Veigar,Mel,5,3,0.6
Veigar,Milio,1,0,0.0
Veigar,MissFortune,4,2,0.5
Veigar,MonkeyKing,1,0,0.0
Veigar,Morgana,2,1,0.5
Veigar,Naafiri,4,3,0.75
Veigar,Nami,2,2,1.0
Veigar,Nautilus,6,2,0.3333333333333333
Veigar,Neeko,3,3,1.0
Veigar,Nidalee,1,1,1.0
Veigar,Nocturne,2,0,0.0
Veigar,Nunu,2,0,0.0
Veigar,Olaf,2,1,0.5
Veigar,Orianna,3,3,1.0
Veigar,Ornn,3,2,0.6666666666666666
Veigar,Pantheon,10,5,0.5
Veigar,Poppy,1,1,1.0
Veigar,Pyke,2,2,1.0
Veigar,Qiyana,3,2,0.6666666666666666
Veigar,Quinn,1,0,0.0
Veigar,Rakan,4,3,0.75
Veigar,RekSai,2,1,0.5
Veigar,Rell,2,1,0.5
Veigar,Renekton,3,2,0.6666666666666666
Veigar,Riven,4,2,0.5
Veigar,Rumble,1,1,1.0
Veigar,Ryze,2,1,0.5
Veigar,Samira,2,1,0.5
Veigar,Senna,3,1,0.3333333333333333
Veigar,Seraphine,7,3,0.42857142857142855
Veigar,Sett,2,1,0.5
Veigar,Shaco,3,2,0.6666666666666666
Veigar,Shen,2,0,0.0
Veigar,Shyvana,2,1,0.5
Veigar,Singed,3,2,0.6666666666666666
Veigar,Sion,5,2,0.4
Veigar,Sivir,3,1,0.3333333333333333
Veigar,Skarner,2,1,0.5
Veigar,Smolder,3,2,0.6666666666666666
Veigar,Sona,5,1,0.2
Veigar,Soraka,2,1,0.5
Veigar,Swain,1,1,1.0
Veigar,Sylas,4,1,0.25
Veigar,Talon,1,0,0.0
Veigar,Taric,2,2,1.0
Veigar,Teemo,5,2,0.4
Veigar,Thresh,3,1,0.3333333333333333
Veigar,Tristana,3,1,0.3333333333333333
Veigar,Trundle,1,1,1.0
Veigar,Tryndamere,1,0,0.0
Veigar,TwistedFate,2,1,0.5
Veigar,Twitch,1,0,0.0
Veigar,Udyr,1,1,1.0
Veigar,Urgot,1,0,0.0
Veigar,Varus,3,2,0.6666666666666666
Veigar,Vayne,2,1,0.5
Veigar,Vi,3,2,0.6666666666666666
Veigar,Viego,1,1,1.0
Veigar,Volibear,1,0,0.0
Veigar,Xerath,2,1,0.5
Veigar,XinZhao,3,2,0.6666666666666666
Veigar,Yasuo,2,1,0.5
Veigar,Yone,4,2,0.5
Veigar,Yorick,3,1,0.3333333333333333
Veigar,Yunara,5,1,0.2
Veigar,Yuumi,5,3,0.6
Veigar,Zaahen,1,0,0.0
Veigar,Zed,1,0,0.0
Veigar,Zilean,1,0,0.0
Veigar,Zyra,1,0,0.0
Velkoz,Aatrox,1,0,0.0
Velkoz,Ahri,7,2,0.2857142857142857
Velkoz,Akali,3,0,0.0
Velkoz,Akshan,1,0,0.0
Velkoz,Alistar,3,0,0.0
Velkoz,Ambessa,3,2,0.6666666666666666
Velkoz,Anivia,7,4,0.5714285714285714
Velkoz,Annie,3,2,0.6666666666666666
Velkoz,Ashe,4,1,0.25
Velkoz,AurelionSol,1,1,1.0
Velkoz,Aurora,5,1,0.2
Velkoz,Azir,1,0,0.0
Velkoz,Bard,7,4,0.5714285714285714
Velkoz,Blitzcrank,1,1,1.0
Velkoz,Braum,1,0,0.0
Velkoz,Briar,2,2,1.0
Velkoz,Caitlyn,3,2,0.6666666666666666
Velkoz,Camille,2,1,0.5
Velkoz,Corki,1,0,0.0
Velkoz,Darius,2,2,1.0
Velkoz,Diana,1,0,0.0
Velkoz,DrMundo,2,1,0.5
Velkoz,Draven,1,0,0.0
Velkoz,Ekko,2,1,0.5
Velkoz,Elise,1,0,0.0
Velkoz,Ezreal,12,7,0.5833333333333334
Velkoz,FiddleSticks,1,0,0.0
Velkoz,Fiora,2,0,0.0
Velkoz,Galio,3,1,0.3333333333333333
Velkoz,Garen,1,1,1.0
Velkoz,Gnar,2,2,1.0
Velkoz,Gragas,2,0,0.0
Velkoz,Graves,1,0,0.0
Velkoz,Gwen,1,0,0.0
Velkoz,Hecarim,1,0,0.0
Velkoz,Ivern,1,1,1.0
Velkoz,Janna,1,0,0.0
Velkoz,JarvanIV,3,1,0.3333333333333333
Velkoz,Jax,1,1,1.0
Velkoz,Jayce,2,1,0.5
Velkoz,Jhin,9,4,0.4444444444444444
Velkoz,Jinx,1,0,0.0
Velkoz,KSante,1,0,0.0
Velkoz,Kaisa,1,0,0.0
Velkoz,Kalista,2,1,0.5
Velkoz,Karma,8,5,0.625
Velkoz,Karthus,2,1,0.5
Velkoz,Kassadin,1,0,0.0
Velkoz,Katarina,2,1,0.5
Velkoz,Kennen,2,0,0.0
Velkoz,Khazix,1,1,1.0
Velkoz,Kled,1,0,0.0
Velkoz,KogMaw,1,0,0.0
Velkoz,Leblanc,2,1,0.5
Velkoz,LeeSin,6,3,0.5
Velkoz,Leona,1,1,1.0
Velkoz,Lillia,1,1,1.0
Velkoz,Lissandra,1,1,1.0
Velkoz,Lucian,2,1,0.5
Velkoz,Lulu,2,0,0.0
Velkoz,Lux,1,0,0.0
Velkoz,Malzahar,1,1,1.0
Velkoz,MasterYi,1,0,0.0
Velkoz,MissFortune,1,0,0.0
Velkoz,Mordekaiser,1,0,0.0
Velkoz,Morgana,1,0,0.0
Velkoz,Naafiri,3,0,0.0
Velkoz,Nami,3,1,0.3333333333333333
Velkoz,Nautilus,2,2,1.0
Velkoz,Neeko,3,1,0.3333333333333333
Velkoz,Nidalee,1,1,1.0
Velkoz,Nilah,1,1,1.0
Velkoz,Nocturne,7,1,0.14285714285714285
Velkoz,Nunu,2,0,0.0
Velkoz,Olaf,1,1,1.0
Velkoz,Orianna,2,1,0.5
Velkoz,Ornn,2,0,0.0
Velkoz,Pantheon,3,1,0.3333333333333333
Velkoz,Poppy,2,1,0.5
Velkoz,Qiyana,2,1,0.5
Velkoz,Quinn,1,0,0.0
Velkoz,Rakan,1,0,0.0
Velkoz,RekSai,1,1,1.0
Velkoz,Rell,2,1,0.5
Velkoz,Renata,1,0,0.0
Velkoz,Riven,1,0,0.0
Velkoz,Rumble,2,1,0.5
Velkoz,Ryze,4,0,0.0
Velkoz,Senna,2,0,0.0
Velkoz,Seraphine,2,1,0.5
Velkoz,Shen,3,1,0.3333333333333333
Velkoz,Singed,1,1,1.0
Velkoz,Sion,4,1,0.25
Velkoz,Sivir,1,1,1.0
Velkoz,Skarner,1,0,0.0
Velkoz,Smolder,1,0,0.0
Velkoz,Sona,1,0,0.0
Velkoz,Soraka,1,0,0.0
Velkoz,Sylas,1,1,1.0
Velkoz,Syndra,1,0,0.0
Velkoz,Taliyah,1,0,0.0
Velkoz,Taric,2,1,0.5
Velkoz,Thresh,3,2,0.6666666666666666
Velkoz,Tryndamere,1,0,0.0
Velkoz,TwistedFate,1,0,0.0
Velkoz,Udyr,1,1,1.0
Velkoz,Varus,1,0,0.0
Velkoz,Vayne,5,3,0.6
Velkoz,Vi,2,1,0.5
Velkoz,Viego,1,1,1.0
Velkoz,Viktor,2,2,1.0
Velkoz,Vladimir,2,2,1.0
Velkoz,Xayah,1,1,1.0
Velkoz,Xerath,4,1,0.25
Velkoz,Yasuo,1,0,0.0
Velkoz,Yone,7,2,0.2857142857142857
Velkoz,Yorick,1,0,0.0
Velkoz,Yunara,3,0,0.0
Velkoz,Zaahen,3,1,0.3333333333333333
Velkoz,Zilean,2,0,0.0
Velkoz,Zoe,1,1,1.0
Velkoz,Zyra,2,1,0.5
Vex,Aatrox,2,0,0.0
Vex,Ahri,2,1,0.5
Vex,Akali,3,2,0.6666666666666666
Vex,Akshan,1,1,1.0
Vex,Alistar,3,1,0.3333333333333333
Vex,Ambessa,2,1,0.5
Vex,Amumu,1,1,1.0
Vex,Anivia,4,3,0.75
Vex,Annie,1,1,1.0
Vex,Aurora,4,3,0.75
Vex,Azir,4,2,0.5
Vex,Bard,3,1,0.3333333333333333
Vex,Blitzcrank,1,0,0.0
Vex,Braum,1,1,1.0
Vex,Caitlyn,5,3,0.6
Vex,Camille,3,3,1.0
Vex,Corki,2,1,0.5
Vex,Darius,1,1,1.0
Vex,Diana,1,1,1.0
Vex,Draven,1,1,1.0
Vex,Ekko,2,1,0.5
Vex,Elise,1,0,0.0
Vex,Ezreal,9,4,0.4444444444444444
Vex,FiddleSticks,2,1,0.5
Vex,Galio,1,0,0.0
Vex,Gangplank,1,0,0.0
Vex,Gnar,2,2,1.0
Vex,Gragas,2,1,0.5
Vex,Graves,6,3,0.5
Vex,Gwen,1,0,0.0
Vex,Hecarim,1,1,1.0
Vex,Heimerdinger,1,1,1.0
Vex,Irelia,3,1,0.3333333333333333
Vex,Ivern,1,1,1.0
Vex,Janna,1,1,1.0
Vex,JarvanIV,2,0,0.0
Vex,Jax,1,1,1.0
Vex,Jayce,5,4,0.8
Vex,Jhin,2,1,0.5
Vex,Jinx,1,0,0.0
Vex,Kaisa,3,1,0.3333333333333333
Vex,Kalista,2,1,0.5
Vex,Karma,2,1,0.5
Vex,Katarina,1,1,1.0
Vex,Kayn,1,1,1.0
Vex,Khazix,2,0,0.0
Vex,Kindred,1,1,1.0
Vex,Leblanc,5,1,0.2
Vex,LeeSin,3,1,0.3333333333333333
Vex,Leona,1,0,0.0
Vex,Lissandra,1,1,1.0
Vex,Lucian,6,4,0.6666666666666666
Vex,Lulu,2,1,0.5
Vex,MasterYi,1,1,1.0
Vex,Mel,1,1,1.0
Vex,MonkeyKing,1,1,1.0
Vex,Naafiri,1,0,0.0
Vex,Nami,3,2,0.6666666666666666
Vex,Nasus,1,0,0.0
Vex,Nautilus,3,1,0.3333333333333333
Vex,Nocturne,2,1,0.5
Vex,Olaf,1,0,0.0
Vex,Orianna,3,2,0.6666666666666666
Vex,Ornn,1,0,0.0
Vex,Pantheon,3,2,0.6666666666666666
Vex,Pyke,2,2,1.0
Vex,Qiyana,4,2,0.5
Vex,Quinn,1,0,0.0
Vex,Rakan,2,1,0.5
Vex,RekSai,1,1,1.0
Vex,Rell,1,1,1.0
Vex,Renata,1,1,1.0
Vex,Rengar,1,1,1.0
Vex,Rumble,4,3,0.75
Vex,Ryze,2,1,0.5
Vex,Sejuani,1,0,0.0
Vex,Seraphine,1,0,0.0
Vex,Shen,2,1,0.5
Vex,Sion,4,3,0.75
Vex,Skarner,2,1,0.5
Vex,Smolder,2,1,0.5
Vex,Soraka,4,3,0.75
Vex,Swain,1,1,1.0
Vex,Sylas,7,5,0.7142857142857143
Vex,Taliyah,2,1,0.5
Vex,Talon,2,1,0.5
Vex,Taric,1,0,0.0
Vex,Teemo,2,1,0.5
Vex,Thresh,3,2,0.6666666666666666
Vex,Udyr,1,1,1.0
Vex,Varus,1,1,1.0
Vex,Vayne,2,1,0.5
Vex,Vi,2,2,1.0
Vex,Viego,1,1,1.0
Vex,Viktor,3,2,0.6666666666666666
Vex,Vladimir,2,1,0.5
Vex,Xayah,1,0,0.0
Vex,Xerath,1,0,0.0
Vex,Yasuo,2,2,1.0
Vex,Yone,3,1,0.3333333333333333
Vex,Yorick,1,1,1.0
Vex,Yunara,8,5,0.625
Vex,Yuumi,3,2,0.6666666666666666
Vex,Zaahen,3,1,0.3333333333333333
Vex,Zac,1,1,1.0
Vex,Zed,1,1,1.0
Vex,Ziggs,2,2,1.0
Vex,Zyra,3,1,0.3333333333333333
Vi,Aatrox,9,6,0.6666666666666666
Vi,Ahri,9,5,0.5555555555555556
Vi,Akali,16,8,0.5
Vi,Akshan,6,3,0.5
Vi,Alistar,8,1,0.125
Vi,Ambessa,18,8,0.4444444444444444
Vi,Anivia,18,13,0.7222222222222222
Vi,Annie,7,2,0.2857142857142857
Vi,Aphelios,1,1,1.0
Vi,Ashe,8,1,0.125
Vi,AurelionSol,6,3,0.5
Vi,Aurora,28,15,0.5357142857142857
Vi,Azir,11,8,0.7272727272727273
Vi,Bard,30,11,0.36666666666666664
Vi,Blitzcrank,1,1,1.0
Vi,Brand,1,0,0.0
Vi,Braum,7,4,0.5714285714285714
Vi,Briar,2,2,1.0
Vi,Caitlyn,23,9,0.391304347826087
Vi,Camille,5,2,0.4
Vi,Cassiopeia,3,2,0.6666666666666666
Vi,Chogath,2,2,1.0
Vi,Corki,8,2,0.25
Vi,Darius,4,3,0.75
Vi,Diana,1,0,0.0
Vi,DrMundo,5,3,0.6
Vi,Draven,1,1,1.0
Vi,Ekko,9,5,0.5555555555555556
Vi,Elise,5,1,0.2
Vi,Ezreal,49,26,0.5306122448979592
Vi,FiddleSticks,2,2,1.0
Vi,Fiora,4,2,0.5
Vi,Fizz,2,2,1.0
Vi,Galio,7,5,0.7142857142857143
Vi,Gangplank,3,2,0.6666666666666666
Vi,Gnar,12,6,0.5
Vi,Gragas,4,3,0.75
Vi,Graves,10,5,0.5
Vi,Gwen,3,1,0.3333333333333333
Vi,Hecarim,4,2,0.5
Vi,Hwei,7,1,0.14285714285714285
Vi,Illaoi,1,0,0.0
Vi,Irelia,2,0,0.0
Vi,Ivern,1,1,1.0
Vi,Janna,2,1,0.5
Vi,JarvanIV,26,13,0.5
Vi,Jax,11,5,0.45454545454545453
Vi,Jayce,31,15,0.4838709677419355
Vi,Jhin,17,6,0.35294117647058826
Vi,Jinx,1,1,1.0
Vi,KSante,14,6,0.42857142857142855
Vi,Kaisa,7,2,0.2857142857142857
Vi,Kalista,2,2,1.0
Vi,Karma,23,8,0.34782608695652173
Vi,Karthus,3,2,0.6666666666666666
Vi,Kassadin,1,0,0.0
Vi,Katarina,3,1,0.3333333333333333
Vi,Kayle,2,0,0.0
Vi,Kayn,1,0,0.0
Vi,Kennen,1,0,0.0
Vi,Khazix,4,2,0.5
Vi,Kindred,1,0,0.0
Vi,KogMaw,1,0,0.0
Vi,Leblanc,8,2,0.25
Vi,LeeSin,33,17,0.5151515151515151
Vi,Leona,6,6,1.0
Vi,Lillia,2,0,0.0
Vi,Lissandra,11,6,0.5454545454545454
Vi,Lucian,12,10,0.8333333333333334
Vi,Lulu,13,10,0.7692307692307693
Vi,Lux,4,3,0.75
Vi,Malphite,3,1,0.3333333333333333
Vi,Malzahar,4,2,0.5
Vi,Maokai,1,0,0.0
Vi,MasterYi,5,3,0.6
Vi,Mel,12,9,0.75
Vi,MissFortune,2,2,1.0
Vi,MonkeyKing,1,0,0.0
Vi,Morgana,3,2,0.6666666666666666
Vi,Naafiri,11,6,0.5454545454545454
Vi,Nami,13,9,0.6923076923076923
Vi,Nautilus,21,11,0.5238095238095238
Vi,Neeko,7,4,0.5714285714285714
Vi,Nidalee,5,3,0.6
Vi,Nocturne,14,7,0.5
Vi,Nunu,4,2,0.5
Vi,Olaf,2,1,0.5
Vi,Orianna,10,2,0.2
Vi,Ornn,6,3,0.5
Vi,Pantheon,19,9,0.47368421052631576
Vi,Poppy,5,3,0.6
Vi,Pyke,5,5,1.0
Vi,Qiyana,11,6,0.5454545454545454
Vi,Quinn,2,2,1.0
Vi,Rakan,11,3,0.2727272727272727
Vi,Rammus,1,0,0.0
Vi,RekSai,1,1,1.0
Vi,Rell,6,2,0.3333333333333333
Vi,Renata,1,1,1.0
Vi,Renekton,7,4,0.5714285714285714
Vi,Rengar,1,1,1.0
Vi,Riven,8,7,0.875
Vi,Rumble,4,2,0.5
Vi,Ryze,23,15,0.6521739130434783
Vi,Samira,2,1,0.5
Vi,Senna,5,3,0.6
Vi,Seraphine,8,2,0.25
Vi,Sett,1,0,0.0
Vi,Shen,4,1,0.25
Vi,Shyvana,1,0,0.0
Vi,Singed,2,0,0.0
Vi,Sion,16,7,0.4375
Vi,Sivir,6,2,0.3333333333333333
Vi,Skarner,1,1,1.0
Vi,Smolder,2,1,0.5
Vi,Sona,8,5,0.625
Vi,Soraka,7,3,0.42857142857142855
Vi,Swain,4,1,0.25
Vi,Sylas,18,11,0.6111111111111112
Vi,Syndra,4,2,0.5
Vi,TahmKench,4,3,0.75
Vi,Taliyah,11,6,0.5454545454545454
Vi,Talon,6,0,0.0
Vi,Taric,1,1,1.0
Vi,Teemo,8,2,0.25
Vi,Thresh,3,2,0.6666666666666666
Vi,Tristana,5,1,0.2
Vi,Trundle,3,1,0.3333333333333333
Vi,Tryndamere,1,1,1.0
Vi,TwistedFate,6,3,0.5
Vi,Udyr,2,1,0.5
Vi,Urgot,2,2,1.0
Vi,Varus,12,7,0.5833333333333334
Vi,Vayne,12,8,0.6666666666666666
Vi,Veigar,3,1,0.3333333333333333
Vi,Velkoz,2,1,0.5
Vi,Vex,2,0,0.0
Vi,Viego,1,1,1.0
Vi,Viktor,7,3,0.42857142857142855
Vi,Vladimir,3,1,0.3333333333333333
Vi,Xayah,14,8,0.5714285714285714
Vi,Xerath,1,0,0.0
Vi,XinZhao,14,5,0.35714285714285715
Vi,Yasuo,4,1,0.25
Vi,Yone,9,3,0.3333333333333333
Vi,Yorick,5,3,0.6
Vi,Yunara,26,13,0.5
Vi,Yuumi,2,2,1.0
Vi,Zaahen,12,4,0.3333333333333333
Vi,Zac,1,0,0.0
Vi,Zed,2,0,0.0
Vi,Zeri,4,2,0.5
Vi,Ziggs,5,3,0.6
Vi,Zilean,1,0,0.0
Vi,Zoe,7,4,0.5714285714285714
Vi,Zyra,3,1,0.3333333333333333
Viego,Aatrox,6,1,0.16666666666666666
Viego,Ahri,13,1,0.07692307692307693
Viego,Akali,4,3,0.75
Viego,Akshan,6,1,0.16666666666666666
Viego,Alistar,6,2,0.3333333333333333
Viego,Ambessa,18,7,0.3888888888888889
Viego,Amumu,1,0,0.0
Viego,Anivia,20,9,0.45
Viego,Annie,3,0,0.0
Viego,Aphelios,4,2,0.5
Viego,Ashe,8,1,0.125
Viego,AurelionSol,3,2,0.6666666666666666
Viego,Aurora,6,4,0.6666666666666666
Viego,Azir,4,2,0.5
Viego,Bard,17,8,0.47058823529411764
Viego,Belveth,5,2,0.4
Viego,Blitzcrank,2,1,0.5
Viego,Brand,1,1,1.0
Viego,Braum,9,2,0.2222222222222222
Viego,Briar,2,0,0.0
Viego,Caitlyn,13,4,0.3076923076923077
Viego,Camille,2,2,1.0
Viego,Cassiopeia,6,2,0.3333333333333333
Viego,Chogath,1,0,0.0
Viego,Corki,6,1,0.16666666666666666
Viego,Diana,2,0,0.0
Viego,DrMundo,3,1,0.3333333333333333
Viego,Draven,3,3,1.0
Viego,Ekko,9,4,0.4444444444444444
Viego,Elise,2,1,0.5
Viego,Ezreal,23,11,0.4782608695652174
Viego,FiddleSticks,3,2,0.6666666666666666
Viego,Fiora,3,1,0.3333333333333333
Viego,Fizz,1,0,0.0
Viego,Galio,5,3,0.6
Viego,Gangplank,2,1,0.5
Viego,Garen,3,2,0.6666666666666666
Viego,Gnar,7,1,0.14285714285714285
Viego,Gragas,4,1,0.25
Viego,Graves,11,2,0.18181818181818182
Viego,Gwen,2,0,0.0
Viego,Hecarim,3,0,0.0
Viego,Heimerdinger,1,1,1.0
Viego,Hwei,3,0,0.0
Viego,Irelia,2,1,0.5
Viego,Ivern,3,1,0.3333333333333333
Viego,Janna,1,0,0.0
Viego,JarvanIV,15,10,0.6666666666666666
Viego,Jax,10,3,0.3
Viego,Jayce,19,8,0.42105263157894735
Viego,Jhin,13,4,0.3076923076923077
Viego,Jinx,1,1,1.0
Viego,KSante,2,2,1.0
Viego,Kaisa,12,5,0.4166666666666667
Viego,Kalista,1,1,1.0
Viego,Karma,11,5,0.45454545454545453
Viego,Karthus,4,0,0.0
Viego,Kassadin,1,1,1.0
Viego,Katarina,4,2,0.5
Viego,Kayle,2,1,0.5
Viego,Kayn,1,0,0.0
Viego,Kennen,1,0,0.0
Viego,Khazix,2,0,0.0
Viego,Kindred,2,2,1.0
Viego,Kled,2,1,0.5
Viego,KogMaw,2,0,0.0
Viego,Leblanc,4,0,0.0
Viego,LeeSin,13,7,0.5384615384615384
Viego,Leona,5,2,0.4
Viego,Lillia,2,1,0.5
Viego,Lissandra,3,1,0.3333333333333333
Viego,Lucian,5,1,0.2
Viego,Lulu,8,2,0.25
Viego,Lux,4,2,0.5
Viego,Malphite,6,1,0.16666666666666666
Viego,Maokai,1,0,0.0
Viego,MasterYi,4,1,0.25
Viego,Mel,6,3,0.5
Viego,MissFortune,3,0,0.0
Viego,MonkeyKing,1,0,0.0
Viego,Naafiri,6,2,0.3333333333333333
Viego,Nami,8,2,0.25
Viego,Nautilus,15,4,0.26666666666666666
Viego,Neeko,8,4,0.5
Viego,Nidalee,4,1,0.25
Viego,Nocturne,9,3,0.3333333333333333
Viego,Nunu,1,1,1.0
Viego,Olaf,3,3,1.0
Viego,Orianna,13,3,0.23076923076923078
Viego,Ornn,4,0,0.0
Viego,Pantheon,6,2,0.3333333333333333
Viego,Poppy,3,1,0.3333333333333333
Viego,Pyke,5,1,0.2
Viego,Qiyana,3,2,0.6666666666666666
Viego,Quinn,1,1,1.0
Viego,Rakan,2,0,0.0
Viego,RekSai,3,0,0.0
Viego,Rell,7,2,0.2857142857142857
Viego,Renekton,5,0,0.0
Viego,Rengar,3,0,0.0
Viego,Riven,2,2,1.0
Viego,Rumble,8,5,0.625
Viego,Ryze,9,5,0.5555555555555556
Viego,Sejuani,1,0,0.0
Viego,Senna,8,5,0.625
Viego,Seraphine,6,3,0.5
Viego,Sett,2,1,0.5
Viego,Shen,3,1,0.3333333333333333
Viego,Shyvana,1,0,0.0
Viego,Singed,2,2,1.0
Viego,Sion,13,6,0.46153846153846156
Viego,Sivir,8,7,0.875
Viego,Skarner,5,3,0.6
Viego,Smolder,1,1,1.0
Viego,Sona,4,1,0.25
Viego,Soraka,5,2,0.4
Viego,Swain,2,2,1.0
Viego,Sylas,10,5,0.5
Viego,Syndra,3,2,0.6666666666666666
Viego,Taliyah,3,1,0.3333333333333333
Viego,Talon,6,4,0.6666666666666666
Viego,Taric,1,0,0.0
Viego,Teemo,3,0,0.0
Viego,Thresh,4,3,0.75
Viego,Tristana,7,1,0.14285714285714285
Viego,Tryndamere,1,0,0.0
Viego,Twitch,1,1,1.0
Viego,Udyr,4,1,0.25
Viego,Varus,8,4,0.5
Viego,Vayne,10,3,0.3
Viego,Veigar,1,0,0.0
Viego,Velkoz,1,0,0.0
Viego,Vex,1,0,0.0
Viego,Vi,1,0,0.0
Viego,Viktor,9,6,0.6666666666666666
Viego,Vladimir,5,1,0.2
Viego,Volibear,1,0,0.0
Viego,Xayah,2,0,0.0
Viego,Xerath,5,2,0.4
Viego,XinZhao,6,3,0.5
Viego,Yasuo,9,3,0.3333333333333333
Viego,Yone,12,4,0.3333333333333333
Viego,Yorick,5,1,0.2
Viego,Yunara,9,4,0.4444444444444444
Viego,Yuumi,1,0,0.0
Viego,Zaahen,4,1,0.25
Viego,Zac,1,1,1.0
Viego,Zed,4,1,0.25
Viego,Zeri,1,0,0.0
Viego,Ziggs,1,0,0.0
Viego,Zilean,4,1,0.25
Viego,Zoe,5,2,0.4
Viego,Zyra,5,1,0.2
Viktor,Aatrox,11,7,0.6363636363636364
Viktor,Ahri,9,7,0.7777777777777778
Viktor,Akali,9,2,0.2222222222222222
Viktor,Akshan,4,1,0.25
Viktor,Alistar,5,2,0.4
Viktor,Ambessa,12,4,0.3333333333333333
Viktor,Amumu,1,0,0.0
Viktor,Anivia,19,10,0.5263157894736842
Viktor,Annie,7,5,0.7142857142857143
Viktor,Aphelios,1,1,1.0
Viktor,Ashe,7,2,0.2857142857142857
Viktor,AurelionSol,1,1,1.0
Viktor,Aurora,15,11,0.7333333333333333
Viktor,Azir,7,4,0.5714285714285714
Viktor,Bard,10,3,0.3
Viktor,Belveth,2,1,0.5
Viktor,Blitzcrank,1,0,0.0
Viktor,Brand,2,0,0.0
Viktor,Braum,5,3,0.6
Viktor,Caitlyn,15,7,0.4666666666666667
Viktor,Camille,2,2,1.0
Viktor,Cassiopeia,3,2,0.6666666666666666
Viktor,Chogath,1,1,1.0
Viktor,Corki,8,6,0.75
Viktor,Darius,2,0,0.0
Viktor,Diana,2,1,0.5
Viktor,DrMundo,2,0,0.0
Viktor,Ekko,2,0,0.0
Viktor,Elise,2,1,0.5
Viktor,Evelynn,4,2,0.5
Viktor,Ezreal,17,12,0.7058823529411765
Viktor,Fiora,4,1,0.25
Viktor,Fizz,1,1,1.0
Viktor,Galio,3,0,0.0
Viktor,Gangplank,4,3,0.75
Viktor,Garen,3,1,0.3333333333333333
Viktor,Gnar,4,2,0.5
Viktor,Gragas,1,0,0.0
Viktor,Graves,9,1,0.1111111111111111
Viktor,Gwen,2,1,0.5
Viktor,Hecarim,2,1,0.5
Viktor,Heimerdinger,2,2,1.0
Viktor,Hwei,6,1,0.16666666666666666
Viktor,Irelia,5,3,0.6
Viktor,Ivern,1,1,1.0
Viktor,Janna,1,1,1.0
Viktor,JarvanIV,9,4,0.4444444444444444
Viktor,Jax,9,5,0.5555555555555556
Viktor,Jayce,9,3,0.3333333333333333
Viktor,Jhin,18,9,0.5
Viktor,Jinx,2,0,0.0
Viktor,KSante,3,2,0.6666666666666666
Viktor,Kaisa,7,4,0.5714285714285714
Viktor,Kalista,3,3,1.0
Viktor,Karma,14,6,0.42857142857142855
Viktor,Karthus,3,2,0.6666666666666666
Viktor,Katarina,3,1,0.3333333333333333
Viktor,Kayn,4,2,0.5
Viktor,Kennen,2,1,0.5
Viktor,Khazix,1,1,1.0
Viktor,Kindred,3,2,0.6666666666666666
Viktor,KogMaw,1,1,1.0
Viktor,Leblanc,10,4,0.4
Viktor,LeeSin,18,10,0.5555555555555556
Viktor,Leona,6,3,0.5
Viktor,Lillia,3,0,0.0
Viktor,Lissandra,7,4,0.5714285714285714
Viktor,Lucian,11,4,0.36363636363636365
Viktor,Lulu,5,0,0.0
Viktor,Lux,6,5,0.8333333333333334
Viktor,Malphite,4,4,1.0
Viktor,Maokai,1,0,0.0
Viktor,MasterYi,1,0,0.0
Viktor,Mel,6,2,0.3333333333333333
Viktor,Milio,4,0,0.0
Viktor,MissFortune,3,2,0.6666666666666666
Viktor,MonkeyKing,2,2,1.0
Viktor,Naafiri,9,5,0.5555555555555556
Viktor,Nami,11,6,0.5454545454545454
Viktor,Nasus,1,0,0.0
Viktor,Nautilus,9,3,0.3333333333333333
Viktor,Neeko,8,3,0.375
Viktor,Nidalee,3,1,0.3333333333333333
Viktor,Nocturne,2,1,0.5
Viktor,Nunu,2,0,0.0
Viktor,Olaf,1,0,0.0
Viktor,Orianna,5,2,0.4
Viktor,Ornn,3,1,0.3333333333333333
Viktor,Pantheon,15,9,0.6
Viktor,Poppy,4,3,0.75
Viktor,Pyke,6,3,0.5
Viktor,Qiyana,4,3,0.75
Viktor,Quinn,3,0,0.0
Viktor,Rakan,6,4,0.6666666666666666
Viktor,Rammus,2,2,1.0
Viktor,RekSai,4,2,0.5
Viktor,Rell,2,1,0.5
Viktor,Renekton,3,1,0.3333333333333333
Viktor,Rengar,1,0,0.0
Viktor,Riven,3,2,0.6666666666666666
Viktor,Rumble,9,5,0.5555555555555556
Viktor,Ryze,5,2,0.4
Viktor,Sejuani,3,0,0.0
Viktor,Senna,2,1,0.5
Viktor,Seraphine,6,3,0.5
Viktor,Sett,1,0,0.0
Viktor,Shaco,2,1,0.5
Viktor,Shen,3,2,0.6666666666666666
Viktor,Singed,3,1,0.3333333333333333
Viktor,Sion,5,4,0.8
Viktor,Sivir,8,4,0.5
Viktor,Skarner,3,2,0.6666666666666666
Viktor,Smolder,2,2,1.0
Viktor,Sona,5,4,0.8
Viktor,Soraka,2,0,0.0
Viktor,Swain,2,0,0.0
Viktor,Sylas,5,1,0.2
Viktor,Syndra,6,2,0.3333333333333333
Viktor,Taliyah,6,3,0.5
Viktor,Talon,3,2,0.6666666666666666
Viktor,Teemo,4,1,0.25
Viktor,Thresh,2,2,1.0
Viktor,Tristana,6,3,0.5
Viktor,Trundle,1,0,0.0
Viktor,Tryndamere,2,0,0.0
Viktor,TwistedFate,2,1,0.5
Viktor,Twitch,1,1,1.0
Viktor,Varus,7,3,0.42857142857142855
Viktor,Vayne,5,0,0.0
Viktor,Velkoz,2,0,0.0
Viktor,Vex,3,1,0.3333333333333333
Viktor,Vi,7,4,0.5714285714285714
Viktor,Viego,9,3,0.3333333333333333
Viktor,Vladimir,1,0,0.0
Viktor,Warwick,1,1,1.0
Viktor,Xayah,1,0,0.0
Viktor,Xerath,4,3,0.75
Viktor,XinZhao,6,3,0.5
Viktor,Yasuo,6,2,0.3333333333333333
Viktor,Yone,9,3,0.3333333333333333
Viktor,Yorick,5,2,0.4
Viktor,Yunara,16,6,0.375
Viktor,Yuumi,1,1,1.0
Viktor,Zaahen,11,6,0.5454545454545454
Viktor,Zed,1,0,0.0
Viktor,Ziggs,4,1,0.25
Viktor,Zilean,1,0,0.0
Viktor,Zoe,2,2,1.0
Viktor,Zyra,3,2,0.6666666666666666
Vladimir,Aatrox,5,1,0.2
Vladimir,Ahri,8,3,0.375
Vladimir,Akali,12,7,0.5833333333333334
Vladimir,Akshan,3,1,0.3333333333333333
Vladimir,Alistar,4,1,0.25
Vladimir,Ambessa,17,8,0.47058823529411764
Vladimir,Anivia,13,5,0.38461538461538464
Vladimir,Annie,3,0,0.0
Vladimir,Aphelios,5,2,0.4
Vladimir,Ashe,5,1,0.2
Vladimir,AurelionSol,4,1,0.25
Vladimir,Aurora,8,5,0.625
Vladimir,Azir,4,2,0.5
Vladimir,Bard,8,5,0.625
Vladimir,Belveth,3,1,0.3333333333333333
Vladimir,Brand,1,0,0.0
Vladimir,Braum,7,1,0.14285714285714285
Vladimir,Caitlyn,7,6,0.8571428571428571
Vladimir,Camille,1,1,1.0
Vladimir,Cassiopeia,8,5,0.625
Vladimir,Corki,8,3,0.375
Vladimir,Darius,3,2,0.6666666666666666
Vladimir,Diana,3,0,0.0
Vladimir,DrMundo,3,2,0.6666666666666666
Vladimir,Draven,1,1,1.0
Vladimir,Ekko,5,3,0.6
Vladimir,Elise,3,1,0.3333333333333333
Vladimir,Evelynn,1,0,0.0
Vladimir,Ezreal,25,13,0.52
Vladimir,FiddleSticks,1,1,1.0
Vladimir,Fiora,5,2,0.4
Vladimir,Fizz,2,2,1.0
Vladimir,Galio,3,2,0.6666666666666666
Vladimir,Gangplank,2,1,0.5
Vladimir,Garen,2,1,0.5
Vladimir,Gnar,4,0,0.0
Vladimir,Graves,11,7,0.6363636363636364
Vladimir,Hecarim,5,2,0.4
Vladimir,Heimerdinger,1,1,1.0
Vladimir,Hwei,2,1,0.5
Vladimir,Illaoi,1,1,1.0
Vladimir,Irelia,4,2,0.5
Vladimir,Ivern,2,2,1.0
Vladimir,Janna,3,0,0.0
Vladimir,JarvanIV,8,1,0.125
Vladimir,Jax,3,1,0.3333333333333333
Vladimir,Jayce,13,7,0.5384615384615384
Vladimir,Jhin,8,4,0.5
Vladimir,Jinx,4,3,0.75
Vladimir,KSante,3,1,0.3333333333333333
Vladimir,Kaisa,8,3,0.375
Vladimir,Kalista,1,0,0.0
Vladimir,Karma,22,12,0.5454545454545454
Vladimir,Karthus,4,2,0.5
Vladimir,Kassadin,5,1,0.2
Vladimir,Katarina,7,4,0.5714285714285714
Vladimir,Kayle,4,1,0.25
Vladimir,Kayn,4,2,0.5
Vladimir,Kennen,1,1,1.0
Vladimir,Khazix,3,2,0.6666666666666666
Vladimir,Kindred,3,1,0.3333333333333333
Vladimir,Kled,2,1,0.5
Vladimir,KogMaw,1,0,0.0
Vladimir,Leblanc,3,1,0.3333333333333333
Vladimir,LeeSin,11,5,0.45454545454545453
Vladimir,Leona,3,2,0.6666666666666666
Vladimir,Lillia,5,1,0.2
Vladimir,Lissandra,2,1,0.5
Vladimir,Lucian,11,1,0.09090909090909091
Vladimir,Lulu,5,3,0.6
Vladimir,Lux,3,2,0.6666666666666666
Vladimir,Malphite,2,1,0.5
Vladimir,Malzahar,2,1,0.5
Vladimir,Mel,4,2,0.5
Vladimir,Milio,1,0,0.0
Vladimir,MissFortune,1,1,1.0
Vladimir,MonkeyKing,2,2,1.0
Vladimir,Naafiri,12,5,0.4166666666666667
Vladimir,Nami,7,3,0.42857142857142855
Vladimir,Nasus,1,1,1.0
Vladimir,Nautilus,11,2,0.18181818181818182
Vladimir,Neeko,6,3,0.5
Vladimir,Nidalee,4,2,0.5
Vladimir,Nocturne,2,1,0.5
Vladimir,Olaf,2,2,1.0
Vladimir,Orianna,12,7,0.5833333333333334
Vladimir,Ornn,3,1,0.3333333333333333
Vladimir,Pantheon,11,6,0.5454545454545454
Vladimir,Poppy,3,1,0.3333333333333333
Vladimir,Pyke,4,1,0.25
Vladimir,Qiyana,6,3,0.5
Vladimir,Quinn,3,0,0.0
Vladimir,Rakan,4,3,0.75
Vladimir,RekSai,3,1,0.3333333333333333
Vladimir,Rell,2,1,0.5
Vladimir,Renata,1,1,1.0
Vladimir,Renekton,2,1,0.5
Vladimir,Rengar,1,1,1.0
Vladimir,Riven,6,5,0.8333333333333334
Vladimir,Rumble,2,1,0.5
Vladimir,Ryze,12,6,0.5
Vladimir,Senna,4,1,0.25
Vladimir,Seraphine,5,2,0.4
Vladimir,Shaco,3,1,0.3333333333333333
Vladimir,Singed,6,2,0.3333333333333333
Vladimir,Sion,4,1,0.25
Vladimir,Sivir,3,3,1.0
Vladimir,Skarner,1,1,1.0
Vladimir,Smolder,2,1,0.5
Vladimir,Sona,7,4,0.5714285714285714
Vladimir,Soraka,4,1,0.25
Vladimir,Swain,3,0,0.0
Vladimir,Sylas,6,4,0.6666666666666666
Vladimir,Syndra,3,1,0.3333333333333333
Vladimir,TahmKench,1,1,1.0
Vladimir,Taliyah,2,1,0.5
Vladimir,Talon,6,2,0.3333333333333333
Vladimir,Taric,2,1,0.5
Vladimir,Teemo,2,0,0.0
Vladimir,Thresh,5,3,0.6
Vladimir,Tryndamere,1,1,1.0
Vladimir,TwistedFate,4,1,0.25
Vladimir,Twitch,1,0,0.0
Vladimir,Udyr,1,1,1.0
Vladimir,Urgot,1,1,1.0
Vladimir,Varus,9,6,0.6666666666666666
Vladimir,Vayne,11,5,0.45454545454545453
Vladimir,Velkoz,2,0,0.0
Vladimir,Vex,2,1,0.5
Vladimir,Vi,3,2,0.6666666666666666
Vladimir,Viego,5,4,0.8
Vladimir,Viktor,1,1,1.0
Vladimir,Volibear,1,0,0.0
Vladimir,Warwick,1,1,1.0
Vladimir,Xayah,1,1,1.0
Vladimir,XinZhao,5,1,0.2
Vladimir,Yasuo,12,3,0.25
Vladimir,Yone,6,2,0.3333333333333333
Vladimir,Yorick,1,1,1.0
Vladimir,Yunara,8,4,0.5
Vladimir,Yuumi,2,1,0.5
Vladimir,Zaahen,2,1,0.5
Vladimir,Zac,1,0,0.0
Vladimir,Zed,2,1,0.5
Vladimir,Zeri,1,1,1.0
Vladimir,Ziggs,2,0,0.0
Vladimir,Zilean,2,0,0.0
Vladimir,Zoe,1,0,0.0
Vladimir,Zyra,2,1,0.5
Volibear,Aatrox,3,3,1.0
Volibear,Ahri,1,0,0.0
Volibear,Akali,1,0,0.0
Volibear,Ambessa,2,1,0.5
Volibear,Anivia,2,2,1.0
Volibear,Annie,1,1,1.0
Volibear,Ashe,1,0,0.0
Volibear,Aurora,1,1,1.0
Volibear,Bard,1,0,0.0
Volibear,Belveth,2,2,1.0
Volibear,Blitzcrank,2,2,1.0
Volibear,Braum,3,3,1.0
Volibear,Caitlyn,2,2,1.0
Volibear,Corki,2,1,0.5
Volibear,DrMundo,1,1,1.0
Volibear,Draven,1,0,0.0
Volibear,Ekko,1,0,0.0
Volibear,Elise,1,1,1.0
Volibear,Ezreal,5,4,0.8
Volibear,FiddleSticks,1,1,1.0
Volibear,Fiora,2,2,1.0
Volibear,Galio,1,1,1.0
Volibear,Gangplank,2,1,0.5
Volibear,Garen,1,1,1.0
Volibear,Graves,3,1,0.3333333333333333
Volibear,Gwen,1,1,1.0
Volibear,Heimerdinger,1,1,1.0
Volibear,Hwei,2,1,0.5
Volibear,JarvanIV,3,3,1.0
Volibear,Jax,2,1,0.5
Volibear,Jayce,2,1,0.5
Volibear,Jhin,2,1,0.5
Volibear,Jinx,1,1,1.0
Volibear,Kaisa,2,2,1.0
Volibear,Karma,1,1,1.0
Volibear,Kled,1,1,1.0
Volibear,KogMaw,1,0,0.0
Volibear,Leblanc,1,0,0.0
Volibear,LeeSin,4,3,0.75
Volibear,Lucian,1,1,1.0
Volibear,Lulu,1,1,1.0
Volibear,Lux,1,0,0.0
Volibear,MissFortune,1,1,1.0
Volibear,Nautilus,2,0,0.0
Volibear,Neeko,2,2,1.0
Volibear,Orianna,1,1,1.0
Volibear,Pantheon,1,0,0.0
Volibear,Pyke,1,1,1.0
Volibear,Rakan,1,1,1.0
Volibear,Rell,1,1,1.0
Volibear,Rumble,1,1,1.0
Volibear,Senna,1,1,1.0
Volibear,Seraphine,1,1,1.0
Volibear,Shen,1,1,1.0
Volibear,Singed,1,1,1.0
Volibear,Smolder,1,1,1.0
Volibear,Sylas,1,1,1.0
Volibear,Syndra,2,1,0.5
Volibear,Tristana,1,0,0.0
Volibear,Urgot,1,0,0.0
Volibear,Vayne,3,2,0.6666666666666666
Volibear,Veigar,1,1,1.0
Volibear,Viego,1,1,1.0
Volibear,Vladimir,1,1,1.0
Volibear,Xerath,3,2,0.6666666666666666
Volibear,XinZhao,1,0,0.0
Volibear,Yasuo,2,1,0.5
Volibear,Yone,1,1,1.0
Volibear,Yunara,3,3,1.0
Volibear,Zaahen,2,2,1.0
Volibear,Zed,1,1,1.0
Volibear,Ziggs,1,1,1.0
Volibear,Zilean,1,1,1.0
Volibear,Zoe,2,2,1.0
Volibear,Zyra,1,1,1.0
Warwick,Aatrox,1,1,1.0
Warwick,Ahri,2,1,0.5
Warwick,Akali,1,1,1.0
Warwick,Akshan,1,0,0.0
Warwick,Ambessa,1,1,1.0
Warwick,Anivia,1,0,0.0
Warwick,Annie,1,1,1.0
Warwick,Bard,4,4,1.0
Warwick,Belveth,1,0,0.0
Warwick,Brand,1,1,1.0
Warwick,Braum,1,0,0.0
Warwick,Caitlyn,2,2,1.0
Warwick,Ezreal,4,1,0.25
Warwick,FiddleSticks,1,0,0.0
Warwick,Fiora,1,1,1.0
Warwick,Galio,2,1,0.5
Warwick,Graves,1,0,0.0
Warwick,Irelia,2,2,1.0
Warwick,JarvanIV,1,1,1.0
Warwick,Jax,1,0,0.0
Warwick,Jayce,3,1,0.3333333333333333
Warwick,Jhin,1,0,0.0
Warwick,Karma,3,1,0.3333333333333333
Warwick,Khazix,1,1,1.0
Warwick,Lucian,1,1,1.0
Warwick,Mel,1,0,0.0
Warwick,Nami,2,1,0.5
Warwick,Orianna,2,1,0.5
Warwick,Pantheon,3,1,0.3333333333333333
Warwick,Poppy,1,0,0.0
Warwick,Senna,1,0,0.0
Warwick,Swain,1,1,1.0
Warwick,Sylas,1,1,1.0
Warwick,Syndra,1,0,0.0
Warwick,Tryndamere,1,0,0.0
Warwick,Varus,1,1,1.0
Warwick,Viktor,1,0,0.0
Warwick,Vladimir,1,0,0.0
Warwick,XinZhao,1,1,1.0
Warwick,Yunara,2,1,0.5
Warwick,Zac,1,0,0.0
Xayah,Aatrox,1,1,1.0
Xayah,Ahri,2,1,0.5
Xayah,Akali,4,0,0.0
Xayah,Akshan,2,2,1.0
Xayah,Ambessa,4,3,0.75
Xayah,Anivia,4,2,0.5
Xayah,Annie,2,1,0.5
Xayah,Aphelios,1,1,1.0
Xayah,AurelionSol,2,0,0.0
Xayah,Aurora,3,3,1.0
Xayah,Azir,3,0,0.0
Xayah,Bard,6,2,0.3333333333333333
Xayah,Belveth,1,0,0.0
Xayah,Blitzcrank,1,0,0.0
Xayah,Brand,1,1,1.0
Xayah,Braum,1,0,0.0
Xayah,Caitlyn,2,0,0.0
Xayah,Camille,1,1,1.0
Xayah,Corki,5,2,0.4
Xayah,Darius,2,1,0.5
Xayah,Diana,3,0,0.0
Xayah,Draven,1,0,0.0
Xayah,Ekko,2,1,0.5
Xayah,Elise,2,1,0.5
Xayah,Evelynn,1,0,0.0
Xayah,Ezreal,3,2,0.6666666666666666
Xayah,Fiora,1,1,1.0
Xayah,Fizz,3,3,1.0
Xayah,Galio,5,2,0.4
Xayah,Gnar,3,2,0.6666666666666666
Xayah,Hecarim,1,0,0.0
Xayah,Hwei,3,2,0.6666666666666666
Xayah,Irelia,1,0,0.0
Xayah,Janna,1,1,1.0
Xayah,JarvanIV,3,1,0.3333333333333333
Xayah,Jax,2,1,0.5
Xayah,Jayce,5,3,0.6
Xayah,Jhin,2,0,0.0
Xayah,Jinx,1,1,1.0
Xayah,KSante,2,1,0.5
Xayah,Kaisa,19,11,0.5789473684210527
Xayah,Kalista,1,1,1.0
Xayah,Karma,2,1,0.5
Xayah,Karthus,2,2,1.0
Xayah,Kassadin,3,2,0.6666666666666666
Xayah,Katarina,4,3,0.75
Xayah,Kayn,1,1,1.0
Xayah,Leblanc,1,1,1.0
Xayah,LeeSin,2,1,0.5
Xayah,Leona,2,1,0.5
Xayah,Lissandra,1,0,0.0
Xayah,Lucian,3,0,0.0
Xayah,Lulu,6,2,0.3333333333333333
Xayah,Lux,2,0,0.0
Xayah,Malphite,1,0,0.0
Xayah,MasterYi,2,1,0.5
Xayah,Mel,1,0,0.0
Xayah,Milio,1,0,0.0
Xayah,MonkeyKing,3,1,0.3333333333333333
Xayah,Naafiri,3,3,1.0
Xayah,Nami,3,1,0.3333333333333333
Xayah,Nautilus,7,4,0.5714285714285714
Xayah,Neeko,4,2,0.5
Xayah,Nidalee,1,0,0.0
Xayah,Nocturne,6,3,0.5
Xayah,Nunu,2,0,0.0
Xayah,Orianna,4,4,1.0
Xayah,Ornn,3,3,1.0
Xayah,Pantheon,3,3,1.0
Xayah,Poppy,1,0,0.0
Xayah,Pyke,2,1,0.5
Xayah,Qiyana,4,1,0.25
Xayah,Quinn,1,1,1.0
Xayah,Rakan,4,2,0.5
Xayah,RekSai,1,1,1.0
Xayah,Rell,2,0,0.0
Xayah,Renekton,2,1,0.5
Xayah,Rengar,1,1,1.0
Xayah,Riven,2,1,0.5
Xayah,Rumble,2,2,1.0
Xayah,Samira,1,0,0.0
Xayah,Senna,2,2,1.0
Xayah,Shen,5,1,0.2
Xayah,Sion,9,3,0.3333333333333333
Xayah,Sivir,1,1,1.0
Xayah,Skarner,1,0,0.0
Xayah,Smolder,2,1,0.5
Xayah,Sona,1,1,1.0
Xayah,Soraka,1,0,0.0
Xayah,Swain,1,1,1.0
Xayah,Sylas,4,2,0.5
Xayah,Syndra,3,1,0.3333333333333333
Xayah,TahmKench,1,1,1.0
Xayah,Taliyah,2,1,0.5
Xayah,Talon,2,1,0.5
Xayah,Thresh,2,1,0.5
Xayah,Tristana,3,1,0.3333333333333333
Xayah,Tryndamere,2,0,0.0
Xayah,TwistedFate,3,3,1.0
Xayah,Urgot,1,0,0.0
Xayah,Varus,1,0,0.0
Xayah,Vayne,3,1,0.3333333333333333
Xayah,Velkoz,1,0,0.0
Xayah,Vex,1,1,1.0
Xayah,Vi,14,6,0.42857142857142855
Xayah,Viego,2,2,1.0
Xayah,Viktor,1,1,1.0
Xayah,Vladimir,1,0,0.0
Xayah,XinZhao,1,1,1.0
Xayah,Yasuo,4,1,0.25
Xayah,Yorick,2,1,0.5
Xayah,Yunara,6,3,0.5
Xayah,Yuumi,1,1,1.0
Xayah,Zaahen,4,4,1.0
Xayah,Zac,1,1,1.0
Xayah,Zoe,1,1,1.0
Xayah,Zyra,1,0,0.0
Xerath,Aatrox,4,2,0.5
Xerath,Ahri,4,1,0.25
Xerath,Akali,3,2,0.6666666666666666
Xerath,Alistar,5,5,1.0
Xerath,Ambessa,12,7,0.5833333333333334
Xerath,Amumu,1,0,0.0
Xerath,Anivia,6,3,0.5
Xerath,Annie,3,1,0.3333333333333333
Xerath,Ashe,5,1,0.2
Xerath,AurelionSol,2,2,1.0
Xerath,Aurora,7,6,0.8571428571428571
Xerath,Azir,6,5,0.8333333333333334
Xerath,Bard,13,7,0.5384615384615384
Xerath,Belveth,1,0,0.0
Xerath,Blitzcrank,4,3,0.75
Xerath,Brand,1,1,1.0
Xerath,Braum,2,1,0.5
Xerath,Caitlyn,5,5,1.0
Xerath,Cassiopeia,1,1,1.0
Xerath,Corki,4,3,0.75
Xerath,Diana,2,1,0.5
Xerath,DrMundo,1,0,0.0
Xerath,Draven,3,3,1.0
Xerath,Ekko,3,2,0.6666666666666666
Xerath,Elise,2,1,0.5
Xerath,Evelynn,2,1,0.5
Xerath,Ezreal,11,6,0.5454545454545454
Xerath,FiddleSticks,1,0,0.0
Xerath,Fiora,3,2,0.6666666666666666
Xerath,Fizz,1,1,1.0
Xerath,Galio,5,4,0.8
Xerath,Garen,1,1,1.0
Xerath,Gnar,9,6,0.6666666666666666
Xerath,Gragas,2,1,0.5
Xerath,Graves,4,2,0.5
Xerath,Gwen,3,2,0.6666666666666666
Xerath,Heimerdinger,2,0,0.0
Xerath,Hwei,6,2,0.3333333333333333
Xerath,Irelia,7,6,0.8571428571428571
Xerath,Janna,4,4,1.0
Xerath,JarvanIV,4,3,0.75
Xerath,Jax,2,1,0.5
Xerath,Jayce,12,8,0.6666666666666666
Xerath,Jhin,5,2,0.4
Xerath,Jinx,2,1,0.5
Xerath,KSante,2,0,0.0
Xerath,Kaisa,5,3,0.6
Xerath,Kalista,4,2,0.5
Xerath,Karma,5,3,0.6
Xerath,Karthus,2,1,0.5
Xerath,Kayn,3,1,0.3333333333333333
Xerath,Kennen,1,1,1.0
Xerath,Khazix,1,1,1.0
Xerath,Kindred,2,0,0.0
Xerath,KogMaw,2,1,0.5
Xerath,Leblanc,5,3,0.6
Xerath,LeeSin,13,8,0.6153846153846154
Xerath,Lissandra,4,3,0.75
Xerath,Lucian,3,3,1.0
Xerath,Lulu,2,0,0.0
Xerath,Lux,2,1,0.5
Xerath,Malphite,4,2,0.5
Xerath,MasterYi,1,1,1.0
Xerath,Mel,7,6,0.8571428571428571
Xerath,MissFortune,5,3,0.6
Xerath,MonkeyKing,1,1,1.0
Xerath,Mordekaiser,1,1,1.0
Xerath,Morgana,2,1,0.5
Xerath,Naafiri,6,3,0.5
Xerath,Nami,5,4,0.8
Xerath,Nasus,1,1,1.0
Xerath,Nautilus,10,5,0.5
Xerath,Nidalee,3,1,0.3333333333333333
Xerath,Nilah,1,0,0.0
Xerath,Nunu,1,1,1.0
Xerath,Olaf,2,2,1.0
Xerath,Orianna,4,2,0.5
Xerath,Ornn,3,1,0.3333333333333333
Xerath,Pantheon,8,3,0.375
Xerath,Poppy,2,2,1.0
Xerath,Pyke,7,4,0.5714285714285714
Xerath,Qiyana,6,4,0.6666666666666666
Xerath,Quinn,1,0,0.0
Xerath,Rakan,5,2,0.4
Xerath,Rammus,1,1,1.0
Xerath,RekSai,3,2,0.6666666666666666
Xerath,Rell,3,2,0.6666666666666666
Xerath,Renekton,2,2,1.0
Xerath,Rengar,3,2,0.6666666666666666
Xerath,Riven,1,0,0.0
Xerath,Rumble,4,3,0.75
Xerath,Ryze,6,4,0.6666666666666666
Xerath,Senna,4,3,0.75
Xerath,Seraphine,3,1,0.3333333333333333
Xerath,Sett,1,0,0.0
Xerath,Shen,3,2,0.6666666666666666
Xerath,Singed,1,0,0.0
Xerath,Sion,5,3,0.6
Xerath,Skarner,4,2,0.5
Xerath,Smolder,2,1,0.5
Xerath,Sona,1,0,0.0
Xerath,Soraka,4,1,0.25
Xerath,Swain,1,1,1.0
Xerath,Sylas,3,0,0.0
Xerath,Syndra,3,0,0.0
Xerath,Taliyah,3,3,1.0
Xerath,Talon,1,0,0.0
Xerath,Teemo,2,1,0.5
Xerath,Thresh,1,1,1.0
Xerath,Tristana,2,1,0.5
Xerath,TwistedFate,7,5,0.7142857142857143
Xerath,Varus,7,6,0.8571428571428571
Xerath,Vayne,4,2,0.5
Xerath,Veigar,2,1,0.5
Xerath,Velkoz,4,3,0.75
Xerath,Vex,1,1,1.0
Xerath,Vi,1,1,1.0
Xerath,Viego,5,3,0.6
Xerath,Viktor,4,1,0.25
Xerath,Volibear,3,1,0.3333333333333333
Xerath,XinZhao,2,2,1.0
Xerath,Yasuo,4,1,0.25
Xerath,Yone,6,2,0.3333333333333333
Xerath,Yorick,3,2,0.6666666666666666
Xerath,Yunara,8,3,0.375
Xerath,Zaahen,1,0,0.0
Xerath,Zac,2,1,0.5
Xerath,Ziggs,2,2,1.0
Xerath,Zilean,1,0,0.0
Xerath,Zoe,5,4,0.8
Xerath,Zyra,3,1,0.3333333333333333
XinZhao,Aatrox,7,5,0.7142857142857143
XinZhao,Ahri,13,8,0.6153846153846154
XinZhao,Akali,9,5,0.5555555555555556
XinZhao,Akshan,4,1,0.25
XinZhao,Alistar,7,1,0.14285714285714285
XinZhao,Ambessa,18,14,0.7777777777777778
XinZhao,Anivia,28,11,0.39285714285714285
XinZhao,Annie,10,5,0.5
XinZhao,Aphelios,2,1,0.5
XinZhao,Ashe,16,9,0.5625
XinZhao,AurelionSol,4,3,0.75
XinZhao,Aurora,19,8,0.42105263157894735
XinZhao,Azir,8,5,0.625
XinZhao,Bard,35,18,0.5142857142857142
XinZhao,Belveth,1,1,1.0
XinZhao,Blitzcrank,2,2,1.0
XinZhao,Brand,2,2,1.0
XinZhao,Braum,4,3,0.75
XinZhao,Caitlyn,17,10,0.5882352941176471
XinZhao,Camille,4,1,0.25
XinZhao,Cassiopeia,6,3,0.5
XinZhao,Chogath,3,3,1.0
XinZhao,Corki,13,7,0.5384615384615384
XinZhao,Darius,5,2,0.4
XinZhao,Diana,6,3,0.5
XinZhao,DrMundo,2,1,0.5
XinZhao,Draven,2,2,1.0
XinZhao,Ekko,10,6,0.6
XinZhao,Elise,8,8,1.0
XinZhao,Evelynn,3,1,0.3333333333333333
XinZhao,Ezreal,44,24,0.5454545454545454
XinZhao,FiddleSticks,6,5,0.8333333333333334
XinZhao,Fiora,3,2,0.6666666666666666
XinZhao,Fizz,5,4,0.8
XinZhao,Galio,11,7,0.6363636363636364
XinZhao,Gangplank,5,3,0.6
XinZhao,Garen,4,3,0.75
XinZhao,Gnar,8,6,0.75
XinZhao,Gragas,2,1,0.5
XinZhao,Graves,7,1,0.14285714285714285
XinZhao,Gwen,2,1,0.5
XinZhao,Hecarim,2,1,0.5
XinZhao,Heimerdinger,1,0,0.0
XinZhao,Hwei,5,3,0.6
XinZhao,Illaoi,1,1,1.0
XinZhao,Irelia,6,4,0.6666666666666666
XinZhao,Ivern,2,1,0.5
XinZhao,Janna,3,2,0.6666666666666666
XinZhao,JarvanIV,27,14,0.5185185185185185
XinZhao,Jax,13,5,0.38461538461538464
XinZhao,Jayce,30,17,0.5666666666666667
XinZhao,Jhin,19,10,0.5263157894736842
XinZhao,Jinx,4,3,0.75
XinZhao,KSante,13,6,0.46153846153846156
XinZhao,Kaisa,14,7,0.5
XinZhao,Kalista,5,4,0.8
XinZhao,Karma,36,23,0.6388888888888888
XinZhao,Karthus,3,3,1.0
XinZhao,Katarina,2,2,1.0
XinZhao,Kayle,3,2,0.6666666666666666
XinZhao,Kayn,2,0,0.0
XinZhao,Kennen,4,1,0.25
XinZhao,Khazix,5,3,0.6
XinZhao,Kindred,6,2,0.3333333333333333
XinZhao,Kled,2,1,0.5
XinZhao,KogMaw,2,2,1.0
XinZhao,Leblanc,9,6,0.6666666666666666
XinZhao,LeeSin,49,26,0.5306122448979592
XinZhao,Leona,3,3,1.0
XinZhao,Lillia,1,1,1.0
XinZhao,Lissandra,6,3,0.5
XinZhao,Lucian,14,5,0.35714285714285715
XinZhao,Lulu,9,3,0.3333333333333333
XinZhao,Lux,3,2,0.6666666666666666
XinZhao,Malphite,4,2,0.5
XinZhao,Malzahar,1,1,1.0
XinZhao,Maokai,2,0,0.0
XinZhao,MasterYi,1,1,1.0
XinZhao,Mel,11,5,0.45454545454545453
XinZhao,Milio,3,1,0.3333333333333333
XinZhao,MissFortune,4,1,0.25
XinZhao,MonkeyKing,6,6,1.0
XinZhao,Morgana,2,0,0.0
XinZhao,Naafiri,12,5,0.4166666666666667
XinZhao,Nami,16,7,0.4375
XinZhao,Nasus,2,1,0.5
XinZhao,Nautilus,18,10,0.5555555555555556
XinZhao,Neeko,14,5,0.35714285714285715
XinZhao,Nidalee,4,2,0.5
XinZhao,Nocturne,5,3,0.6
XinZhao,Olaf,3,2,0.6666666666666666
XinZhao,Orianna,13,6,0.46153846153846156
XinZhao,Ornn,3,1,0.3333333333333333
XinZhao,Pantheon,20,12,0.6
XinZhao,Poppy,5,0,0.0
XinZhao,Pyke,9,7,0.7777777777777778
XinZhao,Qiyana,9,4,0.4444444444444444
XinZhao,Quinn,1,0,0.0
XinZhao,Rakan,3,2,0.6666666666666666
XinZhao,Rammus,1,0,0.0
XinZhao,RekSai,3,1,0.3333333333333333
XinZhao,Rell,4,1,0.25
XinZhao,Renata,1,1,1.0
XinZhao,Renekton,12,6,0.5
XinZhao,Rengar,7,3,0.42857142857142855
XinZhao,Riven,5,1,0.2
XinZhao,Rumble,9,4,0.4444444444444444
XinZhao,Ryze,24,13,0.5416666666666666
XinZhao,Sejuani,4,2,0.5
XinZhao,Senna,10,6,0.6
XinZhao,Seraphine,14,4,0.2857142857142857
XinZhao,Sett,1,1,1.0
XinZhao,Shen,7,4,0.5714285714285714
XinZhao,Singed,3,3,1.0
XinZhao,Sion,17,7,0.4117647058823529
XinZhao,Sivir,6,3,0.5
XinZhao,Skarner,12,7,0.5833333333333334
XinZhao,Smolder,2,0,0.0
XinZhao,Sona,9,4,0.4444444444444444
XinZhao,Soraka,3,1,0.3333333333333333
XinZhao,Swain,2,1,0.5
XinZhao,Sylas,18,7,0.3888888888888889
XinZhao,Syndra,7,3,0.42857142857142855
XinZhao,Taliyah,2,2,1.0
XinZhao,Talon,2,1,0.5
XinZhao,Taric,1,1,1.0
XinZhao,Teemo,1,0,0.0
XinZhao,Thresh,6,5,0.8333333333333334
XinZhao,Tristana,1,1,1.0
XinZhao,Trundle,2,1,0.5
XinZhao,Tryndamere,1,0,0.0
XinZhao,TwistedFate,12,6,0.5
XinZhao,Twitch,1,0,0.0
XinZhao,Udyr,4,2,0.5
XinZhao,Urgot,1,0,0.0
XinZhao,Varus,24,15,0.625
XinZhao,Vayne,24,15,0.625
XinZhao,Veigar,3,1,0.3333333333333333
XinZhao,Vi,14,9,0.6428571428571429
XinZhao,Viego,6,3,0.5
XinZhao,Viktor,6,3,0.5
XinZhao,Vladimir,5,4,0.8
XinZhao,Volibear,1,1,1.0
XinZhao,Warwick,1,0,0.0
XinZhao,Xayah,1,0,0.0
XinZhao,Xerath,2,0,0.0
XinZhao,Yasuo,4,2,0.5
XinZhao,Yone,6,2,0.3333333333333333
XinZhao,Yorick,5,3,0.6
XinZhao,Yunara,22,13,0.5909090909090909
XinZhao,Yuumi,4,4,1.0
XinZhao,Zaahen,8,4,0.5
XinZhao,Zac,1,0,0.0
XinZhao,Zed,4,3,0.75
XinZhao,Zeri,4,3,0.75
XinZhao,Ziggs,8,4,0.5
XinZhao,Zilean,2,1,0.5
XinZhao,Zoe,8,6,0.75
XinZhao,Zyra,2,1,0.5
Yasuo,Aatrox,14,4,0.2857142857142857
Yasuo,Ahri,17,7,0.4117647058823529
Yasuo,Akali,14,8,0.5714285714285714
Yasuo,Akshan,7,3,0.42857142857142855
Yasuo,Alistar,7,4,0.5714285714285714
Yasuo,Ambessa,27,9,0.3333333333333333
Yasuo,Amumu,1,1,1.0
Yasuo,Anivia,27,17,0.6296296296296297
Yasuo,Annie,7,3,0.42857142857142855
Yasuo,Aphelios,3,2,0.6666666666666666
Yasuo,Ashe,17,6,0.35294117647058826
Yasuo,AurelionSol,6,4,0.6666666666666666
Yasuo,Aurora,30,11,0.36666666666666664
Yasuo,Azir,11,6,0.5454545454545454
Yasuo,Bard,27,12,0.4444444444444444
Yasuo,Belveth,1,0,0.0
Yasuo,Blitzcrank,3,3,1.0
Yasuo,Brand,2,0,0.0
Yasuo,Braum,5,3,0.6
Yasuo,Caitlyn,21,13,0.6190476190476191
Yasuo,Camille,5,2,0.4
Yasuo,Cassiopeia,8,4,0.5
Yasuo,Chogath,6,3,0.5
Yasuo,Corki,7,4,0.5714285714285714
Yasuo,Darius,3,2,0.6666666666666666
Yasuo,Diana,2,1,0.5
Yasuo,DrMundo,3,1,0.3333333333333333
Yasuo,Draven,6,4,0.6666666666666666
Yasuo,Ekko,11,6,0.5454545454545454
Yasuo,Elise,2,1,0.5
Yasuo,Evelynn,1,0,0.0
Yasuo,Ezreal,34,17,0.5
Yasuo,FiddleSticks,2,2,1.0
Yasuo,Fiora,2,1,0.5
Yasuo,Fizz,2,1,0.5
Yasuo,Galio,7,5,0.7142857142857143
Yasuo,Gangplank,2,0,0.0
Yasuo,Garen,7,5,0.7142857142857143
Yasuo,Gnar,9,3,0.3333333333333333
Yasuo,Gragas,1,1,1.0
Yasuo,Graves,13,9,0.6923076923076923
Yasuo,Gwen,3,2,0.6666666666666666
Yasuo,Hecarim,7,3,0.42857142857142855
Yasuo,Heimerdinger,1,1,1.0
Yasuo,Hwei,8,4,0.5
Yasuo,Illaoi,1,1,1.0
Yasuo,Irelia,13,8,0.6153846153846154
Yasuo,Ivern,4,3,0.75
Yasuo,Janna,1,1,1.0
Yasuo,JarvanIV,17,6,0.35294117647058826
Yasuo,Jax,11,5,0.45454545454545453
Yasuo,Jayce,31,15,0.4838709677419355
Yasuo,Jhin,17,11,0.6470588235294118
Yasuo,Jinx,5,4,0.8
Yasuo,KSante,9,7,0.7777777777777778
Yasuo,Kaisa,12,6,0.5
Yasuo,Karma,31,16,0.5161290322580645
Yasuo,Karthus,8,4,0.5
Yasuo,Katarina,5,1,0.2
Yasuo,Kayle,1,1,1.0
Yasuo,Kayn,3,1,0.3333333333333333
Yasuo,Kennen,3,2,0.6666666666666666
Yasuo,Kindred,5,4,0.8
Yasuo,Kled,3,0,0.0
Yasuo,KogMaw,3,2,0.6666666666666666
Yasuo,Leblanc,6,5,0.8333333333333334
Yasuo,LeeSin,21,8,0.38095238095238093
Yasuo,Leona,7,3,0.42857142857142855
Yasuo,Lillia,9,4,0.4444444444444444
Yasuo,Lissandra,5,2,0.4
Yasuo,Lucian,12,5,0.4166666666666667
Yasuo,Lulu,10,2,0.2
Yasuo,Lux,3,3,1.0
Yasuo,Malphite,10,4,0.4
Yasuo,Malzahar,1,0,0.0
Yasuo,Maokai,3,1,0.3333333333333333
Yasuo,MasterYi,6,4,0.6666666666666666
Yasuo,Mel,5,3,0.6
Yasuo,Milio,5,3,0.6
Yasuo,MissFortune,3,3,1.0
Yasuo,MonkeyKing,2,2,1.0
Yasuo,Morgana,2,0,0.0
Yasuo,Naafiri,11,3,0.2727272727272727
Yasuo,Nami,15,5,0.3333333333333333
Yasuo,Nasus,4,1,0.25
Yasuo,Nautilus,18,7,0.3888888888888889
Yasuo,Neeko,10,4,0.4
Yasuo,Nidalee,5,3,0.6
Yasuo,Nilah,5,3,0.6
Yasuo,Nocturne,9,5,0.5555555555555556
Yasuo,Nunu,7,2,0.2857142857142857
Yasuo,Olaf,4,4,1.0
Yasuo,Orianna,3,1,0.3333333333333333
Yasuo,Ornn,4,0,0.0
Yasuo,Pantheon,19,9,0.47368421052631576
Yasuo,Poppy,6,2,0.3333333333333333
Yasuo,Pyke,7,0,0.0
Yasuo,Qiyana,12,4,0.3333333333333333
Yasuo,Quinn,5,2,0.4
Yasuo,Rakan,6,5,0.8333333333333334
Yasuo,Rammus,1,1,1.0
Yasuo,RekSai,3,1,0.3333333333333333
Yasuo,Rell,10,6,0.6
Yasuo,Renekton,9,5,0.5555555555555556
Yasuo,Rengar,2,1,0.5
Yasuo,Riven,4,3,0.75
Yasuo,Rumble,10,2,0.2
Yasuo,Ryze,17,9,0.5294117647058824
Yasuo,Sejuani,1,1,1.0
Yasuo,Senna,14,5,0.35714285714285715
Yasuo,Seraphine,7,2,0.2857142857142857
Yasuo,Sett,1,1,1.0
Yasuo,Shaco,2,1,0.5
Yasuo,Shen,3,2,0.6666666666666666
Yasuo,Singed,7,2,0.2857142857142857
Yasuo,Sion,10,7,0.7
Yasuo,Sivir,6,2,0.3333333333333333
Yasuo,Skarner,8,5,0.625
Yasuo,Smolder,1,0,0.0
Yasuo,Sona,9,4,0.4444444444444444
Yasuo,Soraka,5,1,0.2
Yasuo,Swain,7,1,0.14285714285714285
Yasuo,Sylas,15,8,0.5333333333333333
Yasuo,Syndra,4,4,1.0
Yasuo,TahmKench,1,0,0.0
Yasuo,Taliyah,10,4,0.4
Yasuo,Talon,10,6,0.6
Yasuo,Taric,2,1,0.5
Yasuo,Teemo,4,1,0.25
Yasuo,Thresh,5,4,0.8
Yasuo,Tristana,3,2,0.6666666666666666
Yasuo,Trundle,2,0,0.0
Yasuo,Tryndamere,1,0,0.0
Yasuo,TwistedFate,10,3,0.3
Yasuo,Twitch,2,1,0.5
Yasuo,Udyr,4,2,0.5
Yasuo,Urgot,1,1,1.0
Yasuo,Varus,11,5,0.45454545454545453
Yasuo,Vayne,12,6,0.5
Yasuo,Veigar,2,1,0.5
Yasuo,Velkoz,1,1,1.0
Yasuo,Vex,2,0,0.0
Yasuo,Vi,4,3,0.75
Yasuo,Viego,9,6,0.6666666666666666
Yasuo,Viktor,6,4,0.6666666666666666
Yasuo,Vladimir,12,9,0.75
Yasuo,Volibear,2,1,0.5
Yasuo,Xayah,4,3,0.75
Yasuo,Xerath,4,3,0.75
Yasuo,XinZhao,4,2,0.5
Yasuo,Yone,13,8,0.6153846153846154
Yasuo,Yunara,21,5,0.23809523809523808
Yasuo,Yuumi,4,2,0.5
Yasuo,Zaahen,7,1,0.14285714285714285
Yasuo,Zed,8,6,0.75
Yasuo,Zeri,1,1,1.0
Yasuo,Ziggs,2,1,0.5
Yasuo,Zilean,2,1,0.5
Yasuo,Zoe,9,4,0.4444444444444444
Yasuo,Zyra,7,5,0.7142857142857143
Yone,Aatrox,14,6,0.42857142857142855
Yone,Ahri,8,3,0.375
Yone,Akali,22,9,0.4090909090909091
Yone,Akshan,3,3,1.0
Yone,Alistar,10,6,0.6
Yone,Ambessa,18,10,0.5555555555555556
Yone,Amumu,1,1,1.0
Yone,Anivia,30,17,0.5666666666666667
Yone,Annie,4,2,0.5
Yone,Aphelios,6,4,0.6666666666666666
Yone,Ashe,9,5,0.5555555555555556
Yone,AurelionSol,5,2,0.4
Yone,Aurora,20,12,0.6
Yone,Azir,4,4,1.0
Yone,Bard,16,4,0.25
Yone,Belveth,7,3,0.42857142857142855
Yone,Blitzcrank,3,2,0.6666666666666666
Yone,Brand,1,0,0.0
Yone,Braum,5,4,0.8
Yone,Briar,3,2,0.6666666666666666
Yone,Caitlyn,16,7,0.4375
Yone,Camille,5,4,0.8
Yone,Cassiopeia,3,3,1.0
Yone,Chogath,1,0,0.0
Yone,Corki,17,5,0.29411764705882354
Yone,Darius,3,0,0.0
Yone,Diana,2,0,0.0
Yone,DrMundo,7,3,0.42857142857142855
Yone,Draven,4,2,0.5
Yone,Ekko,12,7,0.5833333333333334
Yone,Elise,9,6,0.6666666666666666
Yone,Evelynn,4,3,0.75
Yone,Ezreal,34,15,0.4411764705882353
Yone,FiddleSticks,2,1,0.5
Yone,Fiora,10,5,0.5
Yone,Fizz,3,2,0.6666666666666666
Yone,Galio,5,4,0.8
Yone,Gangplank,2,1,0.5
Yone,Garen,1,1,1.0
Yone,Gnar,12,8,0.6666666666666666
Yone,Gragas,4,0,0.0
Yone,Graves,10,6,0.6
Yone,Gwen,2,0,0.0
Yone,Hecarim,4,3,0.75
Yone,Heimerdinger,1,0,0.0
Yone,Hwei,7,4,0.5714285714285714
Yone,Illaoi,1,1,1.0
Yone,Irelia,4,2,0.5
Yone,Ivern,2,1,0.5
Yone,Janna,10,4,0.4
Yone,JarvanIV,22,11,0.5
Yone,Jax,8,4,0.5
Yone,Jayce,34,20,0.5882352941176471
Yone,Jhin,30,16,0.5333333333333333
Yone,Jinx,4,2,0.5
Yone,KSante,7,1,0.14285714285714285
Yone,Kaisa,18,9,0.5
Yone,Kalista,3,1,0.3333333333333333
Yone,Karma,25,14,0.56
Yone,Karthus,5,3,0.6
Yone,Kassadin,3,2,0.6666666666666666
Yone,Katarina,1,1,1.0
Yone,Kayle,3,1,0.3333333333333333
Yone,Kayn,4,4,1.0
Yone,Kennen,3,1,0.3333333333333333
Yone,Khazix,3,0,0.0
Yone,Kindred,3,0,0.0
Yone,KogMaw,3,2,0.6666666666666666
Yone,Leblanc,9,3,0.3333333333333333
Yone,LeeSin,24,11,0.4583333333333333
Yone,Leona,9,7,0.7777777777777778
Yone,Lillia,3,2,0.6666666666666666
Yone,Lissandra,5,3,0.6
Yone,Lucian,17,7,0.4117647058823529
Yone,Lulu,15,9,0.6
Yone,Lux,5,2,0.4
Yone,Malphite,9,8,0.8888888888888888
Yone,Malzahar,1,1,1.0
Yone,Maokai,7,1,0.14285714285714285
Yone,MasterYi,6,3,0.5
Yone,Mel,12,6,0.5
Yone,Milio,2,1,0.5
Yone,MissFortune,2,1,0.5
Yone,MonkeyKing,2,1,0.5
Yone,Mordekaiser,1,1,1.0
Yone,Morgana,1,1,1.0
Yone,Naafiri,15,11,0.7333333333333333
Yone,Nami,12,4,0.3333333333333333
Yone,Nasus,4,2,0.5
Yone,Nautilus,22,10,0.45454545454545453
Yone,Neeko,11,4,0.36363636363636365
Yone,Nidalee,3,0,0.0
Yone,Nocturne,14,4,0.2857142857142857
Yone,Nunu,6,3,0.5
Yone,Orianna,16,8,0.5
Yone,Ornn,2,1,0.5
Yone,Pantheon,13,7,0.5384615384615384
Yone,Poppy,8,5,0.625
Yone,Pyke,13,7,0.5384615384615384
Yone,Qiyana,8,4,0.5
Yone,Quinn,2,1,0.5
Yone,Rakan,3,1,0.3333333333333333
Yone,Rammus,1,0,0.0
Yone,RekSai,8,2,0.25
Yone,Rell,9,5,0.5555555555555556
Yone,Renata,1,0,0.0
Yone,Renekton,11,7,0.6363636363636364
Yone,Rengar,4,1,0.25
Yone,Riven,9,5,0.5555555555555556
Yone,Rumble,6,5,0.8333333333333334
Yone,Ryze,19,8,0.42105263157894735
Yone,Senna,7,3,0.42857142857142855
Yone,Seraphine,5,1,0.2
Yone,Sett,1,0,0.0
Yone,Shaco,4,2,0.5
Yone,Shen,7,1,0.14285714285714285
Yone,Shyvana,2,2,1.0
Yone,Singed,3,2,0.6666666666666666
Yone,Sion,21,12,0.5714285714285714
Yone,Sivir,8,6,0.75
Yone,Skarner,3,1,0.3333333333333333
Yone,Smolder,3,2,0.6666666666666666
Yone,Sona,7,5,0.7142857142857143
Yone,Soraka,3,2,0.6666666666666666
Yone,Swain,8,4,0.5
Yone,Sylas,16,4,0.25
Yone,Syndra,6,2,0.3333333333333333
Yone,Taliyah,8,3,0.375
Yone,Talon,8,4,0.5
Yone,Teemo,4,1,0.25
Yone,Thresh,7,6,0.8571428571428571
Yone,Tristana,2,0,0.0
Yone,Tryndamere,2,0,0.0
Yone,TwistedFate,5,2,0.4
Yone,Twitch,1,0,0.0
Yone,Udyr,1,1,1.0
Yone,Urgot,1,0,0.0
Yone,Varus,21,11,0.5238095238095238
Yone,Vayne,20,11,0.55
Yone,Veigar,4,2,0.5
Yone,Velkoz,7,5,0.7142857142857143
Yone,Vex,3,2,0.6666666666666666
Yone,Vi,9,6,0.6666666666666666
Yone,Viego,12,8,0.6666666666666666
Yone,Viktor,9,6,0.6666666666666666
Yone,Vladimir,6,4,0.6666666666666666
Yone,Volibear,1,0,0.0
Yone,Xerath,6,4,0.6666666666666666
Yone,XinZhao,6,4,0.6666666666666666
Yone,Yasuo,13,5,0.38461538461538464
Yone,Yorick,3,2,0.6666666666666666
Yone,Yunara,23,15,0.6521739130434783
Yone,Yuumi,3,2,0.6666666666666666
Yone,Zaahen,10,4,0.4
Yone,Zac,1,0,0.0
Yone,Zed,5,0,0.0
Yone,Zeri,2,2,1.0
Yone,Zilean,6,2,0.3333333333333333
Yone,Zoe,11,8,0.7272727272727273
Yone,Zyra,6,4,0.6666666666666666
Yorick,Aatrox,6,1,0.16666666666666666
Yorick,Ahri,5,2,0.4
Yorick,Akali,7,4,0.5714285714285714
Yorick,Alistar,4,1,0.25
Yorick,Ambessa,9,3,0.3333333333333333
Yorick,Anivia,11,6,0.5454545454545454
Yorick,Annie,6,2,0.3333333333333333
Yorick,Aphelios,1,1,1.0
Yorick,Ashe,4,1,0.25
Yorick,AurelionSol,1,0,0.0
Yorick,Aurora,6,4,0.6666666666666666
Yorick,Azir,1,1,1.0
Yorick,Bard,9,6,0.6666666666666666
Yorick,Blitzcrank,1,0,0.0
Yorick,Brand,2,1,0.5
Yorick,Braum,1,0,0.0
Yorick,Caitlyn,9,7,0.7777777777777778
Yorick,Cassiopeia,3,2,0.6666666666666666
Yorick,Corki,4,2,0.5
Yorick,DrMundo,3,1,0.3333333333333333
Yorick,Draven,1,0,0.0
Yorick,Ekko,1,1,1.0
Yorick,Elise,2,1,0.5
Yorick,Ezreal,19,12,0.631578947368421
Yorick,FiddleSticks,1,0,0.0
Yorick,Fiora,5,3,0.6
Yorick,Fizz,2,0,0.0
Yorick,Galio,2,1,0.5
Yorick,Gangplank,1,1,1.0
Yorick,Garen,1,0,0.0
Yorick,Gnar,1,0,0.0
Yorick,Gragas,1,0,0.0
Yorick,Graves,6,3,0.5
Yorick,Gwen,2,1,0.5
Yorick,Hecarim,2,2,1.0
Yorick,Hwei,2,0,0.0
Yorick,Irelia,3,2,0.6666666666666666
Yorick,Janna,4,3,0.75
Yorick,JarvanIV,8,4,0.5
Yorick,Jax,1,0,0.0
Yorick,Jayce,58,34,0.5862068965517241
Yorick,Jhin,4,2,0.5
Yorick,Jinx,1,1,1.0
Yorick,KSante,1,1,1.0
Yorick,Kaisa,4,1,0.25
Yorick,Kalista,5,1,0.2
Yorick,Karma,13,5,0.38461538461538464
Yorick,Karthus,1,0,0.0
Yorick,Kassadin,1,0,0.0
Yorick,Katarina,3,0,0.0
Yorick,Kayn,3,2,0.6666666666666666
Yorick,Khazix,1,1,1.0
Yorick,Kindred,1,0,0.0
Yorick,KogMaw,1,1,1.0
Yorick,Leblanc,5,2,0.4
Yorick,LeeSin,8,3,0.375
Yorick,Leona,2,0,0.0
Yorick,Lillia,2,0,0.0
Yorick,Lissandra,6,2,0.3333333333333333
Yorick,Lucian,7,3,0.42857142857142855
Yorick,Lulu,8,4,0.5
Yorick,Lux,2,2,1.0
Yorick,Malzahar,2,1,0.5
Yorick,Maokai,2,1,0.5
Yorick,MasterYi,1,0,0.0
Yorick,Mel,3,2,0.6666666666666666
Yorick,Milio,2,0,0.0
Yorick,Naafiri,3,2,0.6666666666666666
Yorick,Nami,3,2,0.6666666666666666
Yorick,Nautilus,9,5,0.5555555555555556
Yorick,Neeko,5,2,0.4
Yorick,Nidalee,2,0,0.0
Yorick,Nocturne,4,2,0.5
Yorick,Nunu,2,1,0.5
Yorick,Olaf,2,0,0.0
Yorick,Orianna,6,4,0.6666666666666666
Yorick,Pantheon,9,4,0.4444444444444444
Yorick,Poppy,3,0,0.0
Yorick,Pyke,6,3,0.5
Yorick,Qiyana,4,1,0.25
Yorick,Quinn,1,0,0.0
Yorick,Rakan,2,1,0.5
Yorick,Rell,3,2,0.6666666666666666
Yorick,Renata,1,0,0.0
Yorick,Renekton,3,2,0.6666666666666666
Yorick,Rengar,2,1,0.5
Yorick,Riven,1,0,0.0
Yorick,Rumble,2,1,0.5
Yorick,Ryze,8,3,0.375
Yorick,Samira,1,1,1.0
Yorick,Senna,5,0,0.0
Yorick,Seraphine,3,2,0.6666666666666666
Yorick,Shaco,1,0,0.0
Yorick,Shen,2,0,0.0
Yorick,Sivir,3,1,0.3333333333333333
Yorick,Skarner,1,0,0.0
Yorick,Smolder,3,0,0.0
Yorick,Sona,6,3,0.5
Yorick,Swain,1,1,1.0
Yorick,Sylas,7,4,0.5714285714285714
Yorick,Syndra,4,3,0.75
Yorick,Taliyah,4,2,0.5
Yorick,Talon,3,3,1.0
Yorick,Thresh,1,1,1.0
Yorick,Tristana,1,0,0.0
Yorick,TwistedFate,1,1,1.0
Yorick,Udyr,3,3,1.0
Yorick,Urgot,4,2,0.5
Yorick,Varus,8,3,0.375
Yorick,Vayne,2,1,0.5
Yorick,Veigar,3,2,0.6666666666666666
Yorick,Velkoz,1,1,1.0
Yorick,Vex,1,0,0.0
Yorick,Vi,5,2,0.4
Yorick,Viego,5,4,0.8
Yorick,Viktor,5,3,0.6
Yorick,Vladimir,1,0,0.0
Yorick,Xayah,2,1,0.5
Yorick,Xerath,3,1,0.3333333333333333
Yorick,XinZhao,5,2,0.4
Yorick,Yone,3,1,0.3333333333333333
Yorick,Yunara,10,5,0.5
Yorick,Yuumi,1,1,1.0
Yorick,Zed,2,1,0.5
Yorick,Zeri,2,1,0.5
Yorick,Ziggs,3,1,0.3333333333333333
Yorick,Zilean,1,1,1.0
Yorick,Zoe,5,3,0.6
Yorick,Zyra,2,0,0.0
Yunara,Aatrox,14,7,0.5
Yunara,Ahri,21,5,0.23809523809523808
Yunara,Akali,22,9,0.4090909090909091
Yunara,Akshan,2,1,0.5
Yunara,Alistar,14,4,0.2857142857142857
Yunara,Ambessa,40,19,0.475
Yunara,Amumu,3,1,0.3333333333333333
Yunara,Anivia,52,30,0.5769230769230769
Yunara,Annie,17,8,0.47058823529411764
Yunara,Aphelios,11,7,0.6363636363636364
Yunara,Ashe,24,11,0.4583333333333333
Yunara,AurelionSol,5,3,0.6
Yunara,Aurora,31,14,0.45161290322580644
Yunara,Azir,12,6,0.5
Yunara,Bard,42,20,0.47619047619047616
Yunara,Belveth,3,2,0.6666666666666666
Yunara,Blitzcrank,5,3,0.6
Yunara,Brand,4,3,0.75
Yunara,Braum,8,5,0.625
Yunara,Briar,1,1,1.0
Yunara,Caitlyn,43,21,0.4883720930232558
Yunara,Camille,9,4,0.4444444444444444
Yunara,Cassiopeia,10,2,0.2
Yunara,Chogath,3,2,0.6666666666666666
Yunara,Corki,30,18,0.6
Yunara,Darius,4,2,0.5
Yunara,Diana,3,2,0.6666666666666666
Yunara,DrMundo,12,8,0.6666666666666666
Yunara,Draven,5,2,0.4
Yunara,Ekko,18,9,0.5
Yunara,Elise,8,3,0.375
Yunara,Evelynn,5,5,1.0
Yunara,Ezreal,66,34,0.5151515151515151
Yunara,FiddleSticks,9,4,0.4444444444444444
Yunara,Fiora,12,6,0.5
Yunara,Fizz,4,2,0.5
Yunara,Galio,14,7,0.5
Yunara,Gangplank,6,3,0.5
Yunara,Garen,4,2,0.5
Yunara,Gnar,19,12,0.631578947368421
Yunara,Gragas,3,2,0.6666666666666666
Yunara,Graves,24,12,0.5
Yunara,Gwen,8,3,0.375
Yunara,Hecarim,6,3,0.5
Yunara,Hwei,9,9,1.0
Yunara,Illaoi,2,1,0.5
Yunara,Irelia,16,3,0.1875
Yunara,Ivern,5,4,0.8
Yunara,Janna,2,1,0.5
Yunara,JarvanIV,23,15,0.6521739130434783
Yunara,Jax,12,5,0.4166666666666667
Yunara,Jayce,41,23,0.5609756097560976
Yunara,Jhin,30,10,0.3333333333333333
Yunara,Jinx,16,10,0.625
Yunara,KSante,18,9,0.5
Yunara,Kaisa,20,6,0.3
Yunara,Kalista,6,3,0.5
Yunara,Karma,46,25,0.5434782608695652
Yunara,Karthus,5,2,0.4
Yunara,Kassadin,2,1,0.5
Yunara,Katarina,5,3,0.6
Yunara,Kayle,3,2,0.6666666666666666
Yunara,Kayn,6,4,0.6666666666666666
Yunara,Kennen,4,3,0.75
Yunara,Khazix,7,4,0.5714285714285714
Yunara,Kindred,3,0,0.0
Yunara,Kled,4,3,0.75
Yunara,KogMaw,3,2,0.6666666666666666
Yunara,Leblanc,15,8,0.5333333333333333
Yunara,LeeSin,47,24,0.5106382978723404
Yunara,Leona,4,2,0.5
Yunara,Lillia,3,2,0.6666666666666666
Yunara,Lissandra,13,4,0.3076923076923077
Yunara,Lucian,29,13,0.4482758620689655
Yunara,Lulu,18,11,0.6111111111111112
Yunara,Lux,11,9,0.8181818181818182
Yunara,Malphite,7,2,0.2857142857142857
Yunara,Malzahar,3,2,0.6666666666666666
Yunara,Maokai,2,1,0.5
Yunara,MasterYi,4,3,0.75
Yunara,Mel,10,4,0.4
Yunara,Milio,3,2,0.6666666666666666
Yunara,MissFortune,6,3,0.5
Yunara,MonkeyKing,2,2,1.0
Yunara,Mordekaiser,1,0,0.0
Yunara,Morgana,2,1,0.5
Yunara,Naafiri,21,13,0.6190476190476191
Yunara,Nami,28,16,0.5714285714285714
Yunara,Nasus,3,1,0.3333333333333333
Yunara,Nautilus,28,8,0.2857142857142857
Yunara,Neeko,22,8,0.36363636363636365
Yunara,Nidalee,18,8,0.4444444444444444
Yunara,Nilah,1,0,0.0
Yunara,Nocturne,18,10,0.5555555555555556
Yunara,Nunu,5,1,0.2
Yunara,Olaf,7,5,0.7142857142857143
Yunara,Orianna,26,7,0.2692307692307692
Yunara,Ornn,6,4,0.6666666666666666
Yunara,Pantheon,27,13,0.48148148148148145
Yunara,Poppy,9,3,0.3333333333333333
Yunara,Pyke,11,6,0.5454545454545454
Yunara,Qiyana,19,10,0.5263157894736842
Yunara,Quinn,3,3,1.0
Yunara,Rakan,12,6,0.5
Yunara,Rammus,1,0,0.0
Yunara,RekSai,6,2,0.3333333333333333
Yunara,Rell,16,8,0.5
Yunara,Renata,2,1,0.5
Yunara,Renekton,11,6,0.5454545454545454
Yunara,Rengar,8,4,0.5
Yunara,Riven,9,6,0.6666666666666666
Yunara,Rumble,15,11,0.7333333333333333
Yunara,Ryze,29,16,0.5517241379310345
Yunara,Samira,3,2,0.6666666666666666
Yunara,Sejuani,5,2,0.4
Yunara,Senna,18,9,0.5
Yunara,Seraphine,17,8,0.47058823529411764
Yunara,Sett,2,0,0.0
Yunara,Shaco,3,2,0.6666666666666666
Yunara,Shen,6,4,0.6666666666666666
Yunara,Shyvana,3,1,0.3333333333333333
Yunara,Singed,9,3,0.3333333333333333
Yunara,Sion,22,11,0.5
Yunara,Sivir,12,6,0.5
Yunara,Skarner,10,6,0.6
Yunara,Smolder,3,2,0.6666666666666666
Yunara,Sona,11,5,0.45454545454545453
Yunara,Soraka,5,2,0.4
Yunara,Swain,9,4,0.4444444444444444
Yunara,Sylas,13,9,0.6923076923076923
Yunara,Syndra,12,6,0.5
Yunara,Taliyah,14,9,0.6428571428571429
Yunara,Talon,12,4,0.3333333333333333
Yunara,Taric,3,1,0.3333333333333333
Yunara,Teemo,8,3,0.375
Yunara,Thresh,13,10,0.7692307692307693
Yunara,Tristana,22,15,0.6818181818181818
Yunara,Trundle,3,1,0.3333333333333333
Yunara,Tryndamere,2,0,0.0
Yunara,TwistedFate,10,5,0.5
Yunara,Twitch,2,2,1.0
Yunara,Udyr,6,1,0.16666666666666666
Yunara,Urgot,2,0,0.0
Yunara,Varus,28,14,0.5
Yunara,Vayne,23,16,0.6956521739130435
Yunara,Veigar,5,4,0.8
Yunara,Velkoz,3,3,1.0
Yunara,Vex,8,3,0.375
Yunara,Vi,26,13,0.5
Yunara,Viego,9,5,0.5555555555555556
Yunara,Viktor,16,10,0.625
Yunara,Vladimir,8,4,0.5
Yunara,Volibear,3,0,0.0
Yunara,Warwick,2,1,0.5
Yunara,Xayah,6,3,0.5
Yunara,Xerath,8,5,0.625
Yunara,XinZhao,22,9,0.4090909090909091
Yunara,Yasuo,21,16,0.7619047619047619
Yunara,Yone,23,8,0.34782608695652173
Yunara,Yorick,10,5,0.5
Yunara,Yuumi,4,3,0.75
Yunara,Zaahen,8,3,0.375
Yunara,Zac,4,2,0.5
Yunara,Zed,7,3,0.42857142857142855
Yunara,Zeri,2,0,0.0
Yunara,Ziggs,3,3,1.0
Yunara,Zilean,8,3,0.375
Yunara,Zoe,6,5,0.8333333333333334
Yunara,Zyra,12,7,0.5833333333333334
Yuumi,Aatrox,3,2,0.6666666666666666
Yuumi,Ahri,6,3,0.5
Yuumi,Akali,5,3,0.6
Yuumi,Alistar,3,1,0.3333333333333333
Yuumi,Ambessa,4,1,0.25
Yuumi,Amumu,1,1,1.0
Yuumi,Anivia,9,5,0.5555555555555556
Yuumi,Annie,3,0,0.0
Yuumi,Aphelios,1,1,1.0
Yuumi,Ashe,3,2,0.6666666666666666
Yuumi,AurelionSol,1,0,0.0
Yuumi,Aurora,2,1,0.5
Yuumi,Azir,3,3,1.0
Yuumi,Bard,6,3,0.5
Yuumi,Blitzcrank,1,0,0.0
Yuumi,Brand,1,1,1.0
Yuumi,Caitlyn,3,1,0.3333333333333333
Yuumi,Camille,1,1,1.0
Yuumi,Corki,5,1,0.2
Yuumi,Draven,2,1,0.5
Yuumi,Ekko,2,0,0.0
Yuumi,Elise,1,0,0.0
Yuumi,Ezreal,10,3,0.3
Yuumi,Fiora,1,1,1.0
Yuumi,Galio,1,1,1.0
Yuumi,Gangplank,1,0,0.0
Yuumi,Garen,1,0,0.0
Yuumi,Gnar,5,2,0.4
Yuumi,Graves,1,1,1.0
Yuumi,Gwen,1,1,1.0
Yuumi,Hecarim,2,1,0.5
Yuumi,Hwei,2,0,0.0
Yuumi,Irelia,4,1,0.25
Yuumi,JarvanIV,10,4,0.4
Yuumi,Jax,2,1,0.5
Yuumi,Jayce,10,4,0.4
Yuumi,Jhin,6,2,0.3333333333333333
Yuumi,Jinx,1,1,1.0
Yuumi,KSante,1,0,0.0
Yuumi,Kaisa,4,1,0.25
Yuumi,Karma,8,3,0.375
Yuumi,Karthus,1,0,0.0
Yuumi,Katarina,3,1,0.3333333333333333
Yuumi,Kayn,3,1,0.3333333333333333
Yuumi,Kindred,1,0,0.0
Yuumi,Leblanc,2,0,0.0
Yuumi,LeeSin,9,3,0.3333333333333333
Yuumi,Lillia,1,0,0.0
Yuumi,Lissandra,4,0,0.0
Yuumi,Lucian,4,1,0.25
Yuumi,Lulu,6,3,0.5
Yuumi,Lux,6,3,0.5
Yuumi,Malphite,2,1,0.5
Yuumi,MasterYi,1,0,0.0
Yuumi,Mel,2,1,0.5
Yuumi,Milio,2,0,0.0
Yuumi,MissFortune,2,1,0.5
Yuumi,MonkeyKing,2,2,1.0
Yuumi,Morgana,1,0,0.0
Yuumi,Naafiri,1,0,0.0
Yuumi,Nami,8,2,0.25
Yuumi,Nautilus,3,2,0.6666666666666666
Yuumi,Neeko,5,1,0.2
Yuumi,Nidalee,1,1,1.0
Yuumi,Nocturne,1,1,1.0
Yuumi,Nunu,2,0,0.0
Yuumi,Orianna,3,1,0.3333333333333333
Yuumi,Ornn,2,2,1.0
Yuumi,Pantheon,2,1,0.5
Yuumi,Poppy,1,1,1.0
Yuumi,Pyke,1,0,0.0
Yuumi,Qiyana,4,2,0.5
Yuumi,Rakan,3,0,0.0
Yuumi,Rammus,2,0,0.0
Yuumi,RekSai,1,0,0.0
Yuumi,Rell,2,0,0.0
Yuumi,Renekton,2,1,0.5
Yuumi,Rengar,3,1,0.3333333333333333
Yuumi,Riven,3,0,0.0
Yuumi,Rumble,1,0,0.0
Yuumi,Ryze,1,1,1.0
Yuumi,Samira,2,1,0.5
Yuumi,Senna,4,2,0.5
Yuumi,Seraphine,2,0,0.0
Yuumi,Singed,3,2,0.6666666666666666
Yuumi,Sion,3,0,0.0
Yuumi,Skarner,2,1,0.5
Yuumi,Smolder,3,2,0.6666666666666666
Yuumi,Sona,2,1,0.5
Yuumi,Soraka,1,0,0.0
Yuumi,Syndra,2,1,0.5
Yuumi,TahmKench,1,0,0.0
Yuumi,Taliyah,1,0,0.0
Yuumi,Talon,2,2,1.0
Yuumi,Teemo,3,1,0.3333333333333333
Yuumi,Thresh,1,1,1.0
Yuumi,Tristana,2,1,0.5
Yuumi,Trundle,1,1,1.0
Yuumi,TwistedFate,3,0,0.0
Yuumi,Udyr,1,0,0.0
Yuumi,Varus,2,0,0.0
Yuumi,Vayne,6,1,0.16666666666666666
Yuumi,Veigar,5,2,0.4
Yuumi,Vex,3,1,0.3333333333333333
Yuumi,Vi,2,0,0.0
Yuumi,Viego,1,1,1.0
Yuumi,Viktor,1,0,0.0
Yuumi,Vladimir,2,1,0.5
Yuumi,Xayah,1,0,0.0
Yuumi,XinZhao,4,0,0.0
Yuumi,Yasuo,4,2,0.5
Yuumi,Yone,3,1,0.3333333333333333
Yuumi,Yorick,1,0,0.0
Yuumi,Yunara,4,1,0.25
Yuumi,Zaahen,1,0,0.0
Yuumi,Zed,1,0,0.0
Yuumi,Zoe,1,1,1.0
Yuumi,Zyra,3,1,0.3333333333333333
Zaahen,Aatrox,8,3,0.375
Zaahen,Ahri,18,9,0.5
Zaahen,Akali,10,3,0.3
Zaahen,Akshan,1,0,0.0
Zaahen,Alistar,7,3,0.42857142857142855
Zaahen,Ambessa,16,9,0.5625
Zaahen,Anivia,16,10,0.625
Zaahen,Annie,6,5,0.8333333333333334
Zaahen,Aphelios,2,0,0.0
Zaahen,Ashe,9,3,0.3333333333333333
Zaahen,AurelionSol,1,0,0.0
Zaahen,Aurora,7,4,0.5714285714285714
Zaahen,Azir,2,1,0.5
Zaahen,Bard,17,8,0.47058823529411764
Zaahen,Belveth,1,1,1.0
Zaahen,Blitzcrank,2,0,0.0
Zaahen,Braum,3,0,0.0
Zaahen,Briar,1,1,1.0
Zaahen,Caitlyn,15,8,0.5333333333333333
Zaahen,Cassiopeia,5,0,0.0
Zaahen,Chogath,4,3,0.75
Zaahen,Corki,11,5,0.45454545454545453
Zaahen,Darius,3,2,0.6666666666666666
Zaahen,Diana,1,1,1.0
Zaahen,DrMundo,2,1,0.5
Zaahen,Draven,1,1,1.0
Zaahen,Ekko,8,4,0.5
Zaahen,Elise,4,3,0.75
Zaahen,Evelynn,3,2,0.6666666666666666
Zaahen,Ezreal,29,18,0.6206896551724138
Zaahen,Fiora,3,0,0.0
Zaahen,Galio,2,1,0.5
Zaahen,Gangplank,2,1,0.5
Zaahen,Garen,7,4,0.5714285714285714
Zaahen,Gnar,9,6,0.6666666666666666
Zaahen,Gragas,6,4,0.6666666666666666
Zaahen,Graves,6,3,0.5
Zaahen,Gwen,4,3,0.75
Zaahen,Hecarim,2,0,0.0
Zaahen,Hwei,5,3,0.6
Zaahen,Illaoi,1,0,0.0
Zaahen,Irelia,7,5,0.7142857142857143
Zaahen,Ivern,1,1,1.0
Zaahen,Janna,4,2,0.5
Zaahen,JarvanIV,12,8,0.6666666666666666
Zaahen,Jax,7,3,0.42857142857142855
Zaahen,Jayce,16,7,0.4375
Zaahen,Jhin,12,8,0.6666666666666666
Zaahen,Jinx,4,1,0.25
Zaahen,KSante,4,3,0.75
Zaahen,Kaisa,10,7,0.7
Zaahen,Kalista,2,1,0.5
Zaahen,Karma,18,10,0.5555555555555556
Zaahen,Karthus,2,2,1.0
Zaahen,Kassadin,1,1,1.0
Zaahen,Katarina,7,0,0.0
Zaahen,Kayle,1,0,0.0
Zaahen,Kayn,3,2,0.6666666666666666
Zaahen,Kennen,1,0,0.0
Zaahen,Khazix,1,1,1.0
Zaahen,Kindred,1,0,0.0
Zaahen,Kled,2,0,0.0
Zaahen,Leblanc,4,3,0.75
Zaahen,LeeSin,17,4,0.23529411764705882
Zaahen,Leona,2,2,1.0
Zaahen,Lillia,3,2,0.6666666666666666
Zaahen,Lissandra,4,3,0.75
Zaahen,Lucian,8,3,0.375
Zaahen,Lulu,4,2,0.5
Zaahen,Lux,3,3,1.0
Zaahen,Maokai,3,2,0.6666666666666666
Zaahen,MasterYi,4,3,0.75
Zaahen,Mel,10,5,0.5
Zaahen,Milio,1,1,1.0
Zaahen,MissFortune,2,1,0.5
Zaahen,MonkeyKing,3,2,0.6666666666666666
Zaahen,Mordekaiser,2,1,0.5
Zaahen,Naafiri,8,3,0.375
Zaahen,Nami,16,11,0.6875
Zaahen,Nasus,4,4,1.0
Zaahen,Nautilus,16,6,0.375
Zaahen,Neeko,2,1,0.5
Zaahen,Nidalee,3,2,0.6666666666666666
Zaahen,Nocturne,9,5,0.5555555555555556
Zaahen,Nunu,4,2,0.5
Zaahen,Orianna,6,3,0.5
Zaahen,Ornn,7,2,0.2857142857142857
Zaahen,Pantheon,7,4,0.5714285714285714
Zaahen,Poppy,3,2,0.6666666666666666
Zaahen,Pyke,5,3,0.6
Zaahen,Qiyana,4,2,0.5
Zaahen,Quinn,2,0,0.0
Zaahen,Rakan,4,1,0.25
Zaahen,Rammus,1,1,1.0
Zaahen,RekSai,1,1,1.0
Zaahen,Rell,5,4,0.8
Zaahen,Renekton,4,3,0.75
Zaahen,Rengar,3,2,0.6666666666666666
Zaahen,Riven,9,6,0.6666666666666666
Zaahen,Rumble,9,5,0.5555555555555556
Zaahen,Ryze,9,3,0.3333333333333333
Zaahen,Samira,3,2,0.6666666666666666
Zaahen,Senna,7,5,0.7142857142857143
Zaahen,Seraphine,9,3,0.3333333333333333
Zaahen,Sett,1,1,1.0
Zaahen,Shen,3,2,0.6666666666666666
Zaahen,Singed,4,1,0.25
Zaahen,Sion,6,1,0.16666666666666666
Zaahen,Sivir,3,2,0.6666666666666666
Zaahen,Skarner,2,1,0.5
Zaahen,Sona,3,0,0.0
Zaahen,Soraka,5,4,0.8
Zaahen,Swain,2,1,0.5
Zaahen,Sylas,9,7,0.7777777777777778
Zaahen,Syndra,7,4,0.5714285714285714
Zaahen,Taliyah,5,4,0.8
Zaahen,Talon,4,1,0.25
Zaahen,Taric,1,1,1.0
Zaahen,Teemo,3,1,0.3333333333333333
Zaahen,Thresh,5,3,0.6
Zaahen,Tristana,4,4,1.0
Zaahen,Trundle,1,0,0.0
Zaahen,Tryndamere,1,1,1.0
Zaahen,TwistedFate,3,1,0.3333333333333333
Zaahen,Udyr,3,2,0.6666666666666666
Zaahen,Varus,6,3,0.5
Zaahen,Vayne,10,2,0.2
Zaahen,Veigar,1,1,1.0
Zaahen,Velkoz,3,2,0.6666666666666666
Zaahen,Vex,3,2,0.6666666666666666
Zaahen,Vi,12,8,0.6666666666666666
Zaahen,Viego,4,3,0.75
Zaahen,Viktor,11,5,0.45454545454545453
Zaahen,Vladimir,2,1,0.5
Zaahen,Volibear,2,0,0.0
Zaahen,Xayah,4,0,0.0
Zaahen,Xerath,1,1,1.0
Zaahen,XinZhao,8,4,0.5
Zaahen,Yasuo,7,6,0.8571428571428571
Zaahen,Yone,10,6,0.6
Zaahen,Yunara,8,5,0.625
Zaahen,Yuumi,1,1,1.0
Zaahen,Zed,4,2,0.5
Zaahen,Ziggs,3,2,0.6666666666666666
Zaahen,Zilean,2,0,0.0
Zaahen,Zoe,4,0,0.0
Zaahen,Zyra,3,1,0.3333333333333333
Zac,Aatrox,2,1,0.5
Zac,Ahri,2,0,0.0
Zac,Akali,2,2,1.0
Zac,Akshan,2,0,0.0
Zac,Alistar,2,2,1.0
Zac,Ambessa,4,0,0.0
Zac,Anivia,2,2,1.0
Zac,Aphelios,1,0,0.0
Zac,Ashe,1,1,1.0
Zac,Aurora,3,2,0.6666666666666666
Zac,Bard,3,1,0.3333333333333333
Zac,Belveth,1,0,0.0
Zac,Brand,1,1,1.0
Zac,Briar,2,0,0.0
Zac,Caitlyn,3,2,0.6666666666666666
Zac,Corki,3,2,0.6666666666666666
Zac,Diana,1,1,1.0
Zac,DrMundo,1,1,1.0
Zac,Draven,1,1,1.0
Zac,Ekko,1,1,1.0
Zac,Elise,2,2,1.0
Zac,Ezreal,2,2,1.0
Zac,Fiora,1,1,1.0
Zac,Fizz,1,1,1.0
Zac,Gnar,3,1,0.3333333333333333
Zac,Gragas,2,2,1.0
Zac,Hecarim,1,0,0.0
Zac,Hwei,2,1,0.5
Zac,Ivern,1,1,1.0
Zac,Janna,1,0,0.0
Zac,JarvanIV,2,1,0.5
Zac,Jayce,1,0,0.0
Zac,Jhin,2,1,0.5
Zac,Jinx,1,0,0.0
Zac,KSante,1,1,1.0
Zac,Kaisa,1,1,1.0
Zac,Karma,1,0,0.0
Zac,Kassadin,2,2,1.0
Zac,Khazix,1,1,1.0
Zac,Kindred,1,0,0.0
Zac,LeeSin,1,1,1.0
Zac,Leona,2,2,1.0
Zac,Lillia,1,1,1.0
Zac,Lissandra,1,0,0.0
Zac,Lucian,2,2,1.0
Zac,Lulu,3,2,0.6666666666666666
Zac,Lux,2,2,1.0
Zac,Malphite,1,1,1.0
Zac,MissFortune,1,0,0.0
Zac,Nasus,1,1,1.0
Zac,Nautilus,1,0,0.0
Zac,Neeko,1,1,1.0
Zac,Nidalee,1,0,0.0
Zac,Nocturne,1,1,1.0
Zac,Ornn,1,1,1.0
Zac,Pantheon,4,3,0.75
Zac,Pyke,1,1,1.0
Zac,Qiyana,1,1,1.0
Zac,Rakan,1,0,0.0
Zac,Rell,2,0,0.0
Zac,Renekton,1,0,0.0
Zac,Riven,1,1,1.0
Zac,Rumble,2,0,0.0
Zac,Senna,2,2,1.0
Zac,Shen,1,1,1.0
Zac,Singed,1,1,1.0
Zac,Sivir,1,0,0.0
Zac,Smolder,1,1,1.0
Zac,Sona,1,1,1.0
Zac,Soraka,1,0,0.0
Zac,Swain,1,1,1.0
Zac,Sylas,3,2,0.6666666666666666
Zac,Syndra,2,1,0.5
Zac,Taliyah,1,0,0.0
Zac,Talon,3,3,1.0
Zac,Taric,1,1,1.0
Zac,Teemo,1,1,1.0
Zac,Thresh,2,0,0.0
Zac,Tristana,2,1,0.5
Zac,TwistedFate,2,1,0.5
Zac,Udyr,2,1,0.5
Zac,Varus,2,1,0.5
Zac,Vex,1,0,0.0
Zac,Vi,1,1,1.0
Zac,Viego,1,0,0.0
Zac,Vladimir,1,1,1.0
Zac,Warwick,1,1,1.0
Zac,Xayah,1,0,0.0
Zac,Xerath,2,1,0.5
Zac,XinZhao,1,1,1.0
Zac,Yone,1,1,1.0
Zac,Yunara,4,2,0.5
Zac,Zed,1,1,1.0
Zac,Zoe,3,2,0.6666666666666666
Zac,Zyra,2,1,0.5
Zed,Aatrox,6,2,0.3333333333333333
Zed,Ahri,4,3,0.75
Zed,Akali,8,4,0.5
Zed,Akshan,2,0,0.0
Zed,Alistar,4,3,0.75
Zed,Ambessa,18,12,0.6666666666666666
Zed,Anivia,14,11,0.7857142857142857
Zed,Annie,1,0,0.0
Zed,Aphelios,1,0,0.0
Zed,Ashe,9,5,0.5555555555555556
Zed,AurelionSol,3,1,0.3333333333333333
Zed,Aurora,14,7,0.5
Zed,Bard,7,5,0.7142857142857143
Zed,Belveth,3,1,0.3333333333333333
Zed,Brand,2,2,1.0
Zed,Braum,2,2,1.0
Zed,Caitlyn,7,4,0.5714285714285714
Zed,Camille,1,0,0.0
Zed,Cassiopeia,4,3,0.75
Zed,Corki,4,3,0.75
Zed,Darius,2,2,1.0
Zed,Diana,2,1,0.5
Zed,DrMundo,1,1,1.0
Zed,Draven,1,0,0.0
Zed,Ekko,3,3,1.0
Zed,Ezreal,18,13,0.7222222222222222
Zed,Fiora,3,2,0.6666666666666666
Zed,Galio,1,1,1.0
Zed,Gangplank,1,0,0.0
Zed,Garen,2,2,1.0
Zed,Gnar,4,2,0.5
Zed,Gragas,2,1,0.5
Zed,Graves,4,1,0.25
Zed,Gwen,2,0,0.0
Zed,Hecarim,5,3,0.6
Zed,Hwei,5,3,0.6
Zed,Irelia,4,1,0.25
Zed,Ivern,2,2,1.0
Zed,Janna,2,1,0.5
Zed,JarvanIV,6,3,0.5
Zed,Jax,3,2,0.6666666666666666
Zed,Jayce,10,6,0.6
Zed,Jhin,7,2,0.2857142857142857
Zed,Jinx,4,0,0.0
Zed,KSante,6,3,0.5
Zed,Kaisa,7,6,0.8571428571428571
Zed,Kalista,1,1,1.0
Zed,Karma,8,5,0.625
Zed,Karthus,5,3,0.6
Zed,Kassadin,2,1,0.5
Zed,Katarina,2,1,0.5
Zed,Kayle,2,1,0.5
Zed,Kayn,1,1,1.0
Zed,Kennen,3,1,0.3333333333333333
Zed,Khazix,5,5,1.0
Zed,Kindred,3,1,0.3333333333333333
Zed,Kled,2,2,1.0
Zed,KogMaw,2,2,1.0
Zed,Leblanc,4,3,0.75
Zed,LeeSin,15,9,0.6
Zed,Leona,6,5,0.8333333333333334
Zed,Lissandra,4,2,0.5
Zed,Lucian,5,2,0.4
Zed,Lulu,6,2,0.3333333333333333
Zed,Lux,3,1,0.3333333333333333
Zed,Malphite,1,0,0.0
Zed,MasterYi,1,0,0.0
Zed,Mel,4,3,0.75
Zed,MonkeyKing,2,1,0.5
Zed,Mordekaiser,1,1,1.0
Zed,Morgana,2,2,1.0
Zed,Naafiri,5,3,0.6
Zed,Nami,5,2,0.4
Zed,Nautilus,12,8,0.6666666666666666
Zed,Neeko,4,3,0.75
Zed,Nidalee,4,3,0.75
Zed,Nilah,1,1,1.0
Zed,Nocturne,3,2,0.6666666666666666
Zed,Nunu,2,2,1.0
Zed,Ornn,1,0,0.0
Zed,Pantheon,10,5,0.5
Zed,Pyke,8,5,0.625
Zed,Qiyana,5,2,0.4
Zed,Quinn,3,0,0.0
Zed,Rakan,4,3,0.75
Zed,Rammus,1,0,0.0
Zed,RekSai,2,1,0.5
Zed,Rell,4,2,0.5
Zed,Renekton,4,2,0.5
Zed,Rengar,3,2,0.6666666666666666
Zed,Riven,2,2,1.0
Zed,Rumble,1,1,1.0
Zed,Ryze,16,12,0.75
Zed,Samira,1,0,0.0
Zed,Senna,5,4,0.8
Zed,Seraphine,8,4,0.5
Zed,Sett,3,2,0.6666666666666666
Zed,Shaco,2,2,1.0
Zed,Shen,2,0,0.0
Zed,Shyvana,1,0,0.0
Zed,Singed,5,5,1.0
Zed,Sion,3,1,0.3333333333333333
Zed,Sivir,6,5,0.8333333333333334
Zed,Skarner,4,3,0.75
Zed,Smolder,1,1,1.0
Zed,Sona,6,2,0.3333333333333333
Zed,Soraka,5,3,0.6
Zed,Swain,5,4,0.8
Zed,Sylas,10,7,0.7
Zed,Syndra,3,2,0.6666666666666666
Zed,TahmKench,1,0,0.0
Zed,Taliyah,2,1,0.5
Zed,Talon,5,4,0.8
Zed,Taric,3,3,1.0
Zed,Teemo,1,0,0.0
Zed,Thresh,2,2,1.0
Zed,Tristana,3,1,0.3333333333333333
Zed,Trundle,1,1,1.0
Zed,TwistedFate,1,1,1.0
Zed,Twitch,1,1,1.0
Zed,Urgot,2,2,1.0
Zed,Varus,6,4,0.6666666666666666
Zed,Vayne,6,3,0.5
Zed,Veigar,1,1,1.0
Zed,Vex,1,0,0.0
Zed,Vi,2,2,1.0
Zed,Viego,4,3,0.75
Zed,Viktor,1,1,1.0
Zed,Vladimir,2,1,0.5
Zed,Volibear,1,0,0.0
Zed,XinZhao,4,1,0.25
Zed,Yasuo,8,2,0.25
Zed,Yone,5,5,1.0
Zed,Yorick,2,1,0.5
Zed,Yunara,7,4,0.5714285714285714
Zed,Yuumi,1,1,1.0
Zed,Zaahen,4,2,0.5
Zed,Zac,1,0,0.0
Zed,Zeri,1,1,1.0
Zed,Ziggs,4,1,0.25
Zed,Zilean,4,2,0.5
Zed,Zoe,5,2,0.4
Zed,Zyra,2,2,1.0
Zeri,Aatrox,1,0,0.0
Zeri,Ahri,3,0,0.0
Zeri,Alistar,1,0,0.0
Zeri,Ambessa,3,2,0.6666666666666666
Zeri,Anivia,5,1,0.2
Zeri,Annie,2,0,0.0
Zeri,Aphelios,1,0,0.0
Zeri,Ashe,1,0,0.0
Zeri,AurelionSol,1,1,1.0
Zeri,Aurora,1,1,1.0
Zeri,Azir,2,2,1.0
Zeri,Blitzcrank,1,1,1.0
Zeri,Caitlyn,1,1,1.0
Zeri,Corki,3,0,0.0
Zeri,Darius,1,0,0.0
Zeri,Diana,2,2,1.0
Zeri,Draven,2,0,0.0
Zeri,Ekko,1,0,0.0
Zeri,Elise,1,1,1.0
Zeri,Ezreal,5,2,0.4
Zeri,FiddleSticks,1,1,1.0
Zeri,Fizz,2,2,1.0
Zeri,Galio,3,2,0.6666666666666666
Zeri,Gnar,2,0,0.0
Zeri,Graves,1,0,0.0
Zeri,Irelia,1,0,0.0
Zeri,JarvanIV,2,2,1.0
Zeri,Jayce,3,0,0.0
Zeri,Jhin,1,1,1.0
Zeri,Kaisa,2,2,1.0
Zeri,Kalista,1,1,1.0
Zeri,Karma,6,1,0.16666666666666666
Zeri,Karthus,3,2,0.6666666666666666
Zeri,Katarina,1,0,0.0
Zeri,Kennen,1,1,1.0
Zeri,Khazix,1,1,1.0
Zeri,Kled,1,0,0.0
Zeri,LeeSin,1,0,0.0
Zeri,Lucian,3,1,0.3333333333333333
Zeri,Lulu,3,1,0.3333333333333333
Zeri,Lux,2,1,0.5
Zeri,Malzahar,1,0,0.0
Zeri,Maokai,1,0,0.0
Zeri,Mel,1,0,0.0
Zeri,Milio,1,0,0.0
Zeri,MonkeyKing,2,1,0.5
Zeri,Naafiri,1,0,0.0
Zeri,Nami,2,1,0.5
Zeri,Nasus,1,0,0.0
Zeri,Nautilus,5,3,0.6
Zeri,Neeko,2,0,0.0
Zeri,Nunu,2,0,0.0
Zeri,Pantheon,4,2,0.5
Zeri,Pyke,1,0,0.0
Zeri,Qiyana,3,1,0.3333333333333333
Zeri,Rakan,2,0,0.0
Zeri,Rell,1,0,0.0
Zeri,Renekton,1,1,1.0
Zeri,Rengar,2,1,0.5
Zeri,Riven,3,1,0.3333333333333333
Zeri,Rumble,3,2,0.6666666666666666
Zeri,Ryze,2,2,1.0
Zeri,Samira,1,1,1.0
Zeri,Senna,2,0,0.0
Zeri,Singed,3,1,0.3333333333333333
Zeri,Sion,1,1,1.0
Zeri,Smolder,2,1,0.5
Zeri,Soraka,1,1,1.0
Zeri,TahmKench,1,0,0.0
Zeri,Taliyah,2,0,0.0
Zeri,Teemo,1,0,0.0
Zeri,Thresh,1,1,1.0
Zeri,TwistedFate,3,0,0.0
Zeri,Udyr,1,1,1.0
Zeri,Varus,2,0,0.0
Zeri,Vayne,4,2,0.5
Zeri,Vi,4,2,0.5
Zeri,Viego,1,1,1.0
Zeri,Vladimir,1,0,0.0
Zeri,XinZhao,4,1,0.25
Zeri,Yasuo,1,0,0.0
Zeri,Yone,2,0,0.0
Zeri,Yorick,2,1,0.5
Zeri,Yunara,2,2,1.0
Zeri,Zed,1,0,0.0
Zeri,Zoe,1,1,1.0
Zeri,Zyra,1,0,0.0
Ziggs,Aatrox,4,2,0.5
Ziggs,Ahri,11,4,0.36363636363636365
Ziggs,Akali,4,1,0.25
Ziggs,Akshan,1,1,1.0
Ziggs,Alistar,2,0,0.0
Ziggs,Ambessa,7,3,0.42857142857142855
Ziggs,Anivia,11,10,0.9090909090909091
Ziggs,Annie,3,2,0.6666666666666666
Ziggs,Aphelios,2,0,0.0
Ziggs,Ashe,7,2,0.2857142857142857
Ziggs,Aurora,7,3,0.42857142857142855
Ziggs,Azir,5,2,0.4
Ziggs,Bard,13,6,0.46153846153846156
Ziggs,Belveth,2,1,0.5
Ziggs,Blitzcrank,3,2,0.6666666666666666
Ziggs,Braum,2,2,1.0
Ziggs,Briar,1,0,0.0
Ziggs,Caitlyn,13,8,0.6153846153846154
Ziggs,Camille,2,1,0.5
Ziggs,Cassiopeia,2,1,0.5
Ziggs,Chogath,3,1,0.3333333333333333
Ziggs,Corki,1,1,1.0
Ziggs,Darius,1,1,1.0
Ziggs,Diana,3,2,0.6666666666666666
Ziggs,DrMundo,4,4,1.0
Ziggs,Draven,3,2,0.6666666666666666
Ziggs,Ekko,1,0,0.0
Ziggs,Elise,4,2,0.5
Ziggs,Ezreal,4,3,0.75
Ziggs,FiddleSticks,1,0,0.0
Ziggs,Fiora,1,0,0.0
Ziggs,Fizz,1,1,1.0
Ziggs,Galio,1,0,0.0
Ziggs,Gnar,7,3,0.42857142857142855
Ziggs,Gragas,2,1,0.5
Ziggs,Graves,4,1,0.25
Ziggs,Gwen,2,0,0.0
Ziggs,Hecarim,2,1,0.5
Ziggs,Hwei,3,2,0.6666666666666666
Ziggs,Irelia,3,2,0.6666666666666666
Ziggs,Ivern,1,1,1.0
Ziggs,JarvanIV,5,3,0.6
Ziggs,Jax,2,2,1.0
Ziggs,Jayce,6,2,0.3333333333333333
Ziggs,Jhin,8,5,0.625
Ziggs,Jinx,2,0,0.0
Ziggs,KSante,4,1,0.25
Ziggs,Kaisa,5,2,0.4
Ziggs,Kalista,2,0,0.0
Ziggs,Karma,5,3,0.6
Ziggs,Kassadin,1,0,0.0
Ziggs,Katarina,1,1,1.0
Ziggs,Kayn,1,1,1.0
Ziggs,Kennen,2,1,0.5
Ziggs,Khazix,1,0,0.0
Ziggs,Kindred,1,0,0.0
Ziggs,Kled,1,1,1.0
Ziggs,KogMaw,1,0,0.0
Ziggs,Leblanc,5,1,0.2
Ziggs,LeeSin,6,1,0.16666666666666666
Ziggs,Lillia,1,0,0.0
Ziggs,Lissandra,1,0,0.0
Ziggs,Lucian,9,6,0.6666666666666666
Ziggs,Lulu,4,1,0.25
Ziggs,Lux,2,1,0.5
Ziggs,Malphite,1,1,1.0
Ziggs,Maokai,1,0,0.0
Ziggs,MasterYi,4,2,0.5
Ziggs,Mel,3,2,0.6666666666666666
Ziggs,Milio,1,1,1.0
Ziggs,MissFortune,1,1,1.0
Ziggs,Morgana,1,0,0.0
Ziggs,Naafiri,5,2,0.4
Ziggs,Nami,2,2,1.0
Ziggs,Nautilus,8,4,0.5
Ziggs,Neeko,2,1,0.5
Ziggs,Nidalee,2,1,0.5
Ziggs,Nilah,1,1,1.0
Ziggs,Nocturne,6,2,0.3333333333333333
Ziggs,Orianna,6,3,0.5
Ziggs,Pantheon,2,0,0.0
Ziggs,Poppy,3,0,0.0
Ziggs,Pyke,10,6,0.6
Ziggs,Qiyana,1,0,0.0
Ziggs,Quinn,1,0,0.0
Ziggs,Rakan,4,2,0.5
Ziggs,RekSai,4,1,0.25
Ziggs,Rell,1,0,0.0
Ziggs,Renata,1,0,0.0
Ziggs,Renekton,3,3,1.0
Ziggs,Rengar,4,3,0.75
Ziggs,Riven,3,2,0.6666666666666666
Ziggs,Rumble,3,1,0.3333333333333333
Ziggs,Ryze,7,3,0.42857142857142855
Ziggs,Sejuani,1,1,1.0
Ziggs,Senna,1,1,1.0
Ziggs,Seraphine,7,3,0.42857142857142855
Ziggs,Shaco,1,1,1.0
Ziggs,Shen,5,2,0.4
Ziggs,Sion,7,2,0.2857142857142857
Ziggs,Sivir,7,3,0.42857142857142855
Ziggs,Skarner,3,3,1.0
Ziggs,Sona,2,1,0.5
Ziggs,Soraka,2,1,0.5
Ziggs,Swain,1,0,0.0
Ziggs,Sylas,6,2,0.3333333333333333
Ziggs,Syndra,2,1,0.5
Ziggs,Taliyah,5,2,0.4
Ziggs,Talon,4,1,0.25
Ziggs,Teemo,3,2,0.6666666666666666
Ziggs,Tristana,1,0,0.0
Ziggs,Trundle,1,1,1.0
Ziggs,TwistedFate,3,2,0.6666666666666666
Ziggs,Urgot,1,1,1.0
Ziggs,Varus,12,4,0.3333333333333333
Ziggs,Vayne,1,0,0.0
Ziggs,Vex,2,0,0.0
Ziggs,Vi,5,2,0.4
Ziggs,Viego,1,1,1.0
Ziggs,Viktor,4,3,0.75
Ziggs,Vladimir,2,2,1.0
Ziggs,Volibear,1,0,0.0
Ziggs,Xerath,2,0,0.0
Ziggs,XinZhao,8,4,0.5
Ziggs,Yasuo,2,1,0.5
Ziggs,Yorick,3,2,0.6666666666666666
Ziggs,Yunara,3,0,0.0
Ziggs,Zaahen,3,1,0.3333333333333333
Ziggs,Zed,4,3,0.75
Ziggs,Zoe,1,1,1.0
Ziggs,Zyra,2,1,0.5
Zilean,Aatrox,2,2,1.0
Zilean,Ahri,4,1,0.25
Zilean,Akali,4,2,0.5
Zilean,Akshan,2,1,0.5
Zilean,Alistar,5,3,0.6
Zilean,Ambessa,4,4,1.0
Zilean,Amumu,1,0,0.0
Zilean,Anivia,10,6,0.6
Zilean,Annie,2,2,1.0
Zilean,Aphelios,2,2,1.0
Zilean,Ashe,4,3,0.75
Zilean,AurelionSol,3,3,1.0
Zilean,Aurora,7,4,0.5714285714285714
Zilean,Azir,1,1,1.0
Zilean,Bard,7,3,0.42857142857142855
Zilean,Belveth,6,4,0.6666666666666666
Zilean,Blitzcrank,1,1,1.0
Zilean,Brand,1,1,1.0
Zilean,Briar,1,0,0.0
Zilean,Caitlyn,6,3,0.5
Zilean,Camille,1,0,0.0
Zilean,Corki,3,2,0.6666666666666666
Zilean,Darius,2,1,0.5
Zilean,DrMundo,2,1,0.5
Zilean,Draven,2,0,0.0
Zilean,Ekko,3,2,0.6666666666666666
Zilean,Elise,1,1,1.0
Zilean,Evelynn,2,1,0.5
Zilean,Ezreal,10,8,0.8
Zilean,FiddleSticks,2,2,1.0
Zilean,Fiora,1,1,1.0
Zilean,Galio,2,2,1.0
Zilean,Gangplank,2,0,0.0
Zilean,Gnar,6,5,0.8333333333333334
Zilean,Graves,2,2,1.0
Zilean,Gwen,2,0,0.0
Zilean,Hecarim,1,1,1.0
Zilean,Hwei,2,2,1.0
Zilean,Illaoi,1,1,1.0
Zilean,Irelia,2,1,0.5
Zilean,JarvanIV,4,3,0.75
Zilean,Jax,2,1,0.5
Zilean,Jayce,6,3,0.5
Zilean,Jhin,5,2,0.4
Zilean,Jinx,1,1,1.0
Zilean,Kaisa,3,1,0.3333333333333333
Zilean,Kalista,1,1,1.0
Zilean,Karma,10,8,0.8
Zilean,Karthus,7,3,0.42857142857142855
Zilean,Kassadin,1,1,1.0
Zilean,Kindred,1,0,0.0
Zilean,Leblanc,3,2,0.6666666666666666
Zilean,LeeSin,4,4,1.0
Zilean,Leona,2,1,0.5
Zilean,Lillia,1,0,0.0
Zilean,Lissandra,3,3,1.0
Zilean,Lucian,6,4,0.6666666666666666
Zilean,Lulu,2,2,1.0
Zilean,Lux,2,2,1.0
Zilean,Malzahar,1,1,1.0
Zilean,MasterYi,1,1,1.0
Zilean,Mel,1,1,1.0
Zilean,MissFortune,2,1,0.5
Zilean,Mordekaiser,1,0,0.0
Zilean,Morgana,1,1,1.0
Zilean,Naafiri,1,1,1.0
Zilean,Nami,4,2,0.5
Zilean,Nasus,2,1,0.5
Zilean,Nautilus,7,3,0.42857142857142855
Zilean,Neeko,3,1,0.3333333333333333
Zilean,Nidalee,2,0,0.0
Zilean,Nocturne,2,1,0.5
Zilean,Nunu,3,0,0.0
Zilean,Orianna,2,2,1.0
Zilean,Ornn,1,1,1.0
Zilean,Pantheon,5,3,0.6
Zilean,Pyke,5,3,0.6
Zilean,Qiyana,2,2,1.0
Zilean,Quinn,1,1,1.0
Zilean,Rakan,3,3,1.0
Zilean,Rammus,1,0,0.0
Zilean,Riven,3,2,0.6666666666666666
Zilean,Rumble,6,6,1.0
Zilean,Ryze,3,3,1.0
Zilean,Senna,4,3,0.75
Zilean,Seraphine,4,3,0.75
Zilean,Shen,1,1,1.0
Zilean,Shyvana,1,1,1.0
Zilean,Singed,2,2,1.0
Zilean,Sion,3,2,0.6666666666666666
Zilean,Sivir,1,1,1.0
Zilean,Skarner,1,1,1.0
Zilean,Smolder,1,1,1.0
Zilean,Sona,3,2,0.6666666666666666
Zilean,Swain,1,0,0.0
Zilean,Sylas,6,3,0.5
Zilean,Syndra,2,0,0.0
Zilean,TahmKench,1,1,1.0
Zilean,Taliyah,2,2,1.0
Zilean,Talon,2,1,0.5
Zilean,Teemo,1,1,1.0
Zilean,Trundle,1,1,1.0
Zilean,TwistedFate,2,0,0.0
Zilean,Twitch,1,1,1.0
Zilean,Udyr,1,1,1.0
Zilean,Urgot,1,0,0.0
Zilean,Varus,5,2,0.4
Zilean,Vayne,2,0,0.0
Zilean,Veigar,1,1,1.0
Zilean,Velkoz,2,2,1.0
Zilean,Vi,1,1,1.0
Zilean,Viego,4,3,0.75
Zilean,Viktor,1,1,1.0
Zilean,Vladimir,2,2,1.0
Zilean,Volibear,1,0,0.0
Zilean,Xerath,1,1,1.0
Zilean,XinZhao,2,1,0.5
Zilean,Yasuo,2,1,0.5
Zilean,Yone,6,4,0.6666666666666666
Zilean,Yorick,1,0,0.0
Zilean,Yunara,8,5,0.625
Zilean,Zaahen,2,2,1.0
Zilean,Zed,4,2,0.5
Zilean,Zoe,2,2,1.0
Zilean,Zyra,2,1,0.5
Zoe,Aatrox,7,3,0.42857142857142855
Zoe,Ahri,5,4,0.8
Zoe,Akali,12,5,0.4166666666666667
Zoe,Alistar,3,0,0.0
Zoe,Ambessa,12,5,0.4166666666666667
Zoe,Amumu,1,0,0.0
Zoe,Anivia,17,7,0.4117647058823529
Zoe,Annie,8,5,0.625
Zoe,Aphelios,2,1,0.5
Zoe,Ashe,3,1,0.3333333333333333
Zoe,Aurora,14,7,0.5
Zoe,Azir,3,3,1.0
Zoe,Bard,11,3,0.2727272727272727
Zoe,Belveth,1,0,0.0
Zoe,Blitzcrank,1,1,1.0
Zoe,Brand,3,0,0.0
Zoe,Braum,2,0,0.0
Zoe,Briar,1,1,1.0
Zoe,Caitlyn,13,7,0.5384615384615384
Zoe,Camille,5,2,0.4
Zoe,Corki,4,3,0.75
Zoe,Diana,1,0,0.0
Zoe,DrMundo,2,1,0.5
Zoe,Draven,3,3,1.0
Zoe,Ekko,12,6,0.5
Zoe,Elise,3,0,0.0
Zoe,Evelynn,1,0,0.0
Zoe,Ezreal,27,12,0.4444444444444444
Zoe,FiddleSticks,4,2,0.5
Zoe,Fiora,5,2,0.4
Zoe,Fizz,2,2,1.0
Zoe,Galio,6,3,0.5
Zoe,Gangplank,2,0,0.0
Zoe,Gnar,7,4,0.5714285714285714
Zoe,Gragas,2,1,0.5
Zoe,Graves,6,4,0.6666666666666666
Zoe,Hecarim,1,0,0.0
Zoe,Heimerdinger,1,1,1.0
Zoe,Hwei,6,2,0.3333333333333333
Zoe,Irelia,3,2,0.6666666666666666
Zoe,Ivern,1,1,1.0
Zoe,Janna,5,2,0.4
Zoe,JarvanIV,17,9,0.5294117647058824
Zoe,Jax,3,2,0.6666666666666666
Zoe,Jayce,18,7,0.3888888888888889
Zoe,Jhin,19,7,0.3684210526315789
Zoe,Jinx,5,4,0.8
Zoe,KSante,8,4,0.5
Zoe,Kaisa,7,2,0.2857142857142857
Zoe,Karma,19,12,0.631578947368421
Zoe,Karthus,2,1,0.5
Zoe,Kassadin,4,1,0.25
Zoe,Katarina,1,0,0.0
Zoe,Kayle,1,0,0.0
Zoe,Kayn,4,2,0.5
Zoe,Kennen,6,3,0.5
Zoe,Khazix,1,0,0.0
Zoe,Kindred,1,0,0.0
Zoe,Kled,1,0,0.0
Zoe,KogMaw,1,0,0.0
Zoe,Leblanc,5,2,0.4
Zoe,LeeSin,17,10,0.5882352941176471
Zoe,Leona,6,3,0.5
Zoe,Lillia,2,2,1.0
Zoe,Lissandra,1,0,0.0
Zoe,Lucian,12,4,0.3333333333333333
Zoe,Lux,5,4,0.8
Zoe,Malphite,1,0,0.0
Zoe,Malzahar,2,0,0.0
Zoe,Maokai,1,1,1.0
Zoe,MasterYi,4,1,0.25
Zoe,Mel,7,5,0.7142857142857143
Zoe,Milio,1,1,1.0
Zoe,MissFortune,4,3,0.75
Zoe,MonkeyKing,1,1,1.0
Zoe,Morgana,2,2,1.0
Zoe,Naafiri,8,1,0.125
Zoe,Nami,11,5,0.45454545454545453
Zoe,Nautilus,8,3,0.375
Zoe,Neeko,7,1,0.14285714285714285
Zoe,Nidalee,4,2,0.5
Zoe,Nocturne,5,1,0.2
Zoe,Nunu,2,1,0.5
Zoe,Olaf,2,1,0.5
Zoe,Orianna,4,1,0.25
Zoe,Ornn,5,2,0.4
Zoe,Pantheon,3,1,0.3333333333333333
Zoe,Poppy,3,2,0.6666666666666666
Zoe,Pyke,9,3,0.3333333333333333
Zoe,Qiyana,5,3,0.6
Zoe,Quinn,1,0,0.0
Zoe,Rakan,4,2,0.5
Zoe,Rammus,1,0,0.0
Zoe,RekSai,1,0,0.0
Zoe,Rell,3,2,0.6666666666666666
Zoe,Renata,1,1,1.0
Zoe,Renekton,5,1,0.2
Zoe,Rengar,1,0,0.0
Zoe,Riven,3,2,0.6666666666666666
Zoe,Rumble,11,5,0.45454545454545453
Zoe,Ryze,8,4,0.5
Zoe,Samira,1,0,0.0
Zoe,Senna,8,5,0.625
Zoe,Seraphine,3,1,0.3333333333333333
Zoe,Sett,1,1,1.0
Zoe,Shaco,4,0,0.0
Zoe,Shen,4,1,0.25
Zoe,Shyvana,1,0,0.0
Zoe,Sion,9,5,0.5555555555555556
Zoe,Sivir,3,1,0.3333333333333333
Zoe,Skarner,2,2,1.0
Zoe,Smolder,2,1,0.5
Zoe,Sona,6,2,0.3333333333333333
Zoe,Soraka,5,2,0.4
Zoe,Swain,2,1,0.5
Zoe,Sylas,6,2,0.3333333333333333
Zoe,Syndra,4,3,0.75
Zoe,Taliyah,3,0,0.0
Zoe,Talon,3,3,1.0
Zoe,Taric,1,0,0.0
Zoe,Teemo,2,0,0.0
Zoe,Thresh,4,3,0.75
Zoe,Tristana,1,0,0.0
Zoe,TwistedFate,3,0,0.0
Zoe,Udyr,2,0,0.0
Zoe,Urgot,1,1,1.0
Zoe,Varus,8,4,0.5
Zoe,Vayne,7,3,0.42857142857142855
Zoe,Velkoz,1,0,0.0
Zoe,Vi,7,3,0.42857142857142855
Zoe,Viego,5,3,0.6
Zoe,Viktor,2,0,0.0
Zoe,Vladimir,1,1,1.0
Zoe,Volibear,2,0,0.0
Zoe,Xayah,1,0,0.0
Zoe,Xerath,5,1,0.2
Zoe,XinZhao,8,2,0.25
Zoe,Yasuo,9,5,0.5555555555555556
Zoe,Yone,11,3,0.2727272727272727
Zoe,Yorick,5,2,0.4
Zoe,Yunara,6,1,0.16666666666666666
Zoe,Yuumi,1,0,0.0
Zoe,Zaahen,4,4,1.0
Zoe,Zac,3,1,0.3333333333333333
Zoe,Zed,5,3,0.6
Zoe,Zeri,1,0,0.0
Zoe,Ziggs,1,0,0.0
Zoe,Zilean,2,0,0.0
Zoe,Zyra,2,2,1.0
Zyra,Aatrox,5,3,0.6
Zyra,Ahri,2,2,1.0
Zyra,Akali,4,1,0.25
Zyra,Alistar,3,0,0.0
Zyra,Ambessa,11,6,0.5454545454545454
Zyra,Anivia,10,6,0.6
Zyra,Annie,3,2,0.6666666666666666
Zyra,Aphelios,2,0,0.0
Zyra,Ashe,6,5,0.8333333333333334
Zyra,AurelionSol,3,2,0.6666666666666666
Zyra,Aurora,12,5,0.4166666666666667
Zyra,Azir,5,1,0.2
Zyra,Bard,12,5,0.4166666666666667
Zyra,Blitzcrank,1,1,1.0
Zyra,Braum,1,0,0.0
Zyra,Caitlyn,10,6,0.6
Zyra,Camille,1,1,1.0
Zyra,Cassiopeia,2,2,1.0
Zyra,Chogath,1,0,0.0
Zyra,Corki,2,1,0.5
Zyra,Diana,1,0,0.0
Zyra,DrMundo,2,2,1.0
Zyra,Draven,1,0,0.0
Zyra,Ekko,4,3,0.75
Zyra,Elise,2,0,0.0
Zyra,Evelynn,1,0,0.0
Zyra,Ezreal,18,7,0.3888888888888889
Zyra,FiddleSticks,5,2,0.4
Zyra,Fiora,1,1,1.0
Zyra,Fizz,1,1,1.0
Zyra,Galio,3,2,0.6666666666666666
Zyra,Garen,1,1,1.0
Zyra,Gnar,3,1,0.3333333333333333
Zyra,Gragas,2,1,0.5
Zyra,Graves,5,1,0.2
Zyra,Hecarim,1,0,0.0
Zyra,Heimerdinger,1,1,1.0
Zyra,Hwei,3,2,0.6666666666666666
Zyra,Irelia,3,0,0.0
Zyra,Janna,5,3,0.6
Zyra,JarvanIV,14,7,0.5
Zyra,Jax,2,1,0.5
Zyra,Jayce,15,8,0.5333333333333333
Zyra,Jhin,5,3,0.6
Zyra,Jinx,4,2,0.5
Zyra,KSante,3,0,0.0
Zyra,Kaisa,3,2,0.6666666666666666
Zyra,Kalista,1,1,1.0
Zyra,Karma,9,3,0.3333333333333333
Zyra,Karthus,1,1,1.0
Zyra,Katarina,1,0,0.0
Zyra,Kennen,2,0,0.0
Zyra,Khazix,1,1,1.0
Zyra,Kindred,4,3,0.75
Zyra,KogMaw,1,1,1.0
Zyra,Leblanc,2,1,0.5
Zyra,LeeSin,9,5,0.5555555555555556
Zyra,Leona,5,2,0.4
Zyra,Lillia,2,1,0.5
Zyra,Lissandra,3,3,1.0
Zyra,Lucian,6,3,0.5
Zyra,Lulu,4,3,0.75
Zyra,Lux,1,0,0.0
Zyra,Malphite,2,0,0.0
Zyra,Malzahar,1,1,1.0
Zyra,Maokai,1,1,1.0
Zyra,MasterYi,2,2,1.0
Zyra,Mel,4,2,0.5
Zyra,Milio,1,1,1.0
Zyra,MissFortune,2,2,1.0
Zyra,MonkeyKing,2,1,0.5
Zyra,Mordekaiser,1,1,1.0
Zyra,Morgana,2,0,0.0
Zyra,Naafiri,4,1,0.25
Zyra,Nami,6,2,0.3333333333333333
Zyra,Nautilus,5,3,0.6
Zyra,Neeko,7,3,0.42857142857142855
Zyra,Nidalee,5,2,0.4
Zyra,Nocturne,4,1,0.25
Zyra,Nunu,1,0,0.0
Zyra,Orianna,4,1,0.25
Zyra,Ornn,2,1,0.5
Zyra,Pantheon,6,4,0.6666666666666666
Zyra,Poppy,4,2,0.5
Zyra,Pyke,8,5,0.625
Zyra,Qiyana,2,1,0.5
Zyra,Quinn,1,0,0.0
Zyra,Rakan,2,0,0.0
Zyra,RekSai,2,2,1.0
Zyra,Rell,1,1,1.0
Zyra,Renekton,1,0,0.0
Zyra,Rengar,1,0,0.0
Zyra,Riven,4,4,1.0
Zyra,Rumble,3,0,0.0
Zyra,Ryze,11,5,0.45454545454545453
Zyra,Samira,1,1,1.0
Zyra,Senna,4,2,0.5
Zyra,Seraphine,3,2,0.6666666666666666
Zyra,Shen,2,2,1.0
Zyra,Singed,1,1,1.0
Zyra,Sion,7,3,0.42857142857142855
Zyra,Sivir,3,1,0.3333333333333333
Zyra,Skarner,4,4,1.0
Zyra,Smolder,3,1,0.3333333333333333
Zyra,Sona,3,1,0.3333333333333333
Zyra,Soraka,1,1,1.0
Zyra,Swain,1,1,1.0
Zyra,Sylas,5,3,0.6
Zyra,Syndra,5,2,0.4
Zyra,Taliyah,7,3,0.42857142857142855
Zyra,Talon,2,1,0.5
Zyra,Taric,1,0,0.0
Zyra,Teemo,4,2,0.5
Zyra,Thresh,1,0,0.0
Zyra,Tristana,3,0,0.0
Zyra,Trundle,1,0,0.0
Zyra,TwistedFate,2,0,0.0
Zyra,Udyr,2,2,1.0
Zyra,Varus,5,3,0.6
Zyra,Vayne,10,2,0.2
Zyra,Veigar,1,1,1.0
Zyra,Velkoz,2,1,0.5
Zyra,Vex,3,2,0.6666666666666666
Zyra,Vi,3,2,0.6666666666666666
Zyra,Viego,5,4,0.8
Zyra,Viktor,3,1,0.3333333333333333
Zyra,Vladimir,2,1,0.5
Zyra,Volibear,1,0,0.0
Zyra,Xayah,1,1,1.0
Zyra,Xerath,3,2,0.6666666666666666
Zyra,XinZhao,2,1,0.5
Zyra,Yasuo,7,2,0.2857142857142857
Zyra,Yone,6,2,0.3333333333333333
Zyra,Yorick,2,2,1.0
Zyra,Yunara,12,5,0.4166666666666667
Zyra,Yuumi,3,2,0.6666666666666666
Zyra,Zaahen,3,2,0.6666666666666666
Zyra,Zac,2,1,0.5
Zyra,Zed,2,0,0.0
Zyra,Zeri,1,1,1.0
Zyra,Ziggs,2,1,0.5
Zyra,Zilean,2,1,0.5
Zyra,Zoe,2,0,0.0
