champion_name,opponent_name,role,games,win_rate
Aatrox,Ahri,TOP,1,0.0
Aatrox,Ambessa,JUNGLE,14,0.6428571428571429
Aatrox,Ambessa,TOP,7,0.5714285714285714
Aatrox,Anivia,TOP,5,0.2
Aatrox,Annie,MIDDLE,1,1.0
Aatrox,Aurora,MIDDLE,1,1.0
Aatrox,Belveth,JUNGLE,5,0.8
Aatrox,Briar,TOP,1,0.0
Aatrox,Camille,TOP,1,1.0
Aatrox,Cassiopeia,TOP,1,1.0
Aatrox,Chogath,JUNGLE,2,0.0
Aatrox,Chogath,TOP,2,0.0
Aatrox,Corki,TOP,3,0.3333333333333333
Aatrox,Darius,TOP,2,0.0
Aatrox,Diana,JUNGLE,2,0.0
Aatrox,DrMundo,JUNGLE,3,0.3333333333333333
Aatrox,DrMundo,TOP,4,0.5
Aatrox,Ekko,JUNGLE,3,0.6666666666666666
Aatrox,Ekko,TOP,1,0.0
Aatrox,Evelynn,JUNGLE,1,0.0
Aatrox,FiddleSticks,JUNGLE,2,0.5
Aatrox,Fiora,TOP,4,0.75
Aatrox,Gangplank,TOP,8,0.25
Aatrox,Garen,TOP,2,0.5
Aatrox,Gnar,JUNGLE,1,1.0
Aatrox,Gnar,TOP,7,0.5714285714285714
Aatrox,Gragas,TOP,4,1.0
Aatrox,Graves,JUNGLE,10,0.4
Aatrox,Gwen,TOP,2,0.5
Aatrox,Hecarim,JUNGLE,1,1.0
Aatrox,Illaoi,TOP,1,0.0
Aatrox,Irelia,TOP,4,0.75
Aatrox,Ivern,JUNGLE,3,0.6666666666666666
Aatrox,JarvanIV,JUNGLE,12,0.75
Aatrox,Jax,TOP,3,0.3333333333333333
Aatrox,Jayce,JUNGLE,3,0.3333333333333333
Aatrox,Jayce,TOP,7,0.14285714285714285
Aatrox,KSante,TOP,3,0.0
Aatrox,Kalista,TOP,1,0.0
Aatrox,Karma,SUPPORT,1,0.0
Aatrox,Karthus,JUNGLE,2,0.5
Aatrox,Kayle,TOP,1,0.0
Aatrox,Kayn,JUNGLE,5,1.0
Aatrox,Khazix,JUNGLE,2,0.5
Aatrox,Kindred,JUNGLE,2,0.0
Aatrox,Kled,TOP,1,1.0
Aatrox,LeeSin,JUNGLE,16,0.375
Aatrox,Lillia,JUNGLE,1,1.0
Aatrox,Locke,JUNGLE,1,1.0
Aatrox,Lulu,TOP,1,1.0
Aatrox,Malphite,JUNGLE,1,0.0
Aatrox,Malphite,TOP,5,0.4
Aatrox,MasterYi,JUNGLE,1,0.0
Aatrox,MonkeyKing,JUNGLE,6,0.5
Aatrox,Mordekaiser,TOP,1,0.0
Aatrox,Naafiri,JUNGLE,4,0.5
Aatrox,Nasus,TOP,2,0.0
Aatrox,Nidalee,JUNGLE,2,0.5
Aatrox,Nidalee,TOP,1,0.0
Aatrox,Nocturne,JUNGLE,6,0.6666666666666666
Aatrox,Nunu,JUNGLE,4,0.5
Aatrox,Olaf,TOP,5,0.2
Aatrox,Orianna,MIDDLE,1,0.0
Aatrox,Ornn,TOP,7,0.2857142857142857
Aatrox,Pantheon,JUNGLE,7,0.5714285714285714
Aatrox,Pantheon,TOP,3,1.0
Aatrox,Poppy,TOP,2,0.0
Aatrox,Qiyana,JUNGLE,2,0.5
Aatrox,Quinn,JUNGLE,2,0.5
Aatrox,RekSai,JUNGLE,3,0.6666666666666666
Aatrox,RekSai,TOP,1,0.0
Aatrox,Renekton,TOP,4,0.75
Aatrox,Rengar,JUNGLE,4,0.5
Aatrox,Rengar,TOP,1,0.0
Aatrox,Riven,TOP,3,0.3333333333333333
Aatrox,Rumble,TOP,4,0.5
Aatrox,Sett,TOP,1,1.0
Aatrox,Shaco,JUNGLE,2,0.5
Aatrox,Shen,JUNGLE,1,1.0
Aatrox,Shen,TOP,3,0.6666666666666666
Aatrox,Shyvana,JUNGLE,3,0.3333333333333333
Aatrox,Singed,TOP,4,0.75
Aatrox,Sion,TOP,6,0.3333333333333333
Aatrox,Skarner,JUNGLE,1,0.0
Aatrox,Swain,TOP,1,1.0
Aatrox,Sylas,JUNGLE,6,0.6666666666666666
Aatrox,Sylas,MIDDLE,1,1.0
Aatrox,Taliyah,JUNGLE,2,0.5
Aatrox,Talon,JUNGLE,8,0.625
Aatrox,Teemo,TOP,4,0.75
Aatrox,Trundle,TOP,1,1.0
Aatrox,Udyr,JUNGLE,6,0.8333333333333334
Aatrox,Urgot,TOP,2,0.0
Aatrox,Varus,TOP,1,1.0
Aatrox,Vayne,TOP,5,0.2
Aatrox,Vi,JUNGLE,4,0.25
Aatrox,Viego,JUNGLE,7,0.7142857142857143
Aatrox,Vladimir,TOP,1,1.0
Aatrox,Volibear,TOP,2,0.0
Aatrox,Xerath,MIDDLE,1,1.0
Aatrox,XinZhao,JUNGLE,1,0.0
Aatrox,Yasuo,TOP,1,0.0
Aatrox,Yone,TOP,3,0.6666666666666666
Aatrox,Yorick,TOP,3,1.0
Aatrox,Zaahen,JUNGLE,3,1.0
Aatrox,Zac,JUNGLE,1,0.0
Aatrox,Zac,TOP,1,0.0
Aatrox,Zilean,TOP,1,0.0
Ahri,Aatrox,TOP,1,1.0
Ahri,Akali,MIDDLE,15,0.4
Ahri,Akshan,MIDDLE,3,0.6666666666666666
Ahri,Ambessa,MIDDLE,1,0.0
Ahri,Anivia,MIDDLE,3,0.3333333333333333
Ahri,Annie,MIDDLE,17,0.5294117647058824
Ahri,AurelionSol,MIDDLE,3,1.0
Ahri,Aurora,MIDDLE,25,0.68
Ahri,Azir,MIDDLE,2,1.0
Ahri,Caitlyn,BOTTOM,1,0.0
Ahri,Camille,TOP,1,1.0
Ahri,Cassiopeia,MIDDLE,1,0.0
Ahri,Chogath,MIDDLE,2,0.5
Ahri,Corki,MIDDLE,2,1.0
Ahri,Darius,MIDDLE,2,0.5
Ahri,Diana,MIDDLE,1,1.0
Ahri,DrMundo,TOP,1,1.0
Ahri,Ekko,MIDDLE,12,0.25
Ahri,Ekko,TOP,1,1.0
Ahri,Ezreal,MIDDLE,2,1.0
Ahri,FiddleSticks,MIDDLE,1,0.0
Ahri,Fizz,MIDDLE,3,0.3333333333333333
Ahri,Galio,MIDDLE,10,0.7
Ahri,Gangplank,MIDDLE,2,1.0
Ahri,Gnar,TOP,2,0.5
Ahri,Gragas,MIDDLE,1,0.0
Ahri,Hwei,MIDDLE,5,1.0
Ahri,Hwei,TOP,1,0.0
Ahri,Irelia,MIDDLE,7,0.2857142857142857
Ahri,Ivern,MIDDLE,1,0.0
Ahri,Jayce,MIDDLE,7,0.8571428571428571
Ahri,KSante,MIDDLE,2,0.0
Ahri,Kaisa,MIDDLE,2,0.5
Ahri,Kalista,TOP,1,0.0
Ahri,Karma,SUPPORT,1,0.0
Ahri,Karma,TOP,1,0.0
Ahri,Karthus,BOTTOM,1,1.0
Ahri,Karthus,MIDDLE,1,0.0
Ahri,Kassadin,MIDDLE,1,1.0
Ahri,Katarina,BOTTOM,1,0.0
Ahri,Katarina,MIDDLE,8,0.5
Ahri,Kayle,MIDDLE,2,1.0
Ahri,KogMaw,MIDDLE,1,1.0
Ahri,Leblanc,MIDDLE,15,0.4666666666666667
Ahri,Lissandra,MIDDLE,8,0.375
Ahri,Locke,MIDDLE,6,0.3333333333333333
Ahri,Lucian,MIDDLE,2,0.5
Ahri,Lucian,TOP,1,0.0
Ahri,Lux,MIDDLE,3,1.0
Ahri,Malzahar,MIDDLE,1,1.0
Ahri,Mel,MIDDLE,18,0.6111111111111112
Ahri,MissFortune,BOTTOM,1,0.0
Ahri,Nasus,MIDDLE,1,1.0
Ahri,Neeko,MIDDLE,2,0.5
Ahri,Nidalee,MIDDLE,1,1.0
Ahri,Nunu,MIDDLE,1,1.0
Ahri,Orianna,MIDDLE,18,0.4444444444444444
Ahri,Ornn,MIDDLE,1,1.0
Ahri,Pantheon,MIDDLE,2,0.5
Ahri,Qiyana,MIDDLE,9,0.2222222222222222
Ahri,Quinn,BOTTOM,1,0.0
Ahri,Quinn,MIDDLE,3,0.0
Ahri,RekSai,TOP,1,1.0
Ahri,Renekton,MIDDLE,2,0.0
Ahri,Renekton,TOP,1,0.0
Ahri,Riven,MIDDLE,2,0.0
Ahri,Rumble,MIDDLE,1,0.0
Ahri,Ryze,MIDDLE,24,0.5
Ahri,Sejuani,MIDDLE,1,1.0
Ahri,Singed,MIDDLE,2,0.5
Ahri,Sion,MIDDLE,2,1.0
Ahri,Sion,TOP,2,0.0
Ahri,Soraka,SUPPORT,1,1.0
Ahri,Swain,MIDDLE,3,0.6666666666666666
Ahri,Sylas,MIDDLE,38,0.6578947368421053
Ahri,Syndra,BOTTOM,1,0.0
Ahri,Syndra,MIDDLE,10,0.2
Ahri,Taliyah,MIDDLE,10,0.5
Ahri,Talon,MIDDLE,2,0.5
Ahri,Tristana,MIDDLE,3,0.6666666666666666
Ahri,TwistedFate,MIDDLE,5,0.4
Ahri,Udyr,MIDDLE,1,1.0
Ahri,Varus,MIDDLE,1,0.0
Ahri,Veigar,MIDDLE,3,0.0
Ahri,Vex,MIDDLE,1,0.0
Ahri,Viego,MIDDLE,2,0.0
Ahri,Viktor,MIDDLE,11,0.5454545454545454
Ahri,Vladimir,BOTTOM,1,0.0
Ahri,Vladimir,MIDDLE,5,0.6
Ahri,Volibear,MIDDLE,1,1.0
Ahri,Xerath,MIDDLE,2,0.5
Ahri,Yasuo,MIDDLE,10,0.5
Ahri,Yasuo,TOP,1,0.0
Ahri,Yone,MIDDLE,17,0.4117647058823529
Ahri,Yorick,TOP,1,1.0
Ahri,Yunara,MIDDLE,1,1.0
Ahri,Zaahen,MIDDLE,1,1.0
Ahri,Zac,MIDDLE,1,0.0
Ahri,Zed,MIDDLE,7,0.2857142857142857
Ahri,Ziggs,MIDDLE,2,0.5
Ahri,Zilean,MIDDLE,3,0.6666666666666666
Ahri,Zoe,MIDDLE,2,0.0
Akali,Ahri,MIDDLE,15,0.6
Akali,Akshan,MIDDLE,6,0.16666666666666666
Akali,Ambessa,TOP,6,0.3333333333333333
Akali,Anivia,MIDDLE,7,0.5714285714285714
Akali,Anivia,TOP,2,0.5
Akali,Annie,MIDDLE,10,0.6
Akali,Aphelios,MIDDLE,1,0.0
Akali,AurelionSol,MIDDLE,6,0.3333333333333333
Akali,Aurora,MIDDLE,10,0.2
Akali,Aurora,TOP,1,1.0
Akali,Azir,MIDDLE,17,0.47058823529411764
Akali,Camille,TOP,3,0.3333333333333333
Akali,Cassiopeia,MIDDLE,4,0.25
Akali,Cassiopeia,TOP,1,1.0
Akali,Chogath,MIDDLE,1,1.0
Akali,Corki,MIDDLE,1,1.0
Akali,Darius,TOP,1,0.0
Akali,Diana,MIDDLE,1,1.0
Akali,Ekko,MIDDLE,7,0.42857142857142855
Akali,Ezreal,BOTTOM,1,1.0
Akali,Ezreal,MIDDLE,1,1.0
Akali,Fizz,MIDDLE,3,1.0
Akali,Galio,MIDDLE,9,0.4444444444444444
Akali,Galio,TOP,1,0.0
Akali,Gnar,TOP,3,1.0
Akali,Gragas,TOP,2,0.5
Akali,Gwen,MIDDLE,1,1.0
Akali,Gwen,TOP,1,0.0
Akali,Hwei,MIDDLE,6,0.16666666666666666
Akali,Irelia,MIDDLE,4,0.75
Akali,Irelia,TOP,1,0.0
Akali,Jax,TOP,3,0.3333333333333333
Akali,Jayce,MIDDLE,6,0.5
Akali,Jayce,TOP,10,0.6
Akali,Jhin,BOTTOM,1,1.0
Akali,KSante,TOP,4,0.5
Akali,Katarina,MIDDLE,8,0.5
Akali,Kayle,MIDDLE,3,0.3333333333333333
Akali,Kennen,MIDDLE,2,0.5
Akali,Kennen,TOP,2,0.0
Akali,Leblanc,MIDDLE,7,0.7142857142857143
Akali,Lissandra,MIDDLE,1,0.0
Akali,Locke,MIDDLE,18,0.7222222222222222
Akali,Lucian,MIDDLE,8,0.125
Akali,Lux,MIDDLE,1,0.0
Akali,Malphite,TOP,1,0.0
Akali,Malzahar,MIDDLE,1,1.0
Akali,Mel,MIDDLE,4,0.5
Akali,Mordekaiser,TOP,1,0.0
Akali,Morgana,MIDDLE,1,0.0
Akali,Nasus,MIDDLE,2,0.5
Akali,Neeko,MIDDLE,1,0.0
Akali,Nidalee,TOP,1,1.0
Akali,Olaf,MIDDLE,1,1.0
Akali,Olaf,TOP,1,0.0
Akali,Orianna,MIDDLE,28,0.6071428571428571
Akali,Ornn,TOP,2,1.0
Akali,Pantheon,TOP,1,1.0
Akali,Qiyana,MIDDLE,5,0.6
Akali,Quinn,MIDDLE,2,0.5
Akali,Quinn,TOP,2,0.5
Akali,Renekton,TOP,2,0.0
Akali,Rengar,TOP,1,0.0
Akali,Riven,MIDDLE,2,0.5
Akali,Riven,TOP,4,0.5
Akali,Rumble,TOP,2,0.5
Akali,Ryze,MIDDLE,17,0.5882352941176471
Akali,Sejuani,MIDDLE,1,0.0
Akali,Sejuani,TOP,1,0.0
Akali,Sett,TOP,1,1.0
Akali,Shen,MIDDLE,1,0.0
Akali,Shen,TOP,1,0.0
Akali,Singed,MIDDLE,1,1.0
Akali,Sion,TOP,2,0.0
Akali,Smolder,MIDDLE,1,1.0
Akali,Sylas,MIDDLE,12,0.75
Akali,Syndra,MIDDLE,20,0.75
Akali,Taliyah,MIDDLE,5,0.4
Akali,Talon,MIDDLE,1,1.0
Akali,Teemo,TOP,3,0.3333333333333333
Akali,Tristana,MIDDLE,2,1.0
Akali,TwistedFate,MIDDLE,18,0.5
Akali,Urgot,MIDDLE,1,1.0
Akali,Varus,TOP,1,1.0
Akali,Vayne,MIDDLE,1,1.0
Akali,Vayne,TOP,2,1.0
Akali,Veigar,MIDDLE,3,0.3333333333333333
Akali,Velkoz,MIDDLE,2,0.5
Akali,Vex,MIDDLE,3,0.6666666666666666
Akali,Viego,MIDDLE,3,1.0
Akali,Viktor,MIDDLE,9,0.7777777777777778
Akali,Viktor,TOP,1,1.0
Akali,Vladimir,MIDDLE,4,0.25
Akali,Yasuo,BOTTOM,1,1.0
Akali,Yasuo,MIDDLE,12,0.4166666666666667
Akali,Yasuo,TOP,5,0.6
Akali,Yone,MIDDLE,22,0.5454545454545454
Akali,Yone,TOP,4,0.75
Akali,Yorick,TOP,1,1.0
Akali,Zaahen,MIDDLE,1,1.0
Akali,Zac,TOP,1,0.0
Akali,Zed,MIDDLE,4,0.25
Akali,Zilean,MIDDLE,1,1.0
Akali,Zoe,MIDDLE,9,0.4444444444444444
Akali,Zyra,TOP,1,1.0
Akshan,Ahri,MIDDLE,3,0.3333333333333333
Akshan,Akali,MIDDLE,6,0.8333333333333334
Akshan,Ambessa,TOP,1,0.0
Akshan,Annie,TOP,1,0.0
Akshan,Ashe,BOTTOM,1,0.0
Akshan,AurelionSol,MIDDLE,2,0.5
Akshan,Aurora,MIDDLE,7,0.8571428571428571
Akshan,Azir,MIDDLE,3,0.6666666666666666
Akshan,Caitlyn,BOTTOM,1,1.0
Akshan,Caitlyn,MIDDLE,1,0.0
Akshan,Camille,TOP,1,0.0
Akshan,Cassiopeia,MIDDLE,2,0.5
Akshan,Cassiopeia,TOP,1,0.0
Akshan,Corki,MIDDLE,2,0.5
Akshan,Draven,BOTTOM,1,0.0
Akshan,Ekko,MIDDLE,1,1.0
Akshan,Fizz,MIDDLE,2,1.0
Akshan,Fizz,TOP,1,1.0
Akshan,Galio,MIDDLE,2,0.0
Akshan,Garen,MIDDLE,1,1.0
Akshan,Gragas,TOP,1,1.0
Akshan,Hwei,MIDDLE,5,0.2
Akshan,Irelia,MIDDLE,2,1.0
Akshan,Ivern,TOP,1,1.0
Akshan,Jax,TOP,1,0.0
Akshan,Jayce,MIDDLE,2,0.5
Akshan,Jayce,TOP,1,1.0
Akshan,KSante,TOP,1,0.0
Akshan,Karthus,BOTTOM,1,1.0
Akshan,Katarina,MIDDLE,2,0.5
Akshan,Leblanc,MIDDLE,2,0.0
Akshan,Lissandra,MIDDLE,3,0.3333333333333333
Akshan,Lissandra,TOP,1,0.0
Akshan,Lucian,MIDDLE,3,0.3333333333333333
Akshan,Malphite,MIDDLE,2,0.5
Akshan,Mel,MIDDLE,2,1.0
Akshan,Nasus,TOP,1,0.0
Akshan,Olaf,TOP,1,0.0
Akshan,Orianna,MIDDLE,1,1.0
Akshan,Pantheon,BOTTOM,1,1.0
Akshan,Qiyana,MIDDLE,4,0.5
Akshan,Qiyana,TOP,1,1.0
Akshan,Quinn,MIDDLE,2,0.5
Akshan,Rakan,SUPPORT,1,0.0
Akshan,Ryze,MIDDLE,4,0.5
Akshan,Sion,MIDDLE,1,1.0
Akshan,Sylas,MIDDLE,3,0.3333333333333333
Akshan,Syndra,BOTTOM,1,1.0
Akshan,Syndra,MIDDLE,6,0.16666666666666666
Akshan,Taliyah,MIDDLE,4,0.5
Akshan,Talon,MIDDLE,1,1.0
Akshan,Tristana,MIDDLE,1,0.0
Akshan,Varus,TOP,1,1.0
Akshan,Vayne,MIDDLE,1,1.0
Akshan,Veigar,BOTTOM,1,1.0
Akshan,Vex,MIDDLE,3,0.3333333333333333
Akshan,Viego,MIDDLE,1,0.0
Akshan,Viktor,MIDDLE,4,0.75
Akshan,Vladimir,MIDDLE,5,0.4
Akshan,Yasuo,MIDDLE,3,0.6666666666666666
Akshan,Yone,MIDDLE,3,0.3333333333333333
Akshan,Zed,MIDDLE,3,0.6666666666666666
Akshan,Zeri,BOTTOM,1,0.0
Akshan,Zoe,MIDDLE,2,0.0
Alistar,Amumu,SUPPORT,2,0.5
Alistar,Anivia,SUPPORT,6,0.3333333333333333
Alistar,Bard,SUPPORT,22,0.5
Alistar,Blitzcrank,SUPPORT,5,0.6
Alistar,Braum,SUPPORT,12,0.3333333333333333
Alistar,Camille,SUPPORT,12,0.5833333333333334
Alistar,Ekko,SUPPORT,1,0.0
Alistar,Elise,SUPPORT,2,0.0
Alistar,FiddleSticks,SUPPORT,1,0.0
Alistar,Fiora,SUPPORT,1,0.0
Alistar,Galio,SUPPORT,1,1.0
Alistar,Gnar,TOP,1,1.0
Alistar,Gragas,SUPPORT,1,1.0
Alistar,Heimerdinger,SUPPORT,1,1.0
Alistar,Ivern,SUPPORT,1,1.0
Alistar,Janna,SUPPORT,10,0.7
Alistar,Jax,SUPPORT,2,1.0
Alistar,Karma,SUPPORT,13,0.6923076923076923
Alistar,Leblanc,SUPPORT,2,0.5
Alistar,Leona,SUPPORT,18,0.7222222222222222
Alistar,Lissandra,SUPPORT,2,1.0
Alistar,Lulu,SUPPORT,16,0.5625
Alistar,Maokai,SUPPORT,4,0.25
Alistar,Milio,SUPPORT,8,0.875
Alistar,Morgana,SUPPORT,4,0.75
Alistar,Nami,SUPPORT,9,0.4444444444444444
Alistar,Nautilus,SUPPORT,42,0.7380952380952381
Alistar,Neeko,SUPPORT,18,0.6666666666666666
Alistar,Nidalee,SUPPORT,1,0.0
Alistar,Pantheon,SUPPORT,9,0.3333333333333333
Alistar,Poppy,SUPPORT,25,0.52
Alistar,Pyke,SUPPORT,14,0.35714285714285715
Alistar,Rakan,SUPPORT,16,0.4375
Alistar,Rell,SUPPORT,38,0.6578947368421053
Alistar,Renata,SUPPORT,7,0.8571428571428571
Alistar,Rengar,SUPPORT,2,1.0
Alistar,Riven,SUPPORT,1,0.0
Alistar,Rumble,SUPPORT,1,1.0
Alistar,Senna,SUPPORT,13,0.46153846153846156
Alistar,Seraphine,SUPPORT,3,0.3333333333333333
Alistar,Shen,SUPPORT,5,0.6
Alistar,Sona,SUPPORT,15,0.6
Alistar,Soraka,SUPPORT,5,0.6
Alistar,Swain,SUPPORT,2,0.0
Alistar,Sylas,SUPPORT,7,0.5714285714285714
Alistar,Taliyah,SUPPORT,3,0.3333333333333333
Alistar,Taric,SUPPORT,6,0.6666666666666666
Alistar,Teemo,SUPPORT,1,0.0
Alistar,Thresh,SUPPORT,22,0.4090909090909091
Alistar,TwistedFate,SUPPORT,1,1.0
Alistar,Velkoz,SUPPORT,3,0.6666666666666666
Alistar,Yuumi,SUPPORT,5,0.6
Alistar,Zilean,SUPPORT,5,0.6
Alistar,Zoe,SUPPORT,2,0.5
Ambessa,Aatrox,JUNGLE,14,0.35714285714285715
Ambessa,Aatrox,TOP,7,0.42857142857142855
Ambessa,Ahri,MIDDLE,1,1.0
Ambessa,Akali,TOP,6,0.6666666666666666
Ambessa,Akshan,TOP,1,1.0
Ambessa,Anivia,MIDDLE,3,0.6666666666666666
Ambessa,Anivia,TOP,7,0.42857142857142855
Ambessa,Annie,TOP,2,0.5
Ambessa,AurelionSol,TOP,1,0.0
Ambessa,Aurora,TOP,4,0.5
Ambessa,Azir,TOP,2,1.0
Ambessa,Belveth,JUNGLE,1,0.0
Ambessa,Brand,JUNGLE,1,0.0
Ambessa,Briar,JUNGLE,4,0.75
Ambessa,Camille,TOP,15,0.6
Ambessa,Chogath,JUNGLE,1,0.0
Ambessa,Chogath,TOP,4,0.25
Ambessa,Darius,TOP,3,0.6666666666666666
Ambessa,Diana,JUNGLE,2,0.5
Ambessa,DrMundo,JUNGLE,3,0.6666666666666666
Ambessa,DrMundo,TOP,5,0.2
Ambessa,Draven,JUNGLE,1,0.0
Ambessa,Draven,TOP,2,0.5
Ambessa,Ekko,JUNGLE,2,0.5
Ambessa,Ekko,MIDDLE,1,0.0
Ambessa,Elise,JUNGLE,1,0.0
Ambessa,Evelynn,JUNGLE,4,0.25
Ambessa,FiddleSticks,JUNGLE,6,0.5
Ambessa,FiddleSticks,TOP,1,0.0
Ambessa,Fiora,TOP,8,0.25
Ambessa,Fizz,JUNGLE,2,1.0
Ambessa,Gangplank,TOP,6,0.3333333333333333
Ambessa,Garen,JUNGLE,1,1.0
Ambessa,Garen,TOP,2,0.5
Ambessa,Gnar,TOP,12,0.5833333333333334
Ambessa,Gragas,JUNGLE,2,1.0
Ambessa,Gragas,TOP,7,0.42857142857142855
Ambessa,Graves,JUNGLE,16,0.4375
Ambessa,Gwen,TOP,3,1.0
Ambessa,Hecarim,JUNGLE,6,0.8333333333333334
Ambessa,Hwei,MIDDLE,1,0.0
Ambessa,Illaoi,TOP,1,1.0
Ambessa,Irelia,TOP,12,0.16666666666666666
Ambessa,Ivern,JUNGLE,5,0.8
Ambessa,JarvanIV,JUNGLE,27,0.4444444444444444
Ambessa,Jax,TOP,15,0.5333333333333333
Ambessa,Jayce,JUNGLE,8,0.625
Ambessa,Jayce,TOP,26,0.2692307692307692
Ambessa,Jhin,BOTTOM,2,0.5
Ambessa,KSante,MIDDLE,1,1.0
Ambessa,KSante,TOP,10,0.2
Ambessa,Kaisa,TOP,1,1.0
Ambessa,Karthus,JUNGLE,2,0.0
Ambessa,Katarina,MIDDLE,2,1.0
Ambessa,Katarina,TOP,2,0.0
Ambessa,Kayle,TOP,1,0.0
Ambessa,Kayn,JUNGLE,6,0.5
Ambessa,Kennen,TOP,1,0.0
Ambessa,Khazix,JUNGLE,5,0.6
Ambessa,Kindred,JUNGLE,7,0.7142857142857143
Ambessa,Kled,TOP,3,0.6666666666666666
Ambessa,Leblanc,MIDDLE,2,0.0
Ambessa,LeeSin,JUNGLE,36,0.25
Ambessa,Lillia,JUNGLE,4,0.5
Ambessa,Lillia,MIDDLE,1,0.0
Ambessa,Lissandra,MIDDLE,1,0.0
Ambessa,Lissandra,TOP,4,0.25
Ambessa,Lucian,TOP,1,1.0
Ambessa,Lulu,TOP,1,1.0
Ambessa,Malphite,TOP,3,0.3333333333333333
Ambessa,Maokai,TOP,1,1.0
Ambessa,MasterYi,JUNGLE,7,0.42857142857142855
Ambessa,Mel,MIDDLE,2,1.0
Ambessa,MonkeyKing,JUNGLE,4,0.25
Ambessa,Naafiri,JUNGLE,17,0.47058823529411764
Ambessa,Naafiri,TOP,1,1.0
Ambessa,Nasus,TOP,2,1.0
Ambessa,Neeko,MIDDLE,1,0.0
Ambessa,Nidalee,JUNGLE,10,0.5
Ambessa,Nocturne,JUNGLE,7,0.42857142857142855
Ambessa,Nocturne,TOP,1,1.0
Ambessa,Nunu,JUNGLE,4,0.25
Ambessa,Olaf,JUNGLE,1,1.0
Ambessa,Olaf,TOP,4,0.25
Ambessa,Orianna,MIDDLE,1,0.0
Ambessa,Ornn,TOP,3,0.0
Ambessa,Pantheon,JUNGLE,14,0.21428571428571427
Ambessa,Pantheon,TOP,3,1.0
Ambessa,Poppy,JUNGLE,4,0.75
Ambessa,Poppy,MIDDLE,1,0.0
Ambessa,Poppy,TOP,7,0.0
Ambessa,Qiyana,JUNGLE,8,0.375
Ambessa,Qiyana,MIDDLE,1,1.0
Ambessa,Qiyana,TOP,1,0.0
Ambessa,Quinn,TOP,3,0.6666666666666666
Ambessa,RekSai,JUNGLE,8,0.625
Ambessa,RekSai,TOP,2,0.5
Ambessa,Rell,TOP,1,1.0
Ambessa,Renekton,MIDDLE,1,0.0
Ambessa,Renekton,TOP,27,0.48148148148148145
Ambessa,Rengar,JUNGLE,6,0.3333333333333333
Ambessa,Rengar,TOP,2,0.0
Ambessa,Riven,TOP,4,0.25
Ambessa,Rumble,TOP,19,0.5789473684210527
Ambessa,Ryze,TOP,1,1.0
Ambessa,Sejuani,JUNGLE,3,0.6666666666666666
Ambessa,Sejuani,TOP,1,1.0
Ambessa,Sett,TOP,1,0.0
Ambessa,Shaco,JUNGLE,7,0.8571428571428571
Ambessa,Shen,TOP,6,0.6666666666666666
Ambessa,Shyvana,JUNGLE,1,1.0
Ambessa,Singed,TOP,3,0.3333333333333333
Ambessa,Sion,TOP,16,0.5
Ambessa,Skarner,JUNGLE,5,0.2
Ambessa,Skarner,TOP,2,0.5
Ambessa,Sylas,JUNGLE,9,0.7777777777777778
Ambessa,Sylas,TOP,4,0.75
Ambessa,Syndra,TOP,1,1.0
Ambessa,Taliyah,JUNGLE,7,0.7142857142857143
Ambessa,Taliyah,MIDDLE,1,1.0
Ambessa,Talon,JUNGLE,12,0.3333333333333333
Ambessa,Teemo,TOP,2,0.5
Ambessa,Tryndamere,TOP,1,0.0
Ambessa,TwistedFate,TOP,1,1.0
Ambessa,Udyr,JUNGLE,1,1.0
Ambessa,Udyr,TOP,1,0.0
Ambessa,Urgot,MIDDLE,1,0.0
Ambessa,Urgot,TOP,2,0.5
Ambessa,Varus,TOP,6,0.5
Ambessa,Vayne,JUNGLE,5,0.2
Ambessa,Vayne,MIDDLE,1,1.0
Ambessa,Vayne,TOP,5,0.2
Ambessa,Veigar,MIDDLE,1,0.0
Ambessa,Vi,JUNGLE,11,0.7272727272727273
Ambessa,Vi,TOP,1,0.0
Ambessa,Viego,JUNGLE,12,0.75
Ambessa,Warwick,TOP,1,0.0
Ambessa,Xerath,MIDDLE,1,0.0
Ambessa,XinZhao,JUNGLE,9,0.3333333333333333
Ambessa,Yasuo,MIDDLE,1,0.0
Ambessa,Yasuo,TOP,2,0.5
Ambessa,Yone,MIDDLE,2,0.0
Ambessa,Yone,TOP,7,0.42857142857142855
Ambessa,Yorick,TOP,2,0.5
Ambessa,Zaahen,JUNGLE,4,0.5
Ambessa,Zaahen,TOP,7,0.42857142857142855
Ambessa,Zac,TOP,1,1.0
Ambessa,Zed,JUNGLE,1,0.0
Ambessa,Zed,MIDDLE,2,0.5
Ambessa,Zed,TOP,1,1.0
Ambessa,Zilean,TOP,2,0.0
Ambessa,Zyra,JUNGLE,4,0.75
Amumu,Alistar,SUPPORT,2,0.5
Amumu,Bard,SUPPORT,1,0.0
Amumu,Blitzcrank,SUPPORT,1,1.0
Amumu,Braum,SUPPORT,1,0.0
Amumu,DrMundo,JUNGLE,1,0.0
Amumu,Elise,SUPPORT,1,1.0
Amumu,FiddleSticks,SUPPORT,1,1.0
Amumu,Gnar,TOP,1,0.0
Amumu,Ivern,JUNGLE,1,0.0
Amumu,Karma,SUPPORT,1,0.0
Amumu,Kayn,JUNGLE,1,0.0
Amumu,Kled,TOP,1,1.0
Amumu,Leblanc,SUPPORT,2,0.5
Amumu,LeeSin,JUNGLE,2,0.0
Amumu,Locke,JUNGLE,1,1.0
Amumu,Lulu,SUPPORT,4,0.5
Amumu,Milio,SUPPORT,1,1.0
Amumu,MonkeyKing,JUNGLE,2,0.5
Amumu,Nautilus,SUPPORT,1,1.0
Amumu,Poppy,SUPPORT,1,0.0
Amumu,Rammus,JUNGLE,1,1.0
Amumu,Rengar,JUNGLE,1,1.0
Amumu,Senna,SUPPORT,1,0.0
Amumu,Seraphine,SUPPORT,1,0.0
Amumu,Shyvana,JUNGLE,1,1.0
Amumu,Soraka,SUPPORT,1,0.0
Amumu,Sylas,SUPPORT,2,0.0
Amumu,TahmKench,SUPPORT,1,1.0
Amumu,Thresh,SUPPORT,2,0.5
Amumu,Trundle,JUNGLE,1,0.0
Amumu,Udyr,JUNGLE,1,0.0
Amumu,Viego,JUNGLE,2,1.0
Anivia,Aatrox,TOP,5,0.8
Anivia,Ahri,MIDDLE,3,0.6666666666666666
Anivia,Akali,MIDDLE,7,0.42857142857142855
Anivia,Akali,TOP,2,0.5
Anivia,Alistar,SUPPORT,6,0.6666666666666666
Anivia,Ambessa,MIDDLE,3,0.3333333333333333
Anivia,Ambessa,TOP,7,0.5714285714285714
Anivia,Annie,MIDDLE,6,0.3333333333333333
Anivia,Annie,TOP,1,1.0
Anivia,Aphelios,TOP,1,0.0
Anivia,Ashe,BOTTOM,3,0.3333333333333333
Anivia,Ashe,SUPPORT,1,0.0
Anivia,AurelionSol,MIDDLE,3,0.3333333333333333
Anivia,Aurora,MIDDLE,12,0.75
Anivia,Aurora,TOP,3,0.3333333333333333
Anivia,Azir,MIDDLE,4,0.5
Anivia,Bard,SUPPORT,25,0.36
Anivia,Blitzcrank,SUPPORT,5,0.4
Anivia,Braum,SUPPORT,2,1.0
Anivia,Caitlyn,BOTTOM,2,0.5
Anivia,Camille,MIDDLE,1,1.0
Anivia,Camille,SUPPORT,4,0.25
Anivia,Camille,TOP,3,0.3333333333333333
Anivia,Cassiopeia,MIDDLE,3,0.0
Anivia,Cassiopeia,TOP,1,1.0
Anivia,Chogath,MIDDLE,1,0.0
Anivia,Chogath,SUPPORT,1,0.0
Anivia,Corki,MIDDLE,1,0.0
Anivia,Corki,TOP,2,1.0
Anivia,Darius,TOP,1,0.0
Anivia,DrMundo,TOP,3,0.3333333333333333
Anivia,Ekko,MIDDLE,3,0.6666666666666666
Anivia,Ekko,TOP,1,0.0
Anivia,Elise,SUPPORT,4,0.75
Anivia,Ezreal,BOTTOM,3,0.0
Anivia,Ezreal,MIDDLE,1,0.0
Anivia,Ezreal,SUPPORT,1,1.0
Anivia,FiddleSticks,MIDDLE,1,0.0
Anivia,FiddleSticks,TOP,1,0.0
Anivia,Fiora,MIDDLE,1,0.0
Anivia,Fiora,TOP,3,0.3333333333333333
Anivia,Gangplank,TOP,1,0.0
Anivia,Garen,MIDDLE,1,1.0
Anivia,Garen,TOP,1,0.0
Anivia,Gnar,TOP,10,0.5
Anivia,Gragas,MIDDLE,2,0.5
Anivia,Gragas,TOP,4,1.0
Anivia,Hwei,BOTTOM,1,1.0
Anivia,Hwei,MIDDLE,6,0.6666666666666666
Anivia,Hwei,SUPPORT,1,1.0
Anivia,Hwei,TOP,1,1.0
Anivia,Illaoi,TOP,1,0.0
Anivia,Irelia,MIDDLE,2,0.5
Anivia,Irelia,TOP,10,0.8
Anivia,Janna,SUPPORT,2,0.5
Anivia,Jax,TOP,7,0.42857142857142855
Anivia,Jayce,MIDDLE,2,0.5
Anivia,Jayce,TOP,20,0.8
Anivia,Jinx,BOTTOM,1,0.0
Anivia,KSante,MIDDLE,1,0.0
Anivia,KSante,TOP,2,1.0
Anivia,Kaisa,BOTTOM,1,0.0
Anivia,Kalista,BOTTOM,1,0.0
Anivia,Karma,SUPPORT,30,0.4666666666666667
Anivia,Karthus,SUPPORT,1,0.0
Anivia,Kassadin,MIDDLE,3,1.0
Anivia,Katarina,MIDDLE,4,0.25
Anivia,Kayle,MIDDLE,1,0.0
Anivia,Kayle,TOP,1,1.0
Anivia,Kennen,TOP,5,0.4
Anivia,KogMaw,BOTTOM,1,0.0
Anivia,KogMaw,MIDDLE,1,1.0
Anivia,Leblanc,MIDDLE,5,0.6
Anivia,Leblanc,SUPPORT,1,0.0
Anivia,LeeSin,SUPPORT,1,1.0
Anivia,Leona,SUPPORT,5,0.6
Anivia,Lissandra,MIDDLE,3,0.6666666666666666
Anivia,Lissandra,TOP,2,1.0
Anivia,Locke,MIDDLE,3,0.6666666666666666
Anivia,Lucian,BOTTOM,1,0.0
Anivia,Lucian,MIDDLE,2,0.5
Anivia,Lulu,SUPPORT,16,0.3125
Anivia,Lux,BOTTOM,1,1.0
Anivia,Lux,MIDDLE,3,0.6666666666666666
Anivia,Malphite,TOP,1,0.0
Anivia,Malzahar,MIDDLE,1,1.0
Anivia,Maokai,SUPPORT,1,0.0
Anivia,MasterYi,TOP,1,0.0
Anivia,Mel,BOTTOM,2,0.0
Anivia,Mel,MIDDLE,2,0.5
Anivia,Mel,SUPPORT,2,0.5
Anivia,Milio,SUPPORT,3,0.6666666666666666
Anivia,Morgana,SUPPORT,2,0.5
Anivia,Naafiri,MIDDLE,3,0.6666666666666666
Anivia,Naafiri,TOP,1,1.0
Anivia,Nami,SUPPORT,10,0.7
Anivia,Nasus,MIDDLE,2,0.0
Anivia,Nasus,TOP,2,1.0
Anivia,Nautilus,SUPPORT,8,0.75
Anivia,Neeko,SUPPORT,4,0.0
Anivia,Nidalee,SUPPORT,1,1.0
Anivia,Orianna,MIDDLE,4,0.5
Anivia,Pantheon,MIDDLE,2,0.5
Anivia,Pantheon,SUPPORT,3,0.0
Anivia,Pantheon,TOP,3,0.0
Anivia,Poppy,SUPPORT,2,0.5
Anivia,Pyke,SUPPORT,14,0.42857142857142855
Anivia,Qiyana,MIDDLE,5,0.6
Anivia,Quinn,MIDDLE,2,0.5
Anivia,Quinn,TOP,1,0.0
Anivia,Rakan,SUPPORT,4,0.5
Anivia,Rammus,SUPPORT,1,0.0
Anivia,Rell,SUPPORT,13,0.23076923076923078
Anivia,Rell,TOP,2,0.0
Anivia,Renata,SUPPORT,1,1.0
Anivia,Renekton,TOP,5,0.4
Anivia,Rengar,TOP,2,0.5
Anivia,Riven,TOP,5,0.8
Anivia,Rumble,TOP,9,0.3333333333333333
Anivia,Ryze,MIDDLE,40,0.6
Anivia,Sejuani,MIDDLE,2,0.0
Anivia,Senna,SUPPORT,3,0.6666666666666666
Anivia,Seraphine,SUPPORT,15,0.4
Anivia,Sett,TOP,1,1.0
Anivia,Shen,MIDDLE,1,0.0
Anivia,Shen,TOP,3,0.6666666666666666
Anivia,Singed,TOP,1,1.0
Anivia,Sion,MIDDLE,1,0.0
Anivia,Sion,TOP,11,0.6363636363636364
Anivia,Sona,SUPPORT,7,0.14285714285714285
Anivia,Soraka,SUPPORT,5,0.0
Anivia,Swain,MIDDLE,1,1.0
Anivia,Swain,SUPPORT,1,0.0
Anivia,Sylas,MIDDLE,6,0.5
Anivia,Sylas,SUPPORT,1,1.0
Anivia,Sylas,TOP,1,0.0
Anivia,Syndra,BOTTOM,1,1.0
Anivia,Syndra,MIDDLE,10,0.5
Anivia,Syndra,TOP,1,1.0
Anivia,Talon,MIDDLE,2,0.0
Anivia,Taric,SUPPORT,3,0.6666666666666666
Anivia,Teemo,TOP,3,0.0
Anivia,Thresh,MIDDLE,1,1.0
Anivia,Thresh,SUPPORT,5,0.8
Anivia,Tristana,MIDDLE,2,0.5
Anivia,Tryndamere,MIDDLE,1,0.0
Anivia,TwistedFate,MIDDLE,7,0.42857142857142855
Anivia,Twitch,BOTTOM,1,1.0
Anivia,Udyr,TOP,2,0.5
Anivia,Urgot,TOP,2,1.0
Anivia,Varus,BOTTOM,1,1.0
Anivia,Varus,MIDDLE,1,0.0
Anivia,Varus,TOP,12,0.6666666666666666
Anivia,Vayne,BOTTOM,1,1.0
Anivia,Vayne,TOP,4,0.0
Anivia,Velkoz,TOP,1,0.0
Anivia,Vex,MIDDLE,1,0.0
Anivia,Viego,MIDDLE,1,0.0
Anivia,Viktor,MIDDLE,6,0.5
Anivia,Viktor,TOP,1,0.0
Anivia,Vladimir,MIDDLE,3,1.0
Anivia,Vladimir,TOP,2,1.0
Anivia,Warwick,TOP,1,0.0
Anivia,Xayah,BOTTOM,1,1.0
Anivia,Xerath,TOP,1,0.0
Anivia,Yasuo,BOTTOM,2,0.5
Anivia,Yasuo,MIDDLE,9,0.4444444444444444
Anivia,Yasuo,TOP,2,0.0
Anivia,Yone,MIDDLE,9,0.2222222222222222
Anivia,Yone,TOP,3,0.3333333333333333
Anivia,Yorick,TOP,1,1.0
Anivia,Yunara,BOTTOM,2,0.5
Anivia,Yuumi,SUPPORT,2,0.0
Anivia,Zed,MIDDLE,7,0.14285714285714285
Anivia,Zeri,BOTTOM,1,1.0
Anivia,Zeri,MIDDLE,1,1.0
Anivia,Zilean,MIDDLE,1,1.0
Anivia,Zilean,SUPPORT,2,0.5
Anivia,Zoe,MIDDLE,5,0.4
Anivia,Zoe,SUPPORT,2,0.5
Anivia,Zyra,SUPPORT,1,1.0
Annie,Aatrox,MIDDLE,1,0.0
Annie,Ahri,MIDDLE,17,0.47058823529411764
Annie,Akali,MIDDLE,10,0.4
Annie,Akshan,TOP,1,1.0
Annie,Ambessa,TOP,2,0.5
Annie,Anivia,MIDDLE,6,0.6666666666666666
Annie,Anivia,TOP,1,0.0
Annie,Aurora,MIDDLE,13,0.6153846153846154
Annie,Aurora,TOP,1,0.0
Annie,Azir,MIDDLE,6,0.5
Annie,Bard,SUPPORT,1,1.0
Annie,Camille,SUPPORT,1,1.0
Annie,Cassiopeia,MIDDLE,1,1.0
Annie,Chogath,MIDDLE,1,1.0
Annie,Corki,MIDDLE,2,1.0
Annie,Diana,MIDDLE,1,1.0
Annie,Ekko,MIDDLE,3,0.0
Annie,Ezreal,MIDDLE,3,0.6666666666666666
Annie,Fizz,MIDDLE,2,1.0
Annie,Galio,MIDDLE,13,0.3076923076923077
Annie,Galio,SUPPORT,1,1.0
Annie,Garen,MIDDLE,1,0.0
Annie,Gnar,TOP,1,0.0
Annie,Hwei,MIDDLE,8,0.625
Annie,Janna,SUPPORT,1,0.0
Annie,Jayce,MIDDLE,2,0.5
Annie,Jayce,TOP,2,0.0
Annie,Kassadin,MIDDLE,2,1.0
Annie,Katarina,MIDDLE,8,0.625
Annie,KogMaw,MIDDLE,1,0.0
Annie,Leblanc,MIDDLE,5,0.4
Annie,Leona,SUPPORT,1,0.0
Annie,Lissandra,MIDDLE,2,0.5
Annie,Locke,MIDDLE,1,1.0
Annie,Lux,SUPPORT,1,1.0
Annie,Malphite,MIDDLE,1,0.0
Annie,Malzahar,MIDDLE,1,1.0
Annie,MasterYi,MIDDLE,1,0.0
Annie,Mel,MIDDLE,2,0.5
Annie,Naafiri,MIDDLE,1,0.0
Annie,Nami,SUPPORT,4,0.5
Annie,Neeko,SUPPORT,1,0.0
Annie,Orianna,MIDDLE,7,0.42857142857142855
Annie,Pantheon,MIDDLE,1,1.0
Annie,Qiyana,MIDDLE,3,0.6666666666666666
Annie,Quinn,MIDDLE,1,0.0
Annie,Quinn,TOP,1,1.0
Annie,Renekton,TOP,1,1.0
Annie,Riven,JUNGLE,1,0.0
Annie,Riven,MIDDLE,1,1.0
Annie,Rumble,TOP,1,0.0
Annie,Ryze,MIDDLE,9,0.6666666666666666
Annie,Ryze,TOP,1,0.0
Annie,Shaco,SUPPORT,1,0.0
Annie,Singed,TOP,1,1.0
Annie,Sion,MIDDLE,1,0.0
Annie,Sona,SUPPORT,1,0.0
Annie,Soraka,SUPPORT,1,0.0
Annie,Swain,MIDDLE,1,0.0
Annie,Sylas,MIDDLE,2,0.5
Annie,Syndra,MIDDLE,5,0.4
Annie,Taliyah,MIDDLE,2,0.5
Annie,Taliyah,SUPPORT,1,1.0
Annie,Teemo,TOP,2,1.0
Annie,Tristana,MIDDLE,4,0.75
Annie,TwistedFate,MIDDLE,3,0.3333333333333333
Annie,Urgot,TOP,1,0.0
Annie,Veigar,MIDDLE,1,1.0
Annie,Vex,MIDDLE,1,0.0
Annie,Viego,MIDDLE,1,1.0
Annie,Viktor,MIDDLE,5,0.2
Annie,Vladimir,MIDDLE,3,0.6666666666666666
Annie,Xerath,MIDDLE,2,1.0
Annie,Yasuo,MIDDLE,3,0.3333333333333333
Annie,Yone,MIDDLE,4,0.5
Annie,Yuumi,SUPPORT,2,1.0
Annie,Zed,MIDDLE,3,1.0
Annie,Zoe,MIDDLE,7,0.42857142857142855
Aphelios,Akali,MIDDLE,1,1.0
Aphelios,Anivia,TOP,1,1.0
Aphelios,Ashe,BOTTOM,10,0.4
Aphelios,AurelionSol,BOTTOM,2,0.5
Aphelios,Brand,BOTTOM,1,1.0
Aphelios,Caitlyn,BOTTOM,10,0.6
Aphelios,Cassiopeia,BOTTOM,1,1.0
Aphelios,Draven,BOTTOM,1,1.0
Aphelios,Ezreal,BOTTOM,11,0.45454545454545453
Aphelios,Gwen,BOTTOM,1,0.0
Aphelios,Hwei,BOTTOM,2,0.5
Aphelios,Jhin,BOTTOM,16,0.4375
Aphelios,Jinx,BOTTOM,26,0.3076923076923077
Aphelios,Kaisa,BOTTOM,12,0.5
Aphelios,Kalista,BOTTOM,3,0.0
Aphelios,Karthus,BOTTOM,3,0.0
Aphelios,Katarina,BOTTOM,4,0.0
Aphelios,KogMaw,BOTTOM,1,1.0
Aphelios,LeeSin,BOTTOM,1,1.0
Aphelios,Lucian,BOTTOM,11,0.36363636363636365
Aphelios,Lux,BOTTOM,1,1.0
Aphelios,Nunu,MIDDLE,1,1.0
Aphelios,Pantheon,BOTTOM,1,0.0
Aphelios,Samira,BOTTOM,1,1.0
Aphelios,Sivir,BOTTOM,1,1.0
Aphelios,Smolder,BOTTOM,3,0.6666666666666666
Aphelios,Swain,BOTTOM,2,0.0
Aphelios,Syndra,BOTTOM,3,0.6666666666666666
Aphelios,Taliyah,BOTTOM,1,0.0
Aphelios,Tristana,BOTTOM,7,0.14285714285714285
Aphelios,TwistedFate,BOTTOM,1,0.0
Aphelios,Twitch,BOTTOM,3,1.0
Aphelios,Udyr,BOTTOM,1,1.0
Aphelios,Varus,BOTTOM,6,0.6666666666666666
Aphelios,Varus,TOP,1,1.0
Aphelios,Vayne,BOTTOM,1,1.0
Aphelios,Vayne,TOP,1,0.0
Aphelios,Veigar,BOTTOM,1,0.0
Aphelios,Viktor,BOTTOM,4,0.0
Aphelios,Vladimir,BOTTOM,1,0.0
Aphelios,Xayah,BOTTOM,5,0.8
Aphelios,Yasuo,BOTTOM,3,0.3333333333333333
Aphelios,Yone,BOTTOM,2,0.0
Aphelios,Yunara,BOTTOM,40,0.575
Aphelios,Zeri,BOTTOM,6,0.5
Aphelios,Ziggs,BOTTOM,4,0.25
Ashe,Akshan,BOTTOM,1,1.0
Ashe,Anivia,BOTTOM,3,0.6666666666666666
Ashe,Anivia,SUPPORT,1,1.0
Ashe,Aphelios,BOTTOM,10,0.6
Ashe,AurelionSol,BOTTOM,6,0.3333333333333333
Ashe,Aurora,TOP,1,1.0
Ashe,Caitlyn,BOTTOM,35,0.5714285714285714
Ashe,Cassiopeia,BOTTOM,1,1.0
Ashe,Chogath,BOTTOM,1,1.0
Ashe,Corki,BOTTOM,13,0.7692307692307693
Ashe,Draven,BOTTOM,5,0.6
Ashe,Ezreal,BOTTOM,56,0.5714285714285714
Ashe,Garen,BOTTOM,1,1.0
Ashe,Hwei,BOTTOM,3,0.6666666666666666
Ashe,Irelia,BOTTOM,2,0.5
Ashe,JarvanIV,BOTTOM,1,1.0
Ashe,Jhin,BOTTOM,37,0.5945945945945946
Ashe,Jinx,BOTTOM,9,0.4444444444444444
Ashe,Kaisa,BOTTOM,4,0.5
Ashe,Kalista,BOTTOM,9,0.8888888888888888
Ashe,Karthus,BOTTOM,3,0.6666666666666666
Ashe,Katarina,BOTTOM,1,0.0
Ashe,Kayle,BOTTOM,1,0.0
Ashe,KogMaw,BOTTOM,6,0.6666666666666666
Ashe,LeeSin,BOTTOM,1,1.0
Ashe,Leona,SUPPORT,1,0.0
Ashe,Lucian,BOTTOM,18,0.5
Ashe,Lux,BOTTOM,3,0.6666666666666666
Ashe,Malzahar,BOTTOM,1,1.0
Ashe,Mel,BOTTOM,11,0.5454545454545454
Ashe,Milio,SUPPORT,1,0.0
Ashe,MissFortune,BOTTOM,7,0.2857142857142857
Ashe,Nami,SUPPORT,2,0.0
Ashe,Nilah,BOTTOM,1,1.0
Ashe,Renata,SUPPORT,1,0.0
Ashe,Senna,BOTTOM,7,0.2857142857142857
Ashe,Senna,SUPPORT,1,1.0
Ashe,Seraphine,BOTTOM,5,0.0
Ashe,Sion,BOTTOM,2,0.0
Ashe,Sivir,BOTTOM,2,1.0
Ashe,Smolder,BOTTOM,3,1.0
Ashe,Swain,BOTTOM,4,0.5
Ashe,Sylas,SUPPORT,1,1.0
Ashe,Syndra,BOTTOM,1,1.0
Ashe,Tristana,BOTTOM,11,0.2727272727272727
Ashe,Twitch,BOTTOM,2,1.0
Ashe,Varus,BOTTOM,8,0.625
Ashe,Vayne,BOTTOM,2,0.5
Ashe,Veigar,BOTTOM,2,0.5
Ashe,Velkoz,BOTTOM,3,0.6666666666666666
Ashe,Velkoz,SUPPORT,1,0.0
Ashe,Xayah,BOTTOM,1,1.0
Ashe,Xerath,BOTTOM,3,1.0
Ashe,Yasuo,BOTTOM,2,0.5
Ashe,Yunara,BOTTOM,30,0.5333333333333333
Ashe,Yuumi,SUPPORT,1,0.0
Ashe,Zeri,BOTTOM,1,1.0
Ashe,Ziggs,BOTTOM,7,0.7142857142857143
Ashe,Zoe,BOTTOM,2,0.5
Ashe,Zoe,SUPPORT,1,1.0
Ashe,Zyra,BOTTOM,2,0.0
AurelionSol,Ahri,MIDDLE,3,0.0
AurelionSol,Akali,MIDDLE,6,0.6666666666666666
AurelionSol,Akshan,MIDDLE,2,0.5
AurelionSol,Ambessa,TOP,1,1.0
AurelionSol,Anivia,MIDDLE,3,0.6666666666666666
AurelionSol,Aphelios,BOTTOM,2,0.5
AurelionSol,Ashe,BOTTOM,6,0.6666666666666666
AurelionSol,Aurora,MIDDLE,5,0.6
AurelionSol,Azir,MIDDLE,2,1.0
AurelionSol,Brand,MIDDLE,1,0.0
AurelionSol,Caitlyn,BOTTOM,7,0.42857142857142855
AurelionSol,Cassiopeia,MIDDLE,1,1.0
AurelionSol,Corki,BOTTOM,2,0.5
AurelionSol,Draven,BOTTOM,2,0.5
AurelionSol,Ekko,MIDDLE,1,0.0
AurelionSol,Ezreal,BOTTOM,2,1.0
AurelionSol,Fizz,MIDDLE,1,1.0
AurelionSol,Galio,MIDDLE,2,0.5
AurelionSol,Hwei,MIDDLE,1,1.0
AurelionSol,Irelia,MIDDLE,1,1.0
AurelionSol,Jayce,TOP,1,1.0
AurelionSol,Jhin,BOTTOM,2,0.0
AurelionSol,Jinx,BOTTOM,2,0.5
AurelionSol,Kaisa,BOTTOM,4,0.5
AurelionSol,Kalista,BOTTOM,2,1.0
AurelionSol,Karthus,BOTTOM,1,0.0
AurelionSol,Katarina,BOTTOM,2,0.0
AurelionSol,Leblanc,MIDDLE,3,0.3333333333333333
AurelionSol,Locke,MIDDLE,1,1.0
AurelionSol,Mel,BOTTOM,1,1.0
AurelionSol,Mel,MIDDLE,2,0.5
AurelionSol,Milio,SUPPORT,1,0.0
AurelionSol,Naafiri,BOTTOM,1,0.0
AurelionSol,Orianna,MIDDLE,7,0.14285714285714285
AurelionSol,Pantheon,MIDDLE,1,0.0
AurelionSol,Qiyana,MIDDLE,2,0.0
AurelionSol,Ryze,MIDDLE,3,0.6666666666666666
AurelionSol,Senna,BOTTOM,2,0.5
AurelionSol,Seraphine,BOTTOM,3,0.3333333333333333
AurelionSol,Singed,BOTTOM,2,0.0
AurelionSol,Sion,TOP,1,1.0
AurelionSol,Sivir,BOTTOM,1,0.0
AurelionSol,Smolder,BOTTOM,2,0.5
AurelionSol,Soraka,BOTTOM,1,0.0
AurelionSol,Swain,BOTTOM,1,0.0
AurelionSol,Swain,TOP,1,1.0
AurelionSol,Sylas,MIDDLE,2,0.5
AurelionSol,Syndra,MIDDLE,2,0.5
AurelionSol,Taliyah,MIDDLE,2,0.5
AurelionSol,Talon,MIDDLE,1,0.0
AurelionSol,Teemo,TOP,1,1.0
AurelionSol,Tristana,BOTTOM,4,0.25
AurelionSol,TwistedFate,BOTTOM,2,0.5
AurelionSol,TwistedFate,MIDDLE,1,0.0
AurelionSol,Varus,BOTTOM,1,1.0
AurelionSol,Viktor,MIDDLE,1,0.0
AurelionSol,Vladimir,MIDDLE,2,1.0
AurelionSol,Xayah,BOTTOM,2,0.5
AurelionSol,Yasuo,BOTTOM,3,0.3333333333333333
AurelionSol,Yasuo,MIDDLE,1,1.0
AurelionSol,Yone,MIDDLE,2,0.5
AurelionSol,Yone,TOP,1,0.0
AurelionSol,Yunara,BOTTOM,5,0.4
AurelionSol,Zed,MIDDLE,2,0.0
AurelionSol,Zeri,BOTTOM,4,0.25
AurelionSol,Zilean,MIDDLE,1,1.0
AurelionSol,Zoe,MIDDLE,2,1.0
AurelionSol,Zyra,BOTTOM,1,1.0
Aurora,Aatrox,MIDDLE,1,0.0
Aurora,Ahri,MIDDLE,25,0.32
Aurora,Akali,MIDDLE,10,0.8
Aurora,Akali,TOP,1,0.0
Aurora,Akshan,MIDDLE,7,0.14285714285714285
Aurora,Ambessa,TOP,4,0.5
Aurora,Anivia,MIDDLE,12,0.25
Aurora,Anivia,TOP,3,0.6666666666666666
Aurora,Annie,MIDDLE,13,0.38461538461538464
Aurora,Annie,TOP,1,1.0
Aurora,Ashe,TOP,1,0.0
Aurora,AurelionSol,MIDDLE,5,0.4
Aurora,Azir,MIDDLE,3,0.6666666666666666
Aurora,Brand,MIDDLE,1,1.0
Aurora,Caitlyn,BOTTOM,1,0.0
Aurora,Camille,TOP,1,1.0
Aurora,Cassiopeia,MIDDLE,3,0.3333333333333333
Aurora,Chogath,MIDDLE,1,1.0
Aurora,Corki,MIDDLE,2,0.0
Aurora,Corki,TOP,1,1.0
Aurora,Darius,TOP,3,1.0
Aurora,Diana,MIDDLE,1,1.0
Aurora,DrMundo,TOP,1,0.0
Aurora,Draven,MIDDLE,1,1.0
Aurora,Ekko,BOTTOM,1,0.0
Aurora,Ekko,MIDDLE,5,0.2
Aurora,Ekko,TOP,1,1.0
Aurora,Ezreal,BOTTOM,1,0.0
Aurora,FiddleSticks,MIDDLE,1,1.0
Aurora,Fiora,TOP,1,1.0
Aurora,Fizz,MIDDLE,3,0.3333333333333333
Aurora,Galio,MIDDLE,10,0.4
Aurora,Gangplank,TOP,3,0.6666666666666666
Aurora,Garen,MIDDLE,1,1.0
Aurora,Garen,TOP,1,0.0
Aurora,Gnar,MIDDLE,1,1.0
Aurora,Gnar,TOP,3,0.6666666666666666
Aurora,Gragas,TOP,4,0.5
Aurora,Gwen,MIDDLE,1,1.0
Aurora,Hwei,MIDDLE,8,0.75
Aurora,Illaoi,TOP,1,1.0
Aurora,Irelia,MIDDLE,2,0.5
Aurora,Irelia,TOP,9,0.4444444444444444
Aurora,Ivern,MIDDLE,1,0.0
Aurora,Jax,TOP,1,1.0
Aurora,Jayce,MIDDLE,3,0.3333333333333333
Aurora,Jayce,TOP,9,0.4444444444444444
Aurora,KSante,TOP,3,1.0
Aurora,Kaisa,TOP,1,1.0
Aurora,Karma,TOP,1,1.0
Aurora,Kassadin,MIDDLE,2,0.0
Aurora,Kassadin,TOP,1,0.0
Aurora,Katarina,MIDDLE,7,0.7142857142857143
Aurora,Kayle,MIDDLE,4,0.5
Aurora,Kennen,TOP,3,0.6666666666666666
Aurora,Leblanc,MIDDLE,15,0.8666666666666667
Aurora,LeeSin,TOP,1,0.0
Aurora,Lissandra,MIDDLE,6,1.0
Aurora,Locke,MIDDLE,6,0.0
Aurora,Lucian,MIDDLE,4,0.5
Aurora,Lucian,TOP,1,0.0
Aurora,Lux,MIDDLE,5,0.6
Aurora,Lux,TOP,1,1.0
Aurora,Malphite,TOP,2,0.0
Aurora,Malzahar,MIDDLE,2,0.5
Aurora,Mel,MIDDLE,5,0.4
Aurora,Naafiri,MIDDLE,4,0.5
Aurora,Neeko,MIDDLE,1,0.0
Aurora,Orianna,BOTTOM,1,0.0
Aurora,Orianna,MIDDLE,15,0.5333333333333333
Aurora,Ornn,TOP,4,0.75
Aurora,Pantheon,MIDDLE,1,0.0
Aurora,Pantheon,TOP,1,0.0
Aurora,Pyke,MIDDLE,3,0.3333333333333333
Aurora,Qiyana,MIDDLE,4,0.75
Aurora,Qiyana,TOP,1,1.0
Aurora,Quinn,MIDDLE,2,0.5
Aurora,Quinn,TOP,1,0.0
Aurora,Renekton,TOP,6,0.16666666666666666
Aurora,Riven,MIDDLE,3,0.6666666666666666
Aurora,Rumble,MIDDLE,1,1.0
Aurora,Rumble,TOP,10,0.5
Aurora,Ryze,MIDDLE,30,0.6333333333333333
Aurora,Ryze,TOP,1,0.0
Aurora,Sett,TOP,1,1.0
Aurora,Shen,TOP,2,0.5
Aurora,Singed,TOP,2,0.0
Aurora,Sion,MIDDLE,1,0.0
Aurora,Sion,TOP,10,0.4
Aurora,Swain,MIDDLE,1,1.0
Aurora,Sylas,MIDDLE,15,0.26666666666666666
Aurora,Syndra,BOTTOM,1,0.0
Aurora,Syndra,MIDDLE,9,0.4444444444444444
Aurora,Taliyah,MIDDLE,7,0.0
Aurora,Talon,MIDDLE,3,1.0
Aurora,Teemo,TOP,7,0.2857142857142857
Aurora,Tristana,MIDDLE,2,1.0
Aurora,Tryndamere,MIDDLE,1,0.0
Aurora,TwistedFate,MIDDLE,14,0.5714285714285714
Aurora,Udyr,TOP,2,1.0
Aurora,Urgot,TOP,1,1.0
Aurora,Varus,TOP,6,0.6666666666666666
Aurora,Vayne,TOP,9,0.7777777777777778
Aurora,Veigar,MIDDLE,2,0.5
Aurora,Velkoz,MIDDLE,1,1.0
Aurora,Vex,MIDDLE,3,0.0
Aurora,Viktor,MIDDLE,14,0.2857142857142857
Aurora,Viktor,TOP,1,1.0
Aurora,Vladimir,BOTTOM,1,1.0
Aurora,Vladimir,MIDDLE,5,0.4
Aurora,Warwick,MIDDLE,1,0.0
Aurora,Xerath,MIDDLE,4,0.25
Aurora,Yasuo,MIDDLE,13,0.6153846153846154
Aurora,Yasuo,TOP,4,0.25
Aurora,Yone,MIDDLE,15,0.3333333333333333
Aurora,Yone,TOP,2,1.0
Aurora,Yorick,TOP,2,0.0
Aurora,Yunara,BOTTOM,1,1.0
Aurora,Zac,TOP,1,0.0
Aurora,Zed,MIDDLE,7,0.5714285714285714
Aurora,Zed,TOP,2,0.5
Aurora,Ziggs,MIDDLE,1,0.0
Aurora,Zilean,MIDDLE,1,1.0
Aurora,Zilean,TOP,1,0.0
Aurora,Zoe,MIDDLE,12,0.4166666666666667
Azir,Ahri,MIDDLE,2,0.0
Azir,Akali,MIDDLE,17,0.5294117647058824
Azir,Akshan,MIDDLE,3,0.3333333333333333
Azir,Ambessa,TOP,2,0.0
Azir,Anivia,MIDDLE,4,0.5
Azir,Annie,MIDDLE,6,0.5
Azir,AurelionSol,MIDDLE,2,0.0
Azir,Aurora,MIDDLE,3,0.3333333333333333
Azir,Caitlyn,MIDDLE,1,0.0
Azir,Camille,TOP,1,0.0
Azir,DrMundo,TOP,1,1.0
Azir,Ekko,MIDDLE,6,0.3333333333333333
Azir,Ekko,TOP,1,0.0
Azir,Ezreal,BOTTOM,1,1.0
Azir,Fiora,MIDDLE,1,1.0
Azir,Fizz,MIDDLE,2,1.0
Azir,Galio,MIDDLE,3,0.0
Azir,Gangplank,TOP,1,1.0
Azir,Hwei,MIDDLE,1,0.0
Azir,Irelia,MIDDLE,1,0.0
Azir,Jayce,MIDDLE,2,1.0
Azir,Kassadin,MIDDLE,1,0.0
Azir,Katarina,MIDDLE,2,0.5
Azir,Leblanc,MIDDLE,9,0.5555555555555556
Azir,Locke,MIDDLE,3,0.0
Azir,Locke,TOP,1,0.0
Azir,Lucian,BOTTOM,1,0.0
Azir,Lucian,MIDDLE,1,1.0
Azir,Lux,BOTTOM,1,1.0
Azir,Lux,MIDDLE,1,0.0
Azir,Malzahar,MIDDLE,1,1.0
Azir,Mel,MIDDLE,3,0.3333333333333333
Azir,Nunu,MIDDLE,1,0.0
Azir,Olaf,TOP,1,0.0
Azir,Orianna,MIDDLE,16,0.1875
Azir,Ornn,TOP,1,1.0
Azir,Pantheon,MIDDLE,1,1.0
Azir,Qiyana,MIDDLE,4,0.25
Azir,Riven,MIDDLE,2,0.5
Azir,Rumble,MIDDLE,1,0.0
Azir,Ryze,MIDDLE,9,0.4444444444444444
Azir,Sion,MIDDLE,1,0.0
Azir,Sion,TOP,1,1.0
Azir,Smolder,BOTTOM,1,1.0
Azir,Smolder,TOP,1,1.0
Azir,Sylas,MIDDLE,4,0.5
Azir,Syndra,BOTTOM,2,0.0
Azir,Syndra,MIDDLE,4,0.5
Azir,Syndra,TOP,1,1.0
Azir,Taliyah,MIDDLE,4,0.25
Azir,Talon,MIDDLE,2,1.0
Azir,Tristana,MIDDLE,1,0.0
Azir,TwistedFate,MIDDLE,4,0.25
Azir,Varus,MIDDLE,1,0.0
Azir,Vayne,MIDDLE,1,0.0
Azir,Veigar,MIDDLE,2,1.0
Azir,Vex,MIDDLE,2,0.0
Azir,Viktor,MIDDLE,9,0.4444444444444444
Azir,Vladimir,MIDDLE,2,1.0
Azir,Xerath,MIDDLE,6,0.16666666666666666
Azir,Yasuo,MIDDLE,6,0.6666666666666666
Azir,Yone,MIDDLE,4,0.5
Azir,Zac,MIDDLE,1,0.0
Azir,Ziggs,MIDDLE,2,1.0
Azir,Zilean,MIDDLE,1,0.0
Azir,Zoe,MIDDLE,6,0.0
Azir,Zyra,MIDDLE,1,0.0
Bard,Alistar,SUPPORT,22,0.5
Bard,Amumu,SUPPORT,1,1.0
Bard,Anivia,SUPPORT,25,0.64
Bard,Annie,SUPPORT,1,0.0
Bard,Blitzcrank,SUPPORT,13,0.7692307692307693
Bard,Brand,SUPPORT,2,0.5
Bard,Braum,SUPPORT,3,0.3333333333333333
Bard,Camille,SUPPORT,12,0.75
Bard,Elise,SUPPORT,17,0.35294117647058826
Bard,Ezreal,SUPPORT,2,1.0
Bard,FiddleSticks,SUPPORT,4,1.0
Bard,Fiora,TOP,1,0.0
Bard,Galio,SUPPORT,1,1.0
Bard,Hwei,SUPPORT,2,0.5
Bard,Janna,SUPPORT,20,0.55
Bard,JarvanIV,SUPPORT,1,0.0
Bard,Karma,SUPPORT,82,0.5853658536585366
Bard,Katarina,SUPPORT,1,0.0
Bard,Leblanc,SUPPORT,4,0.5
Bard,Leona,SUPPORT,20,0.5
Bard,Lissandra,SUPPORT,1,1.0
Bard,Lulu,SUPPORT,43,0.4883720930232558
Bard,Lux,SUPPORT,3,0.6666666666666666
Bard,Maokai,SUPPORT,5,0.2
Bard,Mel,SUPPORT,1,0.0
Bard,Milio,SUPPORT,7,0.42857142857142855
Bard,Nami,SUPPORT,37,0.4594594594594595
Bard,Nautilus,SUPPORT,56,0.5
Bard,Neeko,SUPPORT,37,0.4594594594594595
Bard,Nidalee,SUPPORT,2,0.5
Bard,Pantheon,SUPPORT,8,0.375
Bard,Poppy,SUPPORT,8,0.5
Bard,Pyke,SUPPORT,46,0.5869565217391305
Bard,Rakan,SUPPORT,20,0.55
Bard,Rell,SUPPORT,19,0.5263157894736842
Bard,Renata,SUPPORT,8,0.625
Bard,Riven,SUPPORT,1,0.0
Bard,Rumble,SUPPORT,1,0.0
Bard,Senna,SUPPORT,12,0.3333333333333333
Bard,Seraphine,SUPPORT,33,0.48484848484848486
Bard,Shaco,SUPPORT,1,1.0
Bard,Shen,SUPPORT,4,0.25
Bard,Sion,SUPPORT,1,0.0
Bard,Sona,SUPPORT,17,0.35294117647058826
Bard,Soraka,SUPPORT,8,0.5
Bard,Swain,SUPPORT,3,1.0
Bard,Sylas,SUPPORT,2,1.0
Bard,Taric,SUPPORT,7,0.5714285714285714
Bard,Thresh,SUPPORT,34,0.6176470588235294
Bard,Trundle,SUPPORT,1,1.0
Bard,TwistedFate,SUPPORT,2,0.0
Bard,Velkoz,SUPPORT,3,0.6666666666666666
Bard,Vi,SUPPORT,1,1.0
Bard,Yuumi,SUPPORT,8,0.5
Bard,Zilean,SUPPORT,7,0.5714285714285714
Bard,Zoe,SUPPORT,4,0.5
Bard,Zyra,SUPPORT,1,1.0
Belveth,Aatrox,JUNGLE,5,0.2
Belveth,Ambessa,JUNGLE,1,1.0
Belveth,Briar,JUNGLE,1,0.0
Belveth,Chogath,JUNGLE,1,1.0
Belveth,Diana,JUNGLE,1,1.0
Belveth,DrMundo,JUNGLE,1,0.0
Belveth,Elise,JUNGLE,1,1.0
Belveth,Evelynn,JUNGLE,1,1.0
Belveth,FiddleSticks,JUNGLE,3,0.0
Belveth,Gnar,JUNGLE,1,1.0
Belveth,Graves,JUNGLE,4,0.75
Belveth,Hecarim,JUNGLE,5,0.4
Belveth,Ivern,JUNGLE,1,0.0
Belveth,JarvanIV,JUNGLE,4,0.75
Belveth,Jax,JUNGLE,1,0.0
Belveth,Jayce,JUNGLE,2,0.5
Belveth,Karthus,JUNGLE,2,0.5
Belveth,Kayn,JUNGLE,2,0.5
Belveth,Khazix,JUNGLE,1,1.0
Belveth,Kindred,JUNGLE,2,0.5
Belveth,LeeSin,JUNGLE,12,0.3333333333333333
Belveth,Lillia,JUNGLE,1,1.0
Belveth,Maokai,JUNGLE,1,0.0
Belveth,MasterYi,JUNGLE,1,0.0
Belveth,MonkeyKing,JUNGLE,2,1.0
Belveth,Naafiri,JUNGLE,1,0.0
Belveth,Nidalee,JUNGLE,3,0.6666666666666666
Belveth,Nocturne,JUNGLE,1,1.0
Belveth,Pantheon,JUNGLE,1,1.0
Belveth,Poppy,JUNGLE,1,1.0
Belveth,Qiyana,JUNGLE,8,0.5
Belveth,Quinn,JUNGLE,1,0.0
Belveth,Rammus,JUNGLE,2,1.0
Belveth,RekSai,JUNGLE,2,0.5
Belveth,Rengar,JUNGLE,3,1.0
Belveth,Sejuani,JUNGLE,1,1.0
Belveth,Shaco,JUNGLE,2,1.0
Belveth,Skarner,JUNGLE,2,1.0
Belveth,Sylas,JUNGLE,2,0.5
Belveth,Taliyah,JUNGLE,3,0.3333333333333333
Belveth,Talon,JUNGLE,4,0.25
Belveth,Viego,JUNGLE,6,0.6666666666666666
Belveth,Warwick,JUNGLE,1,1.0
Belveth,XinZhao,JUNGLE,1,0.0
Belveth,Zac,JUNGLE,1,1.0
Belveth,Zed,JUNGLE,2,1.0
Belveth,Zyra,JUNGLE,1,1.0
Blitzcrank,Alistar,SUPPORT,5,0.4
Blitzcrank,Amumu,SUPPORT,1,0.0
Blitzcrank,Anivia,SUPPORT,5,0.6
Blitzcrank,Bard,SUPPORT,13,0.23076923076923078
Blitzcrank,Braum,SUPPORT,4,0.75
Blitzcrank,Camille,SUPPORT,3,0.3333333333333333
Blitzcrank,Elise,SUPPORT,2,1.0
Blitzcrank,Ezreal,SUPPORT,1,1.0
Blitzcrank,Heimerdinger,SUPPORT,1,0.0
Blitzcrank,Janna,SUPPORT,7,0.2857142857142857
Blitzcrank,Jax,SUPPORT,1,0.0
Blitzcrank,Karma,SUPPORT,5,0.4
Blitzcrank,Karthus,SUPPORT,1,0.0
Blitzcrank,Leona,SUPPORT,4,1.0
Blitzcrank,Lulu,SUPPORT,17,0.47058823529411764
Blitzcrank,Lux,SUPPORT,2,0.5
Blitzcrank,Maokai,SUPPORT,1,0.0
Blitzcrank,Mel,SUPPORT,2,0.0
Blitzcrank,Milio,SUPPORT,2,0.0
Blitzcrank,Morgana,SUPPORT,2,1.0
Blitzcrank,Nami,SUPPORT,8,0.625
Blitzcrank,Nautilus,SUPPORT,7,0.5714285714285714
Blitzcrank,Neeko,SUPPORT,3,0.6666666666666666
Blitzcrank,Nidalee,SUPPORT,1,1.0
Blitzcrank,Pantheon,SUPPORT,1,1.0
Blitzcrank,Poppy,SUPPORT,2,1.0
Blitzcrank,Pyke,SUPPORT,2,0.0
Blitzcrank,Rakan,SUPPORT,2,0.5
Blitzcrank,Rell,SUPPORT,3,0.3333333333333333
Blitzcrank,Renata,SUPPORT,3,0.6666666666666666
Blitzcrank,Senna,SUPPORT,8,0.375
Blitzcrank,Seraphine,SUPPORT,3,0.3333333333333333
Blitzcrank,Sona,SUPPORT,8,0.375
Blitzcrank,Soraka,SUPPORT,6,0.5
Blitzcrank,Swain,SUPPORT,1,1.0
Blitzcrank,Sylas,SUPPORT,2,0.5
Blitzcrank,TahmKench,SUPPORT,1,0.0
Blitzcrank,Thresh,SUPPORT,15,0.5333333333333333
Blitzcrank,Xerath,SUPPORT,1,0.0
Blitzcrank,Yuumi,SUPPORT,2,0.5
Blitzcrank,Zac,SUPPORT,1,1.0
Blitzcrank,Zilean,SUPPORT,2,0.5
Blitzcrank,Zoe,SUPPORT,1,0.0
Brand,Ambessa,JUNGLE,1,1.0
Brand,Aphelios,BOTTOM,1,0.0
Brand,AurelionSol,MIDDLE,1,1.0
Brand,Aurora,MIDDLE,1,0.0
Brand,Bard,SUPPORT,2,0.5
Brand,Briar,JUNGLE,1,1.0
Brand,Caitlyn,BOTTOM,2,0.5
Brand,Camille,SUPPORT,1,1.0
Brand,Chogath,SUPPORT,1,1.0
Brand,Corki,BOTTOM,2,1.0
Brand,Ekko,JUNGLE,1,0.0
Brand,Ezreal,BOTTOM,8,0.5
Brand,Galio,MIDDLE,1,0.0
Brand,Graves,JUNGLE,1,1.0
Brand,Jayce,TOP,1,1.0
Brand,Jhin,BOTTOM,3,0.6666666666666666
Brand,Jinx,BOTTOM,6,0.5
Brand,Kaisa,BOTTOM,4,0.5
Brand,Kalista,BOTTOM,1,0.0
Brand,Karthus,JUNGLE,1,1.0
Brand,Kassadin,MIDDLE,1,1.0
Brand,Katarina,JUNGLE,1,1.0
Brand,Kayn,JUNGLE,2,1.0
Brand,KogMaw,BOTTOM,1,1.0
Brand,Leblanc,MIDDLE,2,0.5
Brand,LeeSin,JUNGLE,2,0.0
Brand,Lillia,JUNGLE,1,0.0
Brand,Locke,MIDDLE,1,1.0
Brand,Lucian,BOTTOM,2,1.0
Brand,Mel,BOTTOM,1,1.0
Brand,Nami,SUPPORT,2,1.0
Brand,Nautilus,SUPPORT,1,1.0
Brand,Neeko,SUPPORT,1,0.0
Brand,Nilah,BOTTOM,2,0.5
Brand,Nocturne,JUNGLE,1,1.0
Brand,Nunu,JUNGLE,1,0.0
Brand,Pantheon,SUPPORT,1,0.0
Brand,Pyke,SUPPORT,1,0.0
Brand,Qiyana,JUNGLE,1,0.0
Brand,Rell,SUPPORT,1,0.0
Brand,Renekton,BOTTOM,1,0.0
Brand,Skarner,JUNGLE,1,0.0
Brand,Smolder,BOTTOM,2,0.5
Brand,Soraka,SUPPORT,2,1.0
Brand,Swain,SUPPORT,1,1.0
Brand,Sylas,JUNGLE,1,1.0
Brand,Taliyah,JUNGLE,1,1.0
Brand,Thresh,SUPPORT,1,0.0
Brand,Tristana,BOTTOM,1,1.0
Brand,Twitch,BOTTOM,1,0.0
Brand,Varus,BOTTOM,1,0.0
Brand,Vayne,BOTTOM,1,0.0
Brand,Veigar,BOTTOM,1,1.0
Brand,Viktor,BOTTOM,1,1.0
Brand,Viktor,MIDDLE,1,1.0
Brand,Vladimir,MIDDLE,1,0.0
Brand,Warwick,MIDDLE,1,0.0
Brand,Yasuo,BOTTOM,1,0.0
Brand,Yone,MIDDLE,1,1.0
Brand,Yunara,BOTTOM,3,0.6666666666666666
Brand,Zac,MIDDLE,1,0.0
Brand,Zed,MIDDLE,1,0.0
Braum,Alistar,SUPPORT,12,0.6666666666666666
Braum,Amumu,SUPPORT,1,1.0
Braum,Anivia,SUPPORT,2,0.0
Braum,Bard,SUPPORT,3,0.6666666666666666
Braum,Blitzcrank,SUPPORT,4,0.25
Braum,Camille,SUPPORT,3,1.0
Braum,Elise,SUPPORT,1,0.0
Braum,FiddleSticks,SUPPORT,1,0.0
Braum,Gragas,SUPPORT,1,1.0
Braum,Janna,SUPPORT,2,1.0
Braum,Jax,SUPPORT,1,1.0
Braum,Karma,SUPPORT,1,1.0
Braum,Leblanc,SUPPORT,1,0.0
Braum,Leona,SUPPORT,13,0.23076923076923078
Braum,Lissandra,SUPPORT,1,0.0
Braum,Lulu,SUPPORT,5,0.8
Braum,Malphite,SUPPORT,1,1.0
Braum,Maokai,SUPPORT,1,0.0
Braum,Milio,SUPPORT,3,0.6666666666666666
Braum,Nami,SUPPORT,5,0.4
Braum,Nautilus,SUPPORT,49,0.46938775510204084
Braum,Neeko,SUPPORT,6,0.5
Braum,Nidalee,SUPPORT,1,0.0
Braum,Pantheon,SUPPORT,4,0.25
Braum,Poppy,SUPPORT,1,0.0
Braum,Pyke,SUPPORT,3,1.0
Braum,Rakan,SUPPORT,6,0.16666666666666666
Braum,Rell,SUPPORT,8,0.5
Braum,Renata,SUPPORT,1,1.0
Braum,Senna,SUPPORT,5,0.6
Braum,Seraphine,SUPPORT,4,0.25
Braum,Shaco,SUPPORT,1,1.0
Braum,Shen,SUPPORT,1,1.0
Braum,Singed,SUPPORT,1,1.0
Braum,Skarner,SUPPORT,1,0.0
Braum,Sona,SUPPORT,3,0.6666666666666666
Braum,TahmKench,SUPPORT,1,1.0
Braum,Taliyah,SUPPORT,1,0.0
Braum,Thresh,SUPPORT,7,0.8571428571428571
Braum,Velkoz,SUPPORT,1,1.0
Braum,Volibear,SUPPORT,1,0.0
Braum,Zaahen,SUPPORT,1,1.0
Braum,Zoe,SUPPORT,1,1.0
Briar,Aatrox,TOP,1,1.0
Briar,Ambessa,JUNGLE,4,0.25
Briar,Belveth,JUNGLE,1,1.0
Briar,Brand,JUNGLE,1,0.0
Briar,Elise,JUNGLE,2,0.0
Briar,FiddleSticks,JUNGLE,1,0.0
Briar,Graves,JUNGLE,1,1.0
Briar,Hecarim,JUNGLE,1,0.0
Briar,JarvanIV,JUNGLE,7,0.2857142857142857
Briar,Jax,JUNGLE,1,0.0
Briar,Jayce,TOP,1,1.0
Briar,Kayn,JUNGLE,1,0.0
Briar,Khazix,JUNGLE,1,0.0
Briar,Kindred,JUNGLE,3,0.3333333333333333
Briar,LeeSin,JUNGLE,3,0.6666666666666666
Briar,Lillia,JUNGLE,1,1.0
Briar,MasterYi,JUNGLE,1,0.0
Briar,MonkeyKing,JUNGLE,1,0.0
Briar,Naafiri,JUNGLE,3,0.3333333333333333
Briar,Nocturne,JUNGLE,1,1.0
Briar,Nunu,JUNGLE,1,1.0
Briar,Olaf,JUNGLE,1,1.0
Briar,Qiyana,JUNGLE,5,0.4
Briar,RekSai,JUNGLE,1,0.0
Briar,Shyvana,JUNGLE,1,0.0
Briar,Sylas,JUNGLE,1,1.0
Briar,Velkoz,BOTTOM,1,0.0
Briar,Vi,JUNGLE,1,0.0
Briar,Viego,JUNGLE,3,1.0
Briar,Zaahen,JUNGLE,1,0.0
Caitlyn,Ahri,BOTTOM,1,1.0
Caitlyn,Akshan,BOTTOM,1,0.0
Caitlyn,Akshan,MIDDLE,1,1.0
Caitlyn,Anivia,BOTTOM,2,0.5
Caitlyn,Aphelios,BOTTOM,10,0.4
Caitlyn,Ashe,BOTTOM,35,0.42857142857142855
Caitlyn,AurelionSol,BOTTOM,7,0.5714285714285714
Caitlyn,Aurora,BOTTOM,1,1.0
Caitlyn,Azir,MIDDLE,1,1.0
Caitlyn,Brand,BOTTOM,2,0.5
Caitlyn,Cassiopeia,BOTTOM,4,0.5
Caitlyn,Corki,BOTTOM,25,0.36
Caitlyn,Draven,BOTTOM,12,0.5833333333333334
Caitlyn,Ekko,BOTTOM,1,0.0
Caitlyn,Ezreal,BOTTOM,90,0.4888888888888889
Caitlyn,Fiora,TOP,1,1.0
Caitlyn,Galio,MIDDLE,1,1.0
Caitlyn,Gangplank,TOP,1,1.0
Caitlyn,Hwei,BOTTOM,3,0.3333333333333333
Caitlyn,Irelia,BOTTOM,1,1.0
Caitlyn,Jayce,BOTTOM,1,1.0
Caitlyn,Jhin,BOTTOM,93,0.41935483870967744
Caitlyn,Jinx,BOTTOM,20,0.55
Caitlyn,Kaisa,BOTTOM,18,0.4444444444444444
Caitlyn,Kalista,BOTTOM,16,0.375
Caitlyn,Karthus,BOTTOM,7,0.42857142857142855
Caitlyn,Katarina,BOTTOM,1,0.0
Caitlyn,Kennen,BOTTOM,1,1.0
Caitlyn,KogMaw,BOTTOM,11,0.45454545454545453
Caitlyn,Leblanc,BOTTOM,1,1.0
Caitlyn,Leblanc,MIDDLE,1,1.0
Caitlyn,Lucian,BOTTOM,45,0.5777777777777777
Caitlyn,Lux,BOTTOM,4,0.75
Caitlyn,Malphite,BOTTOM,1,0.0
Caitlyn,Malphite,MIDDLE,1,0.0
Caitlyn,Mel,BOTTOM,7,0.7142857142857143
Caitlyn,MissFortune,BOTTOM,8,0.625
Caitlyn,Naafiri,BOTTOM,2,0.5
Caitlyn,Samira,BOTTOM,1,0.0
Caitlyn,Senna,BOTTOM,5,0.4
Caitlyn,Seraphine,BOTTOM,2,1.0
Caitlyn,Sion,BOTTOM,1,1.0
Caitlyn,Sivir,BOTTOM,10,0.5
Caitlyn,Smolder,BOTTOM,2,0.5
Caitlyn,Swain,BOTTOM,4,0.5
Caitlyn,Sylas,BOTTOM,1,0.0
Caitlyn,Syndra,BOTTOM,5,0.6
Caitlyn,Taliyah,BOTTOM,1,1.0
Caitlyn,Tristana,BOTTOM,13,0.6153846153846154
Caitlyn,TwistedFate,BOTTOM,1,0.0
Caitlyn,Twitch,BOTTOM,4,0.25
Caitlyn,Varus,BOTTOM,18,0.5555555555555556
Caitlyn,Varus,TOP,1,1.0
Caitlyn,Vayne,TOP,2,0.0
Caitlyn,Veigar,BOTTOM,1,0.0
Caitlyn,Velkoz,BOTTOM,3,1.0
Caitlyn,Vex,BOTTOM,1,1.0
Caitlyn,Viktor,BOTTOM,4,0.25
Caitlyn,Vladimir,BOTTOM,5,0.2
Caitlyn,Xayah,BOTTOM,3,0.6666666666666666
Caitlyn,Xerath,BOTTOM,4,0.0
Caitlyn,Yasuo,BOTTOM,4,0.25
Caitlyn,Yunara,BOTTOM,67,0.5970149253731343
Caitlyn,Zeri,BOTTOM,7,0.42857142857142855
Caitlyn,Ziggs,BOTTOM,14,0.35714285714285715
Caitlyn,Zilean,BOTTOM,1,1.0
Caitlyn,Zyra,BOTTOM,3,0.3333333333333333
Camille,Aatrox,TOP,1,0.0
Camille,Ahri,TOP,1,0.0
Camille,Akali,TOP,3,0.6666666666666666
Camille,Akshan,TOP,1,1.0
Camille,Alistar,SUPPORT,12,0.4166666666666667
Camille,Ambessa,TOP,15,0.4
Camille,Anivia,MIDDLE,1,0.0
Camille,Anivia,SUPPORT,4,0.75
Camille,Anivia,TOP,3,0.6666666666666666
Camille,Annie,SUPPORT,1,0.0
Camille,Aurora,TOP,1,0.0
Camille,Azir,TOP,1,1.0
Camille,Bard,SUPPORT,12,0.25
Camille,Blitzcrank,SUPPORT,3,0.6666666666666666
Camille,Brand,SUPPORT,1,0.0
Camille,Braum,SUPPORT,3,0.0
Camille,Cassiopeia,TOP,1,1.0
Camille,Chogath,TOP,1,0.0
Camille,Corki,TOP,1,0.0
Camille,Darius,TOP,6,0.3333333333333333
Camille,DrMundo,TOP,4,0.75
Camille,Ekko,SUPPORT,1,0.0
Camille,Elise,SUPPORT,2,0.5
Camille,Elise,TOP,1,0.0
Camille,Fiora,TOP,12,0.5833333333333334
Camille,Galio,TOP,1,0.0
Camille,Gangplank,TOP,5,0.8
Camille,Garen,TOP,7,0.42857142857142855
Camille,Gnar,TOP,7,0.2857142857142857
Camille,Gragas,SUPPORT,3,0.6666666666666666
Camille,Gragas,TOP,8,0.25
Camille,Gwen,TOP,9,0.3333333333333333
Camille,Hecarim,JUNGLE,1,1.0
Camille,Illaoi,TOP,1,1.0
Camille,Irelia,MIDDLE,1,0.0
Camille,Irelia,TOP,3,0.6666666666666666
Camille,Janna,SUPPORT,5,0.2
Camille,Jax,TOP,12,0.6666666666666666
Camille,Jayce,TOP,18,0.4444444444444444
Camille,KSante,TOP,5,1.0
Camille,Karma,SUPPORT,8,0.5
Camille,Karthus,SUPPORT,1,1.0
Camille,Kennen,TOP,4,0.75
Camille,Kindred,JUNGLE,1,0.0
Camille,Kled,SUPPORT,1,0.0
Camille,Kled,TOP,3,0.6666666666666666
Camille,Leblanc,SUPPORT,1,1.0
Camille,LeeSin,TOP,1,1.0
Camille,Leona,SUPPORT,5,0.4
Camille,Lucian,TOP,1,1.0
Camille,Lulu,SUPPORT,6,0.16666666666666666
Camille,Maokai,SUPPORT,2,0.0
Camille,Milio,SUPPORT,3,0.6666666666666666
Camille,Mordekaiser,TOP,3,0.3333333333333333
Camille,Morgana,SUPPORT,1,0.0
Camille,Nami,SUPPORT,5,0.6
Camille,Nasus,TOP,2,1.0
Camille,Nautilus,SUPPORT,10,0.4
Camille,Neeko,SUPPORT,2,0.5
Camille,Neeko,TOP,1,0.0
Camille,Nidalee,JUNGLE,1,1.0
Camille,Nidalee,TOP,1,0.0
Camille,Olaf,TOP,12,0.5
Camille,Ornn,TOP,4,0.75
Camille,Pantheon,TOP,5,0.4
Camille,Poppy,SUPPORT,3,0.3333333333333333
Camille,Pyke,SUPPORT,4,0.25
Camille,Qiyana,TOP,1,0.0
Camille,Quinn,TOP,2,0.5
Camille,Rakan,SUPPORT,3,0.3333333333333333
Camille,Rell,SUPPORT,1,0.0
Camille,Renata,SUPPORT,2,0.5
Camille,Renekton,TOP,17,0.5294117647058824
Camille,Riven,TOP,2,0.5
Camille,Rumble,TOP,6,0.5
Camille,Ryze,MIDDLE,2,0.5
Camille,Ryze,TOP,1,1.0
Camille,Senna,SUPPORT,4,0.5
Camille,Seraphine,SUPPORT,4,0.25
Camille,Sett,TOP,6,0.5
Camille,Shen,SUPPORT,3,0.6666666666666666
Camille,Shen,TOP,2,1.0
Camille,Singed,TOP,3,0.3333333333333333
Camille,Sion,TOP,9,0.6666666666666666
Camille,Skarner,SUPPORT,1,0.0
Camille,Sona,SUPPORT,2,0.0
Camille,Soraka,SUPPORT,1,1.0
Camille,Swain,SUPPORT,1,0.0
Camille,Sylas,SUPPORT,2,0.0
Camille,Syndra,MIDDLE,1,0.0
Camille,Taliyah,JUNGLE,1,0.0
Camille,Taliyah,SUPPORT,1,0.0
Camille,Taric,SUPPORT,2,0.0
Camille,Teemo,TOP,2,1.0
Camille,Thresh,SUPPORT,3,0.6666666666666666
Camille,Trundle,TOP,1,0.0
Camille,Tryndamere,TOP,3,0.6666666666666666
Camille,TwistedFate,TOP,1,0.0
Camille,Udyr,TOP,2,0.5
Camille,Urgot,TOP,3,0.6666666666666666
Camille,Varus,TOP,3,0.6666666666666666
Camille,Vayne,TOP,4,0.25
Camille,Velkoz,SUPPORT,1,0.0
Camille,Vex,MIDDLE,1,1.0
Camille,Vladimir,TOP,1,0.0
Camille,Warwick,TOP,3,0.3333333333333333
Camille,Yasuo,TOP,5,0.8
Camille,Yone,TOP,7,0.42857142857142855
Camille,Yuumi,SUPPORT,2,0.5
Camille,Zaahen,TOP,2,0.5
Camille,Zac,TOP,2,0.5
Camille,Zed,MIDDLE,1,0.0
Camille,Zilean,MIDDLE,1,0.0
Camille,Zilean,SUPPORT,1,0.0
Camille,Zilean,TOP,2,0.5
Camille,Zoe,SUPPORT,1,1.0
Camille,Zyra,SUPPORT,1,0.0
Cassiopeia,Aatrox,TOP,1,0.0
Cassiopeia,Ahri,MIDDLE,1,1.0
Cassiopeia,Akali,MIDDLE,4,0.75
Cassiopeia,Akali,TOP,1,0.0
Cassiopeia,Akshan,MIDDLE,2,0.5
Cassiopeia,Akshan,TOP,1,1.0
Cassiopeia,Anivia,MIDDLE,3,1.0
Cassiopeia,Anivia,TOP,1,0.0
Cassiopeia,Annie,MIDDLE,1,0.0
Cassiopeia,Aphelios,BOTTOM,1,0.0
Cassiopeia,Ashe,BOTTOM,1,0.0
Cassiopeia,AurelionSol,MIDDLE,1,0.0
Cassiopeia,Aurora,MIDDLE,3,0.6666666666666666
Cassiopeia,Caitlyn,BOTTOM,4,0.5
Cassiopeia,Camille,TOP,1,0.0
Cassiopeia,Chogath,MIDDLE,1,0.0
Cassiopeia,Corki,BOTTOM,3,1.0
Cassiopeia,Corki,TOP,1,1.0
Cassiopeia,Darius,TOP,2,0.5
Cassiopeia,Draven,BOTTOM,2,1.0
Cassiopeia,Ekko,BOTTOM,1,1.0
Cassiopeia,Ekko,MIDDLE,1,1.0
Cassiopeia,Ezreal,BOTTOM,5,0.2
Cassiopeia,Galio,MIDDLE,3,1.0
Cassiopeia,Gangplank,TOP,2,0.5
Cassiopeia,Garen,MIDDLE,1,1.0
Cassiopeia,Gragas,MIDDLE,1,0.0
Cassiopeia,Gragas,TOP,2,0.5
Cassiopeia,Graves,MIDDLE,1,1.0
Cassiopeia,Hwei,BOTTOM,3,0.6666666666666666
Cassiopeia,Hwei,MIDDLE,7,0.7142857142857143
Cassiopeia,Irelia,MIDDLE,1,0.0
Cassiopeia,Jax,TOP,1,1.0
Cassiopeia,Jayce,MIDDLE,1,1.0
Cassiopeia,Jayce,TOP,1,0.0
Cassiopeia,Jhin,BOTTOM,3,0.3333333333333333
Cassiopeia,Jinx,BOTTOM,1,0.0
Cassiopeia,KSante,TOP,3,0.0
Cassiopeia,Kaisa,BOTTOM,2,0.0
Cassiopeia,Kalista,BOTTOM,2,0.5
Cassiopeia,Karma,SUPPORT,1,1.0
Cassiopeia,Kassadin,MIDDLE,1,1.0
Cassiopeia,Katarina,MIDDLE,1,1.0
Cassiopeia,Kayle,MIDDLE,1,1.0
Cassiopeia,Kled,TOP,1,1.0
Cassiopeia,KogMaw,BOTTOM,1,0.0
Cassiopeia,Leblanc,MIDDLE,4,0.5
Cassiopeia,Leblanc,TOP,1,1.0
Cassiopeia,Lissandra,MIDDLE,4,0.25
Cassiopeia,Lissandra,TOP,1,1.0
Cassiopeia,Locke,MIDDLE,4,0.5
Cassiopeia,Lucian,BOTTOM,4,1.0
Cassiopeia,Lux,MIDDLE,1,0.0
Cassiopeia,Malphite,TOP,1,1.0
Cassiopeia,Mel,BOTTOM,2,1.0
Cassiopeia,Mel,MIDDLE,1,0.0
Cassiopeia,Mordekaiser,TOP,1,1.0
Cassiopeia,Naafiri,TOP,1,1.0
Cassiopeia,Nautilus,SUPPORT,1,0.0
Cassiopeia,Orianna,MIDDLE,4,0.25
Cassiopeia,Qiyana,MIDDLE,3,0.6666666666666666
Cassiopeia,Renekton,TOP,1,0.0
Cassiopeia,Riven,MIDDLE,1,1.0
Cassiopeia,Rumble,TOP,2,0.5
Cassiopeia,Ryze,MIDDLE,8,0.5
Cassiopeia,Ryze,TOP,1,0.0
Cassiopeia,Sejuani,MIDDLE,1,0.0
Cassiopeia,Senna,SUPPORT,1,0.0
Cassiopeia,Sett,TOP,1,0.0
Cassiopeia,Singed,TOP,1,0.0
Cassiopeia,Sion,MIDDLE,1,1.0
Cassiopeia,Sion,TOP,5,0.8
Cassiopeia,Skarner,TOP,1,0.0
Cassiopeia,Swain,BOTTOM,1,1.0
Cassiopeia,Sylas,MIDDLE,6,0.16666666666666666
Cassiopeia,Syndra,BOTTOM,1,1.0
Cassiopeia,Syndra,MIDDLE,10,0.6
Cassiopeia,Taliyah,MIDDLE,4,0.25
Cassiopeia,Talon,MIDDLE,1,0.0
Cassiopeia,Tristana,BOTTOM,2,0.0
Cassiopeia,Tristana,MIDDLE,1,1.0
Cassiopeia,Tristana,TOP,1,1.0
Cassiopeia,TwistedFate,MIDDLE,1,0.0
Cassiopeia,TwistedFate,TOP,1,0.0
Cassiopeia,Urgot,MIDDLE,1,0.0
Cassiopeia,Varus,BOTTOM,2,1.0
Cassiopeia,Varus,TOP,5,0.4
Cassiopeia,Vayne,TOP,1,0.0
Cassiopeia,Veigar,BOTTOM,1,0.0
Cassiopeia,Veigar,MIDDLE,1,1.0
Cassiopeia,Viktor,MIDDLE,4,0.5
Cassiopeia,Vladimir,MIDDLE,6,0.5
Cassiopeia,Xerath,BOTTOM,1,0.0
Cassiopeia,Xerath,MIDDLE,1,0.0
Cassiopeia,Yasuo,BOTTOM,1,0.0
Cassiopeia,Yasuo,MIDDLE,4,1.0
Cassiopeia,Yasuo,TOP,1,0.0
Cassiopeia,Yone,MIDDLE,5,0.4
Cassiopeia,Yunara,BOTTOM,6,0.6666666666666666
Cassiopeia,Zed,MIDDLE,3,0.0
Cassiopeia,Ziggs,BOTTOM,2,0.5
Cassiopeia,Zilean,TOP,1,1.0
Cassiopeia,Zoe,MIDDLE,2,0.5
Chogath,Aatrox,JUNGLE,2,1.0
Chogath,Aatrox,TOP,2,1.0
Chogath,Ahri,MIDDLE,2,0.5
Chogath,Akali,MIDDLE,1,0.0
Chogath,Ambessa,JUNGLE,1,1.0
Chogath,Ambessa,TOP,4,0.75
Chogath,Anivia,MIDDLE,1,1.0
Chogath,Anivia,SUPPORT,1,1.0
Chogath,Annie,MIDDLE,1,0.0
Chogath,Ashe,BOTTOM,1,0.0
Chogath,Aurora,MIDDLE,1,0.0
Chogath,Belveth,JUNGLE,1,0.0
Chogath,Brand,SUPPORT,1,0.0
Chogath,Camille,TOP,1,1.0
Chogath,Cassiopeia,MIDDLE,1,1.0
Chogath,Darius,TOP,1,0.0
Chogath,Diana,MIDDLE,1,0.0
Chogath,Ekko,JUNGLE,4,0.25
Chogath,Elise,JUNGLE,1,0.0
Chogath,FiddleSticks,JUNGLE,1,0.0
Chogath,FiddleSticks,TOP,1,1.0
Chogath,Fiora,JUNGLE,1,0.0
Chogath,Fiora,TOP,1,1.0
Chogath,Fizz,JUNGLE,1,1.0
Chogath,Garen,TOP,1,0.0
Chogath,Gnar,TOP,3,0.3333333333333333
Chogath,Gragas,TOP,2,0.0
Chogath,Graves,JUNGLE,4,0.5
Chogath,Gwen,MIDDLE,1,0.0
Chogath,Gwen,TOP,1,1.0
Chogath,Hecarim,JUNGLE,3,0.3333333333333333
Chogath,Ivern,JUNGLE,1,0.0
Chogath,JarvanIV,JUNGLE,3,0.0
Chogath,Jax,TOP,1,0.0
Chogath,Jayce,JUNGLE,1,0.0
Chogath,Jayce,TOP,5,0.4
Chogath,KSante,TOP,2,0.5
Chogath,Kaisa,BOTTOM,1,0.0
Chogath,Kalista,BOTTOM,1,1.0
Chogath,Karma,SUPPORT,1,0.0
Chogath,Katarina,MIDDLE,1,0.0
Chogath,Kayn,JUNGLE,2,1.0
Chogath,Khazix,JUNGLE,3,0.6666666666666666
Chogath,Kindred,JUNGLE,1,1.0
Chogath,Leblanc,MIDDLE,2,0.5
Chogath,LeeSin,JUNGLE,6,0.0
Chogath,Lillia,JUNGLE,1,1.0
Chogath,Locke,MIDDLE,1,0.0
Chogath,Malphite,TOP,2,1.0
Chogath,MonkeyKing,JUNGLE,2,0.5
Chogath,Naafiri,JUNGLE,4,0.5
Chogath,Naafiri,MIDDLE,1,0.0
Chogath,Nasus,JUNGLE,1,0.0
Chogath,Nasus,MIDDLE,1,1.0
Chogath,Nasus,TOP,3,0.6666666666666666
Chogath,Nunu,JUNGLE,1,1.0
Chogath,Olaf,TOP,1,0.0
Chogath,Ornn,TOP,1,1.0
Chogath,Pantheon,JUNGLE,1,1.0
Chogath,Pantheon,SUPPORT,1,0.0
Chogath,Pantheon,TOP,2,0.0
Chogath,Qiyana,JUNGLE,6,0.3333333333333333
Chogath,Qiyana,TOP,1,0.0
Chogath,Quinn,JUNGLE,2,0.0
Chogath,Quinn,TOP,1,0.0
Chogath,RekSai,JUNGLE,1,0.0
Chogath,Renekton,TOP,1,1.0
Chogath,Rengar,JUNGLE,5,0.4
Chogath,Rengar,TOP,1,1.0
Chogath,Riven,MIDDLE,1,0.0
Chogath,Ryze,MIDDLE,2,1.0
Chogath,Sejuani,JUNGLE,1,0.0
Chogath,Shen,TOP,1,0.0
Chogath,Sion,TOP,2,0.0
Chogath,Smolder,BOTTOM,1,0.0
Chogath,Sylas,JUNGLE,7,0.5714285714285714
Chogath,Sylas,TOP,1,1.0
Chogath,Syndra,MIDDLE,1,0.0
Chogath,Taliyah,JUNGLE,1,0.0
Chogath,Talon,JUNGLE,7,0.2857142857142857
Chogath,Teemo,TOP,1,0.0
Chogath,Trundle,JUNGLE,1,0.0
Chogath,Udyr,JUNGLE,1,1.0
Chogath,Varus,BOTTOM,1,0.0
Chogath,Vi,JUNGLE,6,0.8333333333333334
Chogath,Viego,JUNGLE,1,0.0
Chogath,Vladimir,MIDDLE,2,0.5
Chogath,Vladimir,TOP,1,0.0
Chogath,Warwick,TOP,1,1.0
Chogath,XinZhao,JUNGLE,3,0.0
Chogath,Yasuo,MIDDLE,1,0.0
Chogath,Yasuo,TOP,3,0.6666666666666666
Chogath,Yorick,TOP,1,0.0
Chogath,Zaahen,JUNGLE,2,0.5
Chogath,Zaahen,TOP,2,0.0
Chogath,Zed,MIDDLE,1,1.0
Chogath,Zeri,BOTTOM,1,1.0
Chogath,Ziggs,BOTTOM,2,0.5
Chogath,Zyra,JUNGLE,1,1.0
Corki,Aatrox,TOP,3,0.6666666666666666
Corki,Ahri,MIDDLE,2,0.0
Corki,Akali,MIDDLE,1,0.0
Corki,Akshan,MIDDLE,2,0.5
Corki,Anivia,MIDDLE,1,1.0
Corki,Anivia,TOP,2,0.0
Corki,Annie,MIDDLE,2,0.0
Corki,Ashe,BOTTOM,13,0.23076923076923078
Corki,AurelionSol,BOTTOM,2,0.5
Corki,Aurora,MIDDLE,2,1.0
Corki,Aurora,TOP,1,0.0
Corki,Brand,BOTTOM,2,0.0
Corki,Caitlyn,BOTTOM,25,0.64
Corki,Camille,TOP,1,1.0
Corki,Cassiopeia,BOTTOM,3,0.0
Corki,Cassiopeia,TOP,1,0.0
Corki,Darius,TOP,1,0.0
Corki,Diana,MIDDLE,1,0.0
Corki,Diana,TOP,1,0.0
Corki,Draven,BOTTOM,4,0.25
Corki,Ekko,BOTTOM,1,0.0
Corki,Ezreal,BOTTOM,31,0.5483870967741935
Corki,Fiora,TOP,3,0.3333333333333333
Corki,Galio,TOP,1,0.0
Corki,Gnar,TOP,3,1.0
Corki,Gragas,TOP,1,0.0
Corki,Heimerdinger,BOTTOM,1,1.0
Corki,Hwei,BOTTOM,2,0.5
Corki,Irelia,TOP,2,0.0
Corki,Jax,TOP,1,0.0
Corki,Jayce,TOP,4,0.75
Corki,Jhin,BOTTOM,20,0.45
Corki,Jinx,BOTTOM,3,0.6666666666666666
Corki,KSante,TOP,1,1.0
Corki,Kaisa,BOTTOM,19,0.47368421052631576
Corki,Kalista,BOTTOM,5,0.4
Corki,Karthus,BOTTOM,3,0.6666666666666666
Corki,Kassadin,MIDDLE,1,0.0
Corki,Katarina,BOTTOM,1,0.0
Corki,Kennen,TOP,1,0.0
Corki,Kled,MIDDLE,1,0.0
Corki,Kled,TOP,1,0.0
Corki,KogMaw,BOTTOM,2,1.0
Corki,Leblanc,MIDDLE,1,0.0
Corki,Lucian,BOTTOM,19,0.5263157894736842
Corki,Lux,BOTTOM,3,0.6666666666666666
Corki,Lux,MIDDLE,1,1.0
Corki,Malphite,MIDDLE,1,1.0
Corki,Malphite,TOP,1,0.0
Corki,Malzahar,BOTTOM,1,0.0
Corki,Malzahar,MIDDLE,1,0.0
Corki,Mel,BOTTOM,1,0.0
Corki,MissFortune,BOTTOM,1,0.0
Corki,Naafiri,MIDDLE,1,0.0
Corki,Naafiri,TOP,1,0.0
Corki,Nasus,TOP,1,1.0
Corki,Nilah,BOTTOM,1,1.0
Corki,Olaf,TOP,2,0.0
Corki,Orianna,MIDDLE,2,0.0
Corki,Ornn,TOP,1,1.0
Corki,Pantheon,TOP,2,0.5
Corki,Renekton,TOP,1,0.0
Corki,Rengar,BOTTOM,1,1.0
Corki,Rumble,TOP,2,1.0
Corki,Ryze,BOTTOM,1,0.0
Corki,Ryze,MIDDLE,2,1.0
Corki,Samira,BOTTOM,1,0.0
Corki,Senna,BOTTOM,4,0.25
Corki,Sett,TOP,1,0.0
Corki,Shen,TOP,1,1.0
Corki,Singed,BOTTOM,1,1.0
Corki,Sion,MIDDLE,1,1.0
Corki,Sion,TOP,1,0.0
Corki,Sivir,BOTTOM,3,1.0
Corki,Smolder,BOTTOM,6,0.6666666666666666
Corki,Swain,BOTTOM,3,1.0
Corki,Sylas,BOTTOM,1,0.0
Corki,Sylas,TOP,1,1.0
Corki,Syndra,BOTTOM,1,1.0
Corki,Syndra,MIDDLE,1,0.0
Corki,Tristana,BOTTOM,17,0.47058823529411764
Corki,Tristana,TOP,1,0.0
Corki,Trundle,TOP,1,0.0
Corki,Twitch,BOTTOM,2,1.0
Corki,Varus,BOTTOM,3,0.0
Corki,Varus,TOP,1,0.0
Corki,Vayne,BOTTOM,2,0.5
Corki,Vayne,TOP,1,1.0
Corki,Veigar,BOTTOM,2,0.0
Corki,Vex,BOTTOM,1,0.0
Corki,Viego,MIDDLE,1,1.0
Corki,Viktor,BOTTOM,1,1.0
Corki,Viktor,MIDDLE,1,0.0
Corki,Xayah,BOTTOM,6,0.5
Corki,Xerath,BOTTOM,1,0.0
Corki,Xerath,MIDDLE,1,0.0
Corki,Yasuo,BOTTOM,1,0.0
Corki,Yasuo,MIDDLE,1,0.0
Corki,Yasuo,TOP,1,0.0
Corki,Yone,BOTTOM,2,0.5
Corki,Yone,MIDDLE,3,0.6666666666666666
Corki,Yorick,TOP,1,0.0
Corki,Yunara,BOTTOM,34,0.47058823529411764
Corki,Zaahen,TOP,1,0.0
Corki,Zed,MIDDLE,3,0.6666666666666666
Corki,Zeri,BOTTOM,5,1.0
Corki,Ziggs,BOTTOM,1,0.0
Darius,Aatrox,TOP,2,1.0
Darius,Ahri,MIDDLE,2,0.5
Darius,Akali,TOP,1,1.0
Darius,Ambessa,TOP,3,0.3333333333333333
Darius,Anivia,TOP,1,1.0
Darius,Aurora,TOP,3,0.0
Darius,Camille,TOP,6,0.6666666666666666
Darius,Cassiopeia,TOP,2,0.5
Darius,Chogath,TOP,1,1.0
Darius,Corki,TOP,1,1.0
Darius,Diana,JUNGLE,1,1.0
Darius,Ekko,TOP,2,1.0
Darius,Fiora,TOP,2,1.0
Darius,Galio,MIDDLE,2,0.5
Darius,Gangplank,TOP,3,0.3333333333333333
Darius,Garen,TOP,2,0.0
Darius,Gnar,TOP,7,0.42857142857142855
Darius,Gragas,MIDDLE,1,0.0
Darius,Gwen,TOP,1,0.0
Darius,Heimerdinger,TOP,1,1.0
Darius,Irelia,TOP,1,1.0
Darius,JarvanIV,JUNGLE,2,0.0
Darius,Jax,TOP,2,1.0
Darius,Jayce,JUNGLE,1,0.0
Darius,Jayce,TOP,5,0.6
Darius,KSante,TOP,5,0.4
Darius,Kayle,TOP,1,1.0
Darius,Kennen,TOP,5,0.4
Darius,Kled,TOP,4,0.75
Darius,LeeSin,JUNGLE,4,0.25
Darius,Lillia,JUNGLE,1,1.0
Darius,Locke,JUNGLE,1,1.0
Darius,Malphite,TOP,1,1.0
Darius,MasterYi,JUNGLE,1,0.0
Darius,Olaf,TOP,1,1.0
Darius,Ornn,TOP,1,1.0
Darius,Pantheon,TOP,2,0.5
Darius,Poppy,SUPPORT,1,0.0
Darius,Poppy,TOP,2,0.0
Darius,Qiyana,JUNGLE,1,1.0
Darius,Qiyana,MIDDLE,1,1.0
Darius,RekSai,JUNGLE,1,0.0
Darius,Renekton,TOP,3,0.3333333333333333
Darius,Rengar,JUNGLE,1,0.0
Darius,Riven,JUNGLE,1,1.0
Darius,Riven,TOP,3,0.3333333333333333
Darius,Rumble,TOP,6,0.3333333333333333
Darius,Ryze,TOP,1,1.0
Darius,Sejuani,TOP,1,0.0
Darius,Sett,TOP,1,0.0
Darius,Shaco,TOP,1,0.0
Darius,Shen,TOP,1,0.0
Darius,Sion,TOP,3,1.0
Darius,Teemo,TOP,2,0.0
Darius,Trundle,TOP,1,0.0
Darius,Udyr,TOP,2,0.5
Darius,Urgot,TOP,1,1.0
Darius,Varus,TOP,2,1.0
Darius,Vayne,TOP,6,0.6666666666666666
Darius,Vladimir,TOP,1,1.0
Darius,Volibear,TOP,1,0.0
Darius,XinZhao,MIDDLE,1,1.0
Darius,Yasuo,TOP,3,0.3333333333333333
Darius,Yone,TOP,1,0.0
Darius,Zaahen,TOP,2,0.0
Darius,Zilean,TOP,1,0.0
Diana,Aatrox,JUNGLE,2,1.0
Diana,Ahri,MIDDLE,1,0.0
Diana,Akali,MIDDLE,1,0.0
Diana,Ambessa,JUNGLE,2,0.5
Diana,Annie,MIDDLE,1,0.0
Diana,Aurora,MIDDLE,1,0.0
Diana,Belveth,JUNGLE,1,0.0
Diana,Chogath,MIDDLE,1,1.0
Diana,Corki,MIDDLE,1,1.0
Diana,Corki,TOP,1,1.0
Diana,Darius,JUNGLE,1,0.0
Diana,DrMundo,TOP,1,0.0
Diana,Ezreal,BOTTOM,1,1.0
Diana,Fizz,MIDDLE,2,0.5
Diana,Galio,MIDDLE,2,0.5
Diana,Graves,JUNGLE,5,0.6
Diana,Gwen,MIDDLE,1,0.0
Diana,Hwei,MIDDLE,1,1.0
Diana,JarvanIV,JUNGLE,4,0.5
Diana,Jayce,TOP,1,1.0
Diana,Katarina,MIDDLE,2,0.5
Diana,Kayn,JUNGLE,2,1.0
Diana,Kindred,JUNGLE,3,1.0
Diana,Leblanc,MIDDLE,1,1.0
Diana,LeeSin,JUNGLE,2,0.5
Diana,Lillia,JUNGLE,1,1.0
Diana,Locke,MIDDLE,2,0.5
Diana,Lux,MIDDLE,2,0.0
Diana,MasterYi,JUNGLE,2,0.5
Diana,Mel,MIDDLE,1,1.0
Diana,Naafiri,JUNGLE,3,0.6666666666666666
Diana,Nasus,MIDDLE,1,1.0
Diana,Nidalee,JUNGLE,6,0.3333333333333333
Diana,Nocturne,JUNGLE,2,0.0
Diana,Nunu,MIDDLE,1,1.0
Diana,Qiyana,JUNGLE,1,0.0
Diana,Qiyana,MIDDLE,1,1.0
Diana,Quinn,TOP,1,0.0
Diana,RekSai,JUNGLE,1,0.0
Diana,Renekton,TOP,1,0.0
Diana,Rengar,JUNGLE,5,0.8
Diana,Riven,MIDDLE,1,0.0
Diana,Ryze,MIDDLE,4,0.5
Diana,Sejuani,JUNGLE,1,0.0
Diana,Skarner,JUNGLE,1,1.0
Diana,Sylas,JUNGLE,2,0.5
Diana,Sylas,MIDDLE,1,1.0
Diana,Syndra,BOTTOM,1,0.0
Diana,Syndra,MIDDLE,6,0.5
Diana,Talon,JUNGLE,1,0.0
Diana,Talon,MIDDLE,2,0.0
Diana,Tryndamere,MIDDLE,1,0.0
Diana,Vayne,MIDDLE,1,0.0
Diana,Vex,MIDDLE,1,0.0
Diana,Vi,JUNGLE,2,1.0
Diana,Viego,JUNGLE,3,0.6666666666666666
Diana,Viktor,MIDDLE,1,1.0
Diana,XinZhao,JUNGLE,3,0.3333333333333333
Diana,Yasuo,MIDDLE,1,1.0
Diana,Yone,MIDDLE,1,0.0
Diana,Zed,MIDDLE,1,0.0
Diana,Zilean,TOP,1,1.0
Diana,Zoe,MIDDLE,1,0.0
Diana,Zyra,JUNGLE,1,1.0
DrMundo,Aatrox,JUNGLE,3,0.6666666666666666
DrMundo,Aatrox,TOP,4,0.5
DrMundo,Ahri,TOP,1,0.0
DrMundo,Ambessa,JUNGLE,3,0.3333333333333333
DrMundo,Ambessa,TOP,5,0.8
DrMundo,Amumu,JUNGLE,1,1.0
DrMundo,Anivia,TOP,3,0.6666666666666666
DrMundo,Aurora,TOP,1,1.0
DrMundo,Azir,TOP,1,0.0
DrMundo,Belveth,JUNGLE,1,1.0
DrMundo,Camille,TOP,4,0.25
DrMundo,Diana,TOP,1,1.0
DrMundo,Elise,JUNGLE,2,0.5
DrMundo,Elise,SUPPORT,1,0.0
DrMundo,FiddleSticks,JUNGLE,2,1.0
DrMundo,Fiora,TOP,3,0.3333333333333333
DrMundo,Fizz,JUNGLE,1,1.0
DrMundo,Gangplank,TOP,2,0.0
DrMundo,Gragas,TOP,2,0.0
DrMundo,Graves,TOP,1,0.0
DrMundo,Gwen,TOP,4,0.25
DrMundo,Hwei,TOP,1,0.0
DrMundo,Irelia,TOP,1,1.0
DrMundo,Ivern,JUNGLE,1,0.0
DrMundo,JarvanIV,JUNGLE,3,1.0
DrMundo,Jax,TOP,1,1.0
DrMundo,Jayce,TOP,12,0.5
DrMundo,KSante,TOP,2,0.5
DrMundo,Karthus,JUNGLE,2,0.5
DrMundo,Kennen,TOP,1,0.0
DrMundo,Khazix,JUNGLE,2,0.5
DrMundo,Kindred,JUNGLE,1,0.0
DrMundo,Leblanc,SUPPORT,1,0.0
DrMundo,LeeSin,JUNGLE,4,0.0
DrMundo,Lillia,JUNGLE,1,1.0
DrMundo,Lissandra,MIDDLE,1,0.0
DrMundo,Lissandra,TOP,1,1.0
DrMundo,Locke,MIDDLE,1,0.0
DrMundo,Malphite,TOP,6,0.5
DrMundo,Malzahar,TOP,1,1.0
DrMundo,Mordekaiser,TOP,1,1.0
DrMundo,Naafiri,JUNGLE,2,0.0
DrMundo,Nasus,MIDDLE,1,1.0
DrMundo,Nasus,TOP,1,0.0
DrMundo,Nocturne,JUNGLE,6,0.8333333333333334
DrMundo,Nunu,JUNGLE,2,0.5
DrMundo,Olaf,TOP,3,0.6666666666666666
DrMundo,Orianna,MIDDLE,1,0.0
DrMundo,Ornn,TOP,1,1.0
DrMundo,Pantheon,JUNGLE,7,0.2857142857142857
DrMundo,Pantheon,TOP,3,0.6666666666666666
DrMundo,Qiyana,JUNGLE,1,0.0
DrMundo,Quinn,TOP,1,1.0
DrMundo,RekSai,JUNGLE,3,0.6666666666666666
DrMundo,Riven,TOP,1,0.0
DrMundo,Rumble,TOP,1,1.0
DrMundo,Sejuani,JUNGLE,1,0.0
DrMundo,Sejuani,TOP,1,1.0
DrMundo,Sett,TOP,2,1.0
DrMundo,Shaco,JUNGLE,1,0.0
DrMundo,Shen,TOP,3,0.6666666666666666
DrMundo,Shyvana,JUNGLE,1,1.0
DrMundo,Singed,TOP,1,1.0
DrMundo,Skarner,JUNGLE,1,0.0
DrMundo,Sylas,JUNGLE,2,0.5
DrMundo,TahmKench,TOP,1,0.0
DrMundo,Taliyah,JUNGLE,1,1.0
DrMundo,Taric,JUNGLE,1,0.0
DrMundo,Teemo,TOP,1,1.0
DrMundo,Trundle,TOP,1,0.0
DrMundo,Tryndamere,TOP,1,1.0
DrMundo,Vayne,TOP,1,0.0
DrMundo,Vi,JUNGLE,4,0.5
DrMundo,Viego,JUNGLE,1,1.0
DrMundo,Viktor,TOP,2,0.5
DrMundo,XinZhao,JUNGLE,1,1.0
DrMundo,Yone,TOP,2,1.0
DrMundo,Yunara,BOTTOM,1,1.0
DrMundo,Zaahen,JUNGLE,1,1.0
DrMundo,Zaahen,TOP,3,0.6666666666666666
DrMundo,Zac,TOP,1,0.0
DrMundo,Zoe,TOP,2,0.0
DrMundo,Zyra,JUNGLE,2,0.0
Draven,Akshan,BOTTOM,1,1.0
Draven,Ambessa,JUNGLE,1,1.0
Draven,Ambessa,TOP,2,0.5
Draven,Aphelios,BOTTOM,1,0.0
Draven,Ashe,BOTTOM,5,0.4
Draven,AurelionSol,BOTTOM,2,0.5
Draven,Aurora,MIDDLE,1,0.0
Draven,Caitlyn,BOTTOM,12,0.4166666666666667
Draven,Cassiopeia,BOTTOM,2,0.0
Draven,Corki,BOTTOM,4,0.75
Draven,Ezreal,BOTTOM,19,0.3157894736842105
Draven,Heimerdinger,BOTTOM,1,1.0
Draven,Hwei,BOTTOM,4,0.5
Draven,Irelia,TOP,1,1.0
Draven,JarvanIV,JUNGLE,1,1.0
Draven,Jhin,BOTTOM,13,0.3076923076923077
Draven,Jinx,BOTTOM,5,0.6
Draven,Kaisa,BOTTOM,4,0.75
Draven,Kalista,BOTTOM,9,0.3333333333333333
Draven,Karthus,BOTTOM,2,0.5
Draven,Kayle,TOP,1,1.0
Draven,KogMaw,BOTTOM,2,0.0
Draven,LeeSin,JUNGLE,1,1.0
Draven,Lillia,JUNGLE,2,0.0
Draven,Lucian,BOTTOM,5,0.8
Draven,Lux,BOTTOM,1,0.0
Draven,Mel,BOTTOM,1,0.0
Draven,MissFortune,BOTTOM,5,0.2
Draven,Nasus,TOP,1,0.0
Draven,Olaf,TOP,1,0.0
Draven,Quinn,TOP,1,1.0
Draven,Samira,BOTTOM,1,0.0
Draven,Senna,BOTTOM,4,0.5
Draven,Seraphine,BOTTOM,2,0.5
Draven,Sion,TOP,1,1.0
Draven,Sivir,BOTTOM,4,0.5
Draven,Smolder,BOTTOM,2,1.0
Draven,Swain,BOTTOM,2,0.0
Draven,Syndra,MIDDLE,1,0.0
Draven,Tristana,BOTTOM,5,0.8
Draven,Varus,BOTTOM,6,0.3333333333333333
Draven,Varus,TOP,1,1.0
Draven,Vayne,BOTTOM,1,0.0
Draven,Vayne,TOP,2,0.0
Draven,Veigar,BOTTOM,4,0.25
Draven,Viego,JUNGLE,1,0.0
Draven,Viktor,BOTTOM,1,0.0
Draven,Xayah,BOTTOM,2,1.0
Draven,Xerath,BOTTOM,2,0.0
Draven,Yasuo,BOTTOM,1,0.0
Draven,Yone,TOP,1,1.0
Draven,Yorick,TOP,1,1.0
Draven,Yunara,BOTTOM,9,0.6666666666666666
Draven,Zeri,BOTTOM,6,0.5
Draven,Ziggs,BOTTOM,6,0.16666666666666666
Draven,Zilean,BOTTOM,1,1.0
Ekko,Aatrox,JUNGLE,3,0.3333333333333333
Ekko,Aatrox,TOP,1,1.0
Ekko,Ahri,MIDDLE,12,0.75
Ekko,Ahri,TOP,1,0.0
Ekko,Akali,MIDDLE,7,0.5714285714285714
Ekko,Akshan,MIDDLE,1,0.0
Ekko,Alistar,SUPPORT,1,1.0
Ekko,Ambessa,JUNGLE,2,0.5
Ekko,Ambessa,MIDDLE,1,1.0
Ekko,Anivia,MIDDLE,3,0.3333333333333333
Ekko,Anivia,TOP,1,1.0
Ekko,Annie,MIDDLE,3,1.0
Ekko,AurelionSol,MIDDLE,1,1.0
Ekko,Aurora,BOTTOM,1,1.0
Ekko,Aurora,MIDDLE,5,0.8
Ekko,Aurora,TOP,1,0.0
Ekko,Azir,MIDDLE,6,0.6666666666666666
Ekko,Azir,TOP,1,1.0
Ekko,Brand,JUNGLE,1,1.0
Ekko,Caitlyn,BOTTOM,1,1.0
Ekko,Camille,SUPPORT,1,1.0
Ekko,Cassiopeia,BOTTOM,1,0.0
Ekko,Cassiopeia,MIDDLE,1,0.0
Ekko,Chogath,JUNGLE,4,0.75
Ekko,Corki,BOTTOM,1,1.0
Ekko,Darius,TOP,2,0.0
Ekko,Elise,JUNGLE,4,0.25
Ekko,Evelynn,JUNGLE,1,0.0
Ekko,Ezreal,BOTTOM,4,0.25
Ekko,FiddleSticks,JUNGLE,4,0.75
Ekko,Fizz,MIDDLE,3,1.0
Ekko,Galio,MIDDLE,11,0.6363636363636364
Ekko,Gnar,TOP,1,1.0
Ekko,Gragas,TOP,2,1.0
Ekko,Graves,JUNGLE,4,0.5
Ekko,Gwen,JUNGLE,1,1.0
Ekko,Gwen,MIDDLE,1,1.0
Ekko,Hecarim,JUNGLE,6,0.3333333333333333
Ekko,Hwei,MIDDLE,4,0.75
Ekko,Irelia,MIDDLE,1,0.0
Ekko,JarvanIV,JUNGLE,7,0.5714285714285714
Ekko,Jayce,JUNGLE,2,1.0
Ekko,Jayce,MIDDLE,1,0.0
Ekko,Kalista,BOTTOM,2,0.5
Ekko,Karma,SUPPORT,1,1.0
Ekko,Karthus,JUNGLE,3,0.6666666666666666
Ekko,Kassadin,MIDDLE,1,1.0
Ekko,Katarina,MIDDLE,4,0.75
Ekko,Kayle,MIDDLE,2,0.5
Ekko,Kayle,TOP,1,1.0
Ekko,Kayn,JUNGLE,1,1.0
Ekko,Kennen,MIDDLE,1,0.0
Ekko,Kennen,TOP,1,1.0
Ekko,Khazix,JUNGLE,2,1.0
Ekko,KogMaw,BOTTOM,1,1.0
Ekko,KogMaw,MIDDLE,1,1.0
Ekko,Leblanc,MIDDLE,4,0.25
Ekko,LeeSin,JUNGLE,15,0.6666666666666666
Ekko,Lillia,JUNGLE,3,0.3333333333333333
Ekko,Lissandra,MIDDLE,3,0.6666666666666666
Ekko,Locke,MIDDLE,9,0.6666666666666666
Ekko,Lucian,BOTTOM,1,1.0
Ekko,Lucian,MIDDLE,3,0.6666666666666666
Ekko,Lux,MIDDLE,2,0.5
Ekko,Malzahar,MIDDLE,1,1.0
Ekko,MasterYi,JUNGLE,1,0.0
Ekko,Milio,SUPPORT,1,0.0
Ekko,Naafiri,JUNGLE,4,0.0
Ekko,Nasus,MIDDLE,2,0.5
Ekko,Nautilus,SUPPORT,3,0.6666666666666666
Ekko,Nidalee,JUNGLE,2,0.0
Ekko,Nidalee,MIDDLE,1,1.0
Ekko,Nocturne,JUNGLE,6,0.5
Ekko,Nunu,JUNGLE,3,0.6666666666666666
Ekko,Orianna,MIDDLE,11,0.7272727272727273
Ekko,Pantheon,JUNGLE,1,1.0
Ekko,Pantheon,MIDDLE,2,0.5
Ekko,Pantheon,SUPPORT,1,1.0
Ekko,Qiyana,BOTTOM,1,1.0
Ekko,Qiyana,JUNGLE,6,1.0
Ekko,Qiyana,MIDDLE,3,0.3333333333333333
Ekko,Quinn,MIDDLE,2,1.0
Ekko,Rammus,JUNGLE,1,0.0
Ekko,RekSai,JUNGLE,2,0.0
Ekko,RekSai,TOP,1,0.0
Ekko,Ryze,MIDDLE,11,0.45454545454545453
Ekko,Sett,JUNGLE,1,0.0
Ekko,Shaco,JUNGLE,1,0.0
Ekko,Shen,MIDDLE,1,0.0
Ekko,Shyvana,JUNGLE,3,0.3333333333333333
Ekko,Skarner,JUNGLE,1,0.0
Ekko,Swain,BOTTOM,1,1.0
Ekko,Sylas,JUNGLE,3,0.3333333333333333
Ekko,Sylas,MIDDLE,11,0.36363636363636365
Ekko,Syndra,BOTTOM,1,1.0
Ekko,Syndra,MIDDLE,6,0.3333333333333333
Ekko,Taliyah,JUNGLE,3,0.6666666666666666
Ekko,Taliyah,MIDDLE,2,0.5
Ekko,Talon,JUNGLE,5,0.4
Ekko,Talon,MIDDLE,3,1.0
Ekko,Tristana,MIDDLE,1,1.0
Ekko,Trundle,JUNGLE,1,1.0
Ekko,TwistedFate,MIDDLE,5,0.2
Ekko,TwistedFate,TOP,1,0.0
Ekko,Udyr,JUNGLE,1,1.0
Ekko,Varus,TOP,2,0.5
Ekko,Vex,MIDDLE,1,1.0
Ekko,Vi,JUNGLE,5,0.6
Ekko,Viego,JUNGLE,5,0.6
Ekko,Viego,MIDDLE,1,1.0
Ekko,Viktor,MIDDLE,2,0.0
Ekko,Vladimir,MIDDLE,1,1.0
Ekko,Xerath,MIDDLE,3,0.0
Ekko,XinZhao,JUNGLE,3,0.0
Ekko,Yasuo,MIDDLE,5,0.2
Ekko,Yone,MIDDLE,8,0.5
Ekko,Zaahen,JUNGLE,2,1.0
Ekko,Zed,MIDDLE,6,0.6666666666666666
Ekko,Zilean,MIDDLE,1,0.0
Ekko,Zoe,MIDDLE,3,0.3333333333333333
Ekko,Zyra,JUNGLE,3,0.3333333333333333
Elise,Alistar,SUPPORT,2,1.0
Elise,Ambessa,JUNGLE,1,1.0
Elise,Amumu,SUPPORT,1,0.0
Elise,Anivia,SUPPORT,4,0.25
Elise,Bard,SUPPORT,17,0.6470588235294118
Elise,Belveth,JUNGLE,1,0.0
Elise,Blitzcrank,SUPPORT,2,0.0
Elise,Braum,SUPPORT,1,1.0
Elise,Briar,JUNGLE,2,1.0
Elise,Camille,SUPPORT,2,0.5
Elise,Camille,TOP,1,1.0
Elise,Chogath,JUNGLE,1,1.0
Elise,DrMundo,JUNGLE,2,0.5
Elise,DrMundo,SUPPORT,1,1.0
Elise,Ekko,JUNGLE,4,0.75
Elise,FiddleSticks,JUNGLE,1,1.0
Elise,Galio,SUPPORT,1,0.0
Elise,Graves,JUNGLE,5,0.2
Elise,Hecarim,JUNGLE,6,0.6666666666666666
Elise,Ivern,JUNGLE,2,0.5
Elise,JarvanIV,JUNGLE,2,1.0
Elise,Jayce,JUNGLE,1,1.0
Elise,Karma,SUPPORT,13,0.5384615384615384
Elise,Karthus,JUNGLE,1,1.0
Elise,Kayn,JUNGLE,4,0.75
Elise,Khazix,JUNGLE,5,0.6
Elise,Kindred,JUNGLE,3,0.6666666666666666
Elise,KogMaw,JUNGLE,1,0.0
Elise,Leblanc,SUPPORT,1,1.0
Elise,LeeSin,JUNGLE,17,0.7058823529411765
Elise,Leona,SUPPORT,6,0.8333333333333334
Elise,Lulu,SUPPORT,9,0.5555555555555556
Elise,Maokai,JUNGLE,1,0.0
Elise,MasterYi,JUNGLE,1,0.0
Elise,Milio,SUPPORT,2,0.0
Elise,MonkeyKing,JUNGLE,4,0.5
Elise,Naafiri,JUNGLE,3,0.6666666666666666
Elise,Nami,SUPPORT,3,0.6666666666666666
Elise,Nautilus,SUPPORT,6,0.3333333333333333
Elise,Neeko,SUPPORT,4,0.75
Elise,Nidalee,JUNGLE,10,0.6
Elise,Nocturne,JUNGLE,1,0.0
Elise,Nunu,JUNGLE,1,1.0
Elise,Olaf,JUNGLE,2,0.5
Elise,Pantheon,JUNGLE,4,0.5
Elise,Pantheon,SUPPORT,4,0.5
Elise,Pyke,SUPPORT,13,0.5384615384615384
Elise,Qiyana,JUNGLE,2,0.5
Elise,Quinn,JUNGLE,2,0.5
Elise,Rakan,SUPPORT,5,0.6
Elise,RekSai,JUNGLE,3,0.0
Elise,Rell,SUPPORT,3,0.6666666666666666
Elise,Rengar,JUNGLE,3,0.6666666666666666
Elise,Riven,JUNGLE,1,0.0
Elise,Rumble,JUNGLE,1,1.0
Elise,Sejuani,JUNGLE,1,0.0
Elise,Senna,SUPPORT,2,1.0
Elise,Seraphine,SUPPORT,3,0.6666666666666666
Elise,Shen,JUNGLE,1,0.0
Elise,Shen,SUPPORT,1,1.0
Elise,Sivir,BOTTOM,1,1.0
Elise,Skarner,JUNGLE,3,0.6666666666666666
Elise,Skarner,SUPPORT,1,0.0
Elise,Sona,SUPPORT,4,0.5
Elise,Soraka,SUPPORT,1,1.0
Elise,Sylas,JUNGLE,3,0.3333333333333333
Elise,Sylas,SUPPORT,1,0.0
Elise,Syndra,MIDDLE,1,1.0
Elise,Taliyah,SUPPORT,1,1.0
Elise,Talon,JUNGLE,7,0.7142857142857143
Elise,Taric,SUPPORT,1,1.0
Elise,Thresh,SUPPORT,3,0.6666666666666666
Elise,Tristana,BOTTOM,1,0.0
Elise,Tristana,MIDDLE,1,1.0
Elise,Trundle,TOP,1,0.0
Elise,TwistedFate,MIDDLE,1,1.0
Elise,Vayne,TOP,1,1.0
Elise,Veigar,BOTTOM,1,0.0
Elise,Vi,JUNGLE,1,1.0
Elise,Viego,JUNGLE,7,0.42857142857142855
Elise,XinZhao,JUNGLE,5,0.0
Elise,Yasuo,TOP,1,0.0
Elise,Yone,MIDDLE,1,0.0
Elise,Yone,TOP,1,1.0
Elise,Zaahen,JUNGLE,1,0.0
Elise,Zac,JUNGLE,1,0.0
Elise,Zilean,SUPPORT,1,0.0
Elise,Zoe,SUPPORT,2,1.0
Elise,Zyra,JUNGLE,1,1.0
Evelynn,Aatrox,JUNGLE,1,1.0
Evelynn,Ambessa,JUNGLE,4,0.75
Evelynn,Belveth,JUNGLE,1,0.0
Evelynn,Ekko,JUNGLE,1,1.0
Evelynn,Galio,MIDDLE,1,0.0
Evelynn,Hecarim,JUNGLE,3,0.6666666666666666
Evelynn,JarvanIV,JUNGLE,6,0.0
Evelynn,Jayce,JUNGLE,1,0.0
Evelynn,Karthus,JUNGLE,3,0.3333333333333333
Evelynn,Kayn,JUNGLE,1,1.0
Evelynn,Khazix,JUNGLE,2,1.0
Evelynn,Kindred,JUNGLE,2,0.0
Evelynn,LeeSin,JUNGLE,4,0.25
Evelynn,Lillia,JUNGLE,1,1.0
Evelynn,Morgana,JUNGLE,1,1.0
Evelynn,Nidalee,JUNGLE,1,1.0
Evelynn,Nocturne,JUNGLE,6,0.3333333333333333
Evelynn,Olaf,JUNGLE,1,1.0
Evelynn,Poppy,JUNGLE,1,0.0
Evelynn,RekSai,JUNGLE,1,0.0
Evelynn,Rengar,JUNGLE,1,0.0
Evelynn,Senna,SUPPORT,1,1.0
Evelynn,Shaco,JUNGLE,1,0.0
Evelynn,Shyvana,JUNGLE,1,1.0
Evelynn,Sylas,JUNGLE,1,0.0
Evelynn,Taliyah,JUNGLE,1,1.0
Evelynn,Talon,JUNGLE,1,0.0
Evelynn,Vi,JUNGLE,1,0.0
Evelynn,Volibear,JUNGLE,1,1.0
Evelynn,XinZhao,JUNGLE,2,0.5
Evelynn,Yone,TOP,1,0.0
Evelynn,Zaahen,JUNGLE,2,0.0
Evelynn,Zyra,JUNGLE,1,1.0
Ezreal,Ahri,MIDDLE,2,0.0
Ezreal,Akali,BOTTOM,1,0.0
Ezreal,Akali,MIDDLE,1,0.0
Ezreal,Anivia,BOTTOM,3,1.0
Ezreal,Anivia,MIDDLE,1,1.0
Ezreal,Anivia,SUPPORT,1,0.0
Ezreal,Annie,MIDDLE,3,0.3333333333333333
Ezreal,Aphelios,BOTTOM,11,0.5454545454545454
Ezreal,Ashe,BOTTOM,56,0.42857142857142855
Ezreal,AurelionSol,BOTTOM,2,0.0
Ezreal,Aurora,BOTTOM,1,1.0
Ezreal,Azir,BOTTOM,1,0.0
Ezreal,Bard,SUPPORT,2,0.0
Ezreal,Blitzcrank,SUPPORT,1,0.0
Ezreal,Brand,BOTTOM,8,0.5
Ezreal,Caitlyn,BOTTOM,90,0.5111111111111111
Ezreal,Cassiopeia,BOTTOM,5,0.8
Ezreal,Corki,BOTTOM,31,0.45161290322580644
Ezreal,Diana,BOTTOM,1,0.0
Ezreal,Draven,BOTTOM,19,0.6842105263157895
Ezreal,Ekko,BOTTOM,4,0.75
Ezreal,Fiora,BOTTOM,1,0.0
Ezreal,Gragas,MIDDLE,1,0.0
Ezreal,Graves,MIDDLE,1,1.0
Ezreal,Heimerdinger,BOTTOM,2,0.5
Ezreal,Hwei,BOTTOM,10,0.3
Ezreal,JarvanIV,JUNGLE,1,0.0
Ezreal,Jax,TOP,1,0.0
Ezreal,Jayce,BOTTOM,2,0.5
Ezreal,Jayce,TOP,1,1.0
Ezreal,Jhin,BOTTOM,119,0.453781512605042
Ezreal,Jhin,SUPPORT,1,1.0
Ezreal,Jinx,BOTTOM,13,0.46153846153846156
Ezreal,Kaisa,BOTTOM,92,0.44565217391304346
Ezreal,Kalista,BOTTOM,29,0.5517241379310345
Ezreal,Karma,BOTTOM,1,1.0
Ezreal,Karma,SUPPORT,1,0.0
Ezreal,Karthus,BOTTOM,14,0.35714285714285715
Ezreal,Kassadin,MIDDLE,1,0.0
Ezreal,Katarina,BOTTOM,4,0.25
Ezreal,Katarina,MIDDLE,1,1.0
Ezreal,KogMaw,BOTTOM,5,0.6
Ezreal,Leblanc,BOTTOM,1,0.0
Ezreal,LeeSin,BOTTOM,1,1.0
Ezreal,LeeSin,JUNGLE,2,0.0
Ezreal,Lucian,BOTTOM,61,0.5409836065573771
Ezreal,Lux,BOTTOM,8,0.625
Ezreal,Malzahar,BOTTOM,1,0.0
Ezreal,Mel,BOTTOM,15,0.5333333333333333
Ezreal,MissFortune,BOTTOM,21,0.3333333333333333
Ezreal,Nami,SUPPORT,1,0.0
Ezreal,Nautilus,BOTTOM,1,1.0
Ezreal,Nautilus,SUPPORT,1,1.0
Ezreal,Nilah,BOTTOM,1,1.0
Ezreal,Pantheon,BOTTOM,1,0.0
Ezreal,Poppy,TOP,1,0.0
Ezreal,Qiyana,BOTTOM,2,0.0
Ezreal,Rakan,SUPPORT,1,0.0
Ezreal,Riven,MIDDLE,1,1.0
Ezreal,Samira,BOTTOM,3,0.3333333333333333
Ezreal,Senna,BOTTOM,14,0.5
Ezreal,Seraphine,BOTTOM,3,0.3333333333333333
Ezreal,Seraphine,SUPPORT,1,1.0
Ezreal,Sett,TOP,1,1.0
Ezreal,Shen,BOTTOM,1,1.0
Ezreal,Sion,BOTTOM,1,0.0
Ezreal,Sion,TOP,1,1.0
Ezreal,Sivir,BOTTOM,68,0.45588235294117646
Ezreal,Smolder,BOTTOM,6,0.3333333333333333
Ezreal,Swain,BOTTOM,3,0.0
Ezreal,Sylas,BOTTOM,1,1.0
Ezreal,Syndra,BOTTOM,11,0.2727272727272727
Ezreal,Tristana,BOTTOM,25,0.56
Ezreal,Twitch,BOTTOM,4,0.5
Ezreal,Varus,BOTTOM,38,0.7105263157894737
Ezreal,Vayne,BOTTOM,18,0.4444444444444444
Ezreal,Veigar,BOTTOM,6,0.6666666666666666
Ezreal,Velkoz,BOTTOM,10,0.5
Ezreal,Vex,BOTTOM,2,1.0
Ezreal,Vex,MIDDLE,1,1.0
Ezreal,Viktor,BOTTOM,6,0.6666666666666666
Ezreal,Vladimir,BOTTOM,7,0.42857142857142855
Ezreal,Xayah,BOTTOM,5,0.4
Ezreal,Xerath,BOTTOM,8,0.125
Ezreal,Yasuo,BOTTOM,17,0.47058823529411764
Ezreal,Yone,BOTTOM,2,0.0
Ezreal,Yunara,BOTTOM,86,0.4883720930232558
Ezreal,Zed,BOTTOM,1,0.0
Ezreal,Zeri,BOTTOM,15,0.5333333333333333
Ezreal,Ziggs,BOTTOM,3,0.3333333333333333
Ezreal,Zilean,BOTTOM,3,0.3333333333333333
Ezreal,Zyra,BOTTOM,6,0.5
FiddleSticks,Aatrox,JUNGLE,2,0.5
FiddleSticks,Ahri,MIDDLE,1,1.0
FiddleSticks,Alistar,SUPPORT,1,1.0
FiddleSticks,Ambessa,JUNGLE,6,0.5
FiddleSticks,Ambessa,TOP,1,1.0
FiddleSticks,Amumu,SUPPORT,1,0.0
FiddleSticks,Anivia,MIDDLE,1,1.0
FiddleSticks,Anivia,TOP,1,1.0
FiddleSticks,Aurora,MIDDLE,1,0.0
FiddleSticks,Bard,SUPPORT,4,0.0
FiddleSticks,Belveth,JUNGLE,3,1.0
FiddleSticks,Braum,SUPPORT,1,1.0
FiddleSticks,Briar,JUNGLE,1,1.0
FiddleSticks,Chogath,JUNGLE,1,1.0
FiddleSticks,Chogath,TOP,1,0.0
FiddleSticks,DrMundo,JUNGLE,2,0.0
FiddleSticks,Ekko,JUNGLE,4,0.25
FiddleSticks,Elise,JUNGLE,1,0.0
FiddleSticks,Fizz,MIDDLE,1,1.0
FiddleSticks,Graves,JUNGLE,6,0.5
FiddleSticks,Ivern,JUNGLE,2,0.5
FiddleSticks,Janna,SUPPORT,2,0.0
FiddleSticks,JarvanIV,JUNGLE,13,0.46153846153846156
FiddleSticks,Karma,SUPPORT,1,0.0
FiddleSticks,Karthus,JUNGLE,1,1.0
FiddleSticks,Kayn,JUNGLE,3,0.3333333333333333
FiddleSticks,Khazix,JUNGLE,2,0.5
FiddleSticks,LeeSin,JUNGLE,11,0.7272727272727273
FiddleSticks,Leona,SUPPORT,1,1.0
FiddleSticks,Lillia,JUNGLE,2,0.5
FiddleSticks,Lulu,SUPPORT,2,0.5
FiddleSticks,Maokai,SUPPORT,1,1.0
FiddleSticks,MasterYi,JUNGLE,2,1.0
FiddleSticks,Naafiri,JUNGLE,2,1.0
FiddleSticks,Nautilus,SUPPORT,2,0.5
FiddleSticks,Nidalee,JUNGLE,7,0.2857142857142857
FiddleSticks,Nocturne,JUNGLE,1,0.0
FiddleSticks,Olaf,JUNGLE,2,0.5
FiddleSticks,Pantheon,JUNGLE,2,1.0
FiddleSticks,Pantheon,SUPPORT,2,0.5
FiddleSticks,Rammus,JUNGLE,1,0.0
FiddleSticks,RekSai,JUNGLE,1,1.0
FiddleSticks,Renata,SUPPORT,1,1.0
FiddleSticks,Renekton,TOP,1,1.0
FiddleSticks,Rengar,JUNGLE,4,0.25
FiddleSticks,Riven,JUNGLE,1,0.0
FiddleSticks,Shaco,JUNGLE,1,0.0
FiddleSticks,Shyvana,JUNGLE,1,0.0
FiddleSticks,Sona,SUPPORT,1,0.0
FiddleSticks,Swain,SUPPORT,1,0.0
FiddleSticks,Sylas,JUNGLE,3,1.0
FiddleSticks,Sylas,MIDDLE,1,1.0
FiddleSticks,Thresh,SUPPORT,1,1.0
FiddleSticks,Varus,TOP,1,1.0
FiddleSticks,Vi,JUNGLE,2,0.0
FiddleSticks,Viego,JUNGLE,1,0.0
FiddleSticks,Viktor,MIDDLE,1,0.0
FiddleSticks,Volibear,TOP,1,0.0
FiddleSticks,XinZhao,JUNGLE,5,0.2
FiddleSticks,Zac,JUNGLE,1,1.0
FiddleSticks,Zoe,MIDDLE,1,0.0
FiddleSticks,Zyra,JUNGLE,3,0.6666666666666666
Fiora,Aatrox,TOP,4,0.25
Fiora,Alistar,SUPPORT,1,1.0
Fiora,Ambessa,TOP,8,0.75
Fiora,Anivia,MIDDLE,1,1.0
Fiora,Anivia,TOP,3,0.6666666666666666
Fiora,Aurora,TOP,1,0.0
Fiora,Azir,MIDDLE,1,0.0
Fiora,Bard,TOP,1,1.0
Fiora,Caitlyn,TOP,1,0.0
Fiora,Camille,TOP,12,0.4166666666666667
Fiora,Chogath,JUNGLE,1,1.0
Fiora,Chogath,TOP,1,0.0
Fiora,Corki,TOP,3,0.6666666666666666
Fiora,Darius,TOP,2,0.0
Fiora,DrMundo,TOP,3,0.6666666666666666
Fiora,Ezreal,BOTTOM,1,1.0
Fiora,Fizz,BOTTOM,1,1.0
Fiora,Fizz,TOP,1,0.0
Fiora,Gangplank,TOP,6,0.6666666666666666
Fiora,Garen,TOP,1,0.0
Fiora,Gnar,TOP,11,0.6363636363636364
Fiora,Gragas,TOP,3,1.0
Fiora,Gwen,TOP,2,0.5
Fiora,Irelia,TOP,9,0.4444444444444444
Fiora,Janna,TOP,1,1.0
Fiora,Jax,TOP,6,0.6666666666666666
Fiora,Jayce,TOP,6,0.3333333333333333
Fiora,KSante,TOP,9,0.7777777777777778
Fiora,Kaisa,TOP,1,0.0
Fiora,Kalista,BOTTOM,1,0.0
Fiora,Kayle,TOP,1,0.0
Fiora,Kennen,TOP,11,0.6363636363636364
Fiora,Kled,TOP,1,0.0
Fiora,Leblanc,TOP,1,1.0
Fiora,Lissandra,TOP,3,0.6666666666666666
Fiora,Lucian,TOP,1,0.0
Fiora,Malphite,TOP,3,0.3333333333333333
Fiora,Mel,MIDDLE,1,0.0
Fiora,Milio,TOP,1,0.0
Fiora,Olaf,TOP,2,0.5
Fiora,Orianna,MIDDLE,1,0.0
Fiora,Ornn,TOP,3,0.6666666666666666
Fiora,Pantheon,TOP,5,0.2
Fiora,Poppy,TOP,1,0.0
Fiora,Qiyana,MIDDLE,1,0.0
Fiora,Qiyana,TOP,1,0.0
Fiora,Quinn,TOP,1,0.0
Fiora,Renekton,TOP,20,0.5
Fiora,Rengar,TOP,4,0.5
Fiora,Riven,TOP,2,0.5
Fiora,Rumble,TOP,2,0.5
Fiora,Ryze,MIDDLE,1,1.0
Fiora,Sett,TOP,2,1.0
Fiora,Shyvana,TOP,1,0.0
Fiora,Singed,TOP,4,0.25
Fiora,Sion,TOP,1,0.0
Fiora,Skarner,TOP,1,0.0
Fiora,Soraka,TOP,1,0.0
Fiora,Swain,TOP,2,0.0
Fiora,Sylas,TOP,1,0.0
Fiora,TahmKench,TOP,1,0.0
Fiora,Teemo,TOP,3,1.0
Fiora,TwistedFate,TOP,2,1.0
Fiora,Udyr,TOP,4,1.0
Fiora,Urgot,TOP,4,0.25
Fiora,Varus,TOP,7,0.42857142857142855
Fiora,Vayne,TOP,14,0.5
Fiora,Veigar,BOTTOM,1,1.0
Fiora,Vladimir,TOP,1,1.0
Fiora,Volibear,TOP,2,0.0
Fiora,Warwick,TOP,2,0.0
Fiora,Yasuo,TOP,8,0.375
Fiora,Yone,TOP,5,0.2
Fiora,Yorick,TOP,5,0.4
Fiora,Zaahen,TOP,4,0.75
Fiora,Zac,TOP,1,0.0
Fiora,Zed,MIDDLE,1,1.0
Fiora,Zeri,TOP,1,1.0
Fizz,Ahri,MIDDLE,3,0.6666666666666666
Fizz,Akali,MIDDLE,3,0.0
Fizz,Akshan,MIDDLE,2,0.0
Fizz,Akshan,TOP,1,0.0
Fizz,Ambessa,JUNGLE,2,0.0
Fizz,Annie,MIDDLE,2,0.0
Fizz,AurelionSol,MIDDLE,1,0.0
Fizz,Aurora,MIDDLE,3,0.6666666666666666
Fizz,Azir,MIDDLE,2,0.0
Fizz,Chogath,JUNGLE,1,0.0
Fizz,Diana,MIDDLE,2,0.5
Fizz,DrMundo,JUNGLE,1,0.0
Fizz,Ekko,MIDDLE,3,0.0
Fizz,FiddleSticks,MIDDLE,1,0.0
Fizz,Fiora,BOTTOM,1,0.0
Fizz,Fiora,TOP,1,1.0
Fizz,Galio,MIDDLE,4,0.75
Fizz,Garen,MIDDLE,1,1.0
Fizz,Graves,JUNGLE,1,0.0
Fizz,Gwen,MIDDLE,1,0.0
Fizz,Hecarim,JUNGLE,1,0.0
Fizz,Hwei,MIDDLE,2,0.5
Fizz,Irelia,MIDDLE,1,1.0
Fizz,Irelia,TOP,2,0.5
Fizz,JarvanIV,JUNGLE,2,0.5
Fizz,Jayce,TOP,1,0.0
Fizz,Kalista,BOTTOM,1,1.0
Fizz,Karthus,JUNGLE,1,1.0
Fizz,Kassadin,MIDDLE,1,0.0
Fizz,Katarina,MIDDLE,2,0.5
Fizz,Kayle,MIDDLE,1,0.0
Fizz,Kindred,JUNGLE,1,0.0
Fizz,Leblanc,MIDDLE,2,0.5
Fizz,LeeSin,JUNGLE,2,1.0
Fizz,Lissandra,MIDDLE,4,0.75
Fizz,Locke,MIDDLE,3,1.0
Fizz,Naafiri,MIDDLE,1,0.0
Fizz,Nidalee,JUNGLE,1,0.0
Fizz,Nocturne,JUNGLE,1,1.0
Fizz,Orianna,MIDDLE,7,0.14285714285714285
Fizz,Qiyana,MIDDLE,6,0.5
Fizz,Renekton,MIDDLE,1,1.0
Fizz,Renekton,TOP,1,1.0
Fizz,Ryze,MIDDLE,4,0.25
Fizz,Shyvana,JUNGLE,1,1.0
Fizz,Sion,MIDDLE,1,1.0
Fizz,Sion,TOP,1,1.0
Fizz,Sylas,MIDDLE,4,0.75
Fizz,Syndra,MIDDLE,2,0.0
Fizz,Taliyah,MIDDLE,1,0.0
Fizz,Talon,JUNGLE,1,1.0
Fizz,Talon,MIDDLE,2,0.5
Fizz,TwistedFate,MIDDLE,2,0.5
Fizz,Udyr,JUNGLE,1,1.0
Fizz,Varus,TOP,1,1.0
Fizz,Viego,JUNGLE,2,1.0
Fizz,Viktor,MIDDLE,2,0.0
Fizz,Vladimir,MIDDLE,1,0.0
Fizz,Xerath,MIDDLE,1,0.0
Fizz,Yasuo,MIDDLE,2,0.5
Fizz,Yasuo,TOP,1,0.0
Fizz,Yone,MIDDLE,2,0.5
Fizz,Zac,JUNGLE,1,0.0
Fizz,Zed,MIDDLE,1,1.0
Fizz,Zoe,MIDDLE,4,0.5
Galio,Ahri,MIDDLE,10,0.3
Galio,Akali,MIDDLE,9,0.5555555555555556
Galio,Akali,TOP,1,1.0
Galio,Akshan,MIDDLE,2,1.0
Galio,Alistar,SUPPORT,1,0.0
Galio,Annie,MIDDLE,13,0.6923076923076923
Galio,Annie,SUPPORT,1,0.0
Galio,AurelionSol,MIDDLE,2,0.5
Galio,Aurora,MIDDLE,10,0.6
Galio,Azir,MIDDLE,3,1.0
Galio,Bard,SUPPORT,1,0.0
Galio,Brand,MIDDLE,1,1.0
Galio,Caitlyn,MIDDLE,1,0.0
Galio,Camille,TOP,1,1.0
Galio,Cassiopeia,MIDDLE,3,0.0
Galio,Corki,TOP,1,1.0
Galio,Darius,MIDDLE,2,0.5
Galio,Diana,MIDDLE,2,0.5
Galio,Ekko,MIDDLE,11,0.36363636363636365
Galio,Elise,SUPPORT,1,1.0
Galio,Evelynn,MIDDLE,1,1.0
Galio,Fizz,MIDDLE,4,0.25
Galio,Gragas,MIDDLE,1,0.0
Galio,Hwei,MIDDLE,4,0.0
Galio,Illaoi,MIDDLE,1,0.0
Galio,Irelia,MIDDLE,2,0.5
Galio,JarvanIV,MIDDLE,1,0.0
Galio,Jayce,MIDDLE,1,1.0
Galio,KSante,MIDDLE,1,1.0
Galio,Karma,SUPPORT,1,1.0
Galio,Kassadin,MIDDLE,2,1.0
Galio,Kassadin,TOP,1,0.0
Galio,Katarina,MIDDLE,9,0.5555555555555556
Galio,Kayle,MIDDLE,2,0.5
Galio,Kayn,MIDDLE,1,0.0
Galio,KogMaw,TOP,1,1.0
Galio,Leblanc,MIDDLE,7,0.2857142857142857
Galio,Leona,SUPPORT,1,1.0
Galio,Lissandra,MIDDLE,3,1.0
Galio,Locke,MIDDLE,9,0.3333333333333333
Galio,Locke,TOP,1,1.0
Galio,Lucian,MIDDLE,2,0.5
Galio,Lulu,SUPPORT,1,1.0
Galio,Lux,MIDDLE,2,0.5
Galio,Lux,SUPPORT,1,0.0
Galio,Malzahar,MIDDLE,2,1.0
Galio,Mel,MIDDLE,1,0.0
Galio,Morgana,SUPPORT,1,1.0
Galio,Nami,SUPPORT,1,0.0
Galio,Nasus,MIDDLE,2,0.0
Galio,Nautilus,SUPPORT,1,1.0
Galio,Nidalee,MIDDLE,1,1.0
Galio,Orianna,MIDDLE,13,0.5384615384615384
Galio,Qiyana,MIDDLE,4,0.75
Galio,Quinn,MIDDLE,1,0.0
Galio,Rakan,SUPPORT,1,1.0
Galio,Rell,SUPPORT,1,0.0
Galio,Rumble,TOP,4,0.25
Galio,Ryze,MIDDLE,5,0.2
Galio,Smolder,MIDDLE,7,0.7142857142857143
Galio,Sona,SUPPORT,1,0.0
Galio,Sylas,MIDDLE,5,0.2
Galio,Syndra,MIDDLE,12,0.4166666666666667
Galio,Taliyah,MIDDLE,4,0.0
Galio,Taliyah,SUPPORT,1,0.0
Galio,Talon,MIDDLE,2,0.0
Galio,Tristana,MIDDLE,2,0.5
Galio,TwistedFate,MIDDLE,7,0.42857142857142855
Galio,Varus,MIDDLE,1,0.0
Galio,Vex,MIDDLE,1,1.0
Galio,Viego,MIDDLE,2,0.5
Galio,Viktor,MIDDLE,5,0.8
Galio,Vladimir,MIDDLE,2,0.5
Galio,Xerath,MIDDLE,3,0.3333333333333333
Galio,Xerath,SUPPORT,1,0.0
Galio,Yasuo,MIDDLE,3,0.3333333333333333
Galio,Yone,MIDDLE,7,0.5714285714285714
Galio,Yone,TOP,1,1.0
Galio,Zed,MIDDLE,2,1.0
Galio,Zeri,MIDDLE,1,0.0
Galio,Ziggs,MIDDLE,1,1.0
Galio,Zoe,MIDDLE,7,0.5714285714285714
Galio,Zyra,MIDDLE,1,0.0
Gangplank,Aatrox,TOP,8,0.75
Gangplank,Ahri,MIDDLE,2,0.0
Gangplank,Ambessa,TOP,6,0.6666666666666666
Gangplank,Anivia,TOP,1,1.0
Gangplank,Aurora,TOP,3,0.3333333333333333
Gangplank,Azir,TOP,1,0.0
Gangplank,Caitlyn,TOP,1,0.0
Gangplank,Camille,TOP,5,0.2
Gangplank,Cassiopeia,TOP,2,0.5
Gangplank,Darius,TOP,3,0.6666666666666666
Gangplank,DrMundo,TOP,2,1.0
Gangplank,Fiora,TOP,6,0.3333333333333333
Gangplank,Garen,TOP,5,0.0
Gangplank,Gnar,TOP,9,0.4444444444444444
Gangplank,Gragas,TOP,3,0.0
Gangplank,Gwen,MIDDLE,1,0.0
Gangplank,Gwen,TOP,4,0.25
Gangplank,Hwei,MIDDLE,1,0.0
Gangplank,Irelia,TOP,4,0.25
Gangplank,Ivern,TOP,1,0.0
Gangplank,Janna,TOP,1,0.0
Gangplank,Jax,TOP,5,0.4
Gangplank,Jayce,MIDDLE,1,1.0
Gangplank,Jayce,TOP,5,0.0
Gangplank,KSante,MIDDLE,1,1.0
Gangplank,KSante,TOP,11,0.5454545454545454
Gangplank,Kassadin,MIDDLE,1,1.0
Gangplank,Kayle,TOP,1,0.0
Gangplank,Kennen,TOP,3,0.6666666666666666
Gangplank,Kled,TOP,5,0.2
Gangplank,Lucian,TOP,1,1.0
Gangplank,Malphite,TOP,2,1.0
Gangplank,Mordekaiser,TOP,2,0.5
Gangplank,Naafiri,TOP,1,1.0
Gangplank,Nasus,TOP,1,0.0
Gangplank,Olaf,TOP,4,1.0
Gangplank,Ornn,TOP,3,0.0
Gangplank,Pantheon,TOP,3,0.6666666666666666
Gangplank,Poppy,TOP,2,0.5
Gangplank,Quinn,TOP,3,0.3333333333333333
Gangplank,Renekton,TOP,4,0.5
Gangplank,Rengar,TOP,1,0.0
Gangplank,Riven,TOP,2,0.5
Gangplank,Rumble,TOP,6,0.3333333333333333
Gangplank,Sett,TOP,2,0.5
Gangplank,Shen,TOP,3,0.6666666666666666
Gangplank,Singed,TOP,3,1.0
Gangplank,Sion,TOP,2,0.0
Gangplank,Skarner,TOP,1,1.0
Gangplank,Soraka,TOP,1,0.0
Gangplank,Sylas,TOP,1,0.0
Gangplank,Syndra,MIDDLE,3,0.3333333333333333
Gangplank,TahmKench,TOP,1,1.0
Gangplank,Teemo,TOP,3,0.6666666666666666
Gangplank,Tristana,TOP,2,0.5
Gangplank,Trundle,TOP,2,1.0
Gangplank,Tryndamere,TOP,4,0.5
Gangplank,TwistedFate,TOP,1,0.0
Gangplank,Udyr,TOP,1,0.0
Gangplank,Urgot,TOP,1,1.0
Gangplank,Varus,TOP,2,0.5
Gangplank,Vayne,TOP,4,1.0
Gangplank,Vi,TOP,1,0.0
Gangplank,Viktor,MIDDLE,2,1.0
Gangplank,Vladimir,TOP,2,0.0
Gangplank,Xerath,MIDDLE,1,0.0
Gangplank,XinZhao,TOP,1,1.0
Gangplank,Yasuo,MIDDLE,1,0.0
Gangplank,Yasuo,TOP,4,0.75
Gangplank,Yone,TOP,4,0.75
Gangplank,Yorick,TOP,2,0.0
Gangplank,Zaahen,TOP,3,0.6666666666666666
Gangplank,Zac,TOP,1,1.0
Gangplank,Zeri,MIDDLE,1,1.0
Garen,Aatrox,TOP,2,0.5
Garen,Akshan,MIDDLE,1,0.0
Garen,Ambessa,JUNGLE,1,0.0
Garen,Ambessa,TOP,2,0.5
Garen,Anivia,MIDDLE,1,0.0
Garen,Anivia,TOP,1,1.0
Garen,Annie,MIDDLE,1,1.0
Garen,Ashe,BOTTOM,1,0.0
Garen,Aurora,MIDDLE,1,0.0
Garen,Aurora,TOP,1,1.0
Garen,Camille,TOP,7,0.5714285714285714
Garen,Cassiopeia,MIDDLE,1,0.0
Garen,Chogath,TOP,1,1.0
Garen,Darius,TOP,2,1.0
Garen,Fiora,TOP,1,1.0
Garen,Fizz,MIDDLE,1,0.0
Garen,Gangplank,TOP,5,1.0
Garen,Gnar,TOP,3,0.0
Garen,Gragas,TOP,4,0.25
Garen,Irelia,TOP,1,1.0
Garen,Jax,TOP,8,0.5
Garen,Jayce,TOP,6,0.5
Garen,KSante,TOP,9,0.5555555555555556
Garen,Kalista,TOP,1,1.0
Garen,Katarina,MIDDLE,1,0.0
Garen,Kayle,TOP,5,0.2
Garen,Kennen,MIDDLE,1,0.0
Garen,LeeSin,MIDDLE,1,1.0
Garen,LeeSin,TOP,1,1.0
Garen,Locke,TOP,1,0.0
Garen,Malphite,TOP,1,1.0
Garen,Mordekaiser,TOP,1,0.0
Garen,Nasus,BOTTOM,1,1.0
Garen,Olaf,BOTTOM,1,1.0
Garen,Olaf,TOP,3,0.3333333333333333
Garen,Ornn,TOP,2,0.5
Garen,Pantheon,TOP,2,0.5
Garen,Poppy,TOP,1,1.0
Garen,Qiyana,MIDDLE,1,1.0
Garen,Qiyana,TOP,2,0.0
Garen,Quinn,TOP,1,1.0
Garen,Riven,TOP,3,0.6666666666666666
Garen,Rumble,TOP,3,0.3333333333333333
Garen,Ryze,MIDDLE,1,0.0
Garen,Sett,TOP,1,1.0
Garen,Shen,TOP,2,0.0
Garen,Singed,TOP,4,0.75
Garen,Sion,TOP,1,1.0
Garen,Syndra,BOTTOM,1,1.0
Garen,Syndra,MIDDLE,1,0.0
Garen,TahmKench,TOP,1,1.0
Garen,Tryndamere,TOP,1,1.0
Garen,TwistedFate,MIDDLE,1,1.0
Garen,Urgot,TOP,1,1.0
Garen,Varus,TOP,2,0.5
Garen,Vayne,TOP,9,0.3333333333333333
Garen,Veigar,MIDDLE,1,1.0
Garen,Vladimir,TOP,1,1.0
Garen,Warwick,MIDDLE,1,1.0
Garen,Yasuo,MIDDLE,4,0.5
Garen,Yasuo,TOP,1,0.0
Garen,Yone,MIDDLE,2,0.0
Garen,Yone,TOP,1,0.0
Garen,Yorick,TOP,1,1.0
Garen,Zaahen,TOP,2,0.0
Garen,Zed,MIDDLE,1,1.0
Gnar,Aatrox,JUNGLE,1,0.0
Gnar,Aatrox,TOP,7,0.42857142857142855
Gnar,Ahri,TOP,2,0.5
Gnar,Akali,TOP,3,0.0
Gnar,Alistar,TOP,1,0.0
Gnar,Ambessa,TOP,12,0.4166666666666667
Gnar,Amumu,TOP,1,1.0
Gnar,Anivia,TOP,10,0.5
Gnar,Annie,TOP,1,1.0
Gnar,Aurora,MIDDLE,1,0.0
Gnar,Aurora,TOP,3,0.3333333333333333
Gnar,Belveth,JUNGLE,1,0.0
Gnar,Camille,TOP,7,0.7142857142857143
Gnar,Chogath,TOP,3,0.6666666666666666
Gnar,Corki,TOP,3,0.0
Gnar,Darius,TOP,7,0.5714285714285714
Gnar,Ekko,TOP,1,0.0
Gnar,Fiora,TOP,11,0.36363636363636365
Gnar,Gangplank,TOP,9,0.5555555555555556
Gnar,Garen,TOP,3,1.0
Gnar,Gragas,TOP,5,0.2
Gnar,Hecarim,JUNGLE,1,1.0
Gnar,Irelia,TOP,4,0.5
Gnar,JarvanIV,JUNGLE,1,0.0
Gnar,Jax,TOP,16,0.625
Gnar,Jayce,JUNGLE,1,1.0
Gnar,Jayce,TOP,20,0.4
Gnar,KSante,TOP,18,0.5555555555555556
Gnar,Kalista,TOP,3,0.3333333333333333
Gnar,Karthus,JUNGLE,1,0.0
Gnar,Karthus,TOP,1,0.0
Gnar,Kayle,TOP,1,1.0
Gnar,Kennen,TOP,6,0.6666666666666666
Gnar,Kled,TOP,1,0.0
Gnar,Lissandra,TOP,6,0.5
Gnar,Malphite,TOP,6,0.3333333333333333
Gnar,Naafiri,JUNGLE,1,1.0
Gnar,Nasus,TOP,1,0.0
Gnar,Olaf,TOP,7,0.42857142857142855
Gnar,Ornn,TOP,7,0.14285714285714285
Gnar,Pantheon,TOP,5,0.6
Gnar,Poppy,TOP,1,1.0
Gnar,Qiyana,TOP,1,0.0
Gnar,Quinn,TOP,2,0.5
Gnar,RekSai,JUNGLE,1,0.0
Gnar,Rell,TOP,1,0.0
Gnar,Renekton,TOP,12,0.4166666666666667
Gnar,Riven,TOP,7,0.7142857142857143
Gnar,Rumble,TOP,8,0.5
Gnar,Ryze,MIDDLE,1,0.0
Gnar,Ryze,TOP,1,1.0
Gnar,Sett,TOP,2,0.0
Gnar,Shen,TOP,5,0.6
Gnar,Singed,TOP,6,0.3333333333333333
Gnar,Sion,MIDDLE,1,0.0
Gnar,Sion,TOP,19,0.42105263157894735
Gnar,Skarner,TOP,2,0.5
Gnar,Sylas,MIDDLE,1,1.0
Gnar,Sylas,TOP,15,0.4666666666666667
Gnar,Talon,TOP,2,0.5
Gnar,Teemo,TOP,3,1.0
Gnar,Tristana,TOP,1,1.0
Gnar,Trundle,TOP,2,0.5
Gnar,Tryndamere,TOP,2,0.5
Gnar,TwistedFate,TOP,1,1.0
Gnar,Udyr,TOP,3,0.3333333333333333
Gnar,Urgot,TOP,5,0.6
Gnar,Varus,TOP,5,0.2
Gnar,Vayne,TOP,24,0.4583333333333333
Gnar,Vi,JUNGLE,2,0.5
Gnar,Vi,TOP,1,0.0
Gnar,Vladimir,TOP,1,1.0
Gnar,Volibear,TOP,2,0.5
Gnar,Warwick,TOP,2,1.0
Gnar,Yasuo,TOP,6,0.5
Gnar,Yone,TOP,7,0.5714285714285714
Gnar,Yorick,TOP,1,1.0
Gnar,Zaahen,JUNGLE,1,0.0
Gnar,Zaahen,TOP,3,0.0
Gnar,Zac,TOP,1,1.0
Gragas,Aatrox,TOP,4,0.0
Gragas,Ahri,MIDDLE,1,1.0
Gragas,Akali,TOP,2,0.5
Gragas,Akshan,TOP,1,0.0
Gragas,Alistar,SUPPORT,1,0.0
Gragas,Ambessa,JUNGLE,2,0.0
Gragas,Ambessa,TOP,7,0.5714285714285714
Gragas,Anivia,MIDDLE,2,0.5
Gragas,Anivia,TOP,4,0.0
Gragas,Aurora,TOP,4,0.5
Gragas,Braum,SUPPORT,1,0.0
Gragas,Camille,SUPPORT,3,0.3333333333333333
Gragas,Camille,TOP,8,0.75
Gragas,Cassiopeia,MIDDLE,1,1.0
Gragas,Cassiopeia,TOP,2,0.5
Gragas,Chogath,TOP,2,1.0
Gragas,Corki,TOP,1,1.0
Gragas,Darius,MIDDLE,1,1.0
Gragas,DrMundo,TOP,2,1.0
Gragas,Ekko,TOP,2,0.0
Gragas,Ezreal,MIDDLE,1,1.0
Gragas,Fiora,TOP,3,0.0
Gragas,Galio,MIDDLE,1,1.0
Gragas,Gangplank,TOP,3,1.0
Gragas,Garen,TOP,4,0.75
Gragas,Gnar,TOP,5,0.8
Gragas,Gwen,MIDDLE,1,1.0
Gragas,Gwen,TOP,2,0.0
Gragas,Hwei,MIDDLE,1,0.0
Gragas,Hwei,TOP,1,0.0
Gragas,Illaoi,TOP,1,1.0
Gragas,Irelia,MIDDLE,1,1.0
Gragas,Irelia,TOP,6,0.3333333333333333
Gragas,Ivern,TOP,1,0.0
Gragas,JarvanIV,JUNGLE,1,0.0
Gragas,Jax,TOP,4,0.25
Gragas,Jayce,TOP,15,0.7333333333333333
Gragas,KSante,MIDDLE,1,0.0
Gragas,KSante,TOP,3,0.6666666666666666
Gragas,Karma,MIDDLE,1,0.0
Gragas,Kassadin,MIDDLE,1,0.0
Gragas,Kayle,MIDDLE,1,1.0
Gragas,Khazix,JUNGLE,1,1.0
Gragas,Kled,TOP,1,1.0
Gragas,Leblanc,MIDDLE,2,0.5
Gragas,Leblanc,TOP,2,1.0
Gragas,LeeSin,JUNGLE,2,0.0
Gragas,LeeSin,TOP,1,1.0
Gragas,Leona,SUPPORT,1,1.0
Gragas,Lissandra,MIDDLE,1,1.0
Gragas,Lissandra,TOP,1,1.0
Gragas,Lulu,SUPPORT,1,0.0
Gragas,Malphite,TOP,1,0.0
Gragas,Milio,SUPPORT,1,1.0
Gragas,MonkeyKing,JUNGLE,1,1.0
Gragas,Mordekaiser,TOP,1,0.0
Gragas,Naafiri,TOP,1,0.0
Gragas,Nami,SUPPORT,1,0.0
Gragas,Nasus,TOP,2,0.0
Gragas,Nautilus,SUPPORT,1,1.0
Gragas,Neeko,SUPPORT,1,0.0
Gragas,Nidalee,JUNGLE,1,0.0
Gragas,Nocturne,JUNGLE,1,1.0
Gragas,Olaf,TOP,3,0.6666666666666666
Gragas,Orianna,MIDDLE,1,1.0
Gragas,Ornn,TOP,3,0.6666666666666666
Gragas,Pantheon,JUNGLE,1,0.0
Gragas,Pantheon,TOP,1,0.0
Gragas,Poppy,MIDDLE,1,0.0
Gragas,Poppy,TOP,1,1.0
Gragas,Qiyana,MIDDLE,1,1.0
Gragas,Quinn,MIDDLE,1,0.0
Gragas,Quinn,TOP,1,1.0
Gragas,Rakan,SUPPORT,1,1.0
Gragas,Renekton,TOP,1,1.0
Gragas,Rengar,TOP,1,0.0
Gragas,Riven,TOP,3,0.3333333333333333
Gragas,Rumble,TOP,3,0.6666666666666666
Gragas,Shen,TOP,3,0.0
Gragas,Singed,TOP,1,0.0
Gragas,Sion,TOP,3,0.6666666666666666
Gragas,Skarner,TOP,1,1.0
Gragas,Sylas,JUNGLE,1,1.0
Gragas,Sylas,TOP,2,1.0
Gragas,Syndra,MIDDLE,1,1.0
Gragas,Talon,JUNGLE,1,1.0
Gragas,Taric,SUPPORT,1,0.0
Gragas,Teemo,TOP,2,0.0
Gragas,Tristana,MIDDLE,1,1.0
Gragas,Varus,TOP,1,0.0
Gragas,Vayne,TOP,3,0.6666666666666666
Gragas,Veigar,MIDDLE,1,0.0
Gragas,Viego,JUNGLE,1,1.0
Gragas,Xerath,MIDDLE,1,1.0
Gragas,XinZhao,JUNGLE,1,1.0
Gragas,Yasuo,TOP,2,0.5
Gragas,Yone,TOP,7,0.42857142857142855
Gragas,Yorick,TOP,1,0.0
Gragas,Zaahen,TOP,5,0.4
Gragas,Zac,MIDDLE,1,0.0
Gragas,Zed,MIDDLE,1,0.0
Gragas,Zilean,MIDDLE,1,1.0
Gragas,Zilean,TOP,1,1.0
Graves,Aatrox,JUNGLE,10,0.6
Graves,Ambessa,JUNGLE,16,0.5625
Graves,Belveth,JUNGLE,4,0.25
Graves,Brand,JUNGLE,1,0.0
Graves,Briar,JUNGLE,1,0.0
Graves,Cassiopeia,MIDDLE,1,0.0
Graves,Chogath,JUNGLE,4,0.5
Graves,Diana,JUNGLE,5,0.4
Graves,DrMundo,TOP,1,1.0
Graves,Ekko,JUNGLE,4,0.5
Graves,Elise,JUNGLE,5,0.8
Graves,Ezreal,MIDDLE,1,0.0
Graves,FiddleSticks,JUNGLE,6,0.5
Graves,Fizz,JUNGLE,1,1.0
Graves,Hecarim,JUNGLE,18,0.3888888888888889
Graves,Ivern,JUNGLE,1,0.0
Graves,JarvanIV,JUNGLE,29,0.4827586206896552
Graves,Jax,JUNGLE,1,0.0
Graves,Jayce,JUNGLE,9,0.3333333333333333
Graves,Karthus,JUNGLE,5,0.8
Graves,Kayn,JUNGLE,11,0.18181818181818182
Graves,Khazix,JUNGLE,12,0.4166666666666667
Graves,Kindred,JUNGLE,14,0.5714285714285714
Graves,LeeSin,JUNGLE,41,0.3902439024390244
Graves,Lillia,JUNGLE,6,0.6666666666666666
Graves,Locke,JUNGLE,1,0.0
Graves,MasterYi,JUNGLE,4,0.5
Graves,MonkeyKing,JUNGLE,8,0.625
Graves,Morgana,JUNGLE,1,0.0
Graves,Naafiri,JUNGLE,19,0.42105263157894735
Graves,Nidalee,JUNGLE,19,0.47368421052631576
Graves,Nocturne,JUNGLE,10,0.4
Graves,Nunu,JUNGLE,3,0.0
Graves,Olaf,JUNGLE,1,1.0
Graves,Pantheon,JUNGLE,5,0.4
Graves,Qiyana,JUNGLE,10,0.3
Graves,Quinn,JUNGLE,3,0.0
Graves,RekSai,JUNGLE,7,0.2857142857142857
Graves,Rengar,JUNGLE,8,0.25
Graves,Riven,JUNGLE,1,0.0
Graves,Rumble,JUNGLE,1,0.0
Graves,Sejuani,JUNGLE,1,0.0
Graves,Shaco,JUNGLE,3,0.3333333333333333
Graves,Shyvana,JUNGLE,3,0.3333333333333333
Graves,Skarner,JUNGLE,1,0.0
Graves,Sylas,JUNGLE,9,0.1111111111111111
Graves,Taliyah,JUNGLE,5,0.6
Graves,Talon,JUNGLE,11,0.8181818181818182
Graves,Teemo,JUNGLE,1,1.0
Graves,Udyr,JUNGLE,3,1.0
Graves,Vi,JUNGLE,10,0.5
Graves,Viego,JUNGLE,17,0.5882352941176471
Graves,Warwick,JUNGLE,1,1.0
Graves,XinZhao,JUNGLE,8,0.875
Graves,Yone,JUNGLE,1,1.0
Graves,Zaahen,JUNGLE,3,0.6666666666666666
Graves,Zac,JUNGLE,1,0.0
Graves,Zed,JUNGLE,1,1.0
Graves,Zyra,JUNGLE,3,1.0
Gwen,Aatrox,TOP,2,0.5
Gwen,Akali,MIDDLE,1,0.0
Gwen,Akali,TOP,1,1.0
Gwen,Ambessa,TOP,3,0.0
Gwen,Aphelios,BOTTOM,1,1.0
Gwen,Aurora,MIDDLE,1,0.0
Gwen,Camille,TOP,9,0.6666666666666666
Gwen,Chogath,MIDDLE,1,1.0
Gwen,Chogath,TOP,1,0.0
Gwen,Darius,TOP,1,1.0
Gwen,Diana,MIDDLE,1,1.0
Gwen,DrMundo,TOP,4,0.75
Gwen,Ekko,JUNGLE,1,0.0
Gwen,Ekko,MIDDLE,1,0.0
Gwen,Fiora,TOP,2,0.5
Gwen,Fizz,MIDDLE,1,1.0
Gwen,Gangplank,MIDDLE,1,1.0
Gwen,Gangplank,TOP,4,0.75
Gwen,Gragas,MIDDLE,1,0.0
Gwen,Gragas,TOP,2,1.0
Gwen,Hecarim,JUNGLE,1,1.0
Gwen,Heimerdinger,TOP,1,0.0
Gwen,Hwei,MIDDLE,1,0.0
Gwen,Illaoi,TOP,1,1.0
Gwen,Irelia,TOP,2,1.0
Gwen,Ivern,JUNGLE,1,0.0
Gwen,JarvanIV,JUNGLE,2,1.0
Gwen,Jax,TOP,4,0.0
Gwen,Jayce,JUNGLE,1,0.0
Gwen,Jayce,TOP,1,0.0
Gwen,Jhin,BOTTOM,1,0.0
Gwen,KSante,TOP,8,0.25
Gwen,Karma,TOP,1,0.0
Gwen,Karthus,JUNGLE,1,1.0
Gwen,Kayn,JUNGLE,2,0.5
Gwen,Kennen,MIDDLE,1,0.0
Gwen,Kennen,TOP,1,1.0
Gwen,Khazix,JUNGLE,1,0.0
Gwen,LeeSin,JUNGLE,4,0.75
Gwen,Malphite,TOP,2,0.5
Gwen,MasterYi,JUNGLE,1,1.0
Gwen,MonkeyKing,TOP,1,0.0
Gwen,Naafiri,JUNGLE,2,0.0
Gwen,Nasus,TOP,1,1.0
Gwen,Neeko,TOP,1,0.0
Gwen,Nidalee,JUNGLE,1,0.0
Gwen,Nunu,JUNGLE,1,1.0
Gwen,Olaf,TOP,2,1.0
Gwen,Ornn,TOP,5,0.2
Gwen,Pantheon,TOP,1,0.0
Gwen,Quinn,TOP,1,0.0
Gwen,RekSai,JUNGLE,1,0.0
Gwen,RekSai,TOP,1,0.0
Gwen,Renekton,TOP,3,0.6666666666666666
Gwen,Rumble,TOP,1,1.0
Gwen,Sejuani,JUNGLE,1,0.0
Gwen,Sion,MIDDLE,2,0.5
Gwen,Sion,TOP,21,0.6190476190476191
Gwen,Skarner,TOP,2,1.0
Gwen,Sylas,TOP,1,0.0
Gwen,Taliyah,MIDDLE,2,0.5
Gwen,TwistedFate,MIDDLE,2,1.0
Gwen,Varus,TOP,1,1.0
Gwen,Vayne,TOP,1,1.0
Gwen,Vex,MIDDLE,1,1.0
Gwen,Viego,JUNGLE,1,0.0
Gwen,Yasuo,TOP,1,0.0
Gwen,Yorick,TOP,4,0.5
Gwen,Zaahen,TOP,1,1.0
Gwen,Zed,MIDDLE,1,1.0
Hecarim,Aatrox,JUNGLE,1,0.0
Hecarim,Ambessa,JUNGLE,6,0.16666666666666666
Hecarim,Belveth,JUNGLE,5,0.6
Hecarim,Briar,JUNGLE,1,1.0
Hecarim,Camille,JUNGLE,1,0.0
Hecarim,Chogath,JUNGLE,3,0.6666666666666666
Hecarim,Ekko,JUNGLE,6,0.6666666666666666
Hecarim,Elise,JUNGLE,6,0.3333333333333333
Hecarim,Evelynn,JUNGLE,3,0.3333333333333333
Hecarim,Fizz,JUNGLE,1,1.0
Hecarim,Gnar,JUNGLE,1,0.0
Hecarim,Graves,JUNGLE,18,0.6111111111111112
Hecarim,Gwen,JUNGLE,1,0.0
Hecarim,Ivern,JUNGLE,6,0.6666666666666666
Hecarim,JarvanIV,JUNGLE,8,0.5
Hecarim,Jayce,JUNGLE,2,0.5
Hecarim,Karthus,JUNGLE,1,0.0
Hecarim,Kayn,JUNGLE,6,0.3333333333333333
Hecarim,Khazix,JUNGLE,13,0.7692307692307693
Hecarim,Kindred,JUNGLE,3,0.3333333333333333
Hecarim,LeeSin,JUNGLE,21,0.47619047619047616
Hecarim,Lillia,JUNGLE,6,0.3333333333333333
Hecarim,MasterYi,JUNGLE,2,0.0
Hecarim,MonkeyKing,JUNGLE,3,1.0
Hecarim,Morgana,JUNGLE,2,0.0
Hecarim,Naafiri,JUNGLE,7,0.5714285714285714
Hecarim,Nidalee,JUNGLE,10,0.6
Hecarim,Nocturne,JUNGLE,2,0.5
Hecarim,Nunu,JUNGLE,2,0.0
Hecarim,Pantheon,JUNGLE,6,0.6666666666666666
Hecarim,Qiyana,JUNGLE,12,0.5833333333333334
Hecarim,Quinn,JUNGLE,1,1.0
Hecarim,Rammus,JUNGLE,1,0.0
Hecarim,RekSai,JUNGLE,8,0.75
Hecarim,Rengar,JUNGLE,11,0.45454545454545453
Hecarim,Rumble,JUNGLE,1,0.0
Hecarim,Shaco,JUNGLE,5,1.0
Hecarim,Shyvana,JUNGLE,1,0.0
Hecarim,Skarner,JUNGLE,2,0.5
Hecarim,Sylas,JUNGLE,13,0.23076923076923078
Hecarim,Taliyah,JUNGLE,2,0.5
Hecarim,Talon,JUNGLE,5,0.6
Hecarim,Trundle,JUNGLE,2,0.5
Hecarim,Udyr,JUNGLE,3,0.3333333333333333
Hecarim,Vi,JUNGLE,8,0.375
Hecarim,Viego,JUNGLE,5,1.0
Hecarim,XinZhao,JUNGLE,2,0.5
Hecarim,Zaahen,JUNGLE,1,1.0
Hecarim,Zac,JUNGLE,2,0.5
Heimerdinger,Alistar,SUPPORT,1,0.0
Heimerdinger,Blitzcrank,SUPPORT,1,1.0
Heimerdinger,Corki,BOTTOM,1,0.0
Heimerdinger,Darius,TOP,1,0.0
Heimerdinger,Draven,BOTTOM,1,0.0
Heimerdinger,Ezreal,BOTTOM,2,0.5
Heimerdinger,Gwen,TOP,1,1.0
Heimerdinger,Irelia,BOTTOM,1,1.0
Heimerdinger,Irelia,TOP,3,0.6666666666666666
Heimerdinger,Jayce,TOP,1,0.0
Heimerdinger,Jhin,BOTTOM,2,1.0
Heimerdinger,Jinx,BOTTOM,1,0.0
Heimerdinger,Kaisa,BOTTOM,1,1.0
Heimerdinger,Karma,SUPPORT,1,1.0
Heimerdinger,Lissandra,TOP,1,1.0
Heimerdinger,Locke,MIDDLE,1,1.0
Heimerdinger,Lucian,BOTTOM,1,0.0
Heimerdinger,Malphite,TOP,1,0.0
Heimerdinger,MasterYi,TOP,1,1.0
Heimerdinger,Pyke,SUPPORT,2,0.5
Heimerdinger,RekSai,TOP,1,1.0
Heimerdinger,Shen,SUPPORT,1,1.0
Heimerdinger,Singed,TOP,1,1.0
Heimerdinger,Sion,TOP,2,0.5
Heimerdinger,Sylas,MIDDLE,2,0.0
Heimerdinger,Tristana,TOP,1,0.0
Heimerdinger,Volibear,TOP,1,0.0
Heimerdinger,Zyra,BOTTOM,1,0.0
Hwei,Ahri,MIDDLE,5,0.0
Hwei,Ahri,TOP,1,1.0
Hwei,Akali,MIDDLE,6,0.8333333333333334
Hwei,Akshan,MIDDLE,5,0.8
Hwei,Ambessa,MIDDLE,1,1.0
Hwei,Anivia,BOTTOM,1,0.0
Hwei,Anivia,MIDDLE,6,0.3333333333333333
Hwei,Anivia,SUPPORT,1,0.0
Hwei,Anivia,TOP,1,0.0
Hwei,Annie,MIDDLE,8,0.375
Hwei,Aphelios,BOTTOM,2,0.5
Hwei,Ashe,BOTTOM,3,0.3333333333333333
Hwei,AurelionSol,MIDDLE,1,0.0
Hwei,Aurora,MIDDLE,8,0.25
Hwei,Azir,MIDDLE,1,1.0
Hwei,Bard,SUPPORT,2,0.5
Hwei,Caitlyn,BOTTOM,3,0.6666666666666666
Hwei,Cassiopeia,BOTTOM,3,0.3333333333333333
Hwei,Cassiopeia,MIDDLE,7,0.2857142857142857
Hwei,Corki,BOTTOM,2,0.5
Hwei,Diana,MIDDLE,1,0.0
Hwei,DrMundo,TOP,1,1.0
Hwei,Draven,BOTTOM,4,0.5
Hwei,Ekko,MIDDLE,4,0.25
Hwei,Ezreal,BOTTOM,10,0.7
Hwei,Fizz,MIDDLE,2,0.5
Hwei,Galio,MIDDLE,4,1.0
Hwei,Gangplank,MIDDLE,1,1.0
Hwei,Gragas,MIDDLE,1,1.0
Hwei,Gragas,TOP,1,1.0
Hwei,Gwen,MIDDLE,1,1.0
Hwei,Illaoi,TOP,1,1.0
Hwei,Jax,MIDDLE,1,0.0
Hwei,Jhin,BOTTOM,6,0.5
Hwei,Jinx,BOTTOM,3,0.6666666666666666
Hwei,Kaisa,BOTTOM,7,0.7142857142857143
Hwei,Kalista,BOTTOM,4,0.5
Hwei,Karma,SUPPORT,4,0.25
Hwei,Karthus,BOTTOM,1,0.0
Hwei,Kassadin,MIDDLE,4,0.75
Hwei,Katarina,BOTTOM,1,1.0
Hwei,Katarina,MIDDLE,2,0.5
Hwei,Kayle,MIDDLE,1,1.0
Hwei,Leblanc,MIDDLE,6,0.3333333333333333
Hwei,Lissandra,MIDDLE,2,0.5
Hwei,Locke,MIDDLE,5,0.4
Hwei,Lucian,BOTTOM,2,0.0
Hwei,Lucian,MIDDLE,2,1.0
Hwei,Lux,BOTTOM,1,1.0
Hwei,Lux,MIDDLE,2,0.5
Hwei,Malzahar,MIDDLE,1,1.0
Hwei,Mel,BOTTOM,2,0.5
Hwei,Mel,MIDDLE,2,0.5
Hwei,MissFortune,BOTTOM,3,0.6666666666666666
Hwei,Naafiri,MIDDLE,1,0.0
Hwei,Nasus,MIDDLE,1,1.0
Hwei,Nautilus,SUPPORT,3,1.0
Hwei,Nautilus,TOP,1,1.0
Hwei,Neeko,SUPPORT,1,1.0
Hwei,Nilah,BOTTOM,1,1.0
Hwei,Nunu,MIDDLE,1,1.0
Hwei,Orianna,MIDDLE,6,1.0
Hwei,Poppy,SUPPORT,1,0.0
Hwei,Pyke,SUPPORT,1,0.0
Hwei,Qiyana,MIDDLE,5,0.4
Hwei,Riven,TOP,1,1.0
Hwei,Rumble,MIDDLE,1,0.0
Hwei,Ryze,MIDDLE,5,0.4
Hwei,Samira,BOTTOM,1,0.0
Hwei,Sejuani,MIDDLE,1,1.0
Hwei,Senna,BOTTOM,3,0.6666666666666666
Hwei,Seraphine,BOTTOM,3,0.6666666666666666
Hwei,Seraphine,SUPPORT,1,0.0
Hwei,Shen,SUPPORT,1,0.0
Hwei,Sion,MIDDLE,1,1.0
Hwei,Sivir,BOTTOM,2,0.5
Hwei,Smolder,BOTTOM,1,0.0
Hwei,Smolder,MIDDLE,1,0.0
Hwei,Sona,SUPPORT,1,1.0
Hwei,Swain,BOTTOM,3,0.0
Hwei,Swain,SUPPORT,1,1.0
Hwei,Sylas,MIDDLE,4,0.5
Hwei,Syndra,MIDDLE,3,0.6666666666666666
Hwei,Taliyah,MIDDLE,1,0.0
Hwei,Talon,MIDDLE,1,0.0
Hwei,Teemo,TOP,2,0.5
Hwei,Thresh,SUPPORT,1,0.0
Hwei,Varus,BOTTOM,1,0.0
Hwei,Varus,MIDDLE,1,1.0
Hwei,Veigar,MIDDLE,1,0.0
Hwei,Vex,MIDDLE,1,1.0
Hwei,Viktor,BOTTOM,4,0.75
Hwei,Viktor,MIDDLE,10,0.5
Hwei,Vladimir,BOTTOM,1,0.0
Hwei,Vladimir,MIDDLE,4,1.0
Hwei,Xayah,BOTTOM,1,0.0
Hwei,Xerath,MIDDLE,5,1.0
Hwei,Yasuo,BOTTOM,1,1.0
Hwei,Yasuo,MIDDLE,6,0.5
Hwei,Yone,BOTTOM,2,0.5
Hwei,Yone,MIDDLE,6,0.5
Hwei,Yunara,BOTTOM,4,0.75
Hwei,Zac,MIDDLE,1,1.0
Hwei,Zed,MIDDLE,4,0.0
Hwei,Ziggs,MIDDLE,1,0.0
Hwei,Zilean,MIDDLE,1,0.0
Hwei,Zoe,MIDDLE,6,0.6666666666666666
Illaoi,Aatrox,TOP,1,1.0
Illaoi,Ambessa,TOP,1,0.0
Illaoi,Anivia,TOP,1,1.0
Illaoi,Aurora,TOP,1,0.0
Illaoi,Camille,TOP,1,0.0
Illaoi,Galio,MIDDLE,1,1.0
Illaoi,Gragas,TOP,1,0.0
Illaoi,Gwen,TOP,1,0.0
Illaoi,Hwei,TOP,1,0.0
Illaoi,Jax,TOP,1,1.0
Illaoi,Jayce,TOP,1,0.0
Illaoi,Kayle,TOP,1,0.0
Illaoi,Kennen,TOP,1,0.0
Illaoi,Locke,TOP,1,1.0
Illaoi,Neeko,MIDDLE,1,0.0
Illaoi,Olaf,TOP,2,0.5
Illaoi,Orianna,MIDDLE,1,1.0
Illaoi,Renekton,TOP,1,0.0
Illaoi,Sejuani,MIDDLE,1,0.0
Illaoi,Sion,TOP,1,1.0
Illaoi,Smolder,TOP,1,1.0
Illaoi,Varus,TOP,1,0.0
Illaoi,Vayne,TOP,2,1.0
Illaoi,Yasuo,TOP,1,0.0
Illaoi,Yorick,TOP,1,0.0
Illaoi,Zaahen,TOP,1,1.0
Irelia,Aatrox,TOP,4,0.25
Irelia,Ahri,MIDDLE,7,0.7142857142857143
Irelia,Akali,MIDDLE,4,0.25
Irelia,Akali,TOP,1,1.0
Irelia,Akshan,MIDDLE,2,0.0
Irelia,Ambessa,TOP,12,0.8333333333333334
Irelia,Anivia,MIDDLE,2,0.5
Irelia,Anivia,TOP,10,0.2
Irelia,Ashe,BOTTOM,2,0.5
Irelia,AurelionSol,MIDDLE,1,0.0
Irelia,Aurora,MIDDLE,2,0.5
Irelia,Aurora,TOP,9,0.5555555555555556
Irelia,Azir,MIDDLE,1,1.0
Irelia,Caitlyn,BOTTOM,1,0.0
Irelia,Camille,MIDDLE,1,1.0
Irelia,Camille,TOP,3,0.3333333333333333
Irelia,Cassiopeia,MIDDLE,1,1.0
Irelia,Corki,TOP,2,1.0
Irelia,Darius,TOP,1,0.0
Irelia,DrMundo,TOP,1,0.0
Irelia,Draven,TOP,1,0.0
Irelia,Ekko,MIDDLE,1,1.0
Irelia,Fiora,TOP,9,0.5555555555555556
Irelia,Fizz,MIDDLE,1,0.0
Irelia,Fizz,TOP,2,0.5
Irelia,Galio,MIDDLE,2,0.5
Irelia,Gangplank,TOP,4,0.75
Irelia,Garen,TOP,1,0.0
Irelia,Gnar,TOP,4,0.5
Irelia,Gragas,MIDDLE,1,0.0
Irelia,Gragas,TOP,6,0.6666666666666666
Irelia,Gwen,TOP,2,0.0
Irelia,Heimerdinger,BOTTOM,1,0.0
Irelia,Heimerdinger,TOP,3,0.3333333333333333
Irelia,Jax,TOP,9,0.4444444444444444
Irelia,Jayce,TOP,34,0.5882352941176471
Irelia,Jhin,BOTTOM,1,0.0
Irelia,KSante,MIDDLE,1,1.0
Irelia,KSante,TOP,6,0.5
Irelia,Kalista,MIDDLE,1,0.0
Irelia,Katarina,MIDDLE,3,0.6666666666666666
Irelia,Kayn,JUNGLE,1,0.0
Irelia,Kayn,TOP,1,1.0
Irelia,Kennen,TOP,3,1.0
Irelia,Leblanc,TOP,2,1.0
Irelia,LeeSin,TOP,1,1.0
Irelia,Lissandra,MIDDLE,1,0.0
Irelia,Lissandra,TOP,1,0.0
Irelia,Locke,MIDDLE,3,0.6666666666666666
Irelia,Lucian,MIDDLE,1,0.0
Irelia,Malphite,TOP,5,1.0
Irelia,Mel,MIDDLE,1,0.0
Irelia,Neeko,MIDDLE,2,1.0
Irelia,Nidalee,TOP,1,1.0
Irelia,Nilah,BOTTOM,1,0.0
Irelia,Olaf,TOP,3,0.0
Irelia,Ornn,TOP,2,0.0
Irelia,Pantheon,TOP,5,0.6
Irelia,Qiyana,TOP,4,0.5
Irelia,Quinn,MIDDLE,1,1.0
Irelia,Rakan,MIDDLE,1,0.0
Irelia,Renekton,MIDDLE,1,1.0
Irelia,Renekton,TOP,7,0.0
Irelia,Rumble,TOP,8,0.625
Irelia,Ryze,MIDDLE,1,1.0
Irelia,Ryze,TOP,2,0.5
Irelia,Sett,TOP,1,1.0
Irelia,Singed,TOP,1,0.0
Irelia,Swain,TOP,1,0.0
Irelia,Sylas,MIDDLE,3,0.0
Irelia,Syndra,MIDDLE,2,0.5
Irelia,Taliyah,MIDDLE,1,0.0
Irelia,Talon,MIDDLE,2,1.0
Irelia,Teemo,TOP,2,0.0
Irelia,TwistedFate,MIDDLE,2,0.0
Irelia,TwistedFate,TOP,1,1.0
Irelia,Varus,BOTTOM,1,0.0
Irelia,Varus,MIDDLE,1,1.0
Irelia,Varus,TOP,7,0.5714285714285714
Irelia,Vayne,TOP,5,0.2
Irelia,Vex,MIDDLE,2,0.5
Irelia,Viktor,MIDDLE,6,0.6666666666666666
Irelia,Vladimir,MIDDLE,3,1.0
Irelia,Vladimir,TOP,2,0.0
Irelia,Warwick,TOP,1,0.0
Irelia,Xerath,MIDDLE,2,0.5
Irelia,Yasuo,BOTTOM,2,0.5
Irelia,Yasuo,MIDDLE,2,0.5
Irelia,Yasuo,TOP,6,0.3333333333333333
Irelia,Yone,MIDDLE,4,0.5
Irelia,Yone,TOP,3,0.6666666666666666
Irelia,Yorick,TOP,4,0.5
Irelia,Zaahen,TOP,2,0.0
Irelia,Zed,MIDDLE,3,1.0
Irelia,Zed,TOP,2,0.5
Irelia,Zeri,BOTTOM,1,0.0
Irelia,Zoe,MIDDLE,1,0.0
Ivern,Aatrox,JUNGLE,3,0.3333333333333333
Ivern,Ahri,MIDDLE,1,1.0
Ivern,Akshan,TOP,1,0.0
Ivern,Alistar,SUPPORT,1,0.0
Ivern,Ambessa,JUNGLE,5,0.2
Ivern,Amumu,JUNGLE,1,1.0
Ivern,Aurora,MIDDLE,1,1.0
Ivern,Belveth,JUNGLE,1,1.0
Ivern,Chogath,JUNGLE,1,1.0
Ivern,DrMundo,JUNGLE,1,1.0
Ivern,Elise,JUNGLE,2,0.5
Ivern,FiddleSticks,JUNGLE,2,0.5
Ivern,Gangplank,TOP,1,1.0
Ivern,Gragas,TOP,1,1.0
Ivern,Graves,JUNGLE,1,1.0
Ivern,Gwen,JUNGLE,1,1.0
Ivern,Hecarim,JUNGLE,6,0.3333333333333333
Ivern,JarvanIV,JUNGLE,7,0.2857142857142857
Ivern,Jayce,JUNGLE,4,0.0
Ivern,Jayce,TOP,1,1.0
Ivern,Karma,SUPPORT,2,1.0
Ivern,Kayn,JUNGLE,4,0.5
Ivern,Khazix,JUNGLE,1,1.0
Ivern,Kindred,JUNGLE,3,0.0
Ivern,LeeSin,JUNGLE,7,0.5714285714285714
Ivern,Locke,JUNGLE,1,1.0
Ivern,Lulu,SUPPORT,1,0.0
Ivern,Lux,SUPPORT,1,1.0
Ivern,Maokai,JUNGLE,1,1.0
Ivern,Mordekaiser,JUNGLE,1,1.0
Ivern,Naafiri,JUNGLE,4,0.25
Ivern,Nami,SUPPORT,2,0.5
Ivern,Nidalee,JUNGLE,3,0.0
Ivern,Nocturne,JUNGLE,1,0.0
Ivern,Nunu,JUNGLE,1,0.0
Ivern,Qiyana,JUNGLE,4,0.5
Ivern,Quinn,JUNGLE,2,0.5
Ivern,RekSai,JUNGLE,3,1.0
Ivern,Ryze,TOP,1,1.0
Ivern,Skarner,JUNGLE,2,0.5
Ivern,Soraka,SUPPORT,2,0.0
Ivern,Sylas,JUNGLE,1,0.0
Ivern,Taliyah,JUNGLE,2,0.5
Ivern,Talon,JUNGLE,3,0.3333333333333333
Ivern,Varus,TOP,1,0.0
Ivern,Vi,JUNGLE,1,0.0
Ivern,Viego,JUNGLE,2,0.5
Ivern,XinZhao,JUNGLE,1,0.0
Ivern,Yasuo,TOP,1,1.0
Ivern,Yone,TOP,1,1.0
Ivern,Zac,JUNGLE,2,1.0
Ivern,Zac,TOP,1,0.0
Ivern,Zyra,JUNGLE,1,1.0
Janna,Alistar,SUPPORT,10,0.3
Janna,Anivia,SUPPORT,2,0.5
Janna,Annie,SUPPORT,1,1.0
Janna,Bard,SUPPORT,20,0.45
Janna,Blitzcrank,SUPPORT,7,0.7142857142857143
Janna,Braum,SUPPORT,2,0.0
Janna,Camille,SUPPORT,5,0.8
Janna,FiddleSticks,SUPPORT,2,1.0
Janna,Fiora,TOP,1,0.0
Janna,Gangplank,TOP,1,1.0
Janna,Karma,SUPPORT,12,0.5833333333333334
Janna,Leona,SUPPORT,5,0.6
Janna,Lulu,SUPPORT,14,0.7857142857142857
Janna,Lux,SUPPORT,1,1.0
Janna,Maokai,SUPPORT,1,1.0
Janna,Milio,SUPPORT,2,0.5
Janna,Nami,SUPPORT,10,0.7
Janna,Nautilus,SUPPORT,15,0.4
Janna,Neeko,SUPPORT,5,0.6
Janna,Nidalee,SUPPORT,3,0.6666666666666666
Janna,Pantheon,SUPPORT,3,0.0
Janna,Poppy,SUPPORT,2,0.5
Janna,Pyke,SUPPORT,8,0.25
Janna,Quinn,SUPPORT,2,0.5
Janna,Rakan,SUPPORT,12,0.4166666666666667
Janna,Rell,SUPPORT,8,0.75
Janna,Renata,SUPPORT,2,0.5
Janna,Senna,SUPPORT,10,0.3
Janna,Seraphine,SUPPORT,3,0.3333333333333333
Janna,Shaco,SUPPORT,1,0.0
Janna,Shen,SUPPORT,1,1.0
Janna,Sona,SUPPORT,6,0.5
Janna,Soraka,SUPPORT,7,0.42857142857142855
Janna,Swain,SUPPORT,1,0.0
Janna,Sylas,SUPPORT,1,1.0
Janna,Talon,SUPPORT,1,1.0
Janna,Taric,SUPPORT,2,1.0
Janna,Thresh,SUPPORT,5,0.8
Janna,Trundle,SUPPORT,1,0.0
Janna,Twitch,SUPPORT,1,1.0
Janna,Vayne,TOP,1,0.0
Janna,Xerath,SUPPORT,1,1.0
Janna,Zilean,SUPPORT,2,0.0
Janna,Zoe,SUPPORT,2,0.5
Janna,Zyra,SUPPORT,2,0.5
JarvanIV,Aatrox,JUNGLE,12,0.25
JarvanIV,Ambessa,JUNGLE,27,0.5555555555555556
JarvanIV,Ashe,BOTTOM,1,0.0
JarvanIV,Bard,SUPPORT,1,1.0
JarvanIV,Belveth,JUNGLE,4,0.25
JarvanIV,Briar,JUNGLE,7,0.7142857142857143
JarvanIV,Chogath,JUNGLE,3,1.0
JarvanIV,Darius,JUNGLE,2,1.0
JarvanIV,Diana,JUNGLE,4,0.5
JarvanIV,DrMundo,JUNGLE,3,0.0
JarvanIV,Draven,JUNGLE,1,0.0
JarvanIV,Ekko,JUNGLE,7,0.42857142857142855
JarvanIV,Elise,JUNGLE,2,0.0
JarvanIV,Evelynn,JUNGLE,6,1.0
JarvanIV,Ezreal,JUNGLE,1,1.0
JarvanIV,FiddleSticks,JUNGLE,13,0.5384615384615384
JarvanIV,Fizz,JUNGLE,2,0.5
JarvanIV,Galio,MIDDLE,1,1.0
JarvanIV,Gnar,JUNGLE,1,1.0
JarvanIV,Gragas,JUNGLE,1,1.0
JarvanIV,Graves,JUNGLE,29,0.5172413793103449
JarvanIV,Gwen,JUNGLE,2,0.0
JarvanIV,Hecarim,JUNGLE,8,0.5
JarvanIV,Ivern,JUNGLE,7,0.7142857142857143
JarvanIV,Jayce,JUNGLE,10,0.7
JarvanIV,Kaisa,JUNGLE,1,1.0
JarvanIV,Karma,SUPPORT,1,1.0
JarvanIV,Karthus,JUNGLE,4,0.75
JarvanIV,Kayn,JUNGLE,7,0.2857142857142857
JarvanIV,Kennen,TOP,1,0.0
JarvanIV,Khazix,JUNGLE,11,0.7272727272727273
JarvanIV,Kindred,JUNGLE,7,0.2857142857142857
JarvanIV,LeeSin,JUNGLE,66,0.48484848484848486
JarvanIV,Lillia,JUNGLE,6,0.6666666666666666
JarvanIV,Maokai,JUNGLE,2,0.5
JarvanIV,MasterYi,JUNGLE,5,0.4
JarvanIV,Milio,SUPPORT,1,0.0
JarvanIV,MonkeyKing,JUNGLE,9,0.2222222222222222
JarvanIV,Naafiri,JUNGLE,14,0.5
JarvanIV,Neeko,JUNGLE,3,0.6666666666666666
JarvanIV,Nidalee,JUNGLE,12,0.5
JarvanIV,Nocturne,JUNGLE,19,0.47368421052631576
JarvanIV,Nunu,JUNGLE,12,0.5833333333333334
JarvanIV,Olaf,JUNGLE,1,1.0
JarvanIV,Ornn,TOP,1,0.0
JarvanIV,Pantheon,JUNGLE,27,0.5925925925925926
JarvanIV,Poppy,JUNGLE,1,1.0
JarvanIV,Qiyana,JUNGLE,12,0.4166666666666667
JarvanIV,Quinn,JUNGLE,1,1.0
JarvanIV,Rakan,SUPPORT,1,1.0
JarvanIV,RekSai,JUNGLE,10,0.4
JarvanIV,Rengar,JUNGLE,12,0.3333333333333333
JarvanIV,Shen,JUNGLE,2,0.0
JarvanIV,Shyvana,JUNGLE,5,0.6
JarvanIV,Skarner,JUNGLE,6,0.5
JarvanIV,Sylas,JUNGLE,9,0.3333333333333333
JarvanIV,Taliyah,JUNGLE,6,0.5
JarvanIV,Talon,JUNGLE,13,0.38461538461538464
JarvanIV,Tryndamere,JUNGLE,1,1.0
JarvanIV,Udyr,JUNGLE,7,0.42857142857142855
JarvanIV,Vi,JUNGLE,29,0.5172413793103449
JarvanIV,Viego,JUNGLE,18,0.3333333333333333
JarvanIV,Volibear,JUNGLE,1,0.0
JarvanIV,XinZhao,JUNGLE,28,0.4642857142857143
JarvanIV,Zaahen,JUNGLE,7,0.14285714285714285
JarvanIV,Zac,JUNGLE,2,0.5
JarvanIV,Zed,JUNGLE,1,1.0
JarvanIV,Zyra,JUNGLE,15,0.5333333333333333
Jax,Aatrox,TOP,3,0.6666666666666666
Jax,Akali,TOP,3,0.6666666666666666
Jax,Akshan,TOP,1,1.0
Jax,Alistar,SUPPORT,2,0.0
Jax,Ambessa,TOP,15,0.4666666666666667
Jax,Anivia,TOP,7,0.5714285714285714
Jax,Aurora,TOP,1,0.0
Jax,Belveth,JUNGLE,1,1.0
Jax,Blitzcrank,SUPPORT,1,1.0
Jax,Braum,SUPPORT,1,0.0
Jax,Briar,JUNGLE,1,1.0
Jax,Camille,TOP,12,0.3333333333333333
Jax,Cassiopeia,TOP,1,0.0
Jax,Chogath,TOP,1,1.0
Jax,Corki,TOP,1,1.0
Jax,Darius,TOP,2,0.0
Jax,DrMundo,TOP,1,0.0
Jax,Ezreal,TOP,1,1.0
Jax,Fiora,TOP,6,0.3333333333333333
Jax,Gangplank,TOP,5,0.6
Jax,Garen,TOP,8,0.5
Jax,Gnar,TOP,16,0.375
Jax,Gragas,TOP,4,0.75
Jax,Graves,JUNGLE,1,1.0
Jax,Gwen,TOP,4,1.0
Jax,Hwei,MIDDLE,1,1.0
Jax,Illaoi,TOP,1,0.0
Jax,Irelia,TOP,9,0.5555555555555556
Jax,Jayce,TOP,9,0.3333333333333333
Jax,KSante,TOP,7,0.5714285714285714
Jax,Kaisa,BOTTOM,1,0.0
Jax,Kayle,TOP,2,1.0
Jax,Kennen,TOP,11,0.36363636363636365
Jax,Kled,TOP,1,0.0
Jax,LeeSin,JUNGLE,2,0.5
Jax,Lillia,JUNGLE,1,0.0
Jax,Lissandra,TOP,2,0.5
Jax,Locke,TOP,1,0.0
Jax,MasterYi,JUNGLE,1,1.0
Jax,MasterYi,TOP,1,0.0
Jax,Mordekaiser,TOP,2,0.5
Jax,Nami,SUPPORT,1,0.0
Jax,Nasus,TOP,1,0.0
Jax,Nidalee,TOP,1,0.0
Jax,Olaf,JUNGLE,2,0.0
Jax,Olaf,TOP,8,0.625
Jax,Ornn,TOP,3,0.6666666666666666
Jax,Pantheon,TOP,4,0.25
Jax,Poppy,SUPPORT,1,1.0
Jax,Poppy,TOP,5,0.4
Jax,Qiyana,JUNGLE,1,0.0
Jax,Quinn,TOP,1,0.0
Jax,Rell,TOP,1,0.0
Jax,Renekton,TOP,8,1.0
Jax,Rengar,TOP,1,1.0
Jax,Riven,TOP,2,0.0
Jax,Rumble,TOP,12,0.8333333333333334
Jax,Ryze,MIDDLE,1,0.0
Jax,Senna,SUPPORT,1,1.0
Jax,Sett,TOP,1,0.0
Jax,Shen,TOP,6,0.5
Jax,Singed,TOP,3,0.6666666666666666
Jax,Sion,TOP,1,1.0
Jax,Sylas,MIDDLE,2,0.0
Jax,Sylas,TOP,2,0.5
Jax,Taliyah,SUPPORT,1,1.0
Jax,Teemo,TOP,2,0.5
Jax,Tryndamere,TOP,1,1.0
Jax,Udyr,TOP,1,0.0
Jax,Urgot,TOP,1,0.0
Jax,Varus,TOP,10,0.4
Jax,Vayne,TOP,2,0.0
Jax,Vi,JUNGLE,1,1.0
Jax,Viego,JUNGLE,2,1.0
Jax,Vladimir,TOP,3,0.3333333333333333
Jax,Volibear,TOP,2,0.5
Jax,Warwick,TOP,3,0.6666666666666666
Jax,XinZhao,JUNGLE,1,1.0
Jax,Yasuo,BOTTOM,2,1.0
Jax,Yasuo,TOP,6,0.5
Jax,Yone,TOP,7,0.42857142857142855
Jax,Yorick,TOP,4,1.0
Jax,Zaahen,JUNGLE,2,0.5
Jax,Zaahen,TOP,2,0.5
Jayce,Aatrox,JUNGLE,3,0.6666666666666666
Jayce,Aatrox,TOP,7,0.8571428571428571
Jayce,Ahri,MIDDLE,7,0.14285714285714285
Jayce,Akali,MIDDLE,6,0.5
Jayce,Akali,TOP,10,0.4
Jayce,Akshan,MIDDLE,2,0.5
Jayce,Akshan,TOP,1,0.0
Jayce,Ambessa,JUNGLE,8,0.375
Jayce,Ambessa,TOP,26,0.7307692307692307
Jayce,Anivia,MIDDLE,2,0.5
Jayce,Anivia,TOP,20,0.2
Jayce,Annie,MIDDLE,2,0.5
Jayce,Annie,TOP,2,1.0
Jayce,AurelionSol,TOP,1,0.0
Jayce,Aurora,MIDDLE,3,0.6666666666666666
Jayce,Aurora,TOP,9,0.5555555555555556
Jayce,Azir,MIDDLE,2,0.0
Jayce,Belveth,JUNGLE,2,0.5
Jayce,Brand,TOP,1,0.0
Jayce,Briar,TOP,1,0.0
Jayce,Caitlyn,BOTTOM,1,0.0
Jayce,Camille,TOP,18,0.5555555555555556
Jayce,Cassiopeia,MIDDLE,1,0.0
Jayce,Cassiopeia,TOP,1,1.0
Jayce,Chogath,JUNGLE,1,1.0
Jayce,Chogath,TOP,5,0.6
Jayce,Corki,TOP,4,0.25
Jayce,Darius,JUNGLE,1,1.0
Jayce,Darius,TOP,5,0.4
Jayce,Diana,TOP,1,0.0
Jayce,DrMundo,TOP,12,0.5
Jayce,Ekko,JUNGLE,2,0.0
Jayce,Ekko,MIDDLE,1,1.0
Jayce,Elise,JUNGLE,1,0.0
Jayce,Evelynn,JUNGLE,1,1.0
Jayce,Ezreal,BOTTOM,2,0.5
Jayce,Ezreal,TOP,1,0.0
Jayce,Fiora,TOP,6,0.6666666666666666
Jayce,Fizz,TOP,1,1.0
Jayce,Galio,MIDDLE,1,0.0
Jayce,Gangplank,MIDDLE,1,0.0
Jayce,Gangplank,TOP,5,1.0
Jayce,Garen,TOP,6,0.5
Jayce,Gnar,JUNGLE,1,0.0
Jayce,Gnar,TOP,20,0.6
Jayce,Gragas,TOP,15,0.26666666666666666
Jayce,Graves,JUNGLE,9,0.6666666666666666
Jayce,Gwen,JUNGLE,1,1.0
Jayce,Gwen,TOP,1,1.0
Jayce,Hecarim,JUNGLE,2,0.5
Jayce,Heimerdinger,TOP,1,1.0
Jayce,Illaoi,TOP,1,1.0
Jayce,Irelia,TOP,34,0.4117647058823529
Jayce,Ivern,JUNGLE,4,1.0
Jayce,Ivern,TOP,1,0.0
Jayce,JarvanIV,JUNGLE,10,0.3
Jayce,Jax,TOP,9,0.6666666666666666
Jayce,Jhin,BOTTOM,1,0.0
Jayce,KSante,TOP,40,0.425
Jayce,Kaisa,BOTTOM,1,0.0
Jayce,Karthus,JUNGLE,3,0.3333333333333333
Jayce,Kassadin,MIDDLE,2,0.5
Jayce,Kassadin,TOP,1,1.0
Jayce,Kayle,MIDDLE,1,1.0
Jayce,Kayle,TOP,4,0.75
Jayce,Kayn,JUNGLE,3,0.6666666666666666
Jayce,Kennen,TOP,5,0.6
Jayce,Khazix,JUNGLE,4,1.0
Jayce,Kindred,JUNGLE,2,0.0
Jayce,Kled,TOP,5,0.4
Jayce,KogMaw,TOP,1,1.0
Jayce,Leblanc,MIDDLE,2,1.0
Jayce,LeeSin,JUNGLE,19,0.42105263157894735
Jayce,Lillia,JUNGLE,3,1.0
Jayce,Lissandra,MIDDLE,3,1.0
Jayce,Lissandra,TOP,5,0.4
Jayce,Locke,JUNGLE,2,0.5
Jayce,Locke,MIDDLE,1,0.0
Jayce,Lucian,MIDDLE,2,0.5
Jayce,Lucian,TOP,8,0.375
Jayce,Lux,TOP,1,1.0
Jayce,Malphite,TOP,30,0.5
Jayce,MasterYi,JUNGLE,4,0.5
Jayce,MonkeyKing,JUNGLE,1,1.0
Jayce,Mordekaiser,TOP,2,1.0
Jayce,Morgana,MIDDLE,1,0.0
Jayce,Morgana,TOP,1,0.0
Jayce,Naafiri,JUNGLE,5,1.0
Jayce,Naafiri,MIDDLE,1,0.0
Jayce,Naafiri,TOP,3,1.0
Jayce,Nasus,TOP,9,0.6666666666666666
Jayce,Nautilus,MIDDLE,1,1.0
Jayce,Nidalee,JUNGLE,7,0.42857142857142855
Jayce,Nidalee,TOP,1,0.0
Jayce,Nocturne,JUNGLE,1,1.0
Jayce,Nocturne,TOP,1,0.0
Jayce,Nunu,JUNGLE,4,0.25
Jayce,Olaf,JUNGLE,1,1.0
Jayce,Olaf,TOP,22,0.36363636363636365
Jayce,Orianna,MIDDLE,2,0.5
Jayce,Orianna,TOP,2,0.5
Jayce,Ornn,TOP,3,0.0
Jayce,Pantheon,JUNGLE,3,0.0
Jayce,Pantheon,TOP,13,0.38461538461538464
Jayce,Poppy,TOP,5,0.8
Jayce,Pyke,SUPPORT,1,1.0
Jayce,Qiyana,JUNGLE,6,0.3333333333333333
Jayce,Qiyana,MIDDLE,3,0.6666666666666666
Jayce,Qiyana,TOP,4,0.5
Jayce,Quinn,TOP,9,0.3333333333333333
Jayce,RekSai,JUNGLE,4,1.0
Jayce,Renekton,TOP,19,0.47368421052631576
Jayce,Rengar,JUNGLE,3,0.3333333333333333
Jayce,Rengar,TOP,3,0.0
Jayce,Riven,MIDDLE,1,1.0
Jayce,Riven,TOP,11,0.8181818181818182
Jayce,Rumble,TOP,22,0.4090909090909091
Jayce,Ryze,MIDDLE,10,0.5
Jayce,Samira,TOP,1,1.0
Jayce,Sejuani,JUNGLE,1,1.0
Jayce,Sejuani,TOP,2,0.5
Jayce,Sett,TOP,3,0.0
Jayce,Shen,TOP,3,0.3333333333333333
Jayce,Shyvana,JUNGLE,2,0.5
Jayce,Singed,TOP,5,0.4
Jayce,Sion,TOP,51,0.39215686274509803
Jayce,Skarner,JUNGLE,1,0.0
Jayce,Skarner,TOP,4,0.5
Jayce,Soraka,TOP,1,0.0
Jayce,Swain,TOP,2,0.5
Jayce,Sylas,JUNGLE,3,0.6666666666666666
Jayce,Sylas,MIDDLE,3,1.0
Jayce,Sylas,TOP,3,0.3333333333333333
Jayce,Syndra,MIDDLE,3,0.6666666666666666
Jayce,TahmKench,TOP,1,0.0
Jayce,Taliyah,JUNGLE,3,0.3333333333333333
Jayce,Taliyah,MIDDLE,2,0.5
Jayce,Talon,JUNGLE,1,1.0
Jayce,Teemo,TOP,6,0.16666666666666666
Jayce,Tristana,BOTTOM,1,1.0
Jayce,Trundle,TOP,2,0.5
Jayce,Tryndamere,TOP,5,0.2
Jayce,TwistedFate,MIDDLE,4,0.5
Jayce,TwistedFate,TOP,2,0.5
Jayce,Udyr,JUNGLE,2,0.0
Jayce,Udyr,TOP,1,1.0
Jayce,Urgot,TOP,4,0.5
Jayce,Varus,TOP,14,0.5
Jayce,Vayne,TOP,16,0.75
Jayce,Veigar,TOP,1,0.0
Jayce,Vex,MIDDLE,1,0.0
Jayce,Vi,JUNGLE,3,0.3333333333333333
Jayce,Viego,JUNGLE,3,0.0
Jayce,Viktor,MIDDLE,1,0.0
Jayce,Volibear,TOP,2,0.5
Jayce,Warwick,TOP,4,0.75
Jayce,Xerath,MIDDLE,1,1.0
Jayce,XinZhao,JUNGLE,3,0.0
Jayce,Yasuo,MIDDLE,1,0.0
Jayce,Yasuo,TOP,19,0.3684210526315789
Jayce,Yone,MIDDLE,7,0.42857142857142855
Jayce,Yone,TOP,16,0.5625
Jayce,Yorick,TOP,60,0.43333333333333335
Jayce,Zaahen,JUNGLE,2,1.0
Jayce,Zaahen,TOP,6,0.5
Jayce,Zed,JUNGLE,1,1.0
Jayce,Zed,MIDDLE,2,0.5
Jayce,Zed,TOP,1,0.0
Jayce,Zilean,TOP,1,0.0
Jayce,Zoe,MIDDLE,3,1.0
Jayce,Zyra,JUNGLE,1,1.0
Jayce,Zyra,TOP,1,0.0
Jhin,Akali,BOTTOM,1,0.0
Jhin,Ambessa,BOTTOM,2,0.5
Jhin,Aphelios,BOTTOM,16,0.5625
Jhin,Ashe,BOTTOM,37,0.40540540540540543
Jhin,AurelionSol,BOTTOM,2,1.0
Jhin,Brand,BOTTOM,3,0.3333333333333333
Jhin,Caitlyn,BOTTOM,93,0.5806451612903226
Jhin,Cassiopeia,BOTTOM,3,0.6666666666666666
Jhin,Corki,BOTTOM,20,0.55
Jhin,Draven,BOTTOM,13,0.6923076923076923
Jhin,Ezreal,BOTTOM,119,0.5462184873949579
Jhin,Ezreal,SUPPORT,1,0.0
Jhin,Gwen,BOTTOM,1,1.0
Jhin,Heimerdinger,BOTTOM,2,0.0
Jhin,Hwei,BOTTOM,6,0.5
Jhin,Irelia,BOTTOM,1,1.0
Jhin,Jayce,BOTTOM,1,1.0
Jhin,Jinx,BOTTOM,15,0.8
Jhin,KSante,BOTTOM,1,1.0
Jhin,Kaisa,BOTTOM,44,0.6363636363636364
Jhin,Kalista,BOTTOM,21,0.2857142857142857
Jhin,Karthus,BOTTOM,12,0.08333333333333333
Jhin,Katarina,BOTTOM,2,0.0
Jhin,Kennen,BOTTOM,1,1.0
Jhin,KogMaw,BOTTOM,3,0.3333333333333333
Jhin,Lissandra,MIDDLE,1,0.0
Jhin,Lucian,BOTTOM,32,0.46875
Jhin,Lux,BOTTOM,10,0.4
Jhin,Lux,MIDDLE,1,0.0
Jhin,Malphite,TOP,1,0.0
Jhin,Mel,BOTTOM,6,0.6666666666666666
Jhin,MissFortune,BOTTOM,13,0.46153846153846156
Jhin,Nidalee,BOTTOM,1,1.0
Jhin,Nilah,BOTTOM,2,1.0
Jhin,Nunu,MIDDLE,1,0.0
Jhin,Pantheon,BOTTOM,2,0.0
Jhin,Ryze,BOTTOM,1,0.0
Jhin,Samira,BOTTOM,1,1.0
Jhin,Senna,BOTTOM,4,0.75
Jhin,Seraphine,BOTTOM,6,0.5
Jhin,Singed,BOTTOM,1,0.0
Jhin,Singed,TOP,1,1.0
Jhin,Sivir,BOTTOM,9,0.8888888888888888
Jhin,Smolder,BOTTOM,5,0.8
Jhin,Swain,BOTTOM,7,0.5714285714285714
Jhin,Sylas,BOTTOM,2,0.5
Jhin,Sylas,TOP,1,0.0
Jhin,Syndra,BOTTOM,10,0.5
Jhin,Taliyah,BOTTOM,1,0.0
Jhin,Tristana,BOTTOM,34,0.47058823529411764
Jhin,Twitch,BOTTOM,4,0.5
Jhin,Varus,BOTTOM,30,0.6666666666666666
Jhin,Vayne,BOTTOM,3,0.3333333333333333
Jhin,Veigar,BOTTOM,6,0.6666666666666666
Jhin,Velkoz,BOTTOM,7,0.5714285714285714
Jhin,Vex,BOTTOM,1,1.0
Jhin,Viktor,BOTTOM,7,0.5714285714285714
Jhin,Vladimir,BOTTOM,1,0.0
Jhin,Xayah,BOTTOM,8,0.75
Jhin,Xerath,BOTTOM,4,0.75
Jhin,Yasuo,BOTTOM,12,0.25
Jhin,Yone,MIDDLE,1,1.0
Jhin,Yunara,BOTTOM,54,0.5185185185185185
Jhin,Zed,BOTTOM,1,1.0
Jhin,Zed,JUNGLE,1,0.0
Jhin,Zed,MIDDLE,1,1.0
Jhin,Zeri,BOTTOM,15,0.4666666666666667
Jhin,Ziggs,BOTTOM,11,0.18181818181818182
Jhin,Zilean,BOTTOM,1,1.0
Jhin,Zyra,BOTTOM,2,0.5
Jinx,Anivia,BOTTOM,1,1.0
Jinx,Aphelios,BOTTOM,26,0.6923076923076923
Jinx,Ashe,BOTTOM,9,0.5555555555555556
Jinx,AurelionSol,BOTTOM,2,0.5
Jinx,Brand,BOTTOM,6,0.5
Jinx,Caitlyn,BOTTOM,20,0.45
Jinx,Cassiopeia,BOTTOM,1,1.0
Jinx,Corki,BOTTOM,3,0.3333333333333333
Jinx,Draven,BOTTOM,5,0.4
Jinx,Ezreal,BOTTOM,13,0.5384615384615384
Jinx,Heimerdinger,BOTTOM,1,1.0
Jinx,Hwei,BOTTOM,3,0.3333333333333333
Jinx,Jhin,BOTTOM,15,0.2
Jinx,Kaisa,BOTTOM,9,0.6666666666666666
Jinx,Kalista,BOTTOM,6,0.6666666666666666
Jinx,Karthus,BOTTOM,4,0.5
Jinx,Kennen,BOTTOM,1,1.0
Jinx,Locke,BOTTOM,1,1.0
Jinx,Lucian,BOTTOM,16,0.4375
Jinx,Lux,BOTTOM,2,0.5
Jinx,Mel,BOTTOM,1,1.0
Jinx,MissFortune,BOTTOM,2,0.5
Jinx,Qiyana,BOTTOM,1,1.0
Jinx,Rengar,BOTTOM,1,0.0
Jinx,Samira,BOTTOM,4,0.75
Jinx,Senna,BOTTOM,3,0.3333333333333333
Jinx,Sivir,BOTTOM,6,0.5
Jinx,Swain,BOTTOM,3,0.3333333333333333
Jinx,Sylas,BOTTOM,2,1.0
Jinx,Syndra,BOTTOM,3,0.3333333333333333
Jinx,Tristana,BOTTOM,5,0.6
Jinx,TwistedFate,BOTTOM,1,0.0
Jinx,Twitch,BOTTOM,6,0.16666666666666666
Jinx,Udyr,BOTTOM,1,1.0
Jinx,Varus,BOTTOM,6,0.3333333333333333
Jinx,Vayne,BOTTOM,1,1.0
Jinx,Veigar,BOTTOM,2,0.0
Jinx,Velkoz,BOTTOM,2,0.5
Jinx,Viktor,BOTTOM,2,0.0
Jinx,Vladimir,BOTTOM,1,0.0
Jinx,Xayah,BOTTOM,5,0.6
Jinx,Xerath,BOTTOM,1,0.0
Jinx,Yunara,BOTTOM,33,0.42424242424242425
Jinx,Zeri,BOTTOM,9,0.4444444444444444
Jinx,Ziggs,BOTTOM,3,0.6666666666666666
Jinx,Zyra,BOTTOM,1,0.0
KSante,Aatrox,TOP,3,1.0
KSante,Ahri,MIDDLE,2,1.0
KSante,Akali,TOP,4,0.5
KSante,Akshan,TOP,1,1.0
KSante,Ambessa,MIDDLE,1,0.0
KSante,Ambessa,TOP,10,0.8
KSante,Anivia,MIDDLE,1,1.0
KSante,Anivia,TOP,2,0.0
KSante,Aurora,TOP,3,0.0
KSante,Camille,TOP,5,0.0
KSante,Cassiopeia,TOP,3,1.0
KSante,Chogath,TOP,2,0.5
KSante,Corki,TOP,1,0.0
KSante,Darius,TOP,5,0.6
KSante,DrMundo,TOP,2,0.5
KSante,Fiora,TOP,9,0.2222222222222222
KSante,Galio,MIDDLE,1,0.0
KSante,Gangplank,MIDDLE,1,0.0
KSante,Gangplank,TOP,11,0.45454545454545453
KSante,Garen,TOP,9,0.4444444444444444
KSante,Gnar,TOP,18,0.4444444444444444
KSante,Gragas,MIDDLE,1,1.0
KSante,Gragas,TOP,3,0.3333333333333333
KSante,Gwen,TOP,8,0.75
KSante,Irelia,MIDDLE,1,0.0
KSante,Irelia,TOP,6,0.5
KSante,Jax,TOP,7,0.42857142857142855
KSante,Jayce,TOP,40,0.575
KSante,Jhin,BOTTOM,1,0.0
KSante,Kalista,TOP,2,0.5
KSante,Karma,SUPPORT,2,0.5
KSante,Kassadin,TOP,1,0.0
KSante,Katarina,TOP,1,1.0
KSante,Kayle,TOP,5,0.8
KSante,Kayn,TOP,1,0.0
KSante,Kennen,TOP,2,0.0
KSante,Kled,TOP,1,0.0
KSante,Leona,SUPPORT,1,1.0
KSante,Lissandra,TOP,1,0.0
KSante,Lucian,BOTTOM,1,0.0
KSante,Malphite,TOP,5,0.6
KSante,Malzahar,TOP,2,0.0
KSante,Maokai,TOP,1,0.0
KSante,Mordekaiser,TOP,2,0.0
KSante,Nami,TOP,1,1.0
KSante,Nasus,MIDDLE,1,1.0
KSante,Neeko,SUPPORT,1,1.0
KSante,Nocturne,TOP,1,1.0
KSante,Olaf,TOP,8,0.625
KSante,Orianna,MIDDLE,2,0.5
KSante,Ornn,TOP,5,0.6
KSante,Pantheon,TOP,6,0.5
KSante,Poppy,TOP,1,0.0
KSante,Qiyana,TOP,1,1.0
KSante,Quinn,TOP,2,0.0
KSante,Renekton,TOP,10,0.8
KSante,Rengar,TOP,2,0.0
KSante,Riven,MIDDLE,1,1.0
KSante,Riven,TOP,4,0.5
KSante,Rumble,TOP,20,0.45
KSante,Ryze,MIDDLE,1,1.0
KSante,Ryze,TOP,4,1.0
KSante,Senna,SUPPORT,1,0.0
KSante,Senna,TOP,1,1.0
KSante,Shen,TOP,3,0.3333333333333333
KSante,Shyvana,TOP,1,1.0
KSante,Singed,TOP,1,1.0
KSante,Sion,TOP,4,0.5
KSante,Skarner,TOP,1,1.0
KSante,Soraka,TOP,1,1.0
KSante,Swain,TOP,1,1.0
KSante,Taliyah,MIDDLE,1,1.0
KSante,Teemo,TOP,5,0.4
KSante,Tristana,MIDDLE,1,0.0
KSante,Tristana,TOP,1,0.0
KSante,Tryndamere,TOP,2,1.0
KSante,TwistedFate,TOP,2,1.0
KSante,Urgot,TOP,4,0.0
KSante,Varus,TOP,3,0.6666666666666666
KSante,Vayne,TOP,12,0.5833333333333334
KSante,Vladimir,TOP,1,1.0
KSante,Warwick,TOP,2,0.0
KSante,Yasuo,TOP,5,0.2
KSante,Yone,TOP,8,0.625
KSante,Yorick,TOP,1,0.0
KSante,Yunara,TOP,1,1.0
KSante,Zaahen,TOP,4,0.5
KSante,Ziggs,MIDDLE,1,1.0
KSante,Zoe,MIDDLE,1,0.0
KSante,Zoe,SUPPORT,1,1.0
KSante,Zoe,TOP,1,1.0
Kaisa,Ahri,MIDDLE,2,0.5
Kaisa,Ambessa,TOP,1,0.0
Kaisa,Anivia,BOTTOM,1,1.0
Kaisa,Aphelios,BOTTOM,12,0.5
Kaisa,Ashe,BOTTOM,4,0.5
Kaisa,AurelionSol,BOTTOM,4,0.5
Kaisa,Aurora,TOP,1,0.0
Kaisa,Brand,BOTTOM,4,0.5
Kaisa,Caitlyn,BOTTOM,18,0.5555555555555556
Kaisa,Cassiopeia,BOTTOM,2,1.0
Kaisa,Chogath,BOTTOM,1,1.0
Kaisa,Corki,BOTTOM,19,0.5263157894736842
Kaisa,Draven,BOTTOM,4,0.25
Kaisa,Ezreal,BOTTOM,92,0.5543478260869565
Kaisa,Fiora,TOP,1,1.0
Kaisa,Heimerdinger,BOTTOM,1,0.0
Kaisa,Hwei,BOTTOM,7,0.2857142857142857
Kaisa,JarvanIV,JUNGLE,1,0.0
Kaisa,Jax,BOTTOM,1,1.0
Kaisa,Jayce,BOTTOM,1,1.0
Kaisa,Jhin,BOTTOM,44,0.36363636363636365
Kaisa,Jinx,BOTTOM,9,0.3333333333333333
Kaisa,Kalista,BOTTOM,10,0.5
Kaisa,Karthus,BOTTOM,6,0.3333333333333333
Kaisa,Katarina,BOTTOM,3,0.3333333333333333
Kaisa,Katarina,MIDDLE,1,0.0
Kaisa,Kayle,TOP,1,0.0
Kaisa,Kennen,BOTTOM,1,0.0
Kaisa,Kennen,TOP,1,0.0
Kaisa,KogMaw,BOTTOM,6,0.5
Kaisa,Leblanc,MIDDLE,1,0.0
Kaisa,LeeSin,BOTTOM,1,0.0
Kaisa,Locke,BOTTOM,1,1.0
Kaisa,Locke,MIDDLE,1,1.0
Kaisa,Lucian,BOTTOM,24,0.6666666666666666
Kaisa,Lux,BOTTOM,4,0.5
Kaisa,Mel,BOTTOM,8,0.375
Kaisa,MissFortune,BOTTOM,2,0.5
Kaisa,Naafiri,BOTTOM,1,0.0
Kaisa,Nilah,BOTTOM,3,0.3333333333333333
Kaisa,Ornn,TOP,1,0.0
Kaisa,Pantheon,BOTTOM,1,0.0
Kaisa,Pantheon,TOP,1,0.0
Kaisa,Samira,BOTTOM,2,0.5
Kaisa,Sejuani,BOTTOM,1,1.0
Kaisa,Senna,BOTTOM,7,0.42857142857142855
Kaisa,Seraphine,BOTTOM,1,1.0
Kaisa,Sett,TOP,1,0.0
Kaisa,Sivir,BOTTOM,11,0.45454545454545453
Kaisa,Smolder,BOTTOM,5,0.4
Kaisa,Swain,BOTTOM,3,0.3333333333333333
Kaisa,Syndra,BOTTOM,6,0.3333333333333333
Kaisa,Taliyah,BOTTOM,2,0.5
Kaisa,Tristana,BOTTOM,16,0.3125
Kaisa,TwistedFate,BOTTOM,1,1.0
Kaisa,Twitch,BOTTOM,3,0.3333333333333333
Kaisa,Udyr,BOTTOM,1,0.0
Kaisa,Varus,BOTTOM,9,0.3333333333333333
Kaisa,Vayne,BOTTOM,4,0.5
Kaisa,Vayne,TOP,1,1.0
Kaisa,Veigar,BOTTOM,2,1.0
Kaisa,Velkoz,BOTTOM,2,0.0
Kaisa,Viego,JUNGLE,1,0.0
Kaisa,Viktor,BOTTOM,3,0.6666666666666666
Kaisa,Viktor,MIDDLE,2,0.5
Kaisa,Vladimir,BOTTOM,2,0.0
Kaisa,Xayah,BOTTOM,27,0.37037037037037035
Kaisa,Xerath,BOTTOM,5,0.4
Kaisa,Yasuo,BOTTOM,7,0.8571428571428571
Kaisa,Yasuo,MIDDLE,1,0.0
Kaisa,Yasuo,TOP,2,0.0
Kaisa,Yone,BOTTOM,1,1.0
Kaisa,Yunara,BOTTOM,37,0.5675675675675675
Kaisa,Yuumi,SUPPORT,1,1.0
Kaisa,Zeri,BOTTOM,11,0.45454545454545453
Kaisa,Ziggs,BOTTOM,10,0.5
Kaisa,Zyra,BOTTOM,2,0.5
Kalista,Aatrox,TOP,1,1.0
Kalista,Ahri,TOP,1,1.0
Kalista,Anivia,BOTTOM,1,1.0
Kalista,Aphelios,BOTTOM,3,1.0
Kalista,Ashe,BOTTOM,9,0.1111111111111111
Kalista,AurelionSol,BOTTOM,2,0.0
Kalista,Brand,BOTTOM,1,1.0
Kalista,Caitlyn,BOTTOM,16,0.625
Kalista,Cassiopeia,BOTTOM,2,0.5
Kalista,Chogath,BOTTOM,1,0.0
Kalista,Corki,BOTTOM,5,0.6
Kalista,Draven,BOTTOM,9,0.6666666666666666
Kalista,Ekko,BOTTOM,2,0.5
Kalista,Ezreal,BOTTOM,29,0.4482758620689655
Kalista,Fiora,BOTTOM,1,1.0
Kalista,Fizz,BOTTOM,1,0.0
Kalista,Garen,TOP,1,0.0
Kalista,Gnar,TOP,3,0.6666666666666666
Kalista,Hwei,BOTTOM,4,0.5
Kalista,Irelia,MIDDLE,1,1.0
Kalista,Jhin,BOTTOM,21,0.7142857142857143
Kalista,Jinx,BOTTOM,6,0.3333333333333333
Kalista,KSante,TOP,2,0.5
Kalista,Kaisa,BOTTOM,10,0.5
Kalista,Karthus,BOTTOM,7,0.2857142857142857
Kalista,Katarina,BOTTOM,2,0.5
Kalista,KogMaw,BOTTOM,5,0.6
Kalista,Locke,BOTTOM,1,0.0
Kalista,Lucian,BOTTOM,10,0.3
Kalista,Lux,BOTTOM,3,0.6666666666666666
Kalista,Malphite,TOP,1,0.0
Kalista,Mel,BOTTOM,4,0.5
Kalista,MissFortune,BOTTOM,3,0.0
Kalista,Olaf,TOP,1,0.0
Kalista,Qiyana,BOTTOM,1,0.0
Kalista,Quinn,TOP,1,0.0
Kalista,Rengar,BOTTOM,1,0.0
Kalista,Riven,BOTTOM,1,0.0
Kalista,Samira,BOTTOM,1,1.0
Kalista,Senna,BOTTOM,3,0.0
Kalista,Sivir,BOTTOM,3,0.0
Kalista,Smolder,BOTTOM,2,1.0
Kalista,Swain,BOTTOM,1,0.0
Kalista,Sylas,BOTTOM,1,0.0
Kalista,Syndra,BOTTOM,1,1.0
Kalista,Syndra,MIDDLE,1,0.0
Kalista,Taliyah,BOTTOM,1,0.0
Kalista,Taliyah,MIDDLE,1,0.0
Kalista,Tristana,BOTTOM,15,0.5333333333333333
Kalista,TwistedFate,BOTTOM,2,0.5
Kalista,TwistedFate,TOP,1,0.0
Kalista,Twitch,BOTTOM,1,1.0
Kalista,Varus,BOTTOM,4,0.5
Kalista,Vayne,BOTTOM,1,1.0
Kalista,Veigar,BOTTOM,4,0.5
Kalista,Velkoz,BOTTOM,1,0.0
Kalista,Vex,BOTTOM,1,1.0
Kalista,Vi,TOP,1,1.0
Kalista,Viktor,BOTTOM,2,0.5
Kalista,Vladimir,BOTTOM,1,1.0
Kalista,Xayah,BOTTOM,7,0.7142857142857143
Kalista,Yasuo,BOTTOM,1,0.0
Kalista,Yone,TOP,1,0.0
Kalista,Yunara,BOTTOM,19,0.5789473684210527
Kalista,Zeri,BOTTOM,7,0.42857142857142855
Kalista,Ziggs,BOTTOM,1,1.0
Kalista,Zilean,BOTTOM,1,0.0
Karma,Aatrox,SUPPORT,1,1.0
Karma,Ahri,SUPPORT,1,1.0
Karma,Ahri,TOP,1,1.0
Karma,Alistar,SUPPORT,13,0.3076923076923077
Karma,Amumu,SUPPORT,1,1.0
Karma,Anivia,SUPPORT,30,0.5333333333333333
Karma,Aurora,TOP,1,0.0
Karma,Bard,SUPPORT,82,0.4146341463414634
Karma,Blitzcrank,SUPPORT,5,0.6
Karma,Braum,SUPPORT,1,0.0
Karma,Camille,SUPPORT,8,0.5
Karma,Cassiopeia,SUPPORT,1,0.0
Karma,Chogath,SUPPORT,1,1.0
Karma,Ekko,SUPPORT,1,0.0
Karma,Elise,SUPPORT,13,0.46153846153846156
Karma,Ezreal,BOTTOM,1,0.0
Karma,Ezreal,SUPPORT,1,1.0
Karma,FiddleSticks,SUPPORT,1,1.0
Karma,Galio,SUPPORT,1,0.0
Karma,Gragas,MIDDLE,1,1.0
Karma,Gwen,TOP,1,1.0
Karma,Heimerdinger,SUPPORT,1,0.0
Karma,Hwei,SUPPORT,4,0.75
Karma,Ivern,SUPPORT,2,0.0
Karma,Janna,SUPPORT,12,0.4166666666666667
Karma,JarvanIV,SUPPORT,1,0.0
Karma,KSante,SUPPORT,2,0.5
Karma,Karthus,MIDDLE,1,1.0
Karma,Katarina,SUPPORT,2,0.5
Karma,Leblanc,MIDDLE,1,1.0
Karma,Leblanc,SUPPORT,8,0.375
Karma,Leona,SUPPORT,10,0.6
Karma,Lissandra,SUPPORT,2,0.5
Karma,Locke,MIDDLE,3,0.3333333333333333
Karma,Lulu,SUPPORT,52,0.46153846153846156
Karma,Lux,SUPPORT,9,0.4444444444444444
Karma,Maokai,SUPPORT,4,0.5
Karma,Milio,SUPPORT,5,0.6
Karma,Morgana,SUPPORT,3,0.6666666666666666
Karma,Nami,SUPPORT,44,0.36363636363636365
Karma,Nautilus,SUPPORT,94,0.425531914893617
Karma,Neeko,SUPPORT,32,0.375
Karma,Nidalee,SUPPORT,4,1.0
Karma,Olaf,TOP,1,0.0
Karma,Pantheon,SUPPORT,16,0.3125
Karma,Poppy,SUPPORT,3,0.6666666666666666
Karma,Pyke,SUPPORT,28,0.4642857142857143
Karma,Qiyana,SUPPORT,1,0.0
Karma,Rakan,SUPPORT,23,0.4782608695652174
Karma,Rell,SUPPORT,15,0.26666666666666666
Karma,Renata,SUPPORT,3,0.3333333333333333
Karma,Renekton,TOP,1,1.0
Karma,Senna,SUPPORT,22,0.5454545454545454
Karma,Seraphine,SUPPORT,21,0.5238095238095238
Karma,Shen,SUPPORT,2,0.5
Karma,Shen,TOP,1,0.0
Karma,Skarner,SUPPORT,1,1.0
Karma,Sona,SUPPORT,24,0.4166666666666667
Karma,Soraka,SUPPORT,21,0.42857142857142855
Karma,Swain,SUPPORT,1,1.0
Karma,Sylas,MIDDLE,2,0.0
Karma,Sylas,SUPPORT,2,0.0
Karma,Taliyah,SUPPORT,1,0.0
Karma,Taric,SUPPORT,3,0.6666666666666666
Karma,Thresh,SUPPORT,21,0.6666666666666666
Karma,Urgot,TOP,1,1.0
Karma,Varus,SUPPORT,1,1.0
Karma,Veigar,SUPPORT,2,0.5
Karma,Velkoz,SUPPORT,2,0.5
Karma,Xerath,MIDDLE,1,0.0
Karma,Xerath,SUPPORT,1,1.0
Karma,Yone,MIDDLE,1,0.0
Karma,Yuumi,SUPPORT,8,0.625
Karma,Zaahen,TOP,1,1.0
Karma,Zac,SUPPORT,1,1.0
Karma,Zed,MIDDLE,2,0.0
Karma,Zed,SUPPORT,1,0.0
Karma,Ziggs,SUPPORT,1,0.0
Karma,Zilean,SUPPORT,2,0.0
Karma,Zoe,SUPPORT,4,0.0
Karma,Zyra,SUPPORT,1,1.0
Karthus,Aatrox,JUNGLE,2,0.5
Karthus,Ahri,BOTTOM,1,0.0
Karthus,Ahri,MIDDLE,1,1.0
Karthus,Akshan,BOTTOM,1,0.0
Karthus,Ambessa,JUNGLE,2,1.0
Karthus,Anivia,SUPPORT,1,1.0
Karthus,Aphelios,BOTTOM,3,1.0
Karthus,Ashe,BOTTOM,3,0.3333333333333333
Karthus,AurelionSol,BOTTOM,1,1.0
Karthus,Belveth,JUNGLE,2,0.5
Karthus,Blitzcrank,SUPPORT,1,1.0
Karthus,Brand,JUNGLE,1,0.0
Karthus,Caitlyn,BOTTOM,7,0.5714285714285714
Karthus,Camille,SUPPORT,1,0.0
Karthus,Corki,BOTTOM,3,0.3333333333333333
Karthus,DrMundo,JUNGLE,2,0.5
Karthus,Draven,BOTTOM,2,0.5
Karthus,Ekko,JUNGLE,3,0.3333333333333333
Karthus,Elise,JUNGLE,1,0.0
Karthus,Evelynn,JUNGLE,3,0.6666666666666666
Karthus,Ezreal,BOTTOM,14,0.6428571428571429
Karthus,FiddleSticks,JUNGLE,1,0.0
Karthus,Fizz,JUNGLE,1,0.0
Karthus,Gnar,JUNGLE,1,1.0
Karthus,Gnar,TOP,1,1.0
Karthus,Graves,JUNGLE,5,0.2
Karthus,Gwen,JUNGLE,1,0.0
Karthus,Hecarim,JUNGLE,1,1.0
Karthus,Hwei,BOTTOM,1,1.0
Karthus,JarvanIV,JUNGLE,4,0.25
Karthus,Jayce,JUNGLE,3,0.6666666666666666
Karthus,Jhin,BOTTOM,12,0.9166666666666666
Karthus,Jinx,BOTTOM,4,0.5
Karthus,Kaisa,BOTTOM,6,0.6666666666666666
Karthus,Kalista,BOTTOM,7,0.7142857142857143
Karthus,Karma,MIDDLE,1,0.0
Karthus,Katarina,BOTTOM,1,0.0
Karthus,Kayle,TOP,1,0.0
Karthus,Khazix,JUNGLE,2,0.5
Karthus,Kindred,JUNGLE,3,0.3333333333333333
Karthus,LeeSin,JUNGLE,5,0.8
Karthus,Lillia,JUNGLE,1,1.0
Karthus,Locke,JUNGLE,1,1.0
Karthus,Lucian,BOTTOM,2,0.5
Karthus,Lux,BOTTOM,1,1.0
Karthus,MasterYi,JUNGLE,1,1.0
Karthus,Mel,BOTTOM,3,0.6666666666666666
Karthus,MonkeyKing,JUNGLE,3,0.6666666666666666
Karthus,Naafiri,JUNGLE,5,0.2
Karthus,Nidalee,JUNGLE,1,0.0
Karthus,Nocturne,JUNGLE,4,0.25
Karthus,Nunu,JUNGLE,2,0.5
Karthus,Olaf,TOP,1,0.0
Karthus,Pantheon,JUNGLE,2,1.0
Karthus,Pantheon,TOP,1,0.0
Karthus,Qiyana,JUNGLE,3,0.6666666666666666
Karthus,Quinn,JUNGLE,1,0.0
Karthus,Rakan,SUPPORT,1,0.0
Karthus,Rumble,JUNGLE,1,0.0
Karthus,Samira,BOTTOM,2,0.5
Karthus,Senna,BOTTOM,5,0.4
Karthus,Seraphine,BOTTOM,1,0.0
Karthus,Shaco,JUNGLE,1,0.0
Karthus,Shen,JUNGLE,1,0.0
Karthus,Shen,TOP,1,1.0
Karthus,Shyvana,JUNGLE,1,0.0
Karthus,Sivir,BOTTOM,5,0.4
Karthus,Smolder,BOTTOM,4,0.5
Karthus,Sylas,JUNGLE,1,0.0
Karthus,Syndra,BOTTOM,1,1.0
Karthus,Taliyah,JUNGLE,1,1.0
Karthus,Talon,JUNGLE,4,0.5
Karthus,Teemo,BOTTOM,1,0.0
Karthus,Tristana,BOTTOM,3,1.0
Karthus,Tristana,MIDDLE,1,1.0
Karthus,TwistedFate,MIDDLE,1,1.0
Karthus,Twitch,BOTTOM,2,0.5
Karthus,Varus,BOTTOM,1,0.0
Karthus,Varus,TOP,1,0.0
Karthus,Vayne,BOTTOM,1,1.0
Karthus,Veigar,BOTTOM,1,1.0
Karthus,Vi,JUNGLE,3,0.3333333333333333
Karthus,Viego,JUNGLE,1,1.0
Karthus,Viktor,BOTTOM,2,1.0
Karthus,Viktor,MIDDLE,1,0.0
Karthus,Vladimir,BOTTOM,2,0.5
Karthus,Volibear,JUNGLE,1,1.0
Karthus,Xayah,BOTTOM,1,1.0
Karthus,Xerath,BOTTOM,1,0.0
Karthus,XinZhao,JUNGLE,3,0.0
Karthus,Yasuo,BOTTOM,2,0.5
Karthus,Yunara,BOTTOM,12,0.5
Karthus,Zaahen,JUNGLE,1,0.0
Karthus,Zed,JUNGLE,1,0.0
Karthus,Zeri,BOTTOM,4,0.75
Karthus,Zyra,JUNGLE,2,0.0
Kassadin,Ahri,MIDDLE,1,0.0
Kassadin,Anivia,MIDDLE,3,0.0
Kassadin,Annie,MIDDLE,2,0.0
Kassadin,Aurora,MIDDLE,2,1.0
Kassadin,Aurora,TOP,1,1.0
Kassadin,Azir,MIDDLE,1,1.0
Kassadin,Brand,MIDDLE,1,0.0
Kassadin,Cassiopeia,MIDDLE,1,0.0
Kassadin,Corki,MIDDLE,1,1.0
Kassadin,Ekko,MIDDLE,1,0.0
Kassadin,Ezreal,MIDDLE,1,1.0
Kassadin,Fizz,MIDDLE,1,1.0
Kassadin,Galio,MIDDLE,2,0.0
Kassadin,Galio,TOP,1,1.0
Kassadin,Gangplank,MIDDLE,1,0.0
Kassadin,Gragas,MIDDLE,1,1.0
Kassadin,Hwei,MIDDLE,4,0.25
Kassadin,Jayce,MIDDLE,2,0.5
Kassadin,Jayce,TOP,1,0.0
Kassadin,KSante,TOP,1,1.0
Kassadin,Katarina,MIDDLE,2,0.5
Kassadin,Kayle,MIDDLE,1,0.0
Kassadin,Lissandra,MIDDLE,1,0.0
Kassadin,Locke,MIDDLE,1,0.0
Kassadin,Lucian,MIDDLE,1,1.0
Kassadin,Lulu,TOP,1,1.0
Kassadin,Mel,MIDDLE,1,0.0
Kassadin,Pantheon,MIDDLE,2,0.5
Kassadin,Qiyana,MIDDLE,1,0.0
Kassadin,Riven,MIDDLE,1,1.0
Kassadin,Rumble,TOP,2,0.5
Kassadin,Ryze,MIDDLE,4,0.25
Kassadin,Seraphine,MIDDLE,1,1.0
Kassadin,Smolder,MIDDLE,1,0.0
Kassadin,Sylas,MIDDLE,2,0.5
Kassadin,Taliyah,MIDDLE,1,0.0
Kassadin,Talon,MIDDLE,2,0.5
Kassadin,Tristana,BOTTOM,1,0.0
Kassadin,Tristana,MIDDLE,3,0.3333333333333333
Kassadin,TwistedFate,MIDDLE,3,0.6666666666666666
Kassadin,Vayne,MIDDLE,1,0.0
Kassadin,Viktor,MIDDLE,2,0.0
Kassadin,Vladimir,MIDDLE,3,0.6666666666666666
Kassadin,Xerath,MIDDLE,1,1.0
Kassadin,Yasuo,MIDDLE,2,0.5
Kassadin,Yone,MIDDLE,3,0.3333333333333333
Kassadin,Yone,TOP,1,0.0
Kassadin,Zed,MIDDLE,2,0.5
Kassadin,Ziggs,MIDDLE,1,0.0
Kassadin,Zilean,MIDDLE,1,0.0
Kassadin,Zoe,MIDDLE,3,0.6666666666666666
Katarina,Ahri,BOTTOM,1,1.0
Katarina,Ahri,MIDDLE,8,0.5
Katarina,Akali,MIDDLE,8,0.5
Katarina,Akshan,MIDDLE,2,0.5
Katarina,Ambessa,MIDDLE,2,0.0
Katarina,Ambessa,TOP,2,1.0
Katarina,Anivia,MIDDLE,4,0.75
Katarina,Annie,MIDDLE,8,0.375
Katarina,Aphelios,BOTTOM,4,1.0
Katarina,Ashe,BOTTOM,1,1.0
Katarina,AurelionSol,BOTTOM,2,1.0
Katarina,Aurora,MIDDLE,7,0.2857142857142857
Katarina,Azir,MIDDLE,2,0.5
Katarina,Bard,SUPPORT,1,1.0
Katarina,Brand,JUNGLE,1,0.0
Katarina,Caitlyn,BOTTOM,1,1.0
Katarina,Cassiopeia,MIDDLE,1,0.0
Katarina,Chogath,MIDDLE,1,1.0
Katarina,Corki,BOTTOM,1,1.0
Katarina,Diana,MIDDLE,2,0.5
Katarina,Ekko,MIDDLE,4,0.25
Katarina,Ezreal,BOTTOM,4,0.75
Katarina,Ezreal,MIDDLE,1,0.0
Katarina,Fizz,MIDDLE,2,0.5
Katarina,Galio,MIDDLE,9,0.4444444444444444
Katarina,Garen,MIDDLE,1,1.0
Katarina,Hwei,BOTTOM,1,0.0
Katarina,Hwei,MIDDLE,2,0.5
Katarina,Irelia,MIDDLE,3,0.3333333333333333
Katarina,Jhin,BOTTOM,2,1.0
Katarina,KSante,TOP,1,0.0
Katarina,Kaisa,BOTTOM,3,0.6666666666666666
Katarina,Kaisa,MIDDLE,1,1.0
Katarina,Kalista,BOTTOM,2,0.5
Katarina,Karma,SUPPORT,2,0.5
Katarina,Karthus,BOTTOM,1,1.0
Katarina,Kassadin,MIDDLE,2,0.5
Katarina,Kayle,MIDDLE,2,0.5
Katarina,Kayn,MIDDLE,1,1.0
Katarina,Kennen,MIDDLE,1,1.0
Katarina,Leblanc,MIDDLE,8,0.625
Katarina,Leblanc,SUPPORT,1,1.0
Katarina,LeeSin,MIDDLE,2,0.0
Katarina,Lissandra,MIDDLE,7,0.2857142857142857
Katarina,Locke,MIDDLE,7,0.42857142857142855
Katarina,Lux,BOTTOM,1,1.0
Katarina,Lux,MIDDLE,4,0.25
Katarina,Malzahar,MIDDLE,2,0.5
Katarina,Nami,SUPPORT,2,0.0
Katarina,Nasus,MIDDLE,1,0.0
Katarina,Nasus,TOP,1,1.0
Katarina,Nautilus,SUPPORT,1,0.0
Katarina,Orianna,MIDDLE,6,0.5
Katarina,Ornn,TOP,2,0.5
Katarina,Pantheon,MIDDLE,1,0.0
Katarina,Qiyana,MIDDLE,3,0.6666666666666666
Katarina,Qiyana,TOP,1,0.0
Katarina,Quinn,MIDDLE,2,0.0
Katarina,Rakan,SUPPORT,1,1.0
Katarina,Renekton,MIDDLE,1,1.0
Katarina,Rengar,BOTTOM,1,1.0
Katarina,Rumble,MIDDLE,1,0.0
Katarina,Ryze,MIDDLE,11,0.45454545454545453
Katarina,Senna,BOTTOM,1,0.0
Katarina,Shen,MIDDLE,1,0.0
Katarina,Sion,MIDDLE,1,1.0
Katarina,Sion,TOP,1,1.0
Katarina,Swain,MIDDLE,1,0.0
Katarina,Sylas,MIDDLE,9,0.6666666666666666
Katarina,Sylas,TOP,1,1.0
Katarina,Syndra,BOTTOM,2,1.0
Katarina,Syndra,MIDDLE,2,1.0
Katarina,Taliyah,MIDDLE,2,0.0
Katarina,Talon,MIDDLE,1,1.0
Katarina,Tristana,BOTTOM,2,0.5
Katarina,Tristana,MIDDLE,3,0.6666666666666666
Katarina,Tristana,TOP,1,1.0
Katarina,TwistedFate,MIDDLE,9,0.4444444444444444
Katarina,Urgot,MIDDLE,1,1.0
Katarina,Varus,BOTTOM,1,0.0
Katarina,Veigar,MIDDLE,1,1.0
Katarina,Vex,MIDDLE,4,0.25
Katarina,Viego,MIDDLE,1,1.0
Katarina,Viktor,MIDDLE,9,0.5555555555555556
Katarina,Vladimir,MIDDLE,4,0.25
Katarina,Xayah,BOTTOM,1,0.0
Katarina,Xerath,MIDDLE,1,1.0
Katarina,XinZhao,BOTTOM,1,1.0
Katarina,Yasuo,BOTTOM,1,1.0
Katarina,Yasuo,MIDDLE,7,0.7142857142857143
Katarina,Yone,MIDDLE,4,0.75
Katarina,Yone,TOP,1,0.0
Katarina,Yunara,BOTTOM,3,0.3333333333333333
Katarina,Zed,MIDDLE,3,1.0
Katarina,Ziggs,BOTTOM,1,0.0
Katarina,Zoe,MIDDLE,2,0.0
Kayle,Aatrox,TOP,1,1.0
Kayle,Ahri,MIDDLE,2,0.0
Kayle,Akali,MIDDLE,3,0.6666666666666666
Kayle,Ambessa,TOP,1,1.0
Kayle,Anivia,MIDDLE,1,1.0
Kayle,Anivia,TOP,1,0.0
Kayle,Ashe,BOTTOM,1,1.0
Kayle,Aurora,MIDDLE,4,0.5
Kayle,Cassiopeia,MIDDLE,1,0.0
Kayle,Darius,TOP,1,0.0
Kayle,Draven,TOP,1,0.0
Kayle,Ekko,MIDDLE,2,0.5
Kayle,Ekko,TOP,1,0.0
Kayle,Fiora,TOP,1,1.0
Kayle,Fizz,MIDDLE,1,1.0
Kayle,Galio,MIDDLE,2,0.5
Kayle,Gangplank,TOP,1,1.0
Kayle,Garen,TOP,5,0.8
Kayle,Gnar,TOP,1,0.0
Kayle,Gragas,MIDDLE,1,0.0
Kayle,Hwei,MIDDLE,1,0.0
Kayle,Illaoi,TOP,1,1.0
Kayle,Jax,TOP,2,0.0
Kayle,Jayce,MIDDLE,1,0.0
Kayle,Jayce,TOP,4,0.25
Kayle,KSante,TOP,5,0.2
Kayle,Kaisa,TOP,1,1.0
Kayle,Karthus,TOP,1,1.0
Kayle,Kassadin,MIDDLE,1,1.0
Kayle,Katarina,MIDDLE,2,0.5
Kayle,Kled,TOP,1,1.0
Kayle,Leblanc,MIDDLE,1,0.0
Kayle,Locke,MIDDLE,2,1.0
Kayle,Lucian,MIDDLE,2,0.5
Kayle,Lux,MIDDLE,1,0.0
Kayle,Mordekaiser,TOP,1,1.0
Kayle,Orianna,MIDDLE,2,0.5
Kayle,Pantheon,MIDDLE,1,0.0
Kayle,Pantheon,TOP,1,1.0
Kayle,Poppy,TOP,2,1.0
Kayle,Renekton,TOP,1,1.0
Kayle,Ryze,MIDDLE,3,1.0
Kayle,Shen,TOP,1,0.0
Kayle,Singed,TOP,5,0.2
Kayle,Sion,TOP,1,1.0
Kayle,Swain,TOP,1,0.0
Kayle,Sylas,MIDDLE,3,0.6666666666666666
Kayle,Syndra,MIDDLE,2,0.5
Kayle,Taliyah,MIDDLE,1,1.0
Kayle,Taric,TOP,1,1.0
Kayle,Teemo,TOP,1,0.0
Kayle,Tristana,MIDDLE,1,1.0
Kayle,TwistedFate,MIDDLE,4,0.75
Kayle,Urgot,TOP,2,0.5
Kayle,Varus,TOP,1,0.0
Kayle,Vex,MIDDLE,1,1.0
Kayle,Vladimir,TOP,1,1.0
Kayle,XinZhao,JUNGLE,1,1.0
Kayle,Yasuo,MIDDLE,3,0.3333333333333333
Kayle,Yone,TOP,2,1.0
Kayle,Yunara,BOTTOM,1,0.0
Kayle,Zed,MIDDLE,2,0.5
Kayle,Zed,TOP,1,0.0
Kayle,Zilean,MIDDLE,1,1.0
Kayle,Zoe,MIDDLE,3,0.6666666666666666
Kayn,Aatrox,JUNGLE,5,0.0
Kayn,Ambessa,JUNGLE,6,0.5
Kayn,Amumu,JUNGLE,1,1.0
Kayn,Belveth,JUNGLE,2,0.5
Kayn,Brand,JUNGLE,2,0.0
Kayn,Briar,JUNGLE,1,1.0
Kayn,Chogath,JUNGLE,2,0.0
Kayn,Diana,JUNGLE,2,0.0
Kayn,Ekko,JUNGLE,1,0.0
Kayn,Elise,JUNGLE,4,0.25
Kayn,Evelynn,JUNGLE,1,0.0
Kayn,FiddleSticks,JUNGLE,3,0.6666666666666666
Kayn,Galio,MIDDLE,1,1.0
Kayn,Graves,JUNGLE,11,0.8181818181818182
Kayn,Gwen,JUNGLE,2,0.5
Kayn,Hecarim,JUNGLE,6,0.6666666666666666
Kayn,Irelia,JUNGLE,1,1.0
Kayn,Irelia,TOP,1,0.0
Kayn,Ivern,JUNGLE,4,0.5
Kayn,JarvanIV,JUNGLE,7,0.7142857142857143
Kayn,Jayce,JUNGLE,3,0.3333333333333333
Kayn,KSante,TOP,1,1.0
Kayn,Katarina,MIDDLE,1,0.0
Kayn,Khazix,JUNGLE,3,0.3333333333333333
Kayn,Kindred,JUNGLE,3,0.0
Kayn,LeeSin,JUNGLE,14,0.21428571428571427
Kayn,Lillia,JUNGLE,3,0.6666666666666666
Kayn,MasterYi,JUNGLE,3,1.0
Kayn,MonkeyKing,JUNGLE,9,0.7777777777777778
Kayn,Naafiri,JUNGLE,4,0.25
Kayn,Nidalee,JUNGLE,3,0.0
Kayn,Nocturne,JUNGLE,5,0.4
Kayn,Nunu,JUNGLE,1,1.0
Kayn,Poppy,JUNGLE,1,1.0
Kayn,Qiyana,JUNGLE,5,0.6
Kayn,Rammus,JUNGLE,1,0.0
Kayn,RekSai,JUNGLE,4,0.0
Kayn,Rengar,JUNGLE,1,0.0
Kayn,Shaco,JUNGLE,2,0.5
Kayn,Skarner,JUNGLE,5,0.0
Kayn,Sylas,JUNGLE,1,1.0
Kayn,Taliyah,JUNGLE,3,0.3333333333333333
Kayn,Talon,JUNGLE,2,1.0
Kayn,Varus,BOTTOM,1,0.0
Kayn,Vex,TOP,1,0.0
Kayn,Vi,JUNGLE,1,1.0
Kayn,Viego,JUNGLE,2,1.0
Kayn,XinZhao,JUNGLE,2,0.5
Kayn,Zaahen,JUNGLE,1,1.0
Kayn,Zyra,JUNGLE,1,1.0
Kennen,Akali,MIDDLE,2,0.5
Kennen,Akali,TOP,2,1.0
Kennen,Ambessa,TOP,1,1.0
Kennen,Anivia,TOP,5,0.6
Kennen,Aurora,TOP,3,0.3333333333333333
Kennen,Caitlyn,BOTTOM,1,0.0
Kennen,Camille,TOP,4,0.25
Kennen,Corki,TOP,1,1.0
Kennen,Darius,TOP,5,0.6
Kennen,DrMundo,TOP,1,1.0
Kennen,Ekko,MIDDLE,1,1.0
Kennen,Ekko,TOP,1,0.0
Kennen,Fiora,TOP,11,0.36363636363636365
Kennen,Gangplank,TOP,3,0.3333333333333333
Kennen,Garen,MIDDLE,1,1.0
Kennen,Gnar,TOP,6,0.3333333333333333
Kennen,Gwen,MIDDLE,1,1.0
Kennen,Gwen,TOP,1,0.0
Kennen,Illaoi,TOP,1,1.0
Kennen,Irelia,TOP,3,0.0
Kennen,JarvanIV,TOP,1,1.0
Kennen,Jax,TOP,11,0.6363636363636364
Kennen,Jayce,TOP,5,0.4
Kennen,Jhin,BOTTOM,1,0.0
Kennen,Jinx,BOTTOM,1,0.0
Kennen,KSante,TOP,2,1.0
Kennen,Kaisa,BOTTOM,1,1.0
Kennen,Kaisa,TOP,1,1.0
Kennen,Katarina,MIDDLE,1,0.0
Kennen,Kled,TOP,1,0.0
Kennen,Locke,MIDDLE,1,0.0
Kennen,Lucian,TOP,1,0.0
Kennen,Lulu,SUPPORT,1,0.0
Kennen,Malphite,TOP,1,1.0
Kennen,MonkeyKing,TOP,1,1.0
Kennen,Mordekaiser,TOP,1,1.0
Kennen,Nidalee,TOP,1,0.0
Kennen,Olaf,TOP,1,0.0
Kennen,Ornn,TOP,3,0.3333333333333333
Kennen,Pantheon,TOP,1,0.0
Kennen,Pyke,SUPPORT,1,0.0
Kennen,Renekton,TOP,2,1.0
Kennen,Rengar,TOP,2,0.0
Kennen,Riven,TOP,2,1.0
Kennen,Rumble,TOP,4,0.5
Kennen,Ryze,MIDDLE,1,0.0
Kennen,Ryze,TOP,1,0.0
Kennen,Sejuani,TOP,2,0.5
Kennen,Singed,TOP,3,0.3333333333333333
Kennen,Sion,TOP,3,0.0
Kennen,Skarner,TOP,1,0.0
Kennen,Sylas,MIDDLE,1,0.0
Kennen,Sylas,TOP,1,1.0
Kennen,Syndra,TOP,1,0.0
Kennen,Talon,MIDDLE,1,1.0
Kennen,Teemo,TOP,1,0.0
Kennen,Thresh,SUPPORT,1,1.0
Kennen,Trundle,TOP,1,0.0
Kennen,Tryndamere,TOP,1,1.0
Kennen,Udyr,TOP,1,1.0
Kennen,Urgot,MIDDLE,1,1.0
Kennen,Urgot,TOP,1,1.0
Kennen,Varus,TOP,1,1.0
Kennen,Vayne,TOP,2,0.0
Kennen,Vi,TOP,1,1.0
Kennen,Vladimir,TOP,2,0.5
Kennen,Warwick,TOP,1,1.0
Kennen,Xerath,MIDDLE,1,0.0
Kennen,Yasuo,TOP,2,1.0
Kennen,Yone,MIDDLE,2,1.0
Kennen,Yone,TOP,3,1.0
Kennen,Zoe,MIDDLE,1,1.0
Khazix,Aatrox,JUNGLE,2,0.5
Khazix,Ambessa,JUNGLE,5,0.4
Khazix,Belveth,JUNGLE,1,0.0
Khazix,Briar,JUNGLE,1,1.0
Khazix,Chogath,JUNGLE,3,0.3333333333333333
Khazix,DrMundo,JUNGLE,2,0.5
Khazix,Ekko,JUNGLE,2,0.0
Khazix,Elise,JUNGLE,5,0.4
Khazix,Evelynn,JUNGLE,2,0.0
Khazix,FiddleSticks,JUNGLE,2,0.5
Khazix,Gragas,JUNGLE,1,0.0
Khazix,Graves,JUNGLE,12,0.5833333333333334
Khazix,Gwen,JUNGLE,1,1.0
Khazix,Hecarim,JUNGLE,13,0.23076923076923078
Khazix,Ivern,JUNGLE,1,0.0
Khazix,JarvanIV,JUNGLE,11,0.2727272727272727
Khazix,Jayce,JUNGLE,4,0.0
Khazix,Karthus,JUNGLE,2,0.5
Khazix,Kayn,JUNGLE,3,0.6666666666666666
Khazix,Kindred,JUNGLE,8,0.25
Khazix,LeeSin,JUNGLE,19,0.47368421052631576
Khazix,Lillia,JUNGLE,9,0.6666666666666666
Khazix,Maokai,JUNGLE,1,0.0
Khazix,MasterYi,JUNGLE,7,0.42857142857142855
Khazix,MonkeyKing,JUNGLE,6,0.5
Khazix,Naafiri,JUNGLE,11,0.5454545454545454
Khazix,Neeko,JUNGLE,1,0.0
Khazix,Nidalee,JUNGLE,9,0.5555555555555556
Khazix,Nocturne,JUNGLE,8,0.5
Khazix,Nunu,JUNGLE,2,0.5
Khazix,Olaf,JUNGLE,1,1.0
Khazix,Pantheon,JUNGLE,4,0.5
Khazix,Qiyana,JUNGLE,14,0.5
Khazix,Quinn,JUNGLE,5,0.4
Khazix,RekSai,JUNGLE,6,0.6666666666666666
Khazix,Rengar,JUNGLE,5,0.8
Khazix,Shaco,JUNGLE,2,0.5
Khazix,Shyvana,JUNGLE,4,1.0
Khazix,Skarner,JUNGLE,2,0.5
Khazix,Sylas,JUNGLE,4,0.5
Khazix,Talon,JUNGLE,8,0.875
Khazix,Trundle,JUNGLE,1,0.0
Khazix,Udyr,JUNGLE,5,0.6
Khazix,Vi,JUNGLE,6,0.5
Khazix,Viego,JUNGLE,9,0.6666666666666666
Khazix,XinZhao,JUNGLE,8,0.625
Khazix,Zac,JUNGLE,3,0.6666666666666666
Khazix,Zed,JUNGLE,1,0.0
Khazix,Zyra,JUNGLE,3,0.0
Kindred,Aatrox,JUNGLE,2,1.0
Kindred,Ambessa,JUNGLE,7,0.2857142857142857
Kindred,Belveth,JUNGLE,2,0.5
Kindred,Briar,JUNGLE,3,0.6666666666666666
Kindred,Camille,JUNGLE,1,1.0
Kindred,Chogath,JUNGLE,1,0.0
Kindred,Diana,JUNGLE,3,0.0
Kindred,DrMundo,JUNGLE,1,1.0
Kindred,Elise,JUNGLE,3,0.3333333333333333
Kindred,Evelynn,JUNGLE,2,1.0
Kindred,Fizz,JUNGLE,1,1.0
Kindred,Graves,JUNGLE,14,0.42857142857142855
Kindred,Hecarim,JUNGLE,3,0.6666666666666666
Kindred,Ivern,JUNGLE,3,1.0
Kindred,JarvanIV,JUNGLE,7,0.7142857142857143
Kindred,Jayce,JUNGLE,2,1.0
Kindred,Karthus,JUNGLE,3,0.6666666666666666
Kindred,Kayn,JUNGLE,3,1.0
Kindred,Khazix,JUNGLE,8,0.75
Kindred,LeeSin,JUNGLE,15,0.6666666666666666
Kindred,Lillia,JUNGLE,6,0.3333333333333333
Kindred,Locke,JUNGLE,1,0.0
Kindred,MasterYi,JUNGLE,3,0.6666666666666666
Kindred,MonkeyKing,JUNGLE,5,1.0
Kindred,Naafiri,JUNGLE,8,0.625
Kindred,Nidalee,JUNGLE,5,0.6
Kindred,Nocturne,JUNGLE,5,0.8
Kindred,Nunu,JUNGLE,1,0.0
Kindred,Olaf,JUNGLE,1,0.0
Kindred,Pantheon,JUNGLE,1,1.0
Kindred,Poppy,JUNGLE,1,1.0
Kindred,Qiyana,JUNGLE,8,0.5
Kindred,Quinn,JUNGLE,2,0.5
Kindred,RekSai,JUNGLE,4,0.5
Kindred,Rengar,JUNGLE,1,1.0
Kindred,Shaco,JUNGLE,4,0.25
Kindred,Skarner,JUNGLE,2,0.0
Kindred,Sylas,JUNGLE,5,0.6
Kindred,Taliyah,JUNGLE,2,1.0
Kindred,Talon,JUNGLE,3,1.0
Kindred,TwistedFate,MIDDLE,1,0.0
Kindred,Udyr,JUNGLE,1,1.0
Kindred,Vi,JUNGLE,1,1.0
Kindred,Viego,JUNGLE,1,0.0
Kindred,XinZhao,JUNGLE,9,0.5555555555555556
Kindred,Zac,JUNGLE,1,1.0
Kindred,Zed,JUNGLE,1,1.0
Kindred,Zyra,JUNGLE,4,0.25
Kled,Aatrox,TOP,1,0.0
Kled,Ambessa,TOP,3,0.3333333333333333
Kled,Amumu,TOP,1,0.0
Kled,Camille,SUPPORT,1,1.0
Kled,Camille,TOP,3,0.3333333333333333
Kled,Cassiopeia,TOP,1,0.0
Kled,Corki,MIDDLE,1,1.0
Kled,Corki,TOP,1,1.0
Kled,Darius,TOP,4,0.25
Kled,Fiora,TOP,1,1.0
Kled,Gangplank,TOP,5,0.8
Kled,Gnar,TOP,1,1.0
Kled,Gragas,TOP,1,0.0
Kled,Jax,TOP,1,1.0
Kled,Jayce,TOP,5,0.6
Kled,KSante,TOP,1,1.0
Kled,Kayle,TOP,1,0.0
Kled,Kennen,TOP,1,1.0
Kled,Leblanc,MIDDLE,1,0.0
Kled,Lulu,SUPPORT,1,0.0
Kled,Lux,SUPPORT,1,0.0
Kled,Maokai,TOP,1,1.0
Kled,Olaf,TOP,5,0.4
Kled,Ornn,TOP,2,0.0
Kled,Pantheon,TOP,2,0.5
Kled,Poppy,TOP,1,0.0
Kled,Quinn,TOP,1,1.0
Kled,Renekton,TOP,1,1.0
Kled,Rengar,TOP,1,0.0
Kled,Sett,TOP,1,1.0
Kled,Shen,TOP,2,0.5
Kled,Sion,TOP,1,1.0
Kled,Teemo,TOP,1,1.0
Kled,Thresh,SUPPORT,1,0.0
Kled,Tristana,MIDDLE,1,0.0
Kled,Tryndamere,TOP,1,1.0
Kled,Urgot,TOP,3,0.6666666666666666
Kled,Varus,TOP,1,0.0
Kled,Vayne,TOP,2,0.5
Kled,Veigar,MIDDLE,3,0.6666666666666666
Kled,Volibear,TOP,2,0.5
Kled,Warwick,TOP,2,0.0
Kled,Yasuo,TOP,3,1.0
Kled,Zaahen,TOP,2,1.0
Kled,Zac,TOP,1,0.0
KogMaw,Ahri,MIDDLE,1,0.0
KogMaw,Anivia,BOTTOM,1,1.0
KogMaw,Anivia,MIDDLE,1,0.0
KogMaw,Annie,MIDDLE,1,1.0
KogMaw,Aphelios,BOTTOM,1,0.0
KogMaw,Ashe,BOTTOM,6,0.3333333333333333
KogMaw,Brand,BOTTOM,1,0.0
KogMaw,Caitlyn,BOTTOM,11,0.5454545454545454
KogMaw,Cassiopeia,BOTTOM,1,1.0
KogMaw,Corki,BOTTOM,2,0.0
KogMaw,Draven,BOTTOM,2,1.0
KogMaw,Ekko,BOTTOM,1,0.0
KogMaw,Ekko,MIDDLE,1,0.0
KogMaw,Elise,JUNGLE,1,1.0
KogMaw,Ezreal,BOTTOM,5,0.4
KogMaw,Galio,TOP,1,0.0
KogMaw,Jayce,TOP,1,0.0
KogMaw,Jhin,BOTTOM,3,0.6666666666666666
KogMaw,Kaisa,BOTTOM,6,0.5
KogMaw,Kalista,BOTTOM,5,0.4
KogMaw,Leblanc,TOP,1,1.0
KogMaw,LeeSin,JUNGLE,1,0.0
KogMaw,Locke,MIDDLE,1,0.0
KogMaw,Lucian,BOTTOM,4,0.75
KogMaw,Lux,BOTTOM,1,1.0
KogMaw,Morgana,BOTTOM,1,0.0
KogMaw,Nilah,BOTTOM,2,1.0
KogMaw,Orianna,MIDDLE,1,1.0
KogMaw,Qiyana,JUNGLE,1,0.0
KogMaw,Renekton,TOP,1,1.0
KogMaw,Samira,BOTTOM,1,1.0
KogMaw,Seraphine,BOTTOM,1,1.0
KogMaw,Sett,TOP,1,0.0
KogMaw,Sion,TOP,2,1.0
KogMaw,Syndra,BOTTOM,2,0.0
KogMaw,Tristana,BOTTOM,2,1.0
KogMaw,Tristana,MIDDLE,1,1.0
KogMaw,TwistedFate,MIDDLE,1,1.0
KogMaw,Twitch,BOTTOM,3,0.0
KogMaw,Udyr,TOP,1,0.0
KogMaw,Varus,BOTTOM,5,0.8
KogMaw,Veigar,BOTTOM,1,0.0
KogMaw,Velkoz,BOTTOM,1,1.0
KogMaw,Viktor,TOP,1,0.0
KogMaw,Xayah,BOTTOM,1,1.0
KogMaw,Xerath,BOTTOM,1,0.0
KogMaw,Yasuo,BOTTOM,1,0.0
KogMaw,Yone,MIDDLE,1,1.0
KogMaw,Yunara,BOTTOM,9,0.7777777777777778
KogMaw,Zed,BOTTOM,1,1.0
KogMaw,Ziggs,BOTTOM,1,1.0
Leblanc,Ahri,MIDDLE,15,0.5333333333333333
Leblanc,Akali,MIDDLE,7,0.2857142857142857
Leblanc,Akshan,MIDDLE,2,1.0
Leblanc,Alistar,SUPPORT,2,0.5
Leblanc,Ambessa,MIDDLE,2,1.0
Leblanc,Amumu,SUPPORT,2,0.5
Leblanc,Anivia,MIDDLE,5,0.4
Leblanc,Anivia,SUPPORT,1,1.0
Leblanc,Annie,MIDDLE,5,0.6
Leblanc,AurelionSol,MIDDLE,3,0.6666666666666666
Leblanc,Aurora,MIDDLE,15,0.13333333333333333
Leblanc,Azir,MIDDLE,9,0.4444444444444444
Leblanc,Bard,SUPPORT,4,0.5
Leblanc,Brand,MIDDLE,2,0.5
Leblanc,Braum,SUPPORT,1,1.0
Leblanc,Caitlyn,BOTTOM,1,0.0
Leblanc,Caitlyn,MIDDLE,1,0.0
Leblanc,Camille,SUPPORT,1,0.0
Leblanc,Cassiopeia,MIDDLE,4,0.5
Leblanc,Cassiopeia,TOP,1,0.0
Leblanc,Chogath,MIDDLE,2,0.5
Leblanc,Corki,MIDDLE,1,1.0
Leblanc,Diana,MIDDLE,1,0.0
Leblanc,DrMundo,SUPPORT,1,1.0
Leblanc,Ekko,MIDDLE,4,0.75
Leblanc,Elise,SUPPORT,1,0.0
Leblanc,Ezreal,BOTTOM,1,1.0
Leblanc,Fiora,TOP,1,0.0
Leblanc,Fizz,MIDDLE,2,0.5
Leblanc,Galio,MIDDLE,7,0.7142857142857143
Leblanc,Gragas,MIDDLE,2,0.5
Leblanc,Gragas,TOP,2,0.0
Leblanc,Hwei,MIDDLE,6,0.6666666666666666
Leblanc,Irelia,TOP,2,0.0
Leblanc,Jayce,MIDDLE,2,0.0
Leblanc,Kaisa,MIDDLE,1,1.0
Leblanc,Karma,MIDDLE,1,0.0
Leblanc,Karma,SUPPORT,8,0.625
Leblanc,Katarina,MIDDLE,8,0.375
Leblanc,Katarina,SUPPORT,1,0.0
Leblanc,Kayle,MIDDLE,1,1.0
Leblanc,Kled,MIDDLE,1,1.0
Leblanc,KogMaw,TOP,1,0.0
Leblanc,Leona,SUPPORT,3,0.3333333333333333
Leblanc,Lissandra,MIDDLE,11,0.36363636363636365
Leblanc,Lissandra,SUPPORT,1,0.0
Leblanc,Locke,MIDDLE,4,0.0
Leblanc,Lucian,MIDDLE,2,0.5
Leblanc,Lulu,SUPPORT,5,0.6
Leblanc,Malzahar,MIDDLE,2,1.0
Leblanc,Maokai,SUPPORT,1,0.0
Leblanc,Mel,MIDDLE,3,1.0
Leblanc,Milio,SUPPORT,1,0.0
Leblanc,Morgana,MIDDLE,1,0.0
Leblanc,Naafiri,MIDDLE,1,0.0
Leblanc,Nami,SUPPORT,2,0.5
Leblanc,Nasus,MIDDLE,1,0.0
Leblanc,Nasus,TOP,1,1.0
Leblanc,Nautilus,MIDDLE,1,0.0
Leblanc,Nautilus,SUPPORT,2,1.0
Leblanc,Neeko,SUPPORT,4,0.25
Leblanc,Nidalee,SUPPORT,1,0.0
Leblanc,Orianna,MIDDLE,9,0.5555555555555556
Leblanc,Pantheon,MIDDLE,1,0.0
Leblanc,Pantheon,SUPPORT,3,0.6666666666666666
Leblanc,Poppy,SUPPORT,1,1.0
Leblanc,Poppy,TOP,1,1.0
Leblanc,Pyke,SUPPORT,2,0.5
Leblanc,Qiyana,MIDDLE,2,0.5
Leblanc,Quinn,MIDDLE,2,0.5
Leblanc,Rakan,SUPPORT,2,0.5
Leblanc,Rell,SUPPORT,1,0.0
Leblanc,Renekton,TOP,1,1.0
Leblanc,Riven,MIDDLE,1,0.0
Leblanc,Riven,TOP,1,0.0
Leblanc,Ryze,MIDDLE,10,0.4
Leblanc,Seraphine,SUPPORT,1,0.0
Leblanc,Sion,MIDDLE,3,1.0
Leblanc,Sona,SUPPORT,3,0.6666666666666666
Leblanc,Swain,MIDDLE,1,1.0
Leblanc,Sylas,MIDDLE,6,0.16666666666666666
Leblanc,Sylas,SUPPORT,1,0.0
Leblanc,Syndra,MIDDLE,13,0.3076923076923077
Leblanc,Taliyah,MIDDLE,9,0.4444444444444444
Leblanc,Tristana,MIDDLE,5,0.8
Leblanc,Tryndamere,TOP,1,0.0
Leblanc,TwistedFate,MIDDLE,5,0.6
Leblanc,TwistedFate,TOP,1,1.0
Leblanc,Varus,TOP,2,0.5
Leblanc,Vayne,MIDDLE,1,1.0
Leblanc,Vayne,TOP,1,1.0
Leblanc,Veigar,MIDDLE,2,0.0
Leblanc,Vex,MIDDLE,6,0.6666666666666666
Leblanc,Viego,MIDDLE,1,1.0
Leblanc,Viktor,MIDDLE,11,0.7272727272727273
Leblanc,Vladimir,MIDDLE,6,0.5
Leblanc,Xerath,MIDDLE,2,1.0
Leblanc,Yasuo,MIDDLE,8,0.75
Leblanc,Yone,MIDDLE,7,0.5714285714285714
Leblanc,Yuumi,SUPPORT,2,1.0
Leblanc,Zed,MIDDLE,6,0.5
Leblanc,Zoe,MIDDLE,5,0.8
Leblanc,Zoe,SUPPORT,2,0.0
LeeSin,Aatrox,JUNGLE,16,0.625
LeeSin,Ambessa,JUNGLE,36,0.75
LeeSin,Amumu,JUNGLE,2,1.0
LeeSin,Anivia,SUPPORT,1,0.0
LeeSin,Aphelios,BOTTOM,1,0.0
LeeSin,Ashe,BOTTOM,1,0.0
LeeSin,Aurora,TOP,1,1.0
LeeSin,Belveth,JUNGLE,12,0.6666666666666666
LeeSin,Brand,JUNGLE,2,1.0
LeeSin,Briar,JUNGLE,3,0.3333333333333333
LeeSin,Camille,TOP,1,0.0
LeeSin,Chogath,JUNGLE,6,1.0
LeeSin,Darius,JUNGLE,4,0.75
LeeSin,Diana,JUNGLE,2,0.5
LeeSin,DrMundo,JUNGLE,4,1.0
LeeSin,Draven,JUNGLE,1,0.0
LeeSin,Ekko,JUNGLE,15,0.3333333333333333
LeeSin,Elise,JUNGLE,17,0.29411764705882354
LeeSin,Evelynn,JUNGLE,4,0.75
LeeSin,Ezreal,BOTTOM,1,0.0
LeeSin,Ezreal,JUNGLE,2,1.0
LeeSin,FiddleSticks,JUNGLE,11,0.2727272727272727
LeeSin,Fizz,JUNGLE,2,0.0
LeeSin,Garen,MIDDLE,1,0.0
LeeSin,Garen,TOP,1,0.0
LeeSin,Gragas,JUNGLE,2,1.0
LeeSin,Gragas,TOP,1,0.0
LeeSin,Graves,JUNGLE,41,0.6097560975609756
LeeSin,Gwen,JUNGLE,4,0.25
LeeSin,Hecarim,JUNGLE,21,0.5238095238095238
LeeSin,Irelia,TOP,1,0.0
LeeSin,Ivern,JUNGLE,7,0.42857142857142855
LeeSin,JarvanIV,JUNGLE,66,0.5151515151515151
LeeSin,Jax,JUNGLE,2,0.5
LeeSin,Jayce,JUNGLE,19,0.5789473684210527
LeeSin,Kaisa,BOTTOM,1,1.0
LeeSin,Karthus,JUNGLE,5,0.2
LeeSin,Katarina,MIDDLE,2,1.0
LeeSin,Kayn,JUNGLE,14,0.7857142857142857
LeeSin,Khazix,JUNGLE,19,0.5263157894736842
LeeSin,Kindred,JUNGLE,15,0.3333333333333333
LeeSin,KogMaw,JUNGLE,1,1.0
LeeSin,Leona,SUPPORT,1,0.0
LeeSin,Lillia,JUNGLE,13,0.6153846153846154
LeeSin,Locke,JUNGLE,3,1.0
LeeSin,Lux,SUPPORT,1,1.0
LeeSin,Malphite,JUNGLE,1,1.0
LeeSin,Malphite,TOP,1,0.0
LeeSin,Maokai,JUNGLE,2,1.0
LeeSin,MasterYi,JUNGLE,15,0.6
LeeSin,MonkeyKing,JUNGLE,27,0.5185185185185185
LeeSin,Morgana,JUNGLE,1,1.0
LeeSin,Naafiri,JUNGLE,29,0.5517241379310345
LeeSin,Neeko,JUNGLE,1,0.0
LeeSin,Nidalee,JUNGLE,27,0.48148148148148145
LeeSin,Nocturne,JUNGLE,13,0.38461538461538464
LeeSin,Nunu,JUNGLE,8,0.5
LeeSin,Pantheon,JUNGLE,33,0.3939393939393939
LeeSin,Poppy,JUNGLE,5,0.2
LeeSin,Qiyana,JUNGLE,57,0.5614035087719298
LeeSin,Qiyana,TOP,1,0.0
LeeSin,Quinn,JUNGLE,7,0.5714285714285714
LeeSin,Rammus,JUNGLE,1,1.0
LeeSin,RekSai,JUNGLE,15,0.4
LeeSin,Rengar,JUNGLE,25,0.44
LeeSin,Riven,JUNGLE,1,0.0
LeeSin,Riven,TOP,1,0.0
LeeSin,Ryze,MIDDLE,1,1.0
LeeSin,Sejuani,JUNGLE,4,0.75
LeeSin,Shaco,JUNGLE,18,0.3333333333333333
LeeSin,Shen,JUNGLE,1,1.0
LeeSin,Shyvana,JUNGLE,4,0.5
LeeSin,Sivir,BOTTOM,1,0.0
LeeSin,Skarner,JUNGLE,20,0.4
LeeSin,Sona,SUPPORT,1,0.0
LeeSin,Sylas,JUNGLE,15,0.5333333333333333
LeeSin,Syndra,MIDDLE,1,0.0
LeeSin,Taliyah,JUNGLE,13,0.38461538461538464
LeeSin,Talon,JUNGLE,18,0.5
LeeSin,Trundle,JUNGLE,2,1.0
LeeSin,Udyr,JUNGLE,4,0.5
LeeSin,Vayne,JUNGLE,1,0.0
LeeSin,Vi,JUNGLE,52,0.4807692307692308
LeeSin,Viego,JUNGLE,21,0.5238095238095238
LeeSin,XinZhao,JUNGLE,54,0.48148148148148145
LeeSin,Yasuo,MIDDLE,1,1.0
LeeSin,Zaahen,JUNGLE,8,0.875
LeeSin,Zac,JUNGLE,3,0.6666666666666666
LeeSin,Zed,JUNGLE,2,0.5
LeeSin,Ziggs,BOTTOM,1,0.0
LeeSin,Zoe,MIDDLE,1,1.0
LeeSin,Zyra,JUNGLE,10,0.5
Leona,Alistar,SUPPORT,18,0.2777777777777778
Leona,Anivia,SUPPORT,5,0.4
Leona,Annie,SUPPORT,1,1.0
Leona,Ashe,SUPPORT,1,1.0
Leona,Bard,SUPPORT,20,0.5
Leona,Blitzcrank,SUPPORT,4,0.0
Leona,Braum,SUPPORT,13,0.7692307692307693
Leona,Camille,SUPPORT,5,0.6
Leona,Elise,SUPPORT,6,0.16666666666666666
Leona,FiddleSticks,SUPPORT,1,0.0
Leona,Galio,SUPPORT,1,0.0
Leona,Gragas,SUPPORT,1,0.0
Leona,Janna,SUPPORT,5,0.4
Leona,KSante,SUPPORT,1,0.0
Leona,Karma,SUPPORT,10,0.4
Leona,Leblanc,SUPPORT,3,0.6666666666666666
Leona,LeeSin,SUPPORT,1,1.0
Leona,Lulu,SUPPORT,7,0.42857142857142855
Leona,Lux,SUPPORT,2,0.5
Leona,Maokai,SUPPORT,1,0.0
Leona,Milio,SUPPORT,3,0.3333333333333333
Leona,Morgana,SUPPORT,4,0.25
Leona,Nami,SUPPORT,8,0.625
Leona,Nautilus,SUPPORT,30,0.5333333333333333
Leona,Neeko,SUPPORT,5,0.8
Leona,Nidalee,SUPPORT,2,0.5
Leona,Pantheon,SUPPORT,3,0.6666666666666666
Leona,Poppy,SUPPORT,4,0.75
Leona,Pyke,SUPPORT,10,0.6
Leona,Rakan,SUPPORT,4,0.25
Leona,Rell,SUPPORT,9,0.1111111111111111
Leona,Renata,SUPPORT,3,0.3333333333333333
Leona,Senna,SUPPORT,5,0.6
Leona,Seraphine,SUPPORT,7,0.8571428571428571
Leona,Shaco,SUPPORT,1,1.0
Leona,Shen,SUPPORT,2,0.0
Leona,Skarner,SUPPORT,1,1.0
Leona,Sona,SUPPORT,10,0.4
Leona,Soraka,SUPPORT,5,0.6
Leona,Sylas,SUPPORT,3,0.6666666666666666
Leona,TahmKench,SUPPORT,1,1.0
Leona,Taliyah,SUPPORT,2,0.5
Leona,Taric,SUPPORT,2,1.0
Leona,Thresh,SUPPORT,5,0.4
Leona,TwistedFate,SUPPORT,1,0.0
Leona,Yuumi,SUPPORT,1,1.0
Leona,Zed,SUPPORT,1,1.0
Leona,Zilean,SUPPORT,1,1.0
Leona,Zoe,SUPPORT,6,0.3333333333333333
Lillia,Aatrox,JUNGLE,1,0.0
Lillia,Ambessa,JUNGLE,4,0.5
Lillia,Ambessa,MIDDLE,1,1.0
Lillia,Belveth,JUNGLE,1,0.0
Lillia,Brand,JUNGLE,1,1.0
Lillia,Briar,JUNGLE,1,0.0
Lillia,Chogath,JUNGLE,1,0.0
Lillia,Darius,JUNGLE,1,0.0
Lillia,Diana,JUNGLE,1,0.0
Lillia,DrMundo,JUNGLE,1,0.0
Lillia,Draven,JUNGLE,2,1.0
Lillia,Ekko,JUNGLE,3,0.6666666666666666
Lillia,Evelynn,JUNGLE,1,0.0
Lillia,FiddleSticks,JUNGLE,2,0.5
Lillia,Graves,JUNGLE,6,0.3333333333333333
Lillia,Hecarim,JUNGLE,6,0.6666666666666666
Lillia,JarvanIV,JUNGLE,6,0.3333333333333333
Lillia,Jax,JUNGLE,1,1.0
Lillia,Jayce,JUNGLE,3,0.0
Lillia,Karthus,JUNGLE,1,0.0
Lillia,Kayn,JUNGLE,3,0.3333333333333333
Lillia,Khazix,JUNGLE,9,0.3333333333333333
Lillia,Kindred,JUNGLE,6,0.6666666666666666
Lillia,LeeSin,JUNGLE,13,0.38461538461538464
Lillia,Locke,JUNGLE,1,0.0
Lillia,Maokai,JUNGLE,1,1.0
Lillia,MasterYi,JUNGLE,4,0.25
Lillia,MonkeyKing,JUNGLE,4,0.5
Lillia,Naafiri,JUNGLE,8,0.5
Lillia,Nasus,JUNGLE,1,0.0
Lillia,Nidalee,JUNGLE,10,0.4
Lillia,Nocturne,JUNGLE,1,1.0
Lillia,Nunu,JUNGLE,3,0.3333333333333333
Lillia,Pantheon,JUNGLE,3,0.3333333333333333
Lillia,Qiyana,JUNGLE,9,0.7777777777777778
Lillia,Quinn,JUNGLE,2,0.5
Lillia,Rammus,JUNGLE,2,0.5
Lillia,RekSai,JUNGLE,8,0.375
Lillia,Rengar,JUNGLE,4,0.0
Lillia,Shaco,JUNGLE,2,0.0
Lillia,Shyvana,JUNGLE,1,0.0
Lillia,Skarner,JUNGLE,5,0.4
Lillia,Talon,JUNGLE,3,0.3333333333333333
Lillia,Udyr,JUNGLE,2,1.0
Lillia,Vi,JUNGLE,3,1.0
Lillia,Viego,JUNGLE,7,0.5714285714285714
Lillia,XinZhao,JUNGLE,2,0.5
Lillia,Zyra,JUNGLE,2,0.0
Lissandra,Ahri,MIDDLE,8,0.625
Lissandra,Akali,MIDDLE,1,1.0
Lissandra,Akshan,MIDDLE,3,0.6666666666666666
Lissandra,Akshan,TOP,1,1.0
Lissandra,Alistar,SUPPORT,2,0.0
Lissandra,Ambessa,MIDDLE,1,1.0
Lissandra,Ambessa,TOP,4,0.75
Lissandra,Anivia,MIDDLE,3,0.3333333333333333
Lissandra,Anivia,TOP,2,0.0
Lissandra,Annie,MIDDLE,2,0.5
Lissandra,Aurora,MIDDLE,6,0.0
Lissandra,Bard,SUPPORT,1,0.0
Lissandra,Braum,SUPPORT,1,1.0
Lissandra,Cassiopeia,MIDDLE,4,0.75
Lissandra,Cassiopeia,TOP,1,0.0
Lissandra,DrMundo,MIDDLE,1,1.0
Lissandra,DrMundo,TOP,1,0.0
Lissandra,Ekko,MIDDLE,3,0.3333333333333333
Lissandra,Fiora,TOP,3,0.3333333333333333
Lissandra,Fizz,MIDDLE,4,0.25
Lissandra,Galio,MIDDLE,3,0.0
Lissandra,Gnar,TOP,6,0.5
Lissandra,Gragas,MIDDLE,1,0.0
Lissandra,Gragas,TOP,1,0.0
Lissandra,Heimerdinger,TOP,1,0.0
Lissandra,Hwei,MIDDLE,2,0.5
Lissandra,Irelia,MIDDLE,1,1.0
Lissandra,Irelia,TOP,1,1.0
Lissandra,Jax,TOP,2,0.5
Lissandra,Jayce,MIDDLE,3,0.0
Lissandra,Jayce,TOP,5,0.6
Lissandra,Jhin,MIDDLE,1,1.0
Lissandra,KSante,TOP,1,1.0
Lissandra,Karma,SUPPORT,2,0.5
Lissandra,Kassadin,MIDDLE,1,1.0
Lissandra,Katarina,MIDDLE,7,0.7142857142857143
Lissandra,Leblanc,MIDDLE,11,0.6363636363636364
Lissandra,Leblanc,SUPPORT,1,1.0
Lissandra,Locke,MIDDLE,3,1.0
Lissandra,Lucian,TOP,1,1.0
Lissandra,Lux,MIDDLE,2,0.5
Lissandra,Malphite,TOP,1,1.0
Lissandra,Mel,MIDDLE,2,1.0
Lissandra,Naafiri,MIDDLE,2,0.5
Lissandra,Nasus,TOP,1,0.0
Lissandra,Nautilus,SUPPORT,2,0.5
Lissandra,Nidalee,TOP,1,1.0
Lissandra,Olaf,TOP,2,1.0
Lissandra,Orianna,MIDDLE,3,0.6666666666666666
Lissandra,Pantheon,MIDDLE,1,0.0
Lissandra,Poppy,SUPPORT,1,1.0
Lissandra,Pyke,SUPPORT,1,1.0
Lissandra,Qiyana,MIDDLE,2,1.0
Lissandra,Rell,SUPPORT,1,1.0
Lissandra,Renekton,TOP,2,0.5
Lissandra,Rumble,MIDDLE,1,0.0
Lissandra,Ryze,MIDDLE,5,0.2
Lissandra,Singed,TOP,1,0.0
Lissandra,Sion,MIDDLE,1,0.0
Lissandra,Sion,TOP,3,1.0
Lissandra,Skarner,TOP,1,0.0
Lissandra,Sona,SUPPORT,1,1.0
Lissandra,Sylas,MIDDLE,13,0.38461538461538464
Lissandra,Syndra,MIDDLE,1,1.0
Lissandra,Taliyah,MIDDLE,4,0.25
Lissandra,Talon,MIDDLE,1,0.0
Lissandra,Thresh,SUPPORT,2,0.5
Lissandra,Tristana,MIDDLE,1,0.0
Lissandra,TwistedFate,MIDDLE,6,0.3333333333333333
Lissandra,Udyr,TOP,1,0.0
Lissandra,Varus,BOTTOM,1,1.0
Lissandra,Varus,TOP,2,0.5
Lissandra,Vayne,MIDDLE,1,1.0
Lissandra,Veigar,MIDDLE,2,0.5
Lissandra,Viktor,MIDDLE,1,0.0
Lissandra,Vladimir,MIDDLE,2,0.5
Lissandra,Volibear,TOP,1,1.0
Lissandra,Xerath,MIDDLE,1,1.0
Lissandra,Xerath,SUPPORT,1,0.0
Lissandra,Yasuo,MIDDLE,5,0.8
Lissandra,Yasuo,TOP,1,1.0
Lissandra,Yone,MIDDLE,6,0.5
Lissandra,Yone,TOP,4,0.75
Lissandra,Yorick,TOP,3,1.0
Lissandra,Yuumi,SUPPORT,1,1.0
Lissandra,Zac,TOP,1,1.0
Lissandra,Zed,MIDDLE,5,0.4
Lissandra,Zoe,MIDDLE,1,1.0
Locke,Aatrox,JUNGLE,1,0.0
Locke,Ahri,MIDDLE,6,0.6666666666666666
Locke,Akali,MIDDLE,18,0.2777777777777778
Locke,Amumu,JUNGLE,1,0.0
Locke,Anivia,MIDDLE,3,0.3333333333333333
Locke,Annie,MIDDLE,1,0.0
Locke,AurelionSol,MIDDLE,1,0.0
Locke,Aurora,MIDDLE,6,1.0
Locke,Azir,MIDDLE,3,1.0
Locke,Azir,TOP,1,1.0
Locke,Brand,MIDDLE,1,0.0
Locke,Cassiopeia,MIDDLE,4,0.5
Locke,Chogath,MIDDLE,1,1.0
Locke,Darius,JUNGLE,1,0.0
Locke,Diana,MIDDLE,2,0.5
Locke,DrMundo,MIDDLE,1,1.0
Locke,Ekko,MIDDLE,9,0.3333333333333333
Locke,Fizz,MIDDLE,3,0.0
Locke,Galio,MIDDLE,9,0.6666666666666666
Locke,Galio,TOP,1,0.0
Locke,Garen,TOP,1,1.0
Locke,Graves,JUNGLE,1,1.0
Locke,Heimerdinger,MIDDLE,1,0.0
Locke,Hwei,MIDDLE,5,0.6
Locke,Illaoi,TOP,1,0.0
Locke,Irelia,MIDDLE,3,0.3333333333333333
Locke,Ivern,JUNGLE,1,0.0
Locke,Jax,TOP,1,1.0
Locke,Jayce,JUNGLE,2,0.5
Locke,Jayce,MIDDLE,1,1.0
Locke,Jinx,BOTTOM,1,0.0
Locke,Kaisa,BOTTOM,1,0.0
Locke,Kaisa,MIDDLE,1,0.0
Locke,Kalista,BOTTOM,1,1.0
Locke,Karma,MIDDLE,3,0.6666666666666666
Locke,Karthus,JUNGLE,1,0.0
Locke,Kassadin,MIDDLE,1,1.0
Locke,Katarina,MIDDLE,7,0.5714285714285714
Locke,Kayle,MIDDLE,2,0.0
Locke,Kennen,MIDDLE,1,1.0
Locke,Kindred,JUNGLE,1,1.0
Locke,KogMaw,MIDDLE,1,1.0
Locke,Leblanc,MIDDLE,4,1.0
Locke,LeeSin,JUNGLE,3,0.0
Locke,Lillia,JUNGLE,1,1.0
Locke,Lissandra,MIDDLE,3,0.0
Locke,Lucian,BOTTOM,1,0.0
Locke,Lucian,MIDDLE,4,0.75
Locke,Lucian,TOP,2,0.5
Locke,Lux,BOTTOM,1,0.0
Locke,Lux,MIDDLE,3,1.0
Locke,Mel,MIDDLE,1,1.0
Locke,Milio,SUPPORT,1,0.0
Locke,MonkeyKing,JUNGLE,1,1.0
Locke,Nasus,MIDDLE,2,1.0
Locke,Neeko,MIDDLE,2,0.0
Locke,Olaf,TOP,1,1.0
Locke,Orianna,MIDDLE,5,0.8
Locke,Pantheon,MIDDLE,1,1.0
Locke,Qiyana,JUNGLE,2,0.0
Locke,Qiyana,MIDDLE,3,0.6666666666666666
Locke,Quinn,MIDDLE,2,0.5
Locke,Rammus,JUNGLE,1,0.0
Locke,Renekton,MIDDLE,1,0.0
Locke,Riven,MIDDLE,1,1.0
Locke,Ryze,MIDDLE,5,0.6
Locke,Sivir,BOTTOM,1,1.0
Locke,Soraka,SUPPORT,1,1.0
Locke,Sylas,MIDDLE,6,0.5
Locke,Syndra,BOTTOM,1,0.0
Locke,Syndra,MIDDLE,24,0.3333333333333333
Locke,Taliyah,MIDDLE,5,0.4
Locke,Taliyah,SUPPORT,1,1.0
Locke,Talon,JUNGLE,2,0.0
Locke,Talon,MIDDLE,1,0.0
Locke,Thresh,SUPPORT,1,1.0
Locke,Tristana,MIDDLE,7,0.5714285714285714
Locke,Tryndamere,MIDDLE,1,1.0
Locke,TwistedFate,MIDDLE,2,0.5
Locke,Udyr,TOP,1,1.0
Locke,Varus,TOP,1,1.0
Locke,Vayne,MIDDLE,1,1.0
Locke,Veigar,MIDDLE,2,0.0
Locke,Vex,MIDDLE,2,0.5
Locke,Vi,JUNGLE,3,0.6666666666666666
Locke,Viego,MIDDLE,1,1.0
Locke,Viktor,MIDDLE,5,0.4
Locke,Vladimir,MIDDLE,4,1.0
Locke,XinZhao,JUNGLE,2,0.5
Locke,Yasuo,BOTTOM,2,1.0
Locke,Yasuo,MIDDLE,2,0.0
Locke,Yone,MIDDLE,13,0.38461538461538464
Locke,Yone,TOP,1,1.0
Locke,Yunara,BOTTOM,5,0.2
Locke,Zac,MIDDLE,3,0.6666666666666666
Locke,Zed,MIDDLE,4,0.25
Locke,Zilean,MIDDLE,2,0.5
Locke,Zoe,MIDDLE,8,0.5
Locke,Zyra,MIDDLE,1,1.0
Lucian,Ahri,MIDDLE,2,0.5
Lucian,Ahri,TOP,1,1.0
Lucian,Akali,MIDDLE,8,0.875
Lucian,Akshan,MIDDLE,3,0.6666666666666666
Lucian,Ambessa,TOP,1,0.0
Lucian,Anivia,BOTTOM,1,1.0
Lucian,Anivia,MIDDLE,2,0.5
Lucian,Aphelios,BOTTOM,11,0.6363636363636364
Lucian,Ashe,BOTTOM,18,0.5
Lucian,Aurora,MIDDLE,4,0.5
Lucian,Aurora,TOP,1,1.0
Lucian,Azir,BOTTOM,1,1.0
Lucian,Azir,MIDDLE,1,0.0
Lucian,Brand,BOTTOM,2,0.0
Lucian,Caitlyn,BOTTOM,45,0.4222222222222222
Lucian,Camille,TOP,1,0.0
Lucian,Cassiopeia,BOTTOM,4,0.0
Lucian,Corki,BOTTOM,19,0.47368421052631576
Lucian,Draven,BOTTOM,5,0.2
Lucian,Ekko,BOTTOM,1,0.0
Lucian,Ekko,MIDDLE,3,0.3333333333333333
Lucian,Ezreal,BOTTOM,61,0.45901639344262296
Lucian,Fiora,TOP,1,1.0
Lucian,Galio,MIDDLE,2,0.5
Lucian,Gangplank,TOP,1,0.0
Lucian,Heimerdinger,BOTTOM,1,1.0
Lucian,Hwei,BOTTOM,2,1.0
Lucian,Hwei,MIDDLE,2,0.0
Lucian,Irelia,MIDDLE,1,1.0
Lucian,Jayce,MIDDLE,2,0.5
Lucian,Jayce,TOP,8,0.625
Lucian,Jhin,BOTTOM,32,0.53125
Lucian,Jinx,BOTTOM,16,0.5625
Lucian,KSante,BOTTOM,1,1.0
Lucian,Kaisa,BOTTOM,24,0.3333333333333333
Lucian,Kalista,BOTTOM,10,0.7
Lucian,Karthus,BOTTOM,2,0.5
Lucian,Kassadin,MIDDLE,1,0.0
Lucian,Kayle,MIDDLE,2,0.5
Lucian,Kennen,TOP,1,1.0
Lucian,KogMaw,BOTTOM,4,0.25
Lucian,Leblanc,MIDDLE,2,0.5
Lucian,Lissandra,TOP,1,0.0
Lucian,Locke,BOTTOM,1,1.0
Lucian,Locke,MIDDLE,4,0.25
Lucian,Locke,TOP,2,0.5
Lucian,Lux,BOTTOM,8,0.375
Lucian,Mel,BOTTOM,3,0.6666666666666666
Lucian,Mel,MIDDLE,1,1.0
Lucian,MissFortune,BOTTOM,6,0.6666666666666666
Lucian,Nilah,BOTTOM,2,1.0
Lucian,Pantheon,BOTTOM,1,1.0
Lucian,Pantheon,MIDDLE,1,1.0
Lucian,Pantheon,TOP,1,0.0
Lucian,Pyke,BOTTOM,1,1.0
Lucian,Qiyana,MIDDLE,1,1.0
Lucian,Riven,TOP,1,1.0
Lucian,Samira,BOTTOM,3,0.6666666666666666
Lucian,Senna,BOTTOM,8,0.5
Lucian,Seraphine,BOTTOM,3,0.3333333333333333
Lucian,Shaco,BOTTOM,1,0.0
Lucian,Sion,BOTTOM,1,1.0
Lucian,Sion,MIDDLE,1,0.0
Lucian,Sivir,BOTTOM,2,0.0
Lucian,Smolder,BOTTOM,4,0.0
Lucian,Swain,BOTTOM,3,0.0
Lucian,Swain,MIDDLE,1,0.0
Lucian,Sylas,BOTTOM,1,0.0
Lucian,Sylas,MIDDLE,3,0.3333333333333333
Lucian,Syndra,BOTTOM,4,0.5
Lucian,Syndra,MIDDLE,4,0.25
Lucian,Taliyah,BOTTOM,1,0.0
Lucian,Taliyah,MIDDLE,1,0.0
Lucian,Talon,MIDDLE,2,1.0
Lucian,Tristana,BOTTOM,22,0.4090909090909091
Lucian,TwistedFate,BOTTOM,1,1.0
Lucian,TwistedFate,MIDDLE,3,0.3333333333333333
Lucian,TwistedFate,TOP,1,1.0
Lucian,Udyr,BOTTOM,1,1.0
Lucian,Varus,BOTTOM,9,0.5555555555555556
Lucian,Vayne,BOTTOM,2,1.0
Lucian,Vayne,TOP,2,1.0
Lucian,Veigar,BOTTOM,2,0.5
Lucian,Velkoz,BOTTOM,3,0.3333333333333333
Lucian,Vex,MIDDLE,3,0.3333333333333333
Lucian,Viktor,BOTTOM,3,0.6666666666666666
Lucian,Viktor,MIDDLE,1,0.0
Lucian,Vladimir,BOTTOM,2,1.0
Lucian,Vladimir,MIDDLE,2,0.5
Lucian,Xayah,BOTTOM,9,0.8888888888888888
Lucian,Xerath,BOTTOM,1,0.0
Lucian,Yasuo,BOTTOM,2,0.5
Lucian,Yasuo,MIDDLE,2,0.0
Lucian,Yone,MIDDLE,3,0.3333333333333333
Lucian,Yone,TOP,2,1.0
Lucian,Yorick,TOP,1,0.0
Lucian,Yunara,BOTTOM,45,0.4888888888888889
Lucian,Zed,MIDDLE,2,0.5
Lucian,Zeri,BOTTOM,7,0.5714285714285714
Lucian,Zeri,MIDDLE,1,0.0
Lucian,Ziggs,BOTTOM,7,0.42857142857142855
Lucian,Zoe,MIDDLE,5,0.2
Lucian,Zyra,BOTTOM,1,1.0
Lulu,Aatrox,TOP,1,0.0
Lulu,Alistar,SUPPORT,16,0.4375
Lulu,Ambessa,TOP,1,0.0
Lulu,Amumu,SUPPORT,4,0.5
Lulu,Anivia,SUPPORT,16,0.6875
Lulu,Bard,SUPPORT,43,0.5116279069767442
Lulu,Blitzcrank,SUPPORT,17,0.5294117647058824
Lulu,Braum,SUPPORT,5,0.2
Lulu,Camille,SUPPORT,6,0.8333333333333334
Lulu,Elise,SUPPORT,9,0.4444444444444444
Lulu,FiddleSticks,SUPPORT,2,0.5
Lulu,Galio,SUPPORT,1,0.0
Lulu,Gragas,SUPPORT,1,1.0
Lulu,Ivern,SUPPORT,1,1.0
Lulu,Janna,SUPPORT,14,0.21428571428571427
Lulu,Karma,SUPPORT,52,0.5384615384615384
Lulu,Kassadin,TOP,1,0.0
Lulu,Kennen,SUPPORT,1,1.0
Lulu,Kled,SUPPORT,1,1.0
Lulu,Leblanc,SUPPORT,5,0.4
Lulu,Leona,SUPPORT,7,0.5714285714285714
Lulu,Lux,SUPPORT,5,0.0
Lulu,Malphite,TOP,1,1.0
Lulu,Maokai,SUPPORT,1,0.0
Lulu,MasterYi,SUPPORT,1,1.0
Lulu,Milio,SUPPORT,14,0.7142857142857143
Lulu,Nami,SUPPORT,35,0.34285714285714286
Lulu,Nautilus,SUPPORT,38,0.5526315789473685
Lulu,Neeko,SUPPORT,17,0.7647058823529411
Lulu,Nidalee,SUPPORT,6,0.5
Lulu,Pantheon,SUPPORT,10,0.7
Lulu,Poppy,SUPPORT,4,0.75
Lulu,Pyke,SUPPORT,13,0.38461538461538464
Lulu,Qiyana,SUPPORT,1,0.0
Lulu,Rakan,SUPPORT,24,0.5833333333333334
Lulu,Rell,SUPPORT,20,0.45
Lulu,Renata,SUPPORT,8,0.25
Lulu,Rumble,SUPPORT,1,1.0
Lulu,Senna,SUPPORT,9,0.4444444444444444
Lulu,Seraphine,SUPPORT,16,0.5625
Lulu,Shen,SUPPORT,4,0.75
Lulu,Sion,TOP,2,0.5
Lulu,Sona,SUPPORT,13,0.6153846153846154
Lulu,Soraka,SUPPORT,8,0.25
Lulu,Swain,SUPPORT,1,1.0
Lulu,TahmKench,SUPPORT,1,0.0
Lulu,Taliyah,SUPPORT,1,1.0
Lulu,Taric,SUPPORT,2,1.0
Lulu,Thresh,SUPPORT,25,0.4
Lulu,Twitch,SUPPORT,2,1.0
Lulu,Velkoz,SUPPORT,1,1.0
Lulu,Vi,SUPPORT,1,1.0
Lulu,Vladimir,TOP,1,1.0
Lulu,Yone,MIDDLE,1,1.0
Lulu,Yone,TOP,1,1.0
Lulu,Yuumi,SUPPORT,17,0.7058823529411765
Lulu,Zac,SUPPORT,1,0.0
Lulu,Zilean,SUPPORT,6,0.5
Lulu,Zoe,SUPPORT,1,0.0
Lux,Ahri,MIDDLE,3,0.0
Lux,Akali,MIDDLE,1,1.0
Lux,Anivia,BOTTOM,1,0.0
Lux,Anivia,MIDDLE,3,0.3333333333333333
Lux,Annie,SUPPORT,1,0.0
Lux,Aphelios,BOTTOM,1,0.0
Lux,Ashe,BOTTOM,3,0.3333333333333333
Lux,Aurora,MIDDLE,5,0.4
Lux,Aurora,TOP,1,0.0
Lux,Azir,BOTTOM,1,0.0
Lux,Azir,MIDDLE,1,1.0
Lux,Bard,SUPPORT,3,0.3333333333333333
Lux,Blitzcrank,SUPPORT,2,0.5
Lux,Caitlyn,BOTTOM,4,0.25
Lux,Cassiopeia,MIDDLE,1,1.0
Lux,Corki,BOTTOM,3,0.3333333333333333
Lux,Corki,MIDDLE,1,0.0
Lux,Diana,MIDDLE,2,1.0
Lux,Draven,BOTTOM,1,1.0
Lux,Ekko,MIDDLE,2,0.5
Lux,Ezreal,BOTTOM,8,0.375
Lux,Galio,MIDDLE,2,0.5
Lux,Galio,SUPPORT,1,1.0
Lux,Hwei,BOTTOM,1,0.0
Lux,Hwei,MIDDLE,2,0.5
Lux,Ivern,SUPPORT,1,0.0
Lux,Janna,SUPPORT,1,0.0
Lux,Jayce,TOP,1,0.0
Lux,Jhin,BOTTOM,10,0.6
Lux,Jhin,MIDDLE,1,1.0
Lux,Jinx,BOTTOM,2,0.5
Lux,Kaisa,BOTTOM,4,0.5
Lux,Kalista,BOTTOM,3,0.3333333333333333
Lux,Karma,SUPPORT,9,0.5555555555555556
Lux,Karthus,BOTTOM,1,0.0
Lux,Katarina,BOTTOM,1,0.0
Lux,Katarina,MIDDLE,4,0.75
Lux,Kayle,MIDDLE,1,1.0
Lux,Kled,SUPPORT,1,1.0
Lux,KogMaw,BOTTOM,1,0.0
Lux,LeeSin,SUPPORT,1,0.0
Lux,Leona,SUPPORT,2,0.5
Lux,Lissandra,MIDDLE,2,0.5
Lux,Locke,BOTTOM,1,1.0
Lux,Locke,MIDDLE,3,0.0
Lux,Lucian,BOTTOM,8,0.625
Lux,Lulu,SUPPORT,5,1.0
Lux,Malzahar,MIDDLE,1,1.0
Lux,Maokai,SUPPORT,3,0.0
Lux,Mel,BOTTOM,1,1.0
Lux,Mel,SUPPORT,1,1.0
Lux,MonkeyKing,BOTTOM,1,0.0
Lux,Nami,SUPPORT,6,0.6666666666666666
Lux,Nautilus,SUPPORT,7,0.42857142857142855
Lux,Neeko,SUPPORT,4,0.5
Lux,Orianna,MIDDLE,2,0.0
Lux,Pantheon,BOTTOM,1,1.0
Lux,Pantheon,SUPPORT,3,0.6666666666666666
Lux,Pyke,SUPPORT,4,0.25
Lux,Qiyana,MIDDLE,6,0.16666666666666666
Lux,Rakan,SUPPORT,4,0.75
Lux,Rell,SUPPORT,3,0.3333333333333333
Lux,Renata,SUPPORT,1,1.0
Lux,Ryze,MIDDLE,1,0.0
Lux,Senna,BOTTOM,1,1.0
Lux,Senna,SUPPORT,2,0.5
Lux,Seraphine,BOTTOM,1,0.0
Lux,Shaco,BOTTOM,1,0.0
Lux,Shen,SUPPORT,1,0.0
Lux,Sion,TOP,1,0.0
Lux,Sona,SUPPORT,4,0.0
Lux,Soraka,SUPPORT,1,1.0
Lux,Swain,BOTTOM,1,1.0
Lux,Sylas,MIDDLE,3,0.0
Lux,Syndra,BOTTOM,2,0.5
Lux,Syndra,MIDDLE,1,0.0
Lux,TahmKench,SUPPORT,1,0.0
Lux,Talon,MIDDLE,1,0.0
Lux,Thresh,SUPPORT,1,0.0
Lux,Tristana,BOTTOM,3,1.0
Lux,Tristana,MIDDLE,1,0.0
Lux,TwistedFate,MIDDLE,5,0.2
Lux,Varus,BOTTOM,1,1.0
Lux,Vayne,BOTTOM,2,0.5
Lux,Vayne,MIDDLE,1,0.0
Lux,Veigar,BOTTOM,1,1.0
Lux,Vex,MIDDLE,1,0.0
Lux,Viktor,BOTTOM,1,1.0
Lux,Viktor,MIDDLE,3,0.0
Lux,Vladimir,BOTTOM,1,0.0
Lux,Vladimir,MIDDLE,3,1.0
Lux,Volibear,MIDDLE,1,1.0
Lux,Xerath,BOTTOM,1,1.0
Lux,Yasuo,MIDDLE,1,1.0
Lux,Yone,BOTTOM,1,1.0
Lux,Yone,MIDDLE,3,0.3333333333333333
Lux,Yunara,BOTTOM,10,0.2
Lux,Yuumi,SUPPORT,2,0.0
Lux,Zed,MIDDLE,2,0.0
Lux,Ziggs,BOTTOM,1,0.0
Lux,Zoe,MIDDLE,3,0.0
Lux,Zoe,SUPPORT,1,0.0
Malphite,Aatrox,JUNGLE,1,1.0
Malphite,Aatrox,TOP,5,0.6
Malphite,Akali,TOP,1,1.0
Malphite,Akshan,MIDDLE,2,0.5
Malphite,Ambessa,TOP,3,0.6666666666666666
Malphite,Anivia,TOP,1,1.0
Malphite,Annie,MIDDLE,1,1.0
Malphite,Aurora,TOP,2,1.0
Malphite,Braum,SUPPORT,1,0.0
Malphite,Caitlyn,BOTTOM,1,1.0
Malphite,Caitlyn,MIDDLE,1,1.0
Malphite,Cassiopeia,TOP,1,0.0
Malphite,Chogath,TOP,2,0.0
Malphite,Corki,MIDDLE,1,0.0
Malphite,Corki,TOP,1,1.0
Malphite,Darius,TOP,1,0.0
Malphite,DrMundo,TOP,6,0.5
Malphite,Fiora,TOP,3,0.6666666666666666
Malphite,Gangplank,TOP,2,0.0
Malphite,Garen,TOP,1,0.0
Malphite,Gnar,TOP,6,0.6666666666666666
Malphite,Gragas,TOP,1,1.0
Malphite,Gwen,TOP,2,0.5
Malphite,Heimerdinger,TOP,1,1.0
Malphite,Irelia,TOP,5,0.0
Malphite,Jayce,TOP,30,0.5
Malphite,Jhin,TOP,1,1.0
Malphite,KSante,TOP,5,0.4
Malphite,Kalista,TOP,1,1.0
Malphite,Kennen,TOP,1,0.0
Malphite,LeeSin,JUNGLE,1,0.0
Malphite,LeeSin,TOP,1,1.0
Malphite,Lissandra,TOP,1,0.0
Malphite,Lulu,TOP,1,0.0
Malphite,Maokai,TOP,1,0.0
Malphite,Mordekaiser,TOP,2,0.0
Malphite,Morgana,TOP,1,0.0
Malphite,Nasus,JUNGLE,1,0.0
Malphite,Nasus,TOP,1,1.0
Malphite,Olaf,TOP,3,0.6666666666666666
Malphite,Orianna,TOP,1,1.0
Malphite,Ornn,TOP,3,0.6666666666666666
Malphite,Pantheon,TOP,6,0.6666666666666666
Malphite,Poppy,TOP,1,0.0
Malphite,Qiyana,JUNGLE,1,1.0
Malphite,Qiyana,TOP,1,0.0
Malphite,Renekton,TOP,1,1.0
Malphite,Rumble,MIDDLE,1,0.0
Malphite,Rumble,TOP,2,0.5
Malphite,Sett,TOP,1,0.0
Malphite,Sion,TOP,6,0.8333333333333334
Malphite,Swain,TOP,1,0.0
Malphite,Sylas,MIDDLE,2,1.0
Malphite,Sylas,TOP,10,0.5
Malphite,Syndra,MIDDLE,2,1.0
Malphite,Teemo,TOP,3,0.6666666666666666
Malphite,Tryndamere,TOP,1,1.0
Malphite,Udyr,TOP,3,0.3333333333333333
Malphite,Varus,TOP,1,0.0
Malphite,Vayne,TOP,12,0.5
Malphite,Viktor,MIDDLE,1,0.0
Malphite,Vladimir,TOP,1,0.0
Malphite,Volibear,TOP,1,0.0
Malphite,Yasuo,TOP,7,0.2857142857142857
Malphite,Yone,TOP,8,0.125
Malphite,Zaahen,TOP,3,0.6666666666666666
Malphite,Zac,TOP,2,0.0
Malphite,Zed,MIDDLE,1,1.0
Malphite,Zed,TOP,4,1.0
Malphite,Zeri,BOTTOM,1,0.0
Malphite,Ziggs,MIDDLE,1,0.0
Malphite,Zoe,TOP,1,1.0
Malzahar,Ahri,MIDDLE,1,0.0
Malzahar,Akali,MIDDLE,1,0.0
Malzahar,Anivia,MIDDLE,1,0.0
Malzahar,Annie,MIDDLE,1,0.0
Malzahar,Ashe,BOTTOM,1,0.0
Malzahar,Aurora,MIDDLE,2,0.5
Malzahar,Azir,MIDDLE,1,0.0
Malzahar,Corki,BOTTOM,1,1.0
Malzahar,Corki,MIDDLE,1,1.0
Malzahar,DrMundo,TOP,1,0.0
Malzahar,Ekko,MIDDLE,1,0.0
Malzahar,Ezreal,BOTTOM,1,1.0
Malzahar,Galio,MIDDLE,2,0.0
Malzahar,Hwei,MIDDLE,1,0.0
Malzahar,KSante,TOP,2,1.0
Malzahar,Katarina,MIDDLE,2,0.5
Malzahar,Leblanc,MIDDLE,2,0.0
Malzahar,Lux,MIDDLE,1,0.0
Malzahar,Mel,BOTTOM,1,1.0
Malzahar,Milio,SUPPORT,1,0.0
Malzahar,Naafiri,MIDDLE,1,0.0
Malzahar,Ryze,MIDDLE,1,1.0
Malzahar,Smolder,MIDDLE,2,1.0
Malzahar,Sylas,MIDDLE,2,0.5
Malzahar,Syndra,MIDDLE,2,0.5
Malzahar,Taliyah,MIDDLE,1,0.0
Malzahar,TwistedFate,MIDDLE,1,0.0
Malzahar,Udyr,MIDDLE,1,0.0
Malzahar,Veigar,BOTTOM,1,1.0
Malzahar,Vladimir,MIDDLE,5,0.4
Malzahar,Xerath,MIDDLE,1,0.0
Malzahar,Yasuo,MIDDLE,1,1.0
Malzahar,Yone,MIDDLE,3,0.3333333333333333
Malzahar,Yunara,BOTTOM,1,0.0
Malzahar,Zed,MIDDLE,2,0.5
Malzahar,Zilean,MIDDLE,1,0.0
Malzahar,Zoe,MIDDLE,2,1.0
Maokai,Alistar,SUPPORT,4,0.75
Maokai,Ambessa,TOP,1,0.0
Maokai,Anivia,SUPPORT,1,1.0
Maokai,Bard,SUPPORT,5,0.8
Maokai,Belveth,JUNGLE,1,1.0
Maokai,Blitzcrank,SUPPORT,1,1.0
Maokai,Braum,SUPPORT,1,1.0
Maokai,Camille,SUPPORT,2,1.0
Maokai,Elise,JUNGLE,1,1.0
Maokai,FiddleSticks,SUPPORT,1,0.0
Maokai,Ivern,JUNGLE,1,0.0
Maokai,Janna,SUPPORT,1,0.0
Maokai,JarvanIV,JUNGLE,2,0.5
Maokai,KSante,TOP,1,1.0
Maokai,Karma,SUPPORT,4,0.5
Maokai,Khazix,JUNGLE,1,1.0
Maokai,Kled,TOP,1,0.0
Maokai,Leblanc,SUPPORT,1,1.0
Maokai,LeeSin,JUNGLE,2,0.0
Maokai,Leona,SUPPORT,1,1.0
Maokai,Lillia,JUNGLE,1,0.0
Maokai,Lulu,SUPPORT,1,1.0
Maokai,Lux,SUPPORT,3,1.0
Maokai,Malphite,TOP,1,1.0
Maokai,Morgana,SUPPORT,1,0.0
Maokai,Nami,SUPPORT,4,0.5
Maokai,Nautilus,SUPPORT,5,0.6
Maokai,Pantheon,JUNGLE,1,0.0
Maokai,Poppy,SUPPORT,1,0.0
Maokai,Qiyana,JUNGLE,2,0.5
Maokai,Rakan,SUPPORT,3,0.0
Maokai,Rell,SUPPORT,3,1.0
Maokai,Rengar,TOP,2,0.0
Maokai,Rumble,TOP,1,1.0
Maokai,Senna,SUPPORT,2,0.5
Maokai,Skarner,SUPPORT,1,1.0
Maokai,Sona,SUPPORT,1,0.0
Maokai,Thresh,SUPPORT,2,1.0
Maokai,Varus,TOP,1,1.0
Maokai,Viego,JUNGLE,1,1.0
Maokai,Zoe,SUPPORT,1,0.0
MasterYi,Aatrox,JUNGLE,1,1.0
MasterYi,Ambessa,JUNGLE,7,0.5714285714285714
MasterYi,Anivia,TOP,1,1.0
MasterYi,Annie,MIDDLE,1,1.0
MasterYi,Belveth,JUNGLE,1,1.0
MasterYi,Briar,JUNGLE,1,1.0
MasterYi,Darius,JUNGLE,1,1.0
MasterYi,Diana,JUNGLE,2,0.5
MasterYi,Ekko,JUNGLE,1,1.0
MasterYi,Elise,JUNGLE,1,1.0
MasterYi,FiddleSticks,JUNGLE,2,0.0
MasterYi,Graves,JUNGLE,4,0.5
MasterYi,Gwen,JUNGLE,1,0.0
MasterYi,Hecarim,JUNGLE,2,1.0
MasterYi,Heimerdinger,TOP,1,0.0
MasterYi,JarvanIV,JUNGLE,5,0.6
MasterYi,Jax,JUNGLE,1,0.0
MasterYi,Jax,TOP,1,1.0
MasterYi,Jayce,JUNGLE,4,0.5
MasterYi,Karthus,JUNGLE,1,0.0
MasterYi,Kayn,JUNGLE,3,0.0
MasterYi,Khazix,JUNGLE,7,0.5714285714285714
MasterYi,Kindred,JUNGLE,3,0.3333333333333333
MasterYi,LeeSin,JUNGLE,15,0.4
MasterYi,Lillia,JUNGLE,4,0.75
MasterYi,Lulu,SUPPORT,1,0.0
MasterYi,MonkeyKing,JUNGLE,6,0.5
MasterYi,Naafiri,JUNGLE,3,0.6666666666666666
MasterYi,Nidalee,JUNGLE,4,0.0
MasterYi,Nocturne,JUNGLE,1,0.0
MasterYi,Olaf,JUNGLE,1,0.0
MasterYi,Pantheon,JUNGLE,6,0.6666666666666666
MasterYi,Qiyana,JUNGLE,4,0.25
MasterYi,Rammus,JUNGLE,1,1.0
MasterYi,RekSai,JUNGLE,4,0.5
MasterYi,Renekton,TOP,3,1.0
MasterYi,Rengar,JUNGLE,1,0.0
MasterYi,Sejuani,JUNGLE,1,1.0
MasterYi,Skarner,JUNGLE,3,0.0
MasterYi,Sylas,JUNGLE,1,0.0
MasterYi,Taliyah,JUNGLE,1,0.0
MasterYi,Talon,JUNGLE,5,0.8
MasterYi,Vex,TOP,1,0.0
MasterYi,Vi,JUNGLE,5,0.4
MasterYi,Viego,JUNGLE,3,0.6666666666666666
MasterYi,XinZhao,JUNGLE,1,0.0
MasterYi,Yasuo,TOP,1,0.0
MasterYi,Zaahen,JUNGLE,1,0.0
MasterYi,Zyra,JUNGLE,2,0.0
Mel,Ahri,MIDDLE,18,0.3888888888888889
Mel,Akali,MIDDLE,4,0.5
Mel,Akshan,MIDDLE,2,0.0
Mel,Ambessa,MIDDLE,2,0.0
Mel,Anivia,BOTTOM,2,1.0
Mel,Anivia,MIDDLE,2,0.5
Mel,Anivia,SUPPORT,2,0.5
Mel,Annie,MIDDLE,2,0.5
Mel,Ashe,BOTTOM,11,0.45454545454545453
Mel,AurelionSol,BOTTOM,1,0.0
Mel,AurelionSol,MIDDLE,2,0.5
Mel,Aurora,MIDDLE,5,0.6
Mel,Azir,MIDDLE,3,0.6666666666666666
Mel,Bard,SUPPORT,1,1.0
Mel,Blitzcrank,SUPPORT,2,1.0
Mel,Brand,BOTTOM,1,0.0
Mel,Caitlyn,BOTTOM,7,0.2857142857142857
Mel,Cassiopeia,BOTTOM,2,0.0
Mel,Cassiopeia,MIDDLE,1,1.0
Mel,Corki,BOTTOM,1,1.0
Mel,Diana,MIDDLE,1,0.0
Mel,Draven,BOTTOM,1,1.0
Mel,Ezreal,BOTTOM,15,0.4666666666666667
Mel,Fiora,MIDDLE,1,1.0
Mel,Galio,MIDDLE,1,1.0
Mel,Hwei,BOTTOM,2,0.5
Mel,Hwei,MIDDLE,2,0.5
Mel,Irelia,MIDDLE,1,1.0
Mel,Jhin,BOTTOM,6,0.3333333333333333
Mel,Jinx,BOTTOM,1,0.0
Mel,Kaisa,BOTTOM,8,0.625
Mel,Kalista,BOTTOM,4,0.5
Mel,Karthus,BOTTOM,3,0.3333333333333333
Mel,Kassadin,MIDDLE,1,1.0
Mel,Leblanc,MIDDLE,3,0.0
Mel,Lissandra,MIDDLE,2,0.0
Mel,Locke,MIDDLE,1,0.0
Mel,Lucian,BOTTOM,3,0.3333333333333333
Mel,Lucian,MIDDLE,1,0.0
Mel,Lux,BOTTOM,1,0.0
Mel,Lux,SUPPORT,1,0.0
Mel,Malzahar,BOTTOM,1,0.0
Mel,Morgana,SUPPORT,1,1.0
Mel,Nami,SUPPORT,2,0.0
Mel,Nautilus,SUPPORT,1,0.0
Mel,Neeko,SUPPORT,2,0.5
Mel,Olaf,BOTTOM,1,0.0
Mel,Pyke,BOTTOM,1,0.0
Mel,Pyke,SUPPORT,2,0.5
Mel,Qiyana,MIDDLE,2,0.0
Mel,Quinn,MIDDLE,1,1.0
Mel,Ryze,MIDDLE,5,0.6
Mel,Senna,BOTTOM,4,0.5
Mel,Seraphine,BOTTOM,1,1.0
Mel,Seraphine,SUPPORT,3,0.0
Mel,Sivir,BOTTOM,5,0.4
Mel,Smolder,BOTTOM,2,0.0
Mel,Swain,BOTTOM,4,0.75
Mel,Syndra,MIDDLE,2,0.0
Mel,Taliyah,MIDDLE,2,0.5
Mel,Talon,MIDDLE,1,1.0
Mel,Tristana,BOTTOM,2,0.5
Mel,Tristana,MIDDLE,1,1.0
Mel,TwistedFate,MIDDLE,3,0.3333333333333333
Mel,Twitch,BOTTOM,4,0.5
Mel,Varus,BOTTOM,9,0.1111111111111111
Mel,Vayne,BOTTOM,2,0.0
Mel,Veigar,BOTTOM,2,0.0
Mel,Veigar,MIDDLE,1,1.0
Mel,Vex,MIDDLE,2,0.5
Mel,Viktor,MIDDLE,2,0.5
Mel,Vladimir,BOTTOM,1,1.0
Mel,Vladimir,MIDDLE,1,0.0
Mel,Xerath,BOTTOM,3,0.0
Mel,Xerath,MIDDLE,2,0.0
Mel,Yasuo,BOTTOM,1,0.0
Mel,Yasuo,MIDDLE,1,1.0
Mel,Yone,BOTTOM,1,1.0
Mel,Yone,MIDDLE,3,0.6666666666666666
Mel,Yunara,BOTTOM,5,0.8
Mel,Zaahen,MIDDLE,1,0.0
Mel,Zed,MIDDLE,3,0.3333333333333333
Mel,Zeri,BOTTOM,2,0.5
Mel,Ziggs,BOTTOM,1,1.0
Mel,Zilean,BOTTOM,1,0.0
Mel,Zoe,MIDDLE,7,0.14285714285714285
Mel,Zoe,SUPPORT,1,0.0
Mel,Zyra,BOTTOM,1,0.0
Milio,Alistar,SUPPORT,8,0.125
Milio,Amumu,SUPPORT,1,0.0
Milio,Anivia,SUPPORT,3,0.3333333333333333
Milio,Ashe,SUPPORT,1,1.0
Milio,AurelionSol,SUPPORT,1,1.0
Milio,Bard,SUPPORT,7,0.5714285714285714
Milio,Blitzcrank,SUPPORT,2,1.0
Milio,Braum,SUPPORT,3,0.3333333333333333
Milio,Camille,SUPPORT,3,0.3333333333333333
Milio,Ekko,SUPPORT,1,1.0
Milio,Elise,SUPPORT,2,1.0
Milio,Fiora,TOP,1,1.0
Milio,Gragas,SUPPORT,1,0.0
Milio,Janna,SUPPORT,2,0.5
Milio,JarvanIV,SUPPORT,1,1.0
Milio,Karma,SUPPORT,5,0.4
Milio,Leblanc,SUPPORT,1,1.0
Milio,Leona,SUPPORT,3,0.6666666666666666
Milio,Locke,SUPPORT,1,1.0
Milio,Lulu,SUPPORT,14,0.2857142857142857
Milio,Malzahar,SUPPORT,1,1.0
Milio,Nami,SUPPORT,11,0.7272727272727273
Milio,Nautilus,SUPPORT,7,0.42857142857142855
Milio,Neeko,SUPPORT,3,0.3333333333333333
Milio,Nidalee,SUPPORT,2,0.5
Milio,Pantheon,SUPPORT,1,0.0
Milio,Pyke,SUPPORT,6,0.5
Milio,Rakan,SUPPORT,6,0.3333333333333333
Milio,Rell,SUPPORT,6,0.6666666666666666
Milio,Renata,SUPPORT,2,1.0
Milio,Senna,SUPPORT,5,0.6
Milio,Seraphine,SUPPORT,8,0.375
Milio,Sona,SUPPORT,4,0.5
Milio,Soraka,SUPPORT,2,0.5
Milio,Swain,SUPPORT,2,0.5
Milio,Thresh,SUPPORT,10,0.5
Milio,Yuumi,SUPPORT,3,1.0
Milio,Zilean,SUPPORT,3,0.6666666666666666
Milio,Zoe,SUPPORT,1,0.0
MissFortune,Ahri,BOTTOM,1,1.0
MissFortune,Ashe,BOTTOM,7,0.7142857142857143
MissFortune,Caitlyn,BOTTOM,8,0.375
MissFortune,Corki,BOTTOM,1,1.0
MissFortune,Draven,BOTTOM,5,0.8
MissFortune,Ezreal,BOTTOM,21,0.6666666666666666
MissFortune,Hwei,BOTTOM,3,0.3333333333333333
MissFortune,Jhin,BOTTOM,13,0.5384615384615384
MissFortune,Jinx,BOTTOM,2,0.5
MissFortune,Kaisa,BOTTOM,2,0.5
MissFortune,Kalista,BOTTOM,3,1.0
MissFortune,Lucian,BOTTOM,6,0.3333333333333333
MissFortune,Senna,BOTTOM,3,0.6666666666666666
MissFortune,Seraphine,BOTTOM,1,0.0
MissFortune,Smolder,BOTTOM,1,1.0
MissFortune,Swain,BOTTOM,1,1.0
MissFortune,Syndra,BOTTOM,2,1.0
MissFortune,Tristana,BOTTOM,4,0.75
MissFortune,Varus,BOTTOM,4,0.25
MissFortune,Veigar,BOTTOM,2,0.5
MissFortune,Viktor,BOTTOM,1,1.0
MissFortune,Viktor,MIDDLE,1,1.0
MissFortune,Xayah,BOTTOM,1,0.0
MissFortune,Xerath,BOTTOM,1,0.0
MissFortune,Yasuo,BOTTOM,2,0.5
MissFortune,Yunara,BOTTOM,10,0.5
MissFortune,Zeri,BOTTOM,1,0.0
MonkeyKing,Aatrox,JUNGLE,6,0.5
MonkeyKing,Ambessa,JUNGLE,4,0.75
MonkeyKing,Amumu,JUNGLE,2,0.5
MonkeyKing,Belveth,JUNGLE,2,0.0
MonkeyKing,Briar,JUNGLE,1,1.0
MonkeyKing,Chogath,JUNGLE,2,0.5
MonkeyKing,Elise,JUNGLE,4,0.5
MonkeyKing,Gragas,JUNGLE,1,0.0
MonkeyKing,Graves,JUNGLE,8,0.375
MonkeyKing,Gwen,TOP,1,1.0
MonkeyKing,Hecarim,JUNGLE,3,0.0
MonkeyKing,JarvanIV,JUNGLE,9,0.7777777777777778
MonkeyKing,Jayce,JUNGLE,1,0.0
MonkeyKing,Karthus,JUNGLE,3,0.3333333333333333
MonkeyKing,Kayn,JUNGLE,9,0.2222222222222222
MonkeyKing,Kennen,TOP,1,0.0
MonkeyKing,Khazix,JUNGLE,6,0.5
MonkeyKing,Kindred,JUNGLE,5,0.0
MonkeyKing,LeeSin,JUNGLE,27,0.48148148148148145
MonkeyKing,Lillia,JUNGLE,4,0.5
MonkeyKing,Locke,JUNGLE,1,0.0
MonkeyKing,Lux,BOTTOM,1,1.0
MonkeyKing,MasterYi,JUNGLE,6,0.5
MonkeyKing,Morgana,JUNGLE,1,1.0
MonkeyKing,Naafiri,JUNGLE,10,0.5
MonkeyKing,Nidalee,JUNGLE,3,0.6666666666666666
MonkeyKing,Nocturne,JUNGLE,5,0.6
MonkeyKing,Olaf,JUNGLE,1,1.0
MonkeyKing,Pantheon,JUNGLE,5,0.6
MonkeyKing,Qiyana,JUNGLE,8,0.25
MonkeyKing,Rakan,SUPPORT,1,1.0
MonkeyKing,RekSai,JUNGLE,3,0.6666666666666666
MonkeyKing,Rengar,JUNGLE,7,0.42857142857142855
MonkeyKing,Rumble,TOP,1,0.0
MonkeyKing,Shaco,JUNGLE,2,0.5
MonkeyKing,Shen,TOP,1,0.0
MonkeyKing,Swain,BOTTOM,1,0.0
MonkeyKing,Sylas,JUNGLE,4,0.5
MonkeyKing,Taliyah,JUNGLE,3,0.3333333333333333
MonkeyKing,Talon,JUNGLE,5,0.8
MonkeyKing,Teemo,TOP,1,1.0
MonkeyKing,Trundle,JUNGLE,1,1.0
MonkeyKing,TwistedFate,MIDDLE,1,1.0
MonkeyKing,Udyr,JUNGLE,2,0.5
MonkeyKing,Vayne,TOP,1,1.0
MonkeyKing,Vi,JUNGLE,1,1.0
MonkeyKing,Viktor,TOP,1,1.0
MonkeyKing,XinZhao,JUNGLE,6,0.0
MonkeyKing,Zaahen,JUNGLE,2,0.0
MonkeyKing,Zac,JUNGLE,1,0.0
MonkeyKing,Zyra,JUNGLE,1,0.0
Mordekaiser,Aatrox,TOP,1,1.0
Mordekaiser,Akali,TOP,1,1.0
Mordekaiser,Camille,TOP,3,0.6666666666666666
Mordekaiser,Cassiopeia,TOP,1,0.0
Mordekaiser,DrMundo,TOP,1,0.0
Mordekaiser,Gangplank,TOP,2,0.5
Mordekaiser,Garen,TOP,1,1.0
Mordekaiser,Gragas,TOP,1,1.0
Mordekaiser,Ivern,JUNGLE,1,0.0
Mordekaiser,Jax,TOP,2,0.5
Mordekaiser,Jayce,TOP,2,0.0
Mordekaiser,KSante,TOP,2,1.0
Mordekaiser,Kayle,TOP,1,0.0
Mordekaiser,Kennen,TOP,1,0.0
Mordekaiser,Malphite,TOP,2,1.0
Mordekaiser,Olaf,TOP,1,1.0
Mordekaiser,Ornn,TOP,1,0.0
Mordekaiser,Renekton,TOP,2,0.5
Mordekaiser,Riven,TOP,1,1.0
Mordekaiser,Rumble,TOP,1,0.0
Mordekaiser,Ryze,MIDDLE,1,1.0
Mordekaiser,Sett,TOP,1,1.0
Mordekaiser,Sion,TOP,3,0.3333333333333333
Mordekaiser,Teemo,TOP,1,1.0
Mordekaiser,Urgot,TOP,1,0.0
Mordekaiser,Vayne,TOP,1,1.0
Mordekaiser,Warwick,TOP,1,1.0
Mordekaiser,Zaahen,TOP,1,1.0
Morgana,Akali,MIDDLE,1,1.0
Morgana,Alistar,SUPPORT,4,0.25
Morgana,Anivia,SUPPORT,2,0.5
Morgana,Blitzcrank,SUPPORT,2,0.0
Morgana,Camille,SUPPORT,1,1.0
Morgana,Evelynn,JUNGLE,1,0.0
Morgana,Galio,SUPPORT,1,0.0
Morgana,Graves,JUNGLE,1,1.0
Morgana,Hecarim,JUNGLE,2,1.0
Morgana,Jayce,MIDDLE,1,1.0
Morgana,Jayce,TOP,1,1.0
Morgana,Karma,SUPPORT,3,0.3333333333333333
Morgana,KogMaw,BOTTOM,1,1.0
Morgana,Leblanc,MIDDLE,1,1.0
Morgana,LeeSin,JUNGLE,1,0.0
Morgana,Leona,SUPPORT,4,0.75
Morgana,Malphite,TOP,1,1.0
Morgana,Maokai,SUPPORT,1,1.0
Morgana,Mel,SUPPORT,1,0.0
Morgana,MonkeyKing,JUNGLE,1,0.0
Morgana,Nautilus,SUPPORT,6,0.6666666666666666
Morgana,Neeko,SUPPORT,1,0.0
Morgana,Pyke,SUPPORT,1,1.0
Morgana,Senna,SUPPORT,1,0.0
Morgana,Sona,SUPPORT,1,0.0
Morgana,Soraka,SUPPORT,2,0.0
Morgana,Swain,BOTTOM,1,1.0
Morgana,Sylas,SUPPORT,1,1.0
Morgana,TahmKench,SUPPORT,1,0.0
Morgana,Thresh,SUPPORT,2,0.5
Morgana,TwistedFate,MIDDLE,1,0.0
Morgana,Velkoz,SUPPORT,1,1.0
Morgana,XinZhao,JUNGLE,1,1.0
Morgana,Zac,JUNGLE,1,0.0
Morgana,Zilean,SUPPORT,1,1.0
Morgana,Zoe,MIDDLE,2,0.0
Morgana,Zoe,SUPPORT,2,0.0
Naafiri,Aatrox,JUNGLE,4,0.5
Naafiri,Ambessa,JUNGLE,17,0.5294117647058824
Naafiri,Ambessa,TOP,1,0.0
Naafiri,Anivia,MIDDLE,3,0.3333333333333333
Naafiri,Anivia,TOP,1,0.0
Naafiri,Annie,MIDDLE,1,1.0
Naafiri,AurelionSol,BOTTOM,1,1.0
Naafiri,Aurora,MIDDLE,4,0.5
Naafiri,Belveth,JUNGLE,1,1.0
Naafiri,Briar,JUNGLE,3,0.6666666666666666
Naafiri,Caitlyn,BOTTOM,2,0.5
Naafiri,Cassiopeia,TOP,1,0.0
Naafiri,Chogath,JUNGLE,4,0.5
Naafiri,Chogath,MIDDLE,1,1.0
Naafiri,Corki,MIDDLE,1,1.0
Naafiri,Corki,TOP,1,1.0
Naafiri,Diana,JUNGLE,3,0.3333333333333333
Naafiri,DrMundo,JUNGLE,2,1.0
Naafiri,Ekko,JUNGLE,4,1.0
Naafiri,Elise,JUNGLE,3,0.3333333333333333
Naafiri,FiddleSticks,JUNGLE,2,0.0
Naafiri,Fizz,MIDDLE,1,1.0
Naafiri,Gangplank,TOP,1,0.0
Naafiri,Gnar,JUNGLE,1,0.0
Naafiri,Gragas,TOP,1,1.0
Naafiri,Graves,JUNGLE,19,0.5789473684210527
Naafiri,Gwen,JUNGLE,2,1.0
Naafiri,Hecarim,JUNGLE,7,0.42857142857142855
Naafiri,Hwei,MIDDLE,1,1.0
Naafiri,Ivern,JUNGLE,4,0.75
Naafiri,JarvanIV,JUNGLE,14,0.5
Naafiri,Jayce,JUNGLE,5,0.0
Naafiri,Jayce,MIDDLE,1,1.0
Naafiri,Jayce,TOP,3,0.0
Naafiri,Kaisa,BOTTOM,1,1.0
Naafiri,Karthus,JUNGLE,5,0.8
Naafiri,Kayn,JUNGLE,4,0.75
Naafiri,Khazix,JUNGLE,11,0.45454545454545453
Naafiri,Kindred,JUNGLE,8,0.375
Naafiri,Leblanc,MIDDLE,1,1.0
Naafiri,LeeSin,JUNGLE,29,0.4482758620689655
Naafiri,Lillia,JUNGLE,8,0.5
Naafiri,Lissandra,MIDDLE,2,0.5
Naafiri,Malzahar,MIDDLE,1,1.0
Naafiri,MasterYi,JUNGLE,3,0.3333333333333333
Naafiri,MonkeyKing,JUNGLE,10,0.5
Naafiri,Nasus,MIDDLE,1,1.0
Naafiri,Neeko,JUNGLE,1,1.0
Naafiri,Nidalee,JUNGLE,24,0.4166666666666667
Naafiri,Nocturne,JUNGLE,15,0.4666666666666667
Naafiri,Nunu,JUNGLE,2,0.5
Naafiri,Olaf,JUNGLE,1,0.0
Naafiri,Orianna,MIDDLE,2,0.0
Naafiri,Pantheon,JUNGLE,9,0.7777777777777778
Naafiri,Pantheon,TOP,2,0.0
Naafiri,Poppy,JUNGLE,1,1.0
Naafiri,Qiyana,JUNGLE,11,0.5454545454545454
Naafiri,Qiyana,MIDDLE,2,0.0
Naafiri,Quinn,MIDDLE,1,0.0
Naafiri,RekSai,JUNGLE,2,0.5
Naafiri,Rengar,JUNGLE,2,0.0
Naafiri,Ryze,MIDDLE,1,0.0
Naafiri,Senna,SUPPORT,1,1.0
Naafiri,Shaco,JUNGLE,4,0.0
Naafiri,Shyvana,JUNGLE,2,0.5
Naafiri,Sion,TOP,1,0.0
Naafiri,Skarner,JUNGLE,7,0.7142857142857143
Naafiri,Sylas,JUNGLE,6,0.3333333333333333
Naafiri,Sylas,MIDDLE,1,1.0
Naafiri,Syndra,MIDDLE,1,1.0
Naafiri,Taliyah,JUNGLE,1,1.0
Naafiri,Talon,JUNGLE,9,0.4444444444444444
Naafiri,Udyr,JUNGLE,4,0.25
Naafiri,Varus,TOP,1,0.0
Naafiri,Vayne,JUNGLE,1,0.0
Naafiri,Vayne,TOP,2,0.5
Naafiri,Vi,JUNGLE,11,0.36363636363636365
Naafiri,Viego,JUNGLE,5,0.6
Naafiri,Vladimir,MIDDLE,1,1.0
Naafiri,XinZhao,JUNGLE,9,0.8888888888888888
Naafiri,Yone,MIDDLE,3,0.0
Naafiri,Zaahen,JUNGLE,4,0.5
Naafiri,Zed,JUNGLE,1,1.0
Naafiri,Zyra,JUNGLE,5,0.6
Nami,Alistar,SUPPORT,9,0.5555555555555556
Nami,Anivia,SUPPORT,10,0.3
Nami,Annie,SUPPORT,4,0.5
Nami,Ashe,SUPPORT,2,1.0
Nami,Bard,SUPPORT,37,0.5405405405405406
Nami,Blitzcrank,SUPPORT,8,0.375
Nami,Brand,SUPPORT,2,0.0
Nami,Braum,SUPPORT,5,0.6
Nami,Camille,SUPPORT,5,0.4
Nami,Elise,SUPPORT,3,0.3333333333333333
Nami,Ezreal,SUPPORT,1,1.0
Nami,Galio,SUPPORT,1,1.0
Nami,Gragas,SUPPORT,1,1.0
Nami,Ivern,SUPPORT,2,0.5
Nami,Janna,SUPPORT,10,0.3
Nami,Jax,SUPPORT,1,1.0
Nami,KSante,TOP,1,0.0
Nami,Karma,SUPPORT,44,0.6363636363636364
Nami,Katarina,SUPPORT,2,1.0
Nami,Leblanc,SUPPORT,2,0.5
Nami,Leona,SUPPORT,8,0.375
Nami,Lulu,SUPPORT,35,0.6571428571428571
Nami,Lux,SUPPORT,6,0.3333333333333333
Nami,Maokai,SUPPORT,4,0.5
Nami,Mel,SUPPORT,2,1.0
Nami,Milio,SUPPORT,11,0.2727272727272727
Nami,Nautilus,SUPPORT,39,0.3333333333333333
Nami,Neeko,SUPPORT,12,0.3333333333333333
Nami,Nidalee,SUPPORT,5,0.4
Nami,Ornn,SUPPORT,1,0.0
Nami,Pantheon,SUPPORT,5,0.8
Nami,Poppy,SUPPORT,4,0.5
Nami,Pyke,SUPPORT,15,0.6666666666666666
Nami,Qiyana,SUPPORT,1,0.0
Nami,Rakan,SUPPORT,12,0.5
Nami,Rell,SUPPORT,10,0.6
Nami,Renata,SUPPORT,6,0.5
Nami,Senna,SUPPORT,17,0.4117647058823529
Nami,Seraphine,SUPPORT,14,0.2857142857142857
Nami,Sett,SUPPORT,1,0.0
Nami,Shaco,SUPPORT,1,1.0
Nami,Shen,SUPPORT,1,1.0
Nami,Singed,SUPPORT,1,1.0
Nami,Sona,SUPPORT,16,0.5
Nami,Soraka,SUPPORT,14,0.7142857142857143
Nami,Sylas,SUPPORT,1,1.0
Nami,Taric,SUPPORT,5,0.6
Nami,Thresh,SUPPORT,11,0.45454545454545453
Nami,Urgot,SUPPORT,1,0.0
Nami,Velkoz,SUPPORT,1,0.0
Nami,Yuumi,SUPPORT,9,0.5555555555555556
Nami,Zaahen,SUPPORT,1,1.0
Nami,Zilean,SUPPORT,4,0.25
Nami,Zoe,SUPPORT,5,0.4
Nasus,Aatrox,TOP,2,1.0
Nasus,Ahri,MIDDLE,1,0.0
Nasus,Akali,MIDDLE,2,0.5
Nasus,Akshan,TOP,1,1.0
Nasus,Ambessa,TOP,2,0.0
Nasus,Anivia,MIDDLE,2,1.0
Nasus,Anivia,TOP,2,0.0
Nasus,Camille,TOP,2,0.0
Nasus,Chogath,JUNGLE,1,1.0
Nasus,Chogath,MIDDLE,1,0.0
Nasus,Chogath,TOP,3,0.3333333333333333
Nasus,Corki,TOP,1,0.0
Nasus,Diana,MIDDLE,1,0.0
Nasus,DrMundo,MIDDLE,1,0.0
Nasus,DrMundo,TOP,1,1.0
Nasus,Draven,TOP,1,1.0
Nasus,Ekko,MIDDLE,2,0.5
Nasus,Galio,MIDDLE,2,1.0
Nasus,Gangplank,TOP,1,1.0
Nasus,Garen,BOTTOM,1,0.0
Nasus,Gnar,TOP,1,1.0
Nasus,Gragas,TOP,2,1.0
Nasus,Gwen,TOP,1,0.0
Nasus,Hwei,MIDDLE,1,0.0
Nasus,Jax,TOP,1,1.0
Nasus,Jayce,TOP,9,0.3333333333333333
Nasus,KSante,MIDDLE,1,0.0
Nasus,Katarina,MIDDLE,1,1.0
Nasus,Katarina,TOP,1,0.0
Nasus,Leblanc,MIDDLE,1,1.0
Nasus,Leblanc,TOP,1,0.0
Nasus,Lillia,JUNGLE,1,1.0
Nasus,Lissandra,TOP,1,1.0
Nasus,Locke,MIDDLE,2,0.0
Nasus,Malphite,JUNGLE,1,1.0
Nasus,Malphite,TOP,1,0.0
Nasus,Naafiri,MIDDLE,1,0.0
Nasus,Nunu,JUNGLE,1,1.0
Nasus,Orianna,MIDDLE,1,1.0
Nasus,Ornn,TOP,2,0.5
Nasus,Pantheon,MIDDLE,2,0.0
Nasus,Quinn,TOP,3,0.3333333333333333
Nasus,Riven,TOP,2,0.5
Nasus,Ryze,MIDDLE,3,0.3333333333333333
Nasus,Shen,TOP,1,0.0
Nasus,Singed,TOP,2,0.0
Nasus,Sion,TOP,1,0.0
Nasus,Syndra,MIDDLE,4,0.25
Nasus,Taliyah,MIDDLE,2,0.5
Nasus,Talon,JUNGLE,1,1.0
Nasus,Talon,MIDDLE,1,1.0
Nasus,Tristana,MIDDLE,1,1.0
Nasus,Tryndamere,JUNGLE,1,0.0
Nasus,Tryndamere,TOP,2,1.0
Nasus,TwistedFate,MIDDLE,1,0.0
Nasus,TwistedFate,TOP,1,1.0
Nasus,Velkoz,BOTTOM,1,0.0
Nasus,Viktor,MIDDLE,1,1.0
Nasus,Vladimir,MIDDLE,1,1.0
Nasus,Vladimir,TOP,1,0.0
Nasus,XinZhao,JUNGLE,1,0.0
Nasus,Yasuo,MIDDLE,2,1.0
Nasus,Yasuo,TOP,2,0.5
Nasus,Yone,MIDDLE,2,0.5
Nasus,Yone,TOP,4,1.0
Nasus,Zaahen,JUNGLE,1,0.0
Nasus,Zilean,TOP,2,0.5
Nasus,Zoe,MIDDLE,1,0.0
Nasus,Zyra,BOTTOM,1,1.0
Nasus,Zyra,JUNGLE,1,0.0
Nautilus,Alistar,SUPPORT,42,0.2619047619047619
Nautilus,Amumu,SUPPORT,1,0.0
Nautilus,Anivia,SUPPORT,8,0.25
Nautilus,Bard,SUPPORT,56,0.5
Nautilus,Blitzcrank,SUPPORT,7,0.42857142857142855
Nautilus,Brand,SUPPORT,1,0.0
Nautilus,Braum,SUPPORT,49,0.5306122448979592
Nautilus,Camille,SUPPORT,10,0.6
Nautilus,Cassiopeia,SUPPORT,1,1.0
Nautilus,Ekko,SUPPORT,3,0.3333333333333333
Nautilus,Elise,SUPPORT,6,0.6666666666666666
Nautilus,Ezreal,BOTTOM,1,0.0
Nautilus,Ezreal,SUPPORT,1,0.0
Nautilus,FiddleSticks,SUPPORT,2,0.5
Nautilus,Galio,SUPPORT,1,0.0
Nautilus,Gragas,SUPPORT,1,0.0
Nautilus,Hwei,SUPPORT,3,0.0
Nautilus,Hwei,TOP,1,0.0
Nautilus,Janna,SUPPORT,15,0.6
Nautilus,Jayce,MIDDLE,1,0.0
Nautilus,Karma,SUPPORT,94,0.574468085106383
Nautilus,Katarina,SUPPORT,1,1.0
Nautilus,Leblanc,MIDDLE,1,1.0
Nautilus,Leblanc,SUPPORT,2,0.0
Nautilus,Leona,SUPPORT,30,0.4666666666666667
Nautilus,Lissandra,SUPPORT,2,0.5
Nautilus,Lulu,SUPPORT,38,0.4473684210526316
Nautilus,Lux,SUPPORT,7,0.5714285714285714
Nautilus,Maokai,SUPPORT,5,0.4
Nautilus,Mel,SUPPORT,1,1.0
Nautilus,Milio,SUPPORT,7,0.5714285714285714
Nautilus,Morgana,SUPPORT,6,0.3333333333333333
Nautilus,Nami,SUPPORT,39,0.6666666666666666
Nautilus,Neeko,SUPPORT,23,0.4782608695652174
Nautilus,Nidalee,SUPPORT,5,0.6
Nautilus,Pantheon,SUPPORT,8,0.375
Nautilus,Poppy,SUPPORT,4,0.25
Nautilus,Pyke,SUPPORT,21,0.7142857142857143
Nautilus,Quinn,TOP,1,0.0
Nautilus,Rakan,SUPPORT,12,0.4166666666666667
Nautilus,Rell,SUPPORT,48,0.3958333333333333
Nautilus,Renata,SUPPORT,4,0.75
Nautilus,Rumble,TOP,1,0.0
Nautilus,Senna,SUPPORT,12,0.3333333333333333
Nautilus,Seraphine,SUPPORT,17,0.23529411764705882
Nautilus,Shen,SUPPORT,6,0.3333333333333333
Nautilus,Shen,TOP,1,0.0
Nautilus,Sion,TOP,1,0.0
Nautilus,Sona,SUPPORT,20,0.5
Nautilus,Soraka,SUPPORT,17,0.4117647058823529
Nautilus,Swain,SUPPORT,5,0.4
Nautilus,Sylas,SUPPORT,3,0.6666666666666666
Nautilus,TahmKench,SUPPORT,6,0.5
Nautilus,Taliyah,SUPPORT,1,0.0
Nautilus,Taric,SUPPORT,6,0.6666666666666666
Nautilus,Teemo,SUPPORT,1,0.0
Nautilus,Thresh,SUPPORT,28,0.7142857142857143
Nautilus,TwistedFate,SUPPORT,1,1.0
Nautilus,Twitch,SUPPORT,2,0.5
Nautilus,Veigar,SUPPORT,2,0.5
Nautilus,Vex,SUPPORT,1,1.0
Nautilus,Vi,SUPPORT,1,1.0
Nautilus,Viktor,SUPPORT,1,0.0
Nautilus,Volibear,SUPPORT,1,1.0
Nautilus,Yuumi,SUPPORT,7,0.5714285714285714
Nautilus,Zac,SUPPORT,2,0.5
Nautilus,Zilean,SUPPORT,7,0.8571428571428571
Nautilus,Zoe,SUPPORT,6,0.8333333333333334
Nautilus,Zyra,SUPPORT,1,0.0
Neeko,Ahri,MIDDLE,2,0.5
Neeko,Akali,MIDDLE,1,1.0
Neeko,Alistar,SUPPORT,18,0.3333333333333333
Neeko,Ambessa,MIDDLE,1,1.0
Neeko,Anivia,SUPPORT,4,1.0
Neeko,Annie,SUPPORT,1,1.0
Neeko,Aurora,MIDDLE,1,1.0
Neeko,Bard,SUPPORT,37,0.5405405405405406
Neeko,Blitzcrank,SUPPORT,3,0.3333333333333333
Neeko,Brand,SUPPORT,1,1.0
Neeko,Braum,SUPPORT,6,0.5
Neeko,Camille,SUPPORT,2,0.5
Neeko,Camille,TOP,1,1.0
Neeko,Elise,SUPPORT,4,0.25
Neeko,Gragas,SUPPORT,1,1.0
Neeko,Gwen,TOP,1,1.0
Neeko,Hwei,SUPPORT,1,0.0
Neeko,Illaoi,MIDDLE,1,1.0
Neeko,Irelia,MIDDLE,2,0.0
Neeko,Janna,SUPPORT,5,0.4
Neeko,JarvanIV,JUNGLE,3,0.3333333333333333
Neeko,KSante,SUPPORT,1,0.0
Neeko,Karma,SUPPORT,32,0.625
Neeko,Khazix,JUNGLE,1,1.0
Neeko,Leblanc,SUPPORT,4,0.75
Neeko,LeeSin,JUNGLE,1,1.0
Neeko,Leona,SUPPORT,5,0.2
Neeko,Locke,MIDDLE,2,1.0
Neeko,Lulu,SUPPORT,17,0.23529411764705882
Neeko,Lux,SUPPORT,4,0.5
Neeko,Mel,SUPPORT,2,0.5
Neeko,Milio,SUPPORT,3,0.6666666666666666
Neeko,Morgana,SUPPORT,1,1.0
Neeko,Naafiri,JUNGLE,1,0.0
Neeko,Nami,SUPPORT,12,0.6666666666666666
Neeko,Nautilus,SUPPORT,23,0.5217391304347826
Neeko,Olaf,TOP,1,0.0
Neeko,Orianna,MIDDLE,3,1.0
Neeko,Orianna,SUPPORT,1,1.0
Neeko,Pantheon,SUPPORT,3,1.0
Neeko,Poppy,SUPPORT,3,0.6666666666666666
Neeko,Pyke,SUPPORT,7,0.5714285714285714
Neeko,Qiyana,MIDDLE,2,0.5
Neeko,Qiyana,SUPPORT,1,0.0
Neeko,Rakan,SUPPORT,11,0.5454545454545454
Neeko,Rell,SUPPORT,3,0.3333333333333333
Neeko,Renata,SUPPORT,5,0.4
Neeko,Rumble,TOP,1,0.0
Neeko,Senna,SUPPORT,3,0.3333333333333333
Neeko,Seraphine,SUPPORT,13,0.5384615384615384
Neeko,Shen,SUPPORT,1,1.0
Neeko,Skarner,SUPPORT,1,1.0
Neeko,Sona,SUPPORT,7,0.7142857142857143
Neeko,Soraka,SUPPORT,5,1.0
Neeko,Swain,BOTTOM,1,0.0
Neeko,Sylas,MIDDLE,2,0.0
Neeko,Syndra,MIDDLE,1,1.0
Neeko,TahmKench,SUPPORT,1,0.0
Neeko,Taric,SUPPORT,3,0.0
Neeko,Thresh,SUPPORT,7,0.42857142857142855
Neeko,Tristana,MIDDLE,1,1.0
Neeko,Velkoz,SUPPORT,1,1.0
Neeko,Vladimir,TOP,1,1.0
Neeko,Yasuo,TOP,1,1.0
Neeko,Yone,MIDDLE,1,1.0
Neeko,Yorick,TOP,1,0.0
Neeko,Yuumi,SUPPORT,6,0.8333333333333334
Neeko,Zed,MIDDLE,1,0.0
Neeko,Zilean,MIDDLE,1,0.0
Neeko,Zilean,SUPPORT,2,0.5
Neeko,Zoe,MIDDLE,1,1.0
Neeko,Zoe,SUPPORT,1,1.0
Nidalee,Aatrox,JUNGLE,2,0.5
Nidalee,Aatrox,TOP,1,1.0
Nidalee,Ahri,MIDDLE,1,0.0
Nidalee,Akali,TOP,1,0.0
Nidalee,Alistar,SUPPORT,1,1.0
Nidalee,Ambessa,JUNGLE,10,0.5
Nidalee,Anivia,SUPPORT,1,0.0
Nidalee,Bard,SUPPORT,2,0.5
Nidalee,Belveth,JUNGLE,3,0.3333333333333333
Nidalee,Blitzcrank,SUPPORT,1,0.0
Nidalee,Braum,SUPPORT,1,1.0
Nidalee,Camille,JUNGLE,1,0.0
Nidalee,Camille,TOP,1,1.0
Nidalee,Diana,JUNGLE,6,0.6666666666666666
Nidalee,Ekko,JUNGLE,2,1.0
Nidalee,Ekko,MIDDLE,1,0.0
Nidalee,Elise,JUNGLE,10,0.4
Nidalee,Evelynn,JUNGLE,1,0.0
Nidalee,FiddleSticks,JUNGLE,7,0.7142857142857143
Nidalee,Fizz,JUNGLE,1,1.0
Nidalee,Galio,MIDDLE,1,0.0
Nidalee,Gragas,JUNGLE,1,1.0
Nidalee,Graves,JUNGLE,19,0.5263157894736842
Nidalee,Gwen,JUNGLE,1,1.0
Nidalee,Hecarim,JUNGLE,10,0.4
Nidalee,Irelia,TOP,1,0.0
Nidalee,Ivern,JUNGLE,3,1.0
Nidalee,Janna,SUPPORT,3,0.3333333333333333
Nidalee,JarvanIV,JUNGLE,12,0.5
Nidalee,Jax,TOP,1,1.0
Nidalee,Jayce,JUNGLE,7,0.5714285714285714
Nidalee,Jayce,TOP,1,1.0
Nidalee,Jhin,BOTTOM,1,0.0
Nidalee,Karma,SUPPORT,4,0.0
Nidalee,Karthus,JUNGLE,1,1.0
Nidalee,Kayn,JUNGLE,3,1.0
Nidalee,Kennen,TOP,1,1.0
Nidalee,Khazix,JUNGLE,9,0.4444444444444444
Nidalee,Kindred,JUNGLE,5,0.4
Nidalee,Leblanc,SUPPORT,1,1.0
Nidalee,LeeSin,JUNGLE,27,0.5185185185185185
Nidalee,Leona,SUPPORT,2,0.5
Nidalee,Lillia,JUNGLE,10,0.6
Nidalee,Lissandra,TOP,1,0.0
Nidalee,Lulu,SUPPORT,6,0.5
Nidalee,MasterYi,JUNGLE,4,1.0
Nidalee,Milio,SUPPORT,2,0.5
Nidalee,MonkeyKing,JUNGLE,3,0.3333333333333333
Nidalee,Naafiri,JUNGLE,24,0.5833333333333334
Nidalee,Nami,SUPPORT,5,0.6
Nidalee,Nautilus,SUPPORT,5,0.4
Nidalee,Nocturne,JUNGLE,1,0.0
Nidalee,Nunu,JUNGLE,1,0.0
Nidalee,Olaf,JUNGLE,2,1.0
Nidalee,Orianna,MIDDLE,1,0.0
Nidalee,Ornn,JUNGLE,1,0.0
Nidalee,Pantheon,JUNGLE,5,0.6
Nidalee,Poppy,JUNGLE,1,0.0
Nidalee,Poppy,SUPPORT,1,0.0
Nidalee,Qiyana,JUNGLE,19,0.5789473684210527
Nidalee,Qiyana,SUPPORT,1,1.0
Nidalee,Rammus,JUNGLE,2,1.0
Nidalee,RekSai,JUNGLE,6,0.5
Nidalee,Renekton,TOP,3,1.0
Nidalee,Rengar,JUNGLE,6,0.6666666666666666
Nidalee,Riven,TOP,1,0.0
Nidalee,Shaco,JUNGLE,5,0.2
Nidalee,Shyvana,JUNGLE,1,0.0
Nidalee,Sivir,BOTTOM,1,1.0
Nidalee,Sona,SUPPORT,3,0.6666666666666666
Nidalee,Soraka,SUPPORT,1,1.0
Nidalee,Sylas,JUNGLE,1,0.0
Nidalee,Syndra,MIDDLE,1,1.0
Nidalee,Taliyah,JUNGLE,4,0.5
Nidalee,Talon,JUNGLE,16,0.5625
Nidalee,Vayne,TOP,2,1.0
Nidalee,Vi,JUNGLE,5,0.2
Nidalee,Viego,JUNGLE,11,0.7272727272727273
Nidalee,Viktor,MIDDLE,1,0.0
Nidalee,XinZhao,JUNGLE,6,0.3333333333333333
Nidalee,Yasuo,TOP,1,0.0
Nidalee,Yone,TOP,1,1.0
Nidalee,Yuumi,SUPPORT,2,0.5
Nidalee,Zaahen,JUNGLE,1,0.0
Nidalee,Zeri,JUNGLE,1,1.0
Nidalee,Zeri,TOP,1,1.0
Nidalee,Zyra,JUNGLE,6,0.6666666666666666
Nilah,Ashe,BOTTOM,1,0.0
Nilah,Brand,BOTTOM,2,0.5
Nilah,Corki,BOTTOM,1,0.0
Nilah,Ezreal,BOTTOM,1,0.0
Nilah,Hwei,BOTTOM,1,0.0
Nilah,Irelia,BOTTOM,1,1.0
Nilah,Jhin,BOTTOM,2,0.0
Nilah,Kaisa,BOTTOM,3,0.6666666666666666
Nilah,KogMaw,BOTTOM,2,0.0
Nilah,Lucian,BOTTOM,2,0.0
Nilah,Samira,BOTTOM,2,0.5
Nilah,Singed,BOTTOM,1,1.0
Nilah,Sivir,BOTTOM,1,1.0
Nilah,Sylas,BOTTOM,1,1.0
Nilah,Tristana,BOTTOM,3,0.6666666666666666
Nilah,Velkoz,BOTTOM,1,0.0
Nilah,Vex,BOTTOM,1,1.0
Nilah,Yasuo,BOTTOM,2,0.5
Nilah,Yunara,BOTTOM,3,1.0
Nocturne,Aatrox,JUNGLE,6,0.3333333333333333
Nocturne,Ambessa,JUNGLE,7,0.5714285714285714
Nocturne,Ambessa,TOP,1,0.0
Nocturne,Belveth,JUNGLE,1,0.0
Nocturne,Brand,JUNGLE,1,0.0
Nocturne,Briar,JUNGLE,1,0.0
Nocturne,Diana,JUNGLE,2,1.0
Nocturne,DrMundo,JUNGLE,6,0.16666666666666666
Nocturne,Ekko,JUNGLE,6,0.5
Nocturne,Elise,JUNGLE,1,1.0
Nocturne,Evelynn,JUNGLE,6,0.6666666666666666
Nocturne,FiddleSticks,JUNGLE,1,1.0
Nocturne,Fizz,JUNGLE,1,0.0
Nocturne,Gragas,JUNGLE,1,0.0
Nocturne,Graves,JUNGLE,10,0.6
Nocturne,Hecarim,JUNGLE,2,0.5
Nocturne,Ivern,JUNGLE,1,1.0
Nocturne,JarvanIV,JUNGLE,19,0.5263157894736842
Nocturne,Jayce,JUNGLE,1,0.0
Nocturne,Jayce,TOP,1,1.0
Nocturne,KSante,TOP,1,0.0
Nocturne,Karthus,JUNGLE,4,0.75
Nocturne,Kayn,JUNGLE,5,0.6
Nocturne,Khazix,JUNGLE,8,0.5
Nocturne,Kindred,JUNGLE,5,0.2
Nocturne,LeeSin,JUNGLE,13,0.6153846153846154
Nocturne,Lillia,JUNGLE,1,0.0
Nocturne,MasterYi,JUNGLE,1,1.0
Nocturne,MonkeyKing,JUNGLE,5,0.4
Nocturne,Naafiri,JUNGLE,15,0.5333333333333333
Nocturne,Nidalee,JUNGLE,1,1.0
Nocturne,Nunu,JUNGLE,1,0.0
Nocturne,Pantheon,JUNGLE,12,0.4166666666666667
Nocturne,Qiyana,JUNGLE,3,0.0
Nocturne,RekSai,JUNGLE,1,1.0
Nocturne,Renekton,TOP,1,1.0
Nocturne,Rengar,JUNGLE,8,0.625
Nocturne,Ryze,MIDDLE,1,0.0
Nocturne,Sejuani,JUNGLE,1,1.0
Nocturne,Shaco,JUNGLE,3,0.6666666666666666
Nocturne,Shyvana,JUNGLE,3,1.0
Nocturne,Skarner,JUNGLE,4,0.5
Nocturne,Sylas,JUNGLE,8,0.625
Nocturne,Taliyah,JUNGLE,3,0.3333333333333333
Nocturne,Talon,JUNGLE,6,0.5
Nocturne,Trundle,JUNGLE,1,0.0
Nocturne,Udyr,JUNGLE,2,1.0
Nocturne,Vayne,JUNGLE,1,0.0
Nocturne,Vi,JUNGLE,14,0.5
Nocturne,Viego,JUNGLE,7,0.5714285714285714
Nocturne,XinZhao,JUNGLE,5,0.2
Nocturne,Zaahen,JUNGLE,6,0.3333333333333333
Nocturne,Zyra,JUNGLE,3,0.6666666666666666
Nunu,Aatrox,JUNGLE,4,0.5
Nunu,Ahri,MIDDLE,1,0.0
Nunu,Ambessa,JUNGLE,4,0.75
Nunu,Aphelios,MIDDLE,1,0.0
Nunu,Azir,MIDDLE,1,1.0
Nunu,Brand,JUNGLE,1,1.0
Nunu,Briar,JUNGLE,1,0.0
Nunu,Chogath,JUNGLE,1,0.0
Nunu,Diana,MIDDLE,1,0.0
Nunu,DrMundo,JUNGLE,2,0.5
Nunu,Ekko,JUNGLE,3,0.3333333333333333
Nunu,Elise,JUNGLE,1,0.0
Nunu,Graves,JUNGLE,3,1.0
Nunu,Gwen,JUNGLE,1,0.0
Nunu,Hecarim,JUNGLE,2,1.0
Nunu,Hwei,MIDDLE,1,0.0
Nunu,Ivern,JUNGLE,1,1.0
Nunu,JarvanIV,JUNGLE,12,0.4166666666666667
Nunu,Jayce,JUNGLE,4,0.75
Nunu,Jhin,MIDDLE,1,1.0
Nunu,Karthus,JUNGLE,2,0.5
Nunu,Kayn,JUNGLE,1,0.0
Nunu,Khazix,JUNGLE,2,0.5
Nunu,Kindred,JUNGLE,1,1.0
Nunu,LeeSin,JUNGLE,8,0.5
Nunu,Lillia,JUNGLE,3,0.6666666666666666
Nunu,Naafiri,JUNGLE,2,0.5
Nunu,Nasus,JUNGLE,1,0.0
Nunu,Nidalee,JUNGLE,1,1.0
Nunu,Nocturne,JUNGLE,1,1.0
Nunu,Pantheon,JUNGLE,2,0.5
Nunu,Qiyana,JUNGLE,1,1.0
Nunu,Rammus,JUNGLE,1,0.0
Nunu,RekSai,JUNGLE,1,1.0
Nunu,Rengar,JUNGLE,6,0.8333333333333334
Nunu,Riven,JUNGLE,1,1.0
Nunu,Sejuani,JUNGLE,1,0.0
Nunu,Sett,JUNGLE,1,0.0
Nunu,Shaco,JUNGLE,1,1.0
Nunu,Shyvana,JUNGLE,2,1.0
Nunu,Sylas,JUNGLE,4,0.5
Nunu,Sylas,MIDDLE,2,0.0
Nunu,Syndra,MIDDLE,2,0.5
Nunu,Talon,JUNGLE,2,0.0
Nunu,Trundle,JUNGLE,1,0.0
Nunu,Udyr,JUNGLE,2,0.5
Nunu,Vayne,JUNGLE,1,1.0
Nunu,Veigar,MIDDLE,1,1.0
Nunu,Vi,JUNGLE,4,0.5
Nunu,Viego,JUNGLE,2,0.5
Nunu,Yone,MIDDLE,2,1.0
Nunu,Zaahen,JUNGLE,2,0.5
Nunu,Zed,MIDDLE,2,0.0
Nunu,Zyra,JUNGLE,1,1.0
Olaf,Aatrox,TOP,5,0.8
Olaf,Akali,MIDDLE,1,0.0
Olaf,Akali,TOP,1,1.0
Olaf,Akshan,TOP,1,1.0
Olaf,Ambessa,JUNGLE,1,0.0
Olaf,Ambessa,TOP,4,0.75
Olaf,Azir,TOP,1,1.0
Olaf,Briar,JUNGLE,1,0.0
Olaf,Camille,TOP,12,0.5
Olaf,Chogath,TOP,1,1.0
Olaf,Corki,TOP,2,1.0
Olaf,Darius,TOP,1,0.0
Olaf,DrMundo,TOP,3,0.3333333333333333
Olaf,Draven,TOP,1,1.0
Olaf,Elise,JUNGLE,2,0.5
Olaf,Evelynn,JUNGLE,1,0.0
Olaf,FiddleSticks,JUNGLE,2,0.5
Olaf,Fiora,TOP,2,0.5
Olaf,Gangplank,TOP,4,0.0
Olaf,Garen,BOTTOM,1,0.0
Olaf,Garen,TOP,3,0.6666666666666666
Olaf,Gnar,TOP,7,0.5714285714285714
Olaf,Gragas,TOP,3,0.3333333333333333
Olaf,Graves,JUNGLE,1,0.0
Olaf,Gwen,TOP,2,0.0
Olaf,Illaoi,TOP,2,0.5
Olaf,Irelia,TOP,3,1.0
Olaf,JarvanIV,JUNGLE,1,0.0
Olaf,Jax,JUNGLE,2,1.0
Olaf,Jax,TOP,8,0.375
Olaf,Jayce,JUNGLE,1,0.0
Olaf,Jayce,TOP,22,0.6363636363636364
Olaf,KSante,TOP,8,0.375
Olaf,Kalista,TOP,1,1.0
Olaf,Karma,TOP,1,1.0
Olaf,Karthus,TOP,1,1.0
Olaf,Kennen,TOP,1,1.0
Olaf,Khazix,JUNGLE,1,0.0
Olaf,Kindred,JUNGLE,1,1.0
Olaf,Kled,TOP,5,0.6
Olaf,Lissandra,TOP,2,0.0
Olaf,Locke,TOP,1,0.0
Olaf,Malphite,TOP,3,0.3333333333333333
Olaf,MasterYi,JUNGLE,1,1.0
Olaf,Mel,BOTTOM,1,1.0
Olaf,MonkeyKing,JUNGLE,1,0.0
Olaf,Mordekaiser,TOP,1,0.0
Olaf,Naafiri,JUNGLE,1,1.0
Olaf,Neeko,TOP,1,1.0
Olaf,Nidalee,JUNGLE,2,0.0
Olaf,Ornn,TOP,3,0.3333333333333333
Olaf,Pantheon,JUNGLE,3,1.0
Olaf,Pantheon,TOP,6,0.8333333333333334
Olaf,Poppy,TOP,1,0.0
Olaf,Qiyana,JUNGLE,1,1.0
Olaf,RekSai,JUNGLE,1,1.0
Olaf,Renekton,TOP,5,0.6
Olaf,Rengar,TOP,1,0.0
Olaf,Riven,TOP,3,0.6666666666666666
Olaf,Rumble,TOP,3,1.0
Olaf,Sett,TOP,3,1.0
Olaf,Shen,TOP,2,0.0
Olaf,Sion,TOP,2,0.0
Olaf,Soraka,TOP,1,1.0
Olaf,Sylas,MIDDLE,1,0.0
Olaf,Sylas,TOP,1,1.0
Olaf,Taliyah,JUNGLE,1,1.0
Olaf,Talon,JUNGLE,1,0.0
Olaf,Teemo,TOP,4,0.25
Olaf,Trundle,TOP,1,0.0
Olaf,Tryndamere,TOP,5,0.4
Olaf,Udyr,TOP,2,1.0
Olaf,Urgot,TOP,2,0.5
Olaf,Varus,TOP,8,0.25
Olaf,Vayne,TOP,7,0.5714285714285714
Olaf,Vi,TOP,1,0.0
Olaf,Viego,JUNGLE,1,0.0
Olaf,Viktor,BOTTOM,1,1.0
Olaf,Vladimir,TOP,1,0.0
Olaf,Volibear,TOP,4,0.25
Olaf,XinZhao,JUNGLE,2,0.0
Olaf,Yone,BOTTOM,1,0.0
Olaf,Yorick,TOP,2,1.0
Olaf,Zac,TOP,1,0.0
Olaf,Zoe,TOP,1,0.0
Orianna,Aatrox,MIDDLE,1,1.0
Orianna,Ahri,MIDDLE,18,0.5555555555555556
Orianna,Akali,MIDDLE,28,0.39285714285714285
Orianna,Akshan,MIDDLE,1,0.0
Orianna,Ambessa,MIDDLE,1,1.0
Orianna,Anivia,MIDDLE,4,0.5
Orianna,Annie,MIDDLE,7,0.5714285714285714
Orianna,AurelionSol,MIDDLE,7,0.8571428571428571
Orianna,Aurora,BOTTOM,1,1.0
Orianna,Aurora,MIDDLE,15,0.4666666666666667
Orianna,Azir,MIDDLE,16,0.8125
Orianna,Cassiopeia,MIDDLE,4,0.75
Orianna,Corki,MIDDLE,2,1.0
Orianna,DrMundo,MIDDLE,1,1.0
Orianna,Ekko,MIDDLE,11,0.2727272727272727
Orianna,Fiora,MIDDLE,1,1.0
Orianna,Fizz,MIDDLE,7,0.8571428571428571
Orianna,Galio,MIDDLE,13,0.46153846153846156
Orianna,Gragas,MIDDLE,1,0.0
Orianna,Hwei,MIDDLE,6,0.0
Orianna,Illaoi,MIDDLE,1,0.0
Orianna,Jayce,MIDDLE,2,0.5
Orianna,Jayce,TOP,2,0.5
Orianna,KSante,MIDDLE,2,0.5
Orianna,Katarina,MIDDLE,6,0.5
Orianna,Kayle,MIDDLE,2,0.5
Orianna,KogMaw,MIDDLE,1,0.0
Orianna,Leblanc,MIDDLE,9,0.4444444444444444
Orianna,Lissandra,MIDDLE,3,0.3333333333333333
Orianna,Locke,MIDDLE,5,0.2
Orianna,Lux,MIDDLE,2,1.0
Orianna,Malphite,TOP,1,0.0
Orianna,Naafiri,MIDDLE,2,1.0
Orianna,Nasus,MIDDLE,1,0.0
Orianna,Neeko,MIDDLE,3,0.0
Orianna,Neeko,SUPPORT,1,0.0
Orianna,Nidalee,MIDDLE,1,1.0
Orianna,Pantheon,MIDDLE,3,0.3333333333333333
Orianna,Pantheon,SUPPORT,1,1.0
Orianna,Pantheon,TOP,1,1.0
Orianna,Qiyana,MIDDLE,4,0.0
Orianna,Riven,MIDDLE,3,1.0
Orianna,Rumble,TOP,1,1.0
Orianna,Ryze,MIDDLE,38,0.5789473684210527
Orianna,Singed,MIDDLE,1,1.0
Orianna,Singed,TOP,1,0.0
Orianna,Sion,MIDDLE,3,0.3333333333333333
Orianna,Smolder,MIDDLE,1,1.0
Orianna,Swain,MIDDLE,1,1.0
Orianna,Sylas,MIDDLE,13,0.46153846153846156
Orianna,Sylas,TOP,1,0.0
Orianna,Syndra,MIDDLE,10,0.6
Orianna,Taliyah,MIDDLE,11,0.6363636363636364
Orianna,Talon,MIDDLE,4,0.5
Orianna,Tristana,MIDDLE,1,0.0
Orianna,Tryndamere,MIDDLE,1,0.0
Orianna,TwistedFate,MIDDLE,12,0.5
Orianna,Vayne,MIDDLE,1,0.0
Orianna,Veigar,MIDDLE,2,0.5
Orianna,Velkoz,MIDDLE,1,1.0
Orianna,Vex,MIDDLE,3,0.3333333333333333
Orianna,Viego,MIDDLE,1,1.0
Orianna,Viktor,MIDDLE,10,0.6
Orianna,Vladimir,MIDDLE,5,0.6
Orianna,Xerath,MIDDLE,5,0.4
Orianna,XinZhao,MIDDLE,1,1.0
Orianna,Yasuo,MIDDLE,6,0.3333333333333333
Orianna,Yone,MIDDLE,11,0.2727272727272727
Orianna,Yorick,MIDDLE,1,1.0
Orianna,Zed,BOTTOM,1,0.0
Orianna,Zed,MIDDLE,3,0.6666666666666666
Orianna,Ziggs,MIDDLE,2,0.0
Orianna,Zilean,MIDDLE,1,0.0
Orianna,Zoe,MIDDLE,8,0.75
Ornn,Aatrox,TOP,7,0.7142857142857143
Ornn,Ahri,MIDDLE,1,0.0
Ornn,Akali,TOP,2,0.0
Ornn,Ambessa,TOP,3,1.0
Ornn,Aurora,TOP,4,0.25
Ornn,Azir,TOP,1,0.0
Ornn,Camille,TOP,4,0.25
Ornn,Chogath,TOP,1,0.0
Ornn,Corki,TOP,1,0.0
Ornn,Darius,TOP,1,0.0
Ornn,DrMundo,TOP,1,0.0
Ornn,Fiora,TOP,3,0.3333333333333333
Ornn,Gangplank,TOP,3,1.0
Ornn,Garen,TOP,2,0.5
Ornn,Gnar,TOP,7,0.8571428571428571
Ornn,Gragas,TOP,3,0.3333333333333333
Ornn,Gwen,TOP,5,0.8
Ornn,Irelia,TOP,2,1.0
Ornn,JarvanIV,TOP,1,1.0
Ornn,Jax,TOP,3,0.3333333333333333
Ornn,Jayce,TOP,3,1.0
Ornn,KSante,TOP,5,0.4
Ornn,Kaisa,TOP,1,1.0
Ornn,Katarina,TOP,2,0.5
Ornn,Kennen,TOP,3,0.6666666666666666
Ornn,Kled,TOP,2,1.0
Ornn,Malphite,TOP,3,0.3333333333333333
Ornn,Mordekaiser,TOP,1,1.0
Ornn,Nami,SUPPORT,1,1.0
Ornn,Nasus,TOP,2,0.5
Ornn,Nidalee,JUNGLE,1,1.0
Ornn,Olaf,TOP,3,0.6666666666666666
Ornn,Pantheon,TOP,2,0.5
Ornn,Poppy,TOP,1,1.0
Ornn,Quinn,TOP,2,0.5
Ornn,Rell,TOP,1,1.0
Ornn,Renekton,TOP,3,0.3333333333333333
Ornn,Riven,TOP,2,0.5
Ornn,Rumble,TOP,7,0.8571428571428571
Ornn,Ryze,TOP,1,0.0
Ornn,Sett,TOP,2,0.5
Ornn,Shen,TOP,1,1.0
Ornn,Singed,TOP,2,1.0
Ornn,Sion,TOP,5,0.4
Ornn,Smolder,MIDDLE,1,0.0
Ornn,Sona,SUPPORT,1,0.0
Ornn,Sylas,MIDDLE,2,1.0
Ornn,Sylas,TOP,4,0.5
Ornn,Teemo,TOP,5,0.8
Ornn,Tristana,TOP,1,1.0
Ornn,Tryndamere,TOP,2,0.5
Ornn,Varus,TOP,3,0.3333333333333333
Ornn,Vayne,MIDDLE,1,1.0
Ornn,Vayne,TOP,3,1.0
Ornn,Viktor,MIDDLE,1,1.0
Ornn,Vladimir,TOP,1,0.0
Ornn,Volibear,TOP,1,0.0
Ornn,Xayah,BOTTOM,1,0.0
Ornn,Xerath,TOP,1,1.0
Ornn,Yasuo,TOP,2,1.0
Ornn,Yone,TOP,3,0.3333333333333333
Ornn,Zaahen,TOP,3,0.6666666666666666
Ornn,Zed,MIDDLE,1,1.0
Ornn,Ziggs,MIDDLE,1,0.0
Pantheon,Aatrox,JUNGLE,7,0.42857142857142855
Pantheon,Aatrox,TOP,3,0.0
Pantheon,Ahri,MIDDLE,2,0.5
Pantheon,Akali,TOP,1,0.0
Pantheon,Akshan,BOTTOM,1,0.0
Pantheon,Alistar,SUPPORT,9,0.6666666666666666
Pantheon,Ambessa,JUNGLE,14,0.7857142857142857
Pantheon,Ambessa,TOP,3,0.0
Pantheon,Anivia,MIDDLE,2,0.5
Pantheon,Anivia,SUPPORT,3,1.0
Pantheon,Anivia,TOP,3,1.0
Pantheon,Annie,MIDDLE,1,0.0
Pantheon,Aphelios,BOTTOM,1,1.0
Pantheon,AurelionSol,MIDDLE,1,1.0
Pantheon,Aurora,MIDDLE,1,1.0
Pantheon,Aurora,TOP,1,1.0
Pantheon,Azir,MIDDLE,1,0.0
Pantheon,Bard,SUPPORT,8,0.625
Pantheon,Belveth,JUNGLE,1,0.0
Pantheon,Blitzcrank,SUPPORT,1,0.0
Pantheon,Brand,SUPPORT,1,1.0
Pantheon,Braum,SUPPORT,4,0.75
Pantheon,Camille,TOP,5,0.6
Pantheon,Chogath,JUNGLE,1,0.0
Pantheon,Chogath,SUPPORT,1,1.0
Pantheon,Chogath,TOP,2,1.0
Pantheon,Corki,TOP,2,0.5
Pantheon,Darius,TOP,2,0.5
Pantheon,DrMundo,JUNGLE,7,0.7142857142857143
Pantheon,DrMundo,TOP,3,0.3333333333333333
Pantheon,Ekko,JUNGLE,1,0.0
Pantheon,Ekko,MIDDLE,2,0.5
Pantheon,Ekko,SUPPORT,1,0.0
Pantheon,Elise,JUNGLE,4,0.5
Pantheon,Elise,SUPPORT,4,0.5
Pantheon,Ezreal,BOTTOM,1,1.0
Pantheon,FiddleSticks,JUNGLE,2,0.0
Pantheon,FiddleSticks,SUPPORT,2,0.5
Pantheon,Fiora,TOP,5,0.8
Pantheon,Gangplank,TOP,3,0.3333333333333333
Pantheon,Garen,TOP,2,0.5
Pantheon,Gnar,TOP,5,0.4
Pantheon,Gragas,JUNGLE,1,1.0
Pantheon,Gragas,TOP,1,1.0
Pantheon,Graves,JUNGLE,5,0.6
Pantheon,Gwen,TOP,1,1.0
Pantheon,Hecarim,JUNGLE,6,0.3333333333333333
Pantheon,Irelia,TOP,5,0.4
Pantheon,Janna,SUPPORT,3,1.0
Pantheon,JarvanIV,JUNGLE,27,0.4074074074074074
Pantheon,Jax,TOP,4,0.75
Pantheon,Jayce,JUNGLE,3,1.0
Pantheon,Jayce,TOP,13,0.6153846153846154
Pantheon,Jhin,BOTTOM,2,1.0
Pantheon,KSante,TOP,6,0.5
Pantheon,Kaisa,BOTTOM,1,1.0
Pantheon,Kaisa,TOP,1,1.0
Pantheon,Karma,SUPPORT,16,0.6875
Pantheon,Karthus,JUNGLE,2,0.0
Pantheon,Karthus,TOP,1,1.0
Pantheon,Kassadin,MIDDLE,2,0.5
Pantheon,Katarina,MIDDLE,1,1.0
Pantheon,Kayle,MIDDLE,1,1.0
Pantheon,Kayle,TOP,1,0.0
Pantheon,Kennen,TOP,1,1.0
Pantheon,Khazix,JUNGLE,4,0.5
Pantheon,Kindred,JUNGLE,1,0.0
Pantheon,Kled,TOP,2,0.5
Pantheon,Leblanc,MIDDLE,1,1.0
Pantheon,Leblanc,SUPPORT,3,0.3333333333333333
Pantheon,LeeSin,JUNGLE,33,0.6060606060606061
Pantheon,Leona,SUPPORT,3,0.3333333333333333
Pantheon,Lillia,JUNGLE,3,0.6666666666666666
Pantheon,Lissandra,MIDDLE,1,1.0
Pantheon,Locke,MIDDLE,1,0.0
Pantheon,Lucian,BOTTOM,1,0.0
Pantheon,Lucian,MIDDLE,1,0.0
Pantheon,Lucian,TOP,1,1.0
Pantheon,Lulu,SUPPORT,10,0.3
Pantheon,Lux,BOTTOM,1,0.0
Pantheon,Lux,SUPPORT,3,0.3333333333333333
Pantheon,Malphite,TOP,6,0.3333333333333333
Pantheon,Maokai,JUNGLE,1,1.0
Pantheon,MasterYi,JUNGLE,6,0.3333333333333333
Pantheon,Milio,SUPPORT,1,1.0
Pantheon,MonkeyKing,JUNGLE,5,0.4
Pantheon,Naafiri,JUNGLE,9,0.2222222222222222
Pantheon,Naafiri,TOP,2,1.0
Pantheon,Nami,SUPPORT,5,0.2
Pantheon,Nasus,MIDDLE,2,1.0
Pantheon,Nautilus,SUPPORT,8,0.625
Pantheon,Neeko,SUPPORT,3,0.0
Pantheon,Nidalee,JUNGLE,5,0.4
Pantheon,Nocturne,JUNGLE,12,0.5833333333333334
Pantheon,Nunu,JUNGLE,2,0.5
Pantheon,Olaf,JUNGLE,3,0.0
Pantheon,Olaf,TOP,6,0.16666666666666666
Pantheon,Orianna,MIDDLE,3,0.6666666666666666
Pantheon,Orianna,SUPPORT,1,0.0
Pantheon,Orianna,TOP,1,0.0
Pantheon,Ornn,TOP,2,0.5
Pantheon,Poppy,JUNGLE,2,0.0
Pantheon,Poppy,SUPPORT,6,0.5
Pantheon,Pyke,SUPPORT,6,0.3333333333333333
Pantheon,Qiyana,JUNGLE,2,1.0
Pantheon,Quinn,JUNGLE,1,1.0
Pantheon,Quinn,SUPPORT,1,0.0
Pantheon,Quinn,TOP,1,1.0
Pantheon,Rakan,SUPPORT,6,0.5
Pantheon,RekSai,JUNGLE,2,0.5
Pantheon,Rell,SUPPORT,2,1.0
Pantheon,Renata,SUPPORT,3,0.0
Pantheon,Renekton,TOP,3,0.6666666666666666
Pantheon,Rengar,JUNGLE,4,0.25
Pantheon,Rengar,SUPPORT,1,1.0
Pantheon,Rengar,TOP,1,1.0
Pantheon,Riven,MIDDLE,1,1.0
Pantheon,Riven,TOP,1,1.0
Pantheon,Rumble,TOP,3,0.6666666666666666
Pantheon,Ryze,MIDDLE,1,1.0
Pantheon,Senna,SUPPORT,4,0.5
Pantheon,Seraphine,SUPPORT,1,0.0
Pantheon,Sett,TOP,1,0.0
Pantheon,Shaco,JUNGLE,2,0.5
Pantheon,Shen,TOP,3,0.6666666666666666
Pantheon,Sion,TOP,2,0.5
Pantheon,Skarner,JUNGLE,9,0.4444444444444444
Pantheon,Skarner,SUPPORT,2,0.5
Pantheon,Sona,SUPPORT,3,0.3333333333333333
Pantheon,Soraka,SUPPORT,6,0.5
Pantheon,Swain,TOP,1,1.0
Pantheon,Sylas,JUNGLE,4,0.25
Pantheon,Sylas,MIDDLE,2,1.0
Pantheon,Sylas,SUPPORT,2,1.0
Pantheon,Sylas,TOP,1,1.0
Pantheon,Syndra,MIDDLE,1,1.0
Pantheon,Taliyah,JUNGLE,5,0.6
Pantheon,Talon,JUNGLE,6,0.5
Pantheon,Taric,SUPPORT,3,0.0
Pantheon,Teemo,TOP,2,0.5
Pantheon,Thresh,SUPPORT,1,0.0
Pantheon,Tryndamere,TOP,2,1.0
Pantheon,TwistedFate,MIDDLE,1,0.0
Pantheon,TwistedFate,TOP,1,1.0
Pantheon,Udyr,TOP,1,0.0
Pantheon,Vayne,TOP,3,0.6666666666666666
Pantheon,Vi,JUNGLE,11,0.36363636363636365
Pantheon,Viego,JUNGLE,6,0.6666666666666666
Pantheon,Viktor,MIDDLE,1,0.0
Pantheon,Viktor,TOP,1,0.0
Pantheon,Vladimir,MIDDLE,1,0.0
Pantheon,Vladimir,TOP,2,0.5
Pantheon,Warwick,JUNGLE,1,0.0
Pantheon,Warwick,TOP,1,1.0
Pantheon,Xayah,BOTTOM,1,1.0
Pantheon,XinZhao,JUNGLE,14,0.5
Pantheon,XinZhao,TOP,1,1.0
Pantheon,Yasuo,MIDDLE,2,0.5
Pantheon,Yasuo,TOP,4,0.0
Pantheon,Yone,MIDDLE,5,0.4
Pantheon,Yone,TOP,7,0.42857142857142855
Pantheon,Yorick,TOP,2,0.0
Pantheon,Yunara,BOTTOM,1,1.0
Pantheon,Zaahen,TOP,1,0.0
Pantheon,Zac,JUNGLE,2,0.5
Pantheon,Zac,MIDDLE,1,0.0
Pantheon,Zed,JUNGLE,1,1.0
Pantheon,Zed,MIDDLE,1,0.0
Pantheon,Zoe,SUPPORT,2,0.0
Pantheon,Zyra,JUNGLE,1,1.0
Poppy,Aatrox,TOP,2,1.0
Poppy,Alistar,SUPPORT,25,0.48
Poppy,Ambessa,JUNGLE,4,0.25
Poppy,Ambessa,MIDDLE,1,1.0
Poppy,Ambessa,TOP,7,1.0
Poppy,Amumu,SUPPORT,1,1.0
Poppy,Anivia,SUPPORT,2,0.5
Poppy,Bard,SUPPORT,8,0.5
Poppy,Belveth,JUNGLE,1,0.0
Poppy,Blitzcrank,SUPPORT,2,0.0
Poppy,Braum,SUPPORT,1,1.0
Poppy,Camille,SUPPORT,3,0.6666666666666666
Poppy,Darius,SUPPORT,1,1.0
Poppy,Darius,TOP,2,1.0
Poppy,Evelynn,JUNGLE,1,1.0
Poppy,Ezreal,TOP,1,1.0
Poppy,Fiora,TOP,1,1.0
Poppy,Gangplank,TOP,2,0.5
Poppy,Garen,TOP,1,0.0
Poppy,Gnar,TOP,1,0.0
Poppy,Gragas,MIDDLE,1,1.0
Poppy,Gragas,TOP,1,0.0
Poppy,Hwei,SUPPORT,1,1.0
Poppy,Janna,SUPPORT,2,0.5
Poppy,JarvanIV,JUNGLE,1,0.0
Poppy,Jax,SUPPORT,1,0.0
Poppy,Jax,TOP,5,0.6
Poppy,Jayce,TOP,5,0.2
Poppy,KSante,TOP,1,1.0
Poppy,Karma,SUPPORT,3,0.3333333333333333
Poppy,Kayle,TOP,2,0.0
Poppy,Kayn,JUNGLE,1,0.0
Poppy,Kindred,JUNGLE,1,0.0
Poppy,Kled,TOP,1,1.0
Poppy,Leblanc,SUPPORT,1,0.0
Poppy,Leblanc,TOP,1,0.0
Poppy,LeeSin,JUNGLE,5,0.8
Poppy,Leona,SUPPORT,4,0.25
Poppy,Lissandra,SUPPORT,1,0.0
Poppy,Lulu,SUPPORT,4,0.25
Poppy,Malphite,TOP,1,1.0
Poppy,Maokai,SUPPORT,1,1.0
Poppy,Naafiri,JUNGLE,1,0.0
Poppy,Nami,SUPPORT,4,0.5
Poppy,Nautilus,SUPPORT,4,0.75
Poppy,Neeko,SUPPORT,3,0.3333333333333333
Poppy,Nidalee,JUNGLE,1,1.0
Poppy,Nidalee,SUPPORT,1,1.0
Poppy,Olaf,TOP,1,1.0
Poppy,Ornn,TOP,1,0.0
Poppy,Pantheon,JUNGLE,2,1.0
Poppy,Pantheon,SUPPORT,6,0.5
Poppy,Pyke,SUPPORT,8,0.625
Poppy,Rakan,SUPPORT,7,1.0
Poppy,Rell,SUPPORT,22,0.5454545454545454
Poppy,Renata,SUPPORT,9,0.6666666666666666
Poppy,Renekton,TOP,2,0.5
Poppy,Riven,TOP,1,1.0
Poppy,Rumble,TOP,1,1.0
Poppy,Ryze,TOP,1,0.0
Poppy,Senna,SUPPORT,1,1.0
Poppy,Seraphine,SUPPORT,4,0.5
Poppy,Sett,TOP,1,0.0
Poppy,Singed,TOP,1,0.0
Poppy,Skarner,TOP,1,0.0
Poppy,Sona,SUPPORT,2,1.0
Poppy,Soraka,SUPPORT,2,0.5
Poppy,Swain,SUPPORT,1,1.0
Poppy,Sylas,JUNGLE,1,1.0
Poppy,Sylas,SUPPORT,1,1.0
Poppy,Sylas,TOP,1,0.0
Poppy,Syndra,MIDDLE,1,1.0
Poppy,Talon,JUNGLE,1,0.0
Poppy,Taric,SUPPORT,1,0.0
Poppy,Thresh,SUPPORT,4,0.75
Poppy,Varus,TOP,1,1.0
Poppy,Vi,JUNGLE,2,0.0
Poppy,Viktor,MIDDLE,1,0.0
Poppy,Vladimir,TOP,2,0.5
Poppy,Warwick,TOP,1,1.0
Poppy,XinZhao,JUNGLE,1,1.0
Poppy,XinZhao,TOP,1,0.0
Poppy,Yorick,TOP,2,1.0
Poppy,Yuumi,SUPPORT,2,0.5
Poppy,Zaahen,TOP,1,0.0
Poppy,Zyra,JUNGLE,2,0.5
Pyke,Alistar,SUPPORT,14,0.6428571428571429
Pyke,Anivia,SUPPORT,14,0.5714285714285714
Pyke,Aurora,MIDDLE,3,0.6666666666666666
Pyke,Bard,SUPPORT,46,0.41304347826086957
Pyke,Blitzcrank,SUPPORT,2,1.0
Pyke,Brand,SUPPORT,1,1.0
Pyke,Braum,SUPPORT,3,0.0
Pyke,Camille,SUPPORT,4,0.75
Pyke,Elise,SUPPORT,13,0.46153846153846156
Pyke,Heimerdinger,SUPPORT,2,0.5
Pyke,Hwei,SUPPORT,1,1.0
Pyke,Janna,SUPPORT,8,0.75
Pyke,Jayce,SUPPORT,1,0.0
Pyke,Karma,SUPPORT,28,0.5357142857142857
Pyke,Kennen,SUPPORT,1,1.0
Pyke,Leblanc,SUPPORT,2,0.5
Pyke,Leona,SUPPORT,10,0.4
Pyke,Lissandra,SUPPORT,1,0.0
Pyke,Lucian,BOTTOM,1,0.0
Pyke,Lulu,SUPPORT,13,0.6153846153846154
Pyke,Lux,SUPPORT,4,0.75
Pyke,Mel,BOTTOM,1,1.0
Pyke,Mel,SUPPORT,2,0.5
Pyke,Milio,SUPPORT,6,0.5
Pyke,Morgana,SUPPORT,1,0.0
Pyke,Nami,SUPPORT,15,0.3333333333333333
Pyke,Nautilus,SUPPORT,21,0.2857142857142857
Pyke,Neeko,SUPPORT,7,0.42857142857142855
Pyke,Pantheon,SUPPORT,6,0.6666666666666666
Pyke,Poppy,SUPPORT,8,0.375
Pyke,Qiyana,MIDDLE,1,0.0
Pyke,Rakan,SUPPORT,19,0.47368421052631576
Pyke,Rell,SUPPORT,7,0.5714285714285714
Pyke,Rumble,SUPPORT,2,0.5
Pyke,Senna,SUPPORT,2,0.0
Pyke,Seraphine,SUPPORT,12,0.25
Pyke,Shaco,SUPPORT,1,0.0
Pyke,Shen,SUPPORT,1,0.0
Pyke,Skarner,SUPPORT,1,1.0
Pyke,Sona,SUPPORT,8,0.875
Pyke,Soraka,SUPPORT,6,0.3333333333333333
Pyke,Sylas,SUPPORT,2,0.5
Pyke,Taliyah,MIDDLE,1,0.0
Pyke,Taliyah,SUPPORT,1,1.0
Pyke,Taric,SUPPORT,1,1.0
Pyke,Thresh,SUPPORT,10,0.3
Pyke,TwistedFate,MIDDLE,1,0.0
Pyke,Varus,BOTTOM,1,1.0
Pyke,Vayne,MIDDLE,1,1.0
Pyke,Xerath,SUPPORT,2,1.0
Pyke,Yuumi,SUPPORT,3,0.6666666666666666
Pyke,Zac,SUPPORT,1,1.0
Pyke,Zed,MIDDLE,1,0.0
Pyke,Zilean,SUPPORT,2,1.0
Pyke,Zoe,SUPPORT,6,1.0
Qiyana,Aatrox,JUNGLE,2,0.5
Qiyana,Ahri,MIDDLE,9,0.7777777777777778
Qiyana,Akali,MIDDLE,5,0.4
Qiyana,Akshan,MIDDLE,4,0.5
Qiyana,Akshan,TOP,1,0.0
Qiyana,Ambessa,JUNGLE,8,0.625
Qiyana,Ambessa,MIDDLE,1,0.0
Qiyana,Ambessa,TOP,1,1.0
Qiyana,Anivia,MIDDLE,5,0.4
Qiyana,Annie,MIDDLE,3,0.3333333333333333
Qiyana,AurelionSol,MIDDLE,2,1.0
Qiyana,Aurora,MIDDLE,4,0.25
Qiyana,Aurora,TOP,1,0.0
Qiyana,Azir,MIDDLE,4,0.75
Qiyana,Belveth,JUNGLE,8,0.5
Qiyana,Brand,JUNGLE,1,1.0
Qiyana,Briar,JUNGLE,5,0.6
Qiyana,Camille,TOP,1,1.0
Qiyana,Cassiopeia,MIDDLE,3,0.3333333333333333
Qiyana,Chogath,JUNGLE,6,0.6666666666666666
Qiyana,Chogath,TOP,1,1.0
Qiyana,Darius,JUNGLE,1,0.0
Qiyana,Darius,MIDDLE,1,0.0
Qiyana,Diana,JUNGLE,1,1.0
Qiyana,Diana,MIDDLE,1,0.0
Qiyana,DrMundo,JUNGLE,1,1.0
Qiyana,Ekko,BOTTOM,1,0.0
Qiyana,Ekko,JUNGLE,6,0.0
Qiyana,Ekko,MIDDLE,3,0.6666666666666666
Qiyana,Elise,JUNGLE,2,0.5
Qiyana,Ezreal,BOTTOM,2,1.0
Qiyana,Fiora,MIDDLE,1,1.0
Qiyana,Fiora,TOP,1,1.0
Qiyana,Fizz,MIDDLE,6,0.5
Qiyana,Galio,MIDDLE,4,0.25
Qiyana,Garen,MIDDLE,1,0.0
Qiyana,Garen,TOP,2,1.0
Qiyana,Gnar,TOP,1,1.0
Qiyana,Gragas,MIDDLE,1,0.0
Qiyana,Graves,JUNGLE,10,0.7
Qiyana,Hecarim,JUNGLE,12,0.4166666666666667
Qiyana,Hwei,MIDDLE,5,0.6
Qiyana,Irelia,TOP,4,0.5
Qiyana,Ivern,JUNGLE,4,0.5
Qiyana,JarvanIV,JUNGLE,12,0.5833333333333334
Qiyana,Jax,JUNGLE,1,1.0
Qiyana,Jayce,JUNGLE,6,0.6666666666666666
Qiyana,Jayce,MIDDLE,3,0.3333333333333333
Qiyana,Jayce,TOP,4,0.5
Qiyana,Jinx,BOTTOM,1,0.0
Qiyana,KSante,TOP,1,0.0
Qiyana,Kalista,BOTTOM,1,1.0
Qiyana,Karma,SUPPORT,1,1.0
Qiyana,Karthus,JUNGLE,3,0.3333333333333333
Qiyana,Kassadin,MIDDLE,1,1.0
Qiyana,Katarina,MIDDLE,3,0.3333333333333333
Qiyana,Katarina,TOP,1,1.0
Qiyana,Kayn,JUNGLE,5,0.4
Qiyana,Khazix,JUNGLE,14,0.5
Qiyana,Kindred,JUNGLE,8,0.5
Qiyana,KogMaw,JUNGLE,1,1.0
Qiyana,Leblanc,MIDDLE,2,0.5
Qiyana,LeeSin,JUNGLE,57,0.43859649122807015
Qiyana,LeeSin,TOP,1,1.0
Qiyana,Lillia,JUNGLE,9,0.2222222222222222
Qiyana,Lissandra,MIDDLE,2,0.0
Qiyana,Locke,JUNGLE,2,1.0
Qiyana,Locke,MIDDLE,3,0.3333333333333333
Qiyana,Lucian,MIDDLE,1,0.0
Qiyana,Lulu,SUPPORT,1,1.0
Qiyana,Lux,MIDDLE,6,0.8333333333333334
Qiyana,Malphite,JUNGLE,1,0.0
Qiyana,Malphite,TOP,1,1.0
Qiyana,Maokai,JUNGLE,2,0.5
Qiyana,MasterYi,JUNGLE,4,0.75
Qiyana,Mel,MIDDLE,2,1.0
Qiyana,MonkeyKing,JUNGLE,8,0.75
Qiyana,Naafiri,JUNGLE,11,0.45454545454545453
Qiyana,Naafiri,MIDDLE,2,1.0
Qiyana,Nami,SUPPORT,1,1.0
Qiyana,Neeko,MIDDLE,2,0.5
Qiyana,Neeko,SUPPORT,1,1.0
Qiyana,Nidalee,JUNGLE,19,0.42105263157894735
Qiyana,Nidalee,SUPPORT,1,0.0
Qiyana,Nocturne,JUNGLE,3,1.0
Qiyana,Nunu,JUNGLE,1,0.0
Qiyana,Olaf,JUNGLE,1,0.0
Qiyana,Orianna,MIDDLE,4,1.0
Qiyana,Pantheon,JUNGLE,2,0.0
Qiyana,Pyke,MIDDLE,1,1.0
Qiyana,Quinn,JUNGLE,4,1.0
Qiyana,Quinn,TOP,1,0.0
Qiyana,RekSai,JUNGLE,5,0.2
Qiyana,RekSai,TOP,1,1.0
Qiyana,Rengar,JUNGLE,11,0.2727272727272727
Qiyana,Riven,MIDDLE,1,1.0
Qiyana,Ryze,MIDDLE,5,0.6
Qiyana,Sejuani,JUNGLE,3,0.0
Qiyana,Sejuani,TOP,2,0.5
Qiyana,Shaco,JUNGLE,4,0.25
Qiyana,Shen,TOP,1,0.0
Qiyana,Shyvana,JUNGLE,1,1.0
Qiyana,Sion,TOP,1,0.0
Qiyana,Skarner,JUNGLE,3,0.3333333333333333
Qiyana,Swain,MIDDLE,1,1.0
Qiyana,Swain,SUPPORT,1,0.0
Qiyana,Sylas,JUNGLE,13,0.6923076923076923
Qiyana,Sylas,MIDDLE,7,0.7142857142857143
Qiyana,Syndra,MIDDLE,2,0.0
Qiyana,Taliyah,JUNGLE,2,0.5
Qiyana,Taliyah,MIDDLE,4,0.5
Qiyana,Talon,JUNGLE,14,0.21428571428571427
Qiyana,Talon,MIDDLE,1,1.0
Qiyana,TwistedFate,MIDDLE,5,0.2
Qiyana,Udyr,JUNGLE,5,0.2
Qiyana,Varus,TOP,2,0.5
Qiyana,Vayne,TOP,1,0.0
Qiyana,Vex,MIDDLE,2,0.5
Qiyana,Vi,JUNGLE,14,0.07142857142857142
Qiyana,Viego,JUNGLE,5,0.4
Qiyana,Viktor,BOTTOM,1,1.0
Qiyana,Viktor,MIDDLE,5,0.6
Qiyana,Vladimir,BOTTOM,1,0.0
Qiyana,Vladimir,MIDDLE,5,0.6
Qiyana,Xayah,BOTTOM,1,0.0
Qiyana,Xerath,MIDDLE,1,0.0
Qiyana,XinZhao,JUNGLE,5,0.4
Qiyana,Yasuo,MIDDLE,5,0.6
Qiyana,Yone,MIDDLE,4,0.25
Qiyana,Yone,TOP,1,1.0
Qiyana,Yunara,BOTTOM,2,0.5
Qiyana,Zaahen,JUNGLE,3,1.0
Qiyana,Zaahen,MIDDLE,1,0.0
Qiyana,Zac,JUNGLE,3,0.3333333333333333
Qiyana,Zac,TOP,1,0.0
Qiyana,Zed,JUNGLE,1,0.0
Qiyana,Zed,MIDDLE,4,0.75
Qiyana,Zoe,MIDDLE,3,0.6666666666666666
Qiyana,Zyra,JUNGLE,1,1.0
Quinn,Aatrox,JUNGLE,2,0.5
Quinn,Ahri,BOTTOM,1,1.0
Quinn,Ahri,MIDDLE,3,1.0
Quinn,Akali,MIDDLE,2,0.5
Quinn,Akali,TOP,2,0.5
Quinn,Akshan,MIDDLE,2,0.5
Quinn,Ambessa,TOP,3,0.3333333333333333
Quinn,Anivia,MIDDLE,2,0.5
Quinn,Anivia,TOP,1,1.0
Quinn,Annie,MIDDLE,1,1.0
Quinn,Annie,TOP,1,0.0
Quinn,Aurora,MIDDLE,2,0.5
Quinn,Aurora,TOP,1,1.0
Quinn,Belveth,JUNGLE,1,1.0
Quinn,Camille,TOP,2,0.5
Quinn,Chogath,JUNGLE,2,1.0
Quinn,Chogath,TOP,1,1.0
Quinn,Diana,TOP,1,1.0
Quinn,DrMundo,TOP,1,0.0
Quinn,Draven,TOP,1,0.0
Quinn,Ekko,MIDDLE,2,0.0
Quinn,Elise,JUNGLE,2,0.5
Quinn,Fiora,TOP,1,1.0
Quinn,Galio,MIDDLE,1,1.0
Quinn,Gangplank,TOP,3,0.6666666666666666
Quinn,Garen,TOP,1,0.0
Quinn,Gnar,TOP,2,0.5
Quinn,Gragas,MIDDLE,1,1.0
Quinn,Gragas,TOP,1,0.0
Quinn,Graves,JUNGLE,3,1.0
Quinn,Gwen,TOP,1,1.0
Quinn,Hecarim,JUNGLE,1,0.0
Quinn,Irelia,MIDDLE,1,0.0
Quinn,Ivern,JUNGLE,2,0.5
Quinn,Janna,SUPPORT,2,0.5
Quinn,JarvanIV,JUNGLE,1,0.0
Quinn,Jax,TOP,1,1.0
Quinn,Jayce,TOP,9,0.6666666666666666
Quinn,KSante,TOP,2,1.0
Quinn,Kalista,TOP,1,1.0
Quinn,Karthus,JUNGLE,1,1.0
Quinn,Katarina,MIDDLE,2,1.0
Quinn,Khazix,JUNGLE,5,0.6
Quinn,Kindred,JUNGLE,2,0.5
Quinn,Kled,TOP,1,0.0
Quinn,Leblanc,MIDDLE,2,0.5
Quinn,LeeSin,JUNGLE,7,0.42857142857142855
Quinn,Lillia,JUNGLE,2,0.5
Quinn,Locke,MIDDLE,2,0.5
Quinn,Mel,MIDDLE,1,0.0
Quinn,Naafiri,MIDDLE,1,1.0
Quinn,Nasus,TOP,3,0.6666666666666666
Quinn,Nautilus,TOP,1,1.0
Quinn,Ornn,TOP,2,0.5
Quinn,Pantheon,JUNGLE,1,0.0
Quinn,Pantheon,SUPPORT,1,1.0
Quinn,Pantheon,TOP,1,0.0
Quinn,Qiyana,JUNGLE,4,0.0
Quinn,Qiyana,TOP,1,1.0
Quinn,Rengar,TOP,2,1.0
Quinn,Riven,TOP,1,0.0
Quinn,Rumble,TOP,2,0.5
Quinn,Singed,JUNGLE,1,0.0
Quinn,Singed,TOP,2,1.0
Quinn,Skarner,JUNGLE,2,0.0
Quinn,Sona,SUPPORT,1,0.0
Quinn,Sylas,MIDDLE,1,0.0
Quinn,Taliyah,MIDDLE,4,0.75
Quinn,Talon,JUNGLE,3,0.3333333333333333
Quinn,Teemo,TOP,2,1.0
Quinn,Tryndamere,TOP,1,0.0
Quinn,TwistedFate,MIDDLE,2,0.0
Quinn,Udyr,TOP,1,0.0
Quinn,Urgot,TOP,1,1.0
Quinn,Veigar,MIDDLE,1,0.0
Quinn,Vex,MIDDLE,1,1.0
Quinn,Viego,JUNGLE,1,1.0
Quinn,Viego,MIDDLE,1,0.0
Quinn,Viktor,MIDDLE,1,1.0
Quinn,Viktor,TOP,1,1.0
Quinn,Xerath,MIDDLE,1,1.0
Quinn,Yasuo,MIDDLE,1,0.0
Quinn,Yasuo,TOP,1,1.0
Quinn,Yone,MIDDLE,1,0.0
Quinn,Yone,TOP,2,0.5
Quinn,Yorick,TOP,2,0.5
Quinn,Yuumi,SUPPORT,1,0.0
Quinn,Zaahen,MIDDLE,1,1.0
Quinn,Zac,TOP,1,0.0
Quinn,Zed,JUNGLE,1,1.0
Quinn,Zed,MIDDLE,3,0.3333333333333333
Quinn,Zeri,TOP,1,0.0
Rakan,Akshan,SUPPORT,1,1.0
Rakan,Alistar,SUPPORT,16,0.5625
Rakan,Anivia,SUPPORT,4,0.5
Rakan,Bard,SUPPORT,20,0.45
Rakan,Blitzcrank,SUPPORT,2,0.5
Rakan,Braum,SUPPORT,6,0.8333333333333334
Rakan,Camille,SUPPORT,3,0.6666666666666666
Rakan,Elise,SUPPORT,5,0.4
Rakan,Ezreal,SUPPORT,1,1.0
Rakan,Galio,SUPPORT,1,0.0
Rakan,Gragas,SUPPORT,1,0.0
Rakan,Irelia,MIDDLE,1,1.0
Rakan,Janna,SUPPORT,12,0.5833333333333334
Rakan,JarvanIV,SUPPORT,1,0.0
Rakan,Karma,SUPPORT,23,0.5217391304347826
Rakan,Karthus,SUPPORT,1,1.0
Rakan,Katarina,SUPPORT,1,0.0
Rakan,Leblanc,SUPPORT,2,0.5
Rakan,Leona,SUPPORT,4,0.75
Rakan,Lulu,SUPPORT,24,0.4166666666666667
Rakan,Lux,SUPPORT,4,0.25
Rakan,Maokai,SUPPORT,3,1.0
Rakan,Milio,SUPPORT,6,0.6666666666666666
Rakan,MonkeyKing,SUPPORT,1,0.0
Rakan,Nami,SUPPORT,12,0.5
Rakan,Nautilus,SUPPORT,12,0.5833333333333334
Rakan,Neeko,SUPPORT,11,0.45454545454545453
Rakan,Pantheon,SUPPORT,6,0.5
Rakan,Poppy,SUPPORT,7,0.0
Rakan,Pyke,SUPPORT,19,0.5263157894736842
Rakan,Rell,SUPPORT,19,0.42105263157894735
Rakan,Renata,SUPPORT,6,0.3333333333333333
Rakan,Ryze,MIDDLE,1,1.0
Rakan,Senna,SUPPORT,5,0.6
Rakan,Seraphine,SUPPORT,4,0.25
Rakan,Shaco,SUPPORT,2,1.0
Rakan,Shen,SUPPORT,5,0.4
Rakan,Sona,SUPPORT,10,0.5
Rakan,Soraka,SUPPORT,7,0.2857142857142857
Rakan,Swain,SUPPORT,4,0.5
Rakan,TahmKench,SUPPORT,1,1.0
Rakan,Taric,SUPPORT,2,0.5
Rakan,Teemo,SUPPORT,1,1.0
Rakan,Thresh,SUPPORT,9,0.5555555555555556
Rakan,Udyr,SUPPORT,1,1.0
Rakan,Veigar,SUPPORT,1,0.0
Rakan,Xerath,SUPPORT,1,1.0
Rakan,Yasuo,TOP,1,0.0
Rakan,Yuumi,SUPPORT,6,0.6666666666666666
Rakan,Zilean,BOTTOM,1,1.0
Rakan,Zilean,SUPPORT,3,0.3333333333333333
Rakan,Zoe,SUPPORT,4,0.75
Rakan,Zyra,SUPPORT,2,0.5
Rammus,Amumu,JUNGLE,1,0.0
Rammus,Anivia,SUPPORT,1,1.0
Rammus,Belveth,JUNGLE,2,0.0
Rammus,Ekko,JUNGLE,1,1.0
Rammus,FiddleSticks,JUNGLE,1,1.0
Rammus,Hecarim,JUNGLE,1,1.0
Rammus,Kayn,JUNGLE,1,1.0
Rammus,LeeSin,JUNGLE,1,0.0
Rammus,Lillia,JUNGLE,2,0.5
Rammus,Locke,JUNGLE,1,1.0
Rammus,MasterYi,JUNGLE,1,0.0
Rammus,Nidalee,JUNGLE,2,0.0
Rammus,Nunu,JUNGLE,1,1.0
Rammus,RekSai,JUNGLE,1,0.0
Rammus,Seraphine,SUPPORT,1,1.0
Rammus,Shaco,JUNGLE,1,0.0
Rammus,Talon,JUNGLE,1,0.0
Rammus,Trundle,SUPPORT,1,0.0
Rammus,Vi,JUNGLE,1,1.0
Rammus,XinZhao,JUNGLE,2,1.0
Rammus,Yasuo,TOP,1,0.0
Rammus,Zaahen,JUNGLE,1,0.0
RekSai,Aatrox,JUNGLE,3,0.3333333333333333
RekSai,Aatrox,TOP,1,1.0
RekSai,Ahri,TOP,1,0.0
RekSai,Ambessa,JUNGLE,8,0.375
RekSai,Ambessa,TOP,2,0.5
RekSai,Belveth,JUNGLE,2,0.5
RekSai,Briar,JUNGLE,1,1.0
RekSai,Chogath,JUNGLE,1,1.0
RekSai,Darius,JUNGLE,1,1.0
RekSai,Diana,JUNGLE,1,1.0
RekSai,DrMundo,JUNGLE,3,0.3333333333333333
RekSai,Ekko,JUNGLE,2,1.0
RekSai,Ekko,TOP,1,1.0
RekSai,Elise,JUNGLE,3,1.0
RekSai,Evelynn,JUNGLE,1,1.0
RekSai,FiddleSticks,JUNGLE,1,0.0
RekSai,Gnar,JUNGLE,1,1.0
RekSai,Graves,JUNGLE,7,0.7142857142857143
RekSai,Gwen,JUNGLE,1,1.0
RekSai,Gwen,TOP,1,1.0
RekSai,Hecarim,JUNGLE,8,0.25
RekSai,Heimerdinger,TOP,1,0.0
RekSai,Ivern,JUNGLE,3,0.0
RekSai,JarvanIV,JUNGLE,10,0.6
RekSai,Jayce,JUNGLE,4,0.0
RekSai,Kayn,JUNGLE,4,1.0
RekSai,Khazix,JUNGLE,6,0.3333333333333333
RekSai,Kindred,JUNGLE,4,0.5
RekSai,LeeSin,JUNGLE,15,0.6
RekSai,Lillia,JUNGLE,8,0.625
RekSai,MasterYi,JUNGLE,4,0.5
RekSai,MonkeyKing,JUNGLE,3,0.3333333333333333
RekSai,Naafiri,JUNGLE,2,0.5
RekSai,Nidalee,JUNGLE,6,0.5
RekSai,Nocturne,JUNGLE,1,0.0
RekSai,Nunu,JUNGLE,1,0.0
RekSai,Olaf,JUNGLE,1,0.0
RekSai,Pantheon,JUNGLE,2,0.5
RekSai,Qiyana,JUNGLE,5,0.8
RekSai,Qiyana,TOP,1,0.0
RekSai,Rammus,JUNGLE,1,1.0
RekSai,Renekton,TOP,2,0.5
RekSai,Rengar,JUNGLE,6,0.6666666666666666
RekSai,Rengar,TOP,1,0.0
RekSai,Shen,TOP,2,0.5
RekSai,Shyvana,JUNGLE,2,0.5
RekSai,Sion,TOP,1,1.0
RekSai,Skarner,JUNGLE,2,1.0
RekSai,Skarner,TOP,1,1.0
RekSai,Sona,SUPPORT,1,1.0
RekSai,Sylas,JUNGLE,1,1.0
RekSai,Sylas,TOP,1,0.0
RekSai,Taliyah,JUNGLE,2,1.0
RekSai,Talon,JUNGLE,2,1.0
RekSai,Trundle,JUNGLE,1,0.0
RekSai,Udyr,JUNGLE,1,0.0
RekSai,Udyr,TOP,1,0.0
RekSai,Urgot,TOP,1,0.0
RekSai,Vayne,TOP,1,1.0
RekSai,Viego,JUNGLE,3,0.6666666666666666
RekSai,Vladimir,MIDDLE,1,0.0
RekSai,Zaahen,TOP,1,0.0
RekSai,Zac,JUNGLE,2,0.0
RekSai,Zed,MIDDLE,1,0.0
Rell,Alistar,SUPPORT,38,0.34210526315789475
Rell,Ambessa,TOP,1,0.0
Rell,Anivia,SUPPORT,13,0.7692307692307693
Rell,Anivia,TOP,2,1.0
Rell,Bard,SUPPORT,19,0.47368421052631576
Rell,Blitzcrank,SUPPORT,3,0.6666666666666666
Rell,Brand,SUPPORT,1,1.0
Rell,Braum,SUPPORT,8,0.5
Rell,Camille,SUPPORT,1,1.0
Rell,Elise,SUPPORT,3,0.3333333333333333
Rell,Galio,SUPPORT,1,1.0
Rell,Gnar,TOP,1,1.0
Rell,Janna,SUPPORT,8,0.25
Rell,Jax,TOP,1,1.0
Rell,Karma,SUPPORT,15,0.7333333333333333
Rell,Leblanc,SUPPORT,1,1.0
Rell,Leona,SUPPORT,9,0.8888888888888888
Rell,Lissandra,SUPPORT,1,0.0
Rell,Lulu,SUPPORT,20,0.55
Rell,Lux,SUPPORT,3,0.6666666666666666
Rell,Maokai,SUPPORT,3,0.0
Rell,Milio,SUPPORT,6,0.3333333333333333
Rell,Nami,SUPPORT,10,0.4
Rell,Nautilus,SUPPORT,48,0.6041666666666666
Rell,Neeko,SUPPORT,3,0.6666666666666666
Rell,Ornn,TOP,1,0.0
Rell,Pantheon,SUPPORT,2,0.0
Rell,Poppy,SUPPORT,22,0.45454545454545453
Rell,Pyke,SUPPORT,7,0.42857142857142855
Rell,Rakan,SUPPORT,19,0.5789473684210527
Rell,Renata,SUPPORT,5,0.6
Rell,Rengar,SUPPORT,1,0.0
Rell,Sejuani,SUPPORT,1,0.0
Rell,Senna,SUPPORT,5,0.8
Rell,Seraphine,SUPPORT,7,0.5714285714285714
Rell,Shen,SUPPORT,1,1.0
Rell,Sona,SUPPORT,7,0.2857142857142857
Rell,Soraka,SUPPORT,1,1.0
Rell,TahmKench,SUPPORT,2,1.0
Rell,Taliyah,SUPPORT,1,0.0
Rell,Taric,SUPPORT,1,0.0
Rell,Teemo,SUPPORT,1,1.0
Rell,Thresh,SUPPORT,14,0.5
Rell,Viktor,SUPPORT,1,1.0
Rell,Vladimir,TOP,1,1.0
Rell,Xerath,SUPPORT,1,1.0
Rell,Yone,TOP,1,1.0
Rell,Yuumi,SUPPORT,2,1.0
Rell,Zilean,SUPPORT,3,0.0
Rell,Zoe,SUPPORT,6,0.16666666666666666
Renata,Alistar,SUPPORT,7,0.14285714285714285
Renata,Anivia,SUPPORT,1,0.0
Renata,Ashe,SUPPORT,1,1.0
Renata,Bard,SUPPORT,8,0.375
Renata,Blitzcrank,SUPPORT,3,0.3333333333333333
Renata,Braum,SUPPORT,1,0.0
Renata,Camille,SUPPORT,2,0.5
Renata,FiddleSticks,SUPPORT,1,0.0
Renata,Janna,SUPPORT,2,0.5
Renata,Karma,SUPPORT,3,0.6666666666666666
Renata,Leona,SUPPORT,3,0.6666666666666666
Renata,Lulu,SUPPORT,8,0.75
Renata,Lux,SUPPORT,1,0.0
Renata,Milio,SUPPORT,2,0.0
Renata,Nami,SUPPORT,6,0.5
Renata,Nautilus,SUPPORT,4,0.25
Renata,Neeko,SUPPORT,5,0.6
Renata,Pantheon,SUPPORT,3,1.0
Renata,Poppy,SUPPORT,9,0.3333333333333333
Renata,Rakan,SUPPORT,6,0.6666666666666666
Renata,Rell,SUPPORT,5,0.4
Renata,Senna,SUPPORT,3,0.3333333333333333
Renata,Seraphine,SUPPORT,1,0.0
Renata,Soraka,SUPPORT,3,0.0
Renata,Taric,SUPPORT,1,0.0
Renata,Thresh,SUPPORT,4,0.5
Renata,Velkoz,SUPPORT,2,1.0
Renata,Zac,SUPPORT,1,1.0
Renata,Zoe,SUPPORT,1,0.0
Renekton,Aatrox,TOP,4,0.25
Renekton,Ahri,MIDDLE,2,1.0
Renekton,Ahri,TOP,1,1.0
Renekton,Akali,TOP,2,1.0
Renekton,Ambessa,MIDDLE,1,1.0
Renekton,Ambessa,TOP,27,0.5185185185185185
Renekton,Anivia,TOP,5,0.6
Renekton,Annie,TOP,1,0.0
Renekton,Aurora,TOP,6,0.8333333333333334
Renekton,Brand,BOTTOM,1,1.0
Renekton,Camille,TOP,17,0.47058823529411764
Renekton,Cassiopeia,TOP,1,1.0
Renekton,Chogath,TOP,1,0.0
Renekton,Corki,TOP,1,1.0
Renekton,Darius,TOP,3,0.6666666666666666
Renekton,Diana,TOP,1,1.0
Renekton,FiddleSticks,TOP,1,0.0
Renekton,Fiora,TOP,20,0.5
Renekton,Fizz,MIDDLE,1,0.0
Renekton,Fizz,TOP,1,0.0
Renekton,Gangplank,TOP,4,0.5
Renekton,Gnar,TOP,12,0.5833333333333334
Renekton,Gragas,TOP,1,0.0
Renekton,Gwen,TOP,3,0.3333333333333333
Renekton,Illaoi,TOP,1,1.0
Renekton,Irelia,MIDDLE,1,0.0
Renekton,Irelia,TOP,7,1.0
Renekton,Jax,TOP,8,0.0
Renekton,Jayce,TOP,19,0.5263157894736842
Renekton,KSante,TOP,10,0.2
Renekton,Karma,TOP,1,0.0
Renekton,Katarina,MIDDLE,1,0.0
Renekton,Kayle,TOP,1,0.0
Renekton,Kennen,TOP,2,0.0
Renekton,Kled,TOP,1,0.0
Renekton,KogMaw,TOP,1,0.0
Renekton,Leblanc,TOP,1,0.0
Renekton,Lissandra,TOP,2,0.5
Renekton,Locke,MIDDLE,1,1.0
Renekton,Malphite,TOP,1,0.0
Renekton,MasterYi,TOP,3,0.0
Renekton,Mordekaiser,TOP,2,0.5
Renekton,Nidalee,TOP,3,0.0
Renekton,Nocturne,TOP,1,0.0
Renekton,Olaf,TOP,5,0.4
Renekton,Ornn,TOP,3,0.6666666666666666
Renekton,Pantheon,TOP,3,0.3333333333333333
Renekton,Poppy,TOP,2,0.5
Renekton,RekSai,TOP,2,0.5
Renekton,Rengar,TOP,1,0.0
Renekton,Riven,MIDDLE,1,1.0
Renekton,Riven,TOP,10,0.6
Renekton,Rumble,TOP,6,0.8333333333333334
Renekton,Sett,TOP,2,1.0
Renekton,Shen,TOP,6,0.5
Renekton,Singed,TOP,2,0.5
Renekton,Sion,TOP,3,1.0
Renekton,Sylas,TOP,1,0.0
Renekton,Teemo,TOP,4,0.5
Renekton,Trundle,TOP,1,0.0
Renekton,TwistedFate,MIDDLE,1,1.0
Renekton,TwistedFate,TOP,2,0.5
Renekton,Urgot,TOP,2,0.5
Renekton,Varus,TOP,10,0.7
Renekton,Vayne,TOP,9,0.5555555555555556
Renekton,Vladimir,TOP,1,1.0
Renekton,Volibear,TOP,2,0.5
Renekton,Yasuo,BOTTOM,1,1.0
Renekton,Yasuo,TOP,4,0.25
Renekton,Yone,MIDDLE,2,0.5
Renekton,Yone,TOP,5,0.2
Renekton,Yorick,TOP,3,0.3333333333333333
Renekton,Zaahen,TOP,3,0.3333333333333333
Renekton,Zed,TOP,1,1.0
Renekton,Zoe,TOP,1,0.0
Rengar,Aatrox,JUNGLE,4,0.5
Rengar,Aatrox,TOP,1,1.0
Rengar,Akali,TOP,1,1.0
Rengar,Alistar,SUPPORT,2,0.0
Rengar,Ambessa,JUNGLE,6,0.6666666666666666
Rengar,Ambessa,TOP,2,1.0
Rengar,Amumu,JUNGLE,1,0.0
Rengar,Anivia,TOP,2,0.5
Rengar,Belveth,JUNGLE,3,0.0
Rengar,Chogath,JUNGLE,5,0.6
Rengar,Chogath,TOP,1,0.0
Rengar,Corki,BOTTOM,1,0.0
Rengar,Darius,JUNGLE,1,1.0
Rengar,Diana,JUNGLE,5,0.2
Rengar,Elise,JUNGLE,3,0.3333333333333333
Rengar,Evelynn,JUNGLE,1,1.0
Rengar,FiddleSticks,JUNGLE,4,0.75
Rengar,Fiora,TOP,4,0.5
Rengar,Gangplank,TOP,1,1.0
Rengar,Gragas,TOP,1,1.0
Rengar,Graves,JUNGLE,8,0.75
Rengar,Hecarim,JUNGLE,11,0.5454545454545454
Rengar,JarvanIV,JUNGLE,12,0.6666666666666666
Rengar,Jax,TOP,1,0.0
Rengar,Jayce,JUNGLE,3,0.6666666666666666
Rengar,Jayce,TOP,3,1.0
Rengar,Jinx,BOTTOM,1,1.0
Rengar,KSante,TOP,2,1.0
Rengar,Kalista,BOTTOM,1,1.0
Rengar,Katarina,BOTTOM,1,0.0
Rengar,Kayn,JUNGLE,1,1.0
Rengar,Kennen,TOP,2,1.0
Rengar,Khazix,JUNGLE,5,0.2
Rengar,Kindred,JUNGLE,1,0.0
Rengar,Kled,TOP,1,1.0
Rengar,LeeSin,JUNGLE,25,0.56
Rengar,Lillia,JUNGLE,4,1.0
Rengar,Maokai,TOP,2,1.0
Rengar,MasterYi,JUNGLE,1,1.0
Rengar,MonkeyKing,JUNGLE,7,0.5714285714285714
Rengar,Naafiri,JUNGLE,2,1.0
Rengar,Nidalee,JUNGLE,6,0.3333333333333333
Rengar,Nocturne,JUNGLE,8,0.375
Rengar,Nunu,JUNGLE,6,0.16666666666666666
Rengar,Olaf,TOP,1,1.0
Rengar,Pantheon,JUNGLE,4,0.75
Rengar,Pantheon,SUPPORT,1,0.0
Rengar,Pantheon,TOP,1,0.0
Rengar,Qiyana,JUNGLE,11,0.7272727272727273
Rengar,Quinn,TOP,2,0.0
Rengar,RekSai,JUNGLE,6,0.3333333333333333
Rengar,RekSai,TOP,1,1.0
Rengar,Rell,SUPPORT,1,1.0
Rengar,Renekton,TOP,1,1.0
Rengar,Riven,TOP,1,1.0
Rengar,Sejuani,JUNGLE,1,0.0
Rengar,Shaco,JUNGLE,3,0.6666666666666666
Rengar,Shyvana,JUNGLE,3,1.0
Rengar,Sion,TOP,1,1.0
Rengar,Skarner,JUNGLE,2,1.0
Rengar,Skarner,TOP,1,1.0
Rengar,Sylas,JUNGLE,4,0.0
Rengar,Talon,JUNGLE,5,0.8
Rengar,Trundle,JUNGLE,2,0.5
Rengar,Udyr,JUNGLE,1,1.0
Rengar,Udyr,TOP,1,0.0
Rengar,Urgot,TOP,1,1.0
Rengar,Varus,BOTTOM,1,0.0
Rengar,Vi,JUNGLE,4,0.5
Rengar,Viego,JUNGLE,7,0.8571428571428571
Rengar,XinZhao,JUNGLE,7,0.5714285714285714
Rengar,Yasuo,BOTTOM,1,0.0
Rengar,Zaahen,JUNGLE,2,0.5
Rengar,Zac,JUNGLE,1,0.0
Rengar,Zyra,JUNGLE,1,1.0
Riven,Aatrox,TOP,3,0.6666666666666666
Riven,Ahri,MIDDLE,2,1.0
Riven,Akali,MIDDLE,2,0.5
Riven,Akali,TOP,4,0.5
Riven,Alistar,SUPPORT,1,1.0
Riven,Ambessa,TOP,4,0.75
Riven,Anivia,TOP,5,0.2
Riven,Annie,JUNGLE,1,1.0
Riven,Annie,MIDDLE,1,0.0
Riven,Aurora,MIDDLE,3,0.3333333333333333
Riven,Azir,MIDDLE,2,0.5
Riven,Bard,SUPPORT,1,1.0
Riven,Camille,TOP,2,0.5
Riven,Cassiopeia,MIDDLE,1,0.0
Riven,Chogath,MIDDLE,1,1.0
Riven,Darius,JUNGLE,1,0.0
Riven,Darius,TOP,3,0.6666666666666666
Riven,Diana,MIDDLE,1,1.0
Riven,DrMundo,TOP,1,1.0
Riven,Elise,JUNGLE,1,1.0
Riven,Ezreal,MIDDLE,1,0.0
Riven,FiddleSticks,JUNGLE,1,1.0
Riven,Fiora,TOP,2,0.5
Riven,Gangplank,TOP,2,0.5
Riven,Garen,TOP,3,0.3333333333333333
Riven,Gnar,TOP,7,0.2857142857142857
Riven,Gragas,TOP,3,0.6666666666666666
Riven,Graves,JUNGLE,1,1.0
Riven,Hwei,TOP,1,0.0
Riven,Jax,TOP,2,1.0
Riven,Jayce,MIDDLE,1,0.0
Riven,Jayce,TOP,11,0.18181818181818182
Riven,KSante,MIDDLE,1,0.0
Riven,KSante,TOP,4,0.5
Riven,Kalista,BOTTOM,1,1.0
Riven,Kassadin,MIDDLE,1,0.0
Riven,Kennen,TOP,2,0.0
Riven,Leblanc,MIDDLE,1,1.0
Riven,Leblanc,TOP,1,1.0
Riven,LeeSin,JUNGLE,1,1.0
Riven,LeeSin,TOP,1,1.0
Riven,Locke,MIDDLE,1,0.0
Riven,Lucian,TOP,1,0.0
Riven,Mordekaiser,TOP,1,0.0
Riven,Nasus,TOP,2,0.5
Riven,Nidalee,TOP,1,1.0
Riven,Nunu,JUNGLE,1,0.0
Riven,Olaf,TOP,3,0.3333333333333333
Riven,Orianna,MIDDLE,3,0.0
Riven,Ornn,TOP,2,0.5
Riven,Pantheon,MIDDLE,1,0.0
Riven,Pantheon,TOP,1,0.0
Riven,Poppy,TOP,1,0.0
Riven,Qiyana,MIDDLE,1,0.0
Riven,Quinn,TOP,1,1.0
Riven,Renekton,MIDDLE,1,0.0
Riven,Renekton,TOP,10,0.4
Riven,Rengar,TOP,1,0.0
Riven,Rumble,MIDDLE,1,1.0
Riven,Rumble,TOP,5,0.6
Riven,Ryze,MIDDLE,2,0.5
Riven,Sett,TOP,3,0.6666666666666666
Riven,Shen,TOP,3,0.3333333333333333
Riven,Singed,BOTTOM,1,1.0
Riven,Singed,TOP,5,0.8
Riven,Sion,TOP,3,0.3333333333333333
Riven,Skarner,TOP,1,0.0
Riven,Smolder,BOTTOM,1,0.0
Riven,Sylas,JUNGLE,2,1.0
Riven,Sylas,MIDDLE,1,0.0
Riven,Syndra,MIDDLE,2,0.5
Riven,Talon,MIDDLE,1,1.0
Riven,Teemo,TOP,4,0.0
Riven,Tristana,MIDDLE,1,1.0
Riven,Trundle,TOP,1,0.0
Riven,Tryndamere,TOP,1,1.0
Riven,TwistedFate,TOP,1,0.0
Riven,Twitch,BOTTOM,1,0.0
Riven,Udyr,TOP,1,0.0
Riven,Varus,TOP,2,0.5
Riven,Vayne,BOTTOM,1,0.0
Riven,Vayne,TOP,6,0.8333333333333334
Riven,Veigar,BOTTOM,1,0.0
Riven,Vi,JUNGLE,1,0.0
Riven,Vi,TOP,1,0.0
Riven,Viego,JUNGLE,1,0.0
Riven,Viktor,MIDDLE,1,0.0
Riven,Warwick,TOP,1,0.0
Riven,Yone,MIDDLE,1,0.0
Riven,Yone,TOP,4,0.75
Riven,Yorick,TOP,1,1.0
Riven,Yunara,BOTTOM,1,0.0
Riven,Zaahen,TOP,4,0.5
Riven,Zed,MIDDLE,1,0.0
Riven,Zilean,SUPPORT,1,0.0
Riven,Zilean,TOP,1,0.0
Riven,Zyra,MIDDLE,1,0.0
Rumble,Aatrox,TOP,4,0.5
Rumble,Ahri,MIDDLE,1,1.0
Rumble,Akali,TOP,2,0.5
Rumble,Alistar,SUPPORT,1,0.0
Rumble,Ambessa,TOP,19,0.42105263157894735
Rumble,Anivia,TOP,9,0.6666666666666666
Rumble,Annie,TOP,1,1.0
Rumble,Aurora,MIDDLE,1,0.0
Rumble,Aurora,TOP,10,0.5
Rumble,Azir,MIDDLE,1,1.0
Rumble,Bard,SUPPORT,1,1.0
Rumble,Camille,TOP,6,0.5
Rumble,Cassiopeia,TOP,2,0.5
Rumble,Corki,TOP,2,0.0
Rumble,Darius,TOP,6,0.6666666666666666
Rumble,DrMundo,TOP,1,0.0
Rumble,Elise,JUNGLE,1,0.0
Rumble,Fiora,TOP,2,0.5
Rumble,Galio,TOP,4,0.75
Rumble,Gangplank,TOP,6,0.6666666666666666
Rumble,Garen,TOP,3,0.6666666666666666
Rumble,Gnar,TOP,8,0.5
Rumble,Gragas,TOP,3,0.3333333333333333
Rumble,Graves,JUNGLE,1,1.0
Rumble,Gwen,TOP,1,0.0
Rumble,Hecarim,JUNGLE,1,1.0
Rumble,Hwei,MIDDLE,1,1.0
Rumble,Irelia,TOP,8,0.375
Rumble,Jax,TOP,12,0.16666666666666666
Rumble,Jayce,TOP,22,0.5909090909090909
Rumble,KSante,TOP,20,0.55
Rumble,Karthus,JUNGLE,1,1.0
Rumble,Kassadin,TOP,2,0.5
Rumble,Katarina,MIDDLE,1,1.0
Rumble,Kennen,TOP,4,0.5
Rumble,Lissandra,MIDDLE,1,1.0
Rumble,Lulu,SUPPORT,1,0.0
Rumble,Malphite,MIDDLE,1,1.0
Rumble,Malphite,TOP,2,0.5
Rumble,Maokai,TOP,1,0.0
Rumble,MonkeyKing,TOP,1,1.0
Rumble,Mordekaiser,TOP,1,1.0
Rumble,Nautilus,TOP,1,1.0
Rumble,Neeko,TOP,1,1.0
Rumble,Olaf,TOP,3,0.0
Rumble,Orianna,TOP,1,0.0
Rumble,Ornn,TOP,7,0.14285714285714285
Rumble,Pantheon,TOP,3,0.3333333333333333
Rumble,Poppy,TOP,1,0.0
Rumble,Pyke,SUPPORT,2,0.5
Rumble,Quinn,TOP,2,0.5
Rumble,Renekton,TOP,6,0.16666666666666666
Rumble,Riven,MIDDLE,1,0.0
Rumble,Riven,TOP,5,0.4
Rumble,Ryze,MIDDLE,1,1.0
Rumble,Ryze,TOP,4,0.75
Rumble,Sejuani,MIDDLE,1,0.0
Rumble,Sett,TOP,1,0.0
Rumble,Shen,TOP,5,0.6
Rumble,Shyvana,JUNGLE,1,1.0
Rumble,Singed,TOP,4,0.5
Rumble,Sion,TOP,10,0.5
Rumble,Skarner,TOP,2,0.5
Rumble,Smolder,MIDDLE,1,0.0
Rumble,Sylas,TOP,1,1.0
Rumble,Teemo,TOP,5,0.2
Rumble,Tristana,TOP,1,0.0
Rumble,TwistedFate,TOP,1,0.0
Rumble,Udyr,TOP,1,1.0
Rumble,Urgot,TOP,2,0.5
Rumble,Varus,TOP,12,0.16666666666666666
Rumble,Vayne,TOP,3,0.6666666666666666
Rumble,Veigar,TOP,1,0.0
Rumble,Vi,JUNGLE,1,1.0
Rumble,Vladimir,TOP,1,1.0
Rumble,Volibear,TOP,1,0.0
Rumble,XinZhao,TOP,1,0.0
Rumble,Yasuo,TOP,2,0.5
Rumble,Yone,MIDDLE,1,1.0
Rumble,Yone,TOP,4,0.0
Rumble,Yorick,TOP,2,0.0
Rumble,Zaahen,TOP,3,0.3333333333333333
Rumble,Zed,MIDDLE,1,0.0
Rumble,Zoe,MIDDLE,1,1.0
Ryze,Ahri,MIDDLE,24,0.5
Ryze,Akali,MIDDLE,17,0.4117647058823529
Ryze,Akshan,MIDDLE,4,0.5
Ryze,Ambessa,TOP,1,0.0
Ryze,Anivia,MIDDLE,40,0.4
Ryze,Annie,MIDDLE,9,0.3333333333333333
Ryze,Annie,TOP,1,1.0
Ryze,AurelionSol,MIDDLE,3,0.3333333333333333
Ryze,Aurora,MIDDLE,30,0.36666666666666664
Ryze,Aurora,TOP,1,1.0
Ryze,Azir,MIDDLE,9,0.5555555555555556
Ryze,Camille,MIDDLE,2,0.5
Ryze,Camille,TOP,1,0.0
Ryze,Cassiopeia,MIDDLE,8,0.5
Ryze,Cassiopeia,TOP,1,1.0
Ryze,Chogath,MIDDLE,2,0.0
Ryze,Corki,BOTTOM,1,1.0
Ryze,Corki,MIDDLE,2,0.0
Ryze,Darius,TOP,1,0.0
Ryze,Diana,MIDDLE,4,0.5
Ryze,Ekko,MIDDLE,11,0.5454545454545454
Ryze,Fiora,MIDDLE,1,0.0
Ryze,Fizz,MIDDLE,4,0.75
Ryze,Galio,MIDDLE,5,0.8
Ryze,Garen,MIDDLE,1,1.0
Ryze,Gnar,MIDDLE,1,1.0
Ryze,Gnar,TOP,1,0.0
Ryze,Hwei,MIDDLE,5,0.6
Ryze,Irelia,MIDDLE,1,0.0
Ryze,Irelia,TOP,2,0.5
Ryze,Ivern,TOP,1,0.0
Ryze,Jax,MIDDLE,1,1.0
Ryze,Jayce,MIDDLE,10,0.5
Ryze,Jhin,BOTTOM,1,1.0
Ryze,KSante,MIDDLE,1,0.0
Ryze,KSante,TOP,4,0.0
Ryze,Kassadin,MIDDLE,4,0.75
Ryze,Katarina,MIDDLE,11,0.5454545454545454
Ryze,Kayle,MIDDLE,3,0.0
Ryze,Kennen,MIDDLE,1,1.0
Ryze,Kennen,TOP,1,1.0
Ryze,Leblanc,MIDDLE,10,0.6
Ryze,LeeSin,MIDDLE,1,0.0
Ryze,Lissandra,MIDDLE,5,0.8
Ryze,Locke,MIDDLE,5,0.4
Ryze,Lux,MIDDLE,1,1.0
Ryze,Malzahar,MIDDLE,1,0.0
Ryze,Mel,MIDDLE,5,0.4
Ryze,Mordekaiser,MIDDLE,1,0.0
Ryze,Naafiri,MIDDLE,1,1.0
Ryze,Nasus,MIDDLE,3,0.6666666666666666
Ryze,Nocturne,MIDDLE,1,1.0
Ryze,Orianna,MIDDLE,38,0.42105263157894735
Ryze,Ornn,TOP,1,1.0
Ryze,Pantheon,MIDDLE,1,0.0
Ryze,Poppy,TOP,1,1.0
Ryze,Qiyana,MIDDLE,5,0.4
Ryze,Rakan,MIDDLE,1,0.0
Ryze,Riven,MIDDLE,2,0.5
Ryze,Rumble,MIDDLE,1,0.0
Ryze,Rumble,TOP,4,0.25
Ryze,Sejuani,MIDDLE,2,0.0
Ryze,Senna,MIDDLE,1,0.0
Ryze,Seraphine,MIDDLE,2,0.0
Ryze,Shen,MIDDLE,1,1.0
Ryze,Singed,MIDDLE,2,1.0
Ryze,Singed,TOP,1,1.0
Ryze,Sion,MIDDLE,1,1.0
Ryze,Smolder,MIDDLE,1,0.0
Ryze,Swain,MIDDLE,1,1.0
Ryze,Sylas,MIDDLE,10,0.4
Ryze,Syndra,MIDDLE,9,0.4444444444444444
Ryze,Taliyah,MIDDLE,17,0.5294117647058824
Ryze,Talon,MIDDLE,3,1.0
Ryze,Teemo,TOP,4,0.25
Ryze,Tristana,MIDDLE,6,0.16666666666666666
Ryze,Tryndamere,MIDDLE,1,1.0
Ryze,TwistedFate,MIDDLE,10,0.3
Ryze,Varus,TOP,1,0.0
Ryze,Vayne,TOP,1,1.0
Ryze,Veigar,MIDDLE,1,1.0
Ryze,Vex,MIDDLE,2,1.0
Ryze,Viktor,MIDDLE,4,0.25
Ryze,Vladimir,MIDDLE,8,0.375
Ryze,Vladimir,TOP,4,0.0
Ryze,Xerath,MIDDLE,8,0.375
Ryze,XinZhao,MIDDLE,1,1.0
Ryze,Yasuo,MIDDLE,9,0.5555555555555556
Ryze,Yone,MIDDLE,19,0.47368421052631576
Ryze,Zac,MIDDLE,2,0.5
Ryze,Zed,MIDDLE,14,0.35714285714285715
Ryze,Zed,TOP,1,0.0
Ryze,Ziggs,MIDDLE,1,0.0
Ryze,Zilean,MIDDLE,1,0.0
Ryze,Zoe,MIDDLE,5,0.4
Ryze,Zyra,MIDDLE,1,1.0
Samira,Aphelios,BOTTOM,1,0.0
Samira,Caitlyn,BOTTOM,1,1.0
Samira,Corki,BOTTOM,1,1.0
Samira,Draven,BOTTOM,1,1.0
Samira,Ezreal,BOTTOM,3,0.6666666666666666
Samira,Hwei,BOTTOM,1,1.0
Samira,Jayce,TOP,1,0.0
Samira,Jhin,BOTTOM,1,0.0
Samira,Jinx,BOTTOM,4,0.25
Samira,Kaisa,BOTTOM,2,0.5
Samira,Kalista,BOTTOM,1,0.0
Samira,Karthus,BOTTOM,2,0.5
Samira,KogMaw,BOTTOM,1,0.0
Samira,Lucian,BOTTOM,3,0.3333333333333333
Samira,Nilah,BOTTOM,2,0.5
Samira,Sivir,BOTTOM,2,0.5
Samira,Smolder,BOTTOM,1,0.0
Samira,Taliyah,BOTTOM,1,0.0
Samira,Tristana,BOTTOM,1,1.0
Samira,Twitch,BOTTOM,1,0.0
Samira,Xayah,BOTTOM,1,1.0
Samira,Yunara,BOTTOM,4,0.25
Samira,Zeri,BOTTOM,1,0.0
Sejuani,Ahri,MIDDLE,1,0.0
Sejuani,Akali,MIDDLE,1,1.0
Sejuani,Akali,TOP,1,1.0
Sejuani,Ambessa,JUNGLE,3,0.3333333333333333
Sejuani,Ambessa,TOP,1,0.0
Sejuani,Anivia,MIDDLE,2,1.0
Sejuani,Belveth,JUNGLE,1,0.0
Sejuani,Cassiopeia,MIDDLE,1,1.0
Sejuani,Chogath,JUNGLE,1,1.0
Sejuani,Darius,TOP,1,1.0
Sejuani,Diana,JUNGLE,1,1.0
Sejuani,DrMundo,JUNGLE,1,1.0
Sejuani,DrMundo,TOP,1,0.0
Sejuani,Elise,JUNGLE,1,1.0
Sejuani,Graves,JUNGLE,1,1.0
Sejuani,Gwen,JUNGLE,1,1.0
Sejuani,Hwei,MIDDLE,1,0.0
Sejuani,Illaoi,MIDDLE,1,1.0
Sejuani,Jayce,JUNGLE,1,0.0
Sejuani,Jayce,TOP,2,0.5
Sejuani,Kaisa,BOTTOM,1,0.0
Sejuani,Kennen,TOP,2,0.5
Sejuani,LeeSin,JUNGLE,4,0.25
Sejuani,MasterYi,JUNGLE,1,0.0
Sejuani,Nocturne,JUNGLE,1,0.0
Sejuani,Nunu,JUNGLE,1,1.0
Sejuani,Qiyana,JUNGLE,3,1.0
Sejuani,Qiyana,TOP,2,0.5
Sejuani,Rell,SUPPORT,1,1.0
Sejuani,Rengar,JUNGLE,1,1.0
Sejuani,Rumble,MIDDLE,1,1.0
Sejuani,Ryze,MIDDLE,2,1.0
Sejuani,Sion,MIDDLE,1,1.0
Sejuani,Skarner,JUNGLE,1,0.0
Sejuani,Taliyah,JUNGLE,1,0.0
Sejuani,Talon,JUNGLE,2,0.5
Sejuani,Talon,MIDDLE,1,1.0
Sejuani,Tryndamere,TOP,1,0.0
Sejuani,TwistedFate,SUPPORT,1,0.0
Sejuani,Vayne,TOP,1,0.0
Sejuani,Vex,MIDDLE,1,1.0
Sejuani,Viktor,MIDDLE,1,1.0
Sejuani,Vladimir,MIDDLE,1,1.0
Sejuani,XinZhao,JUNGLE,1,1.0
Sejuani,Yone,TOP,2,1.0
Senna,Alistar,SUPPORT,13,0.5384615384615384
Senna,Amumu,SUPPORT,1,1.0
Senna,Anivia,SUPPORT,3,0.3333333333333333
Senna,Ashe,BOTTOM,7,0.7142857142857143
Senna,Ashe,SUPPORT,1,0.0
Senna,AurelionSol,BOTTOM,2,0.5
Senna,Bard,SUPPORT,12,0.6666666666666666
Senna,Blitzcrank,SUPPORT,8,0.625
Senna,Braum,SUPPORT,5,0.4
Senna,Caitlyn,BOTTOM,5,0.6
Senna,Camille,SUPPORT,4,0.5
Senna,Cassiopeia,SUPPORT,1,1.0
Senna,Corki,BOTTOM,4,0.75
Senna,Draven,BOTTOM,4,0.5
Senna,Elise,SUPPORT,2,0.0
Senna,Evelynn,SUPPORT,1,0.0
Senna,Ezreal,BOTTOM,14,0.5
Senna,Hwei,BOTTOM,3,0.3333333333333333
Senna,Janna,SUPPORT,10,0.7
Senna,Jax,SUPPORT,1,0.0
Senna,Jhin,BOTTOM,4,0.25
Senna,Jinx,BOTTOM,3,0.6666666666666666
Senna,KSante,SUPPORT,1,1.0
Senna,KSante,TOP,1,0.0
Senna,Kaisa,BOTTOM,7,0.5714285714285714
Senna,Kalista,BOTTOM,3,1.0
Senna,Karma,SUPPORT,22,0.45454545454545453
Senna,Karthus,BOTTOM,5,0.6
Senna,Katarina,BOTTOM,1,1.0
Senna,Leona,SUPPORT,5,0.4
Senna,Lucian,BOTTOM,8,0.5
Senna,Lulu,SUPPORT,9,0.5555555555555556
Senna,Lux,BOTTOM,1,0.0
Senna,Lux,SUPPORT,2,0.5
Senna,Maokai,SUPPORT,2,0.5
Senna,Mel,BOTTOM,4,0.5
Senna,Milio,SUPPORT,5,0.4
Senna,MissFortune,BOTTOM,3,0.3333333333333333
Senna,Morgana,SUPPORT,1,1.0
Senna,Naafiri,SUPPORT,1,0.0
Senna,Nami,SUPPORT,17,0.5882352941176471
Senna,Nautilus,SUPPORT,12,0.6666666666666666
Senna,Neeko,SUPPORT,3,0.6666666666666666
Senna,Pantheon,SUPPORT,4,0.5
Senna,Poppy,SUPPORT,1,0.0
Senna,Pyke,SUPPORT,2,1.0
Senna,Rakan,SUPPORT,5,0.4
Senna,Rell,SUPPORT,5,0.2
Senna,Renata,SUPPORT,3,0.6666666666666666
Senna,Ryze,MIDDLE,1,1.0
Senna,Seraphine,SUPPORT,3,0.3333333333333333
Senna,Sivir,BOTTOM,1,1.0
Senna,Skarner,SUPPORT,1,1.0
Senna,Smolder,BOTTOM,1,1.0
Senna,Sona,SUPPORT,7,0.2857142857142857
Senna,Soraka,SUPPORT,6,0.16666666666666666
Senna,Swain,BOTTOM,1,1.0
Senna,Swain,SUPPORT,1,0.0
Senna,Taric,SUPPORT,1,1.0
Senna,Thresh,SUPPORT,7,0.7142857142857143
Senna,Tristana,BOTTOM,2,0.0
Senna,Varus,BOTTOM,5,0.4
Senna,Velkoz,SUPPORT,1,1.0
Senna,Xayah,BOTTOM,1,0.0
Senna,Yasuo,BOTTOM,2,1.0
Senna,Yunara,BOTTOM,7,0.42857142857142855
Senna,Yuumi,SUPPORT,4,0.75
Senna,Zeri,BOTTOM,2,1.0
Senna,Ziggs,BOTTOM,1,0.0
Senna,Zilean,SUPPORT,1,1.0
Senna,Zoe,SUPPORT,1,0.0
Senna,Zyra,BOTTOM,1,0.0
Seraphine,Alistar,SUPPORT,3,0.6666666666666666
Seraphine,Amumu,SUPPORT,1,1.0
Seraphine,Anivia,SUPPORT,15,0.6
Seraphine,Ashe,BOTTOM,5,1.0
Seraphine,AurelionSol,BOTTOM,3,0.6666666666666666
Seraphine,Bard,SUPPORT,33,0.5151515151515151
Seraphine,Blitzcrank,SUPPORT,3,0.6666666666666666
Seraphine,Braum,SUPPORT,4,0.75
Seraphine,Caitlyn,BOTTOM,2,0.0
Seraphine,Camille,SUPPORT,4,0.75
Seraphine,Draven,BOTTOM,2,0.5
Seraphine,Elise,SUPPORT,3,0.3333333333333333
Seraphine,Ezreal,BOTTOM,3,0.6666666666666666
Seraphine,Ezreal,SUPPORT,1,0.0
Seraphine,Hwei,BOTTOM,3,0.3333333333333333
Seraphine,Hwei,SUPPORT,1,1.0
Seraphine,Janna,SUPPORT,3,0.6666666666666666
Seraphine,Jhin,BOTTOM,6,0.5
Seraphine,Kaisa,BOTTOM,1,0.0
Seraphine,Karma,SUPPORT,21,0.47619047619047616
Seraphine,Karthus,BOTTOM,1,1.0
Seraphine,Kassadin,MIDDLE,1,0.0
Seraphine,KogMaw,BOTTOM,1,0.0
Seraphine,Leblanc,SUPPORT,1,1.0
Seraphine,Leona,SUPPORT,7,0.14285714285714285
Seraphine,Lucian,BOTTOM,3,0.6666666666666666
Seraphine,Lulu,SUPPORT,16,0.4375
Seraphine,Lux,BOTTOM,1,1.0
Seraphine,Mel,BOTTOM,1,0.0
Seraphine,Mel,SUPPORT,3,1.0
Seraphine,Milio,SUPPORT,8,0.625
Seraphine,MissFortune,BOTTOM,1,1.0
Seraphine,Nami,SUPPORT,14,0.7142857142857143
Seraphine,Nautilus,SUPPORT,17,0.7647058823529411
Seraphine,Neeko,SUPPORT,13,0.46153846153846156
Seraphine,Pantheon,SUPPORT,1,1.0
Seraphine,Poppy,SUPPORT,4,0.5
Seraphine,Pyke,SUPPORT,12,0.75
Seraphine,Rakan,SUPPORT,4,0.75
Seraphine,Rammus,SUPPORT,1,0.0
Seraphine,Rell,SUPPORT,7,0.42857142857142855
Seraphine,Renata,SUPPORT,1,1.0
Seraphine,Ryze,MIDDLE,2,1.0
Seraphine,Senna,SUPPORT,3,0.6666666666666666
Seraphine,Shen,SUPPORT,1,1.0
Seraphine,Sivir,BOTTOM,2,1.0
Seraphine,Skarner,SUPPORT,2,1.0
Seraphine,Sona,SUPPORT,9,0.4444444444444444
Seraphine,Soraka,SUPPORT,10,0.7
Seraphine,Sylas,BOTTOM,1,1.0
Seraphine,Sylas,SUPPORT,2,0.0
Seraphine,Syndra,BOTTOM,2,1.0
Seraphine,TahmKench,SUPPORT,1,1.0
Seraphine,Taliyah,BOTTOM,1,0.0
Seraphine,Taric,SUPPORT,2,0.5
Seraphine,Thresh,SUPPORT,8,0.375
Seraphine,Tristana,BOTTOM,3,0.3333333333333333
Seraphine,Trundle,SUPPORT,1,1.0
Seraphine,Twitch,BOTTOM,2,0.5
Seraphine,Varus,BOTTOM,1,0.0
Seraphine,Veigar,BOTTOM,1,0.0
Seraphine,Veigar,SUPPORT,1,0.0
Seraphine,Velkoz,SUPPORT,1,1.0
Seraphine,Viktor,BOTTOM,1,1.0
Seraphine,Viktor,SUPPORT,1,0.0
Seraphine,Xerath,BOTTOM,2,0.5
Seraphine,Yasuo,BOTTOM,1,0.0
Seraphine,Yasuo,TOP,1,1.0
Seraphine,Yone,BOTTOM,1,1.0
Seraphine,Yunara,BOTTOM,2,0.5
Seraphine,Yuumi,SUPPORT,3,1.0
Seraphine,Zeri,BOTTOM,1,0.0
Seraphine,Ziggs,BOTTOM,1,0.0
Seraphine,Zilean,SUPPORT,3,0.3333333333333333
Seraphine,Zyra,SUPPORT,1,1.0
Sett,Aatrox,TOP,1,0.0
Sett,Akali,TOP,1,0.0
Sett,Ambessa,TOP,1,1.0
Sett,Anivia,TOP,1,0.0
Sett,Aurora,TOP,1,0.0
Sett,Camille,TOP,6,0.5
Sett,Cassiopeia,TOP,1,1.0
Sett,Corki,TOP,1,1.0
Sett,Darius,TOP,1,1.0
Sett,DrMundo,TOP,2,0.0
Sett,Ekko,JUNGLE,1,1.0
Sett,Ezreal,TOP,1,0.0
Sett,Fiora,TOP,2,0.0
Sett,Gangplank,TOP,2,0.5
Sett,Garen,TOP,1,0.0
Sett,Gnar,TOP,2,1.0
Sett,Irelia,TOP,1,0.0
Sett,Jax,TOP,1,1.0
Sett,Jayce,TOP,3,1.0
Sett,Kaisa,TOP,1,1.0
Sett,Kled,TOP,1,0.0
Sett,KogMaw,TOP,1,1.0
Sett,Malphite,TOP,1,1.0
Sett,Mordekaiser,TOP,1,0.0
Sett,Nami,SUPPORT,1,1.0
Sett,Nunu,JUNGLE,1,1.0
Sett,Olaf,TOP,3,0.0
Sett,Ornn,TOP,2,0.5
Sett,Pantheon,TOP,1,1.0
Sett,Poppy,TOP,1,1.0
Sett,Renekton,TOP,2,0.0
Sett,Riven,TOP,3,0.3333333333333333
Sett,Rumble,TOP,1,1.0
Sett,Shen,TOP,2,1.0
Sett,Sion,TOP,1,0.0
Sett,Sylas,MIDDLE,1,0.0
Sett,Teemo,TOP,1,1.0
Sett,TwistedFate,TOP,1,0.0
Sett,Vayne,TOP,1,1.0
Sett,Yone,TOP,2,0.5
Sett,Zaahen,TOP,1,0.0
Sett,Zeri,BOTTOM,1,1.0
Sett,Zoe,TOP,1,0.0
Shaco,Aatrox,JUNGLE,2,0.5
Shaco,Ambessa,JUNGLE,7,0.14285714285714285
Shaco,Annie,SUPPORT,1,1.0
Shaco,Bard,SUPPORT,1,0.0
Shaco,Belveth,JUNGLE,2,0.0
Shaco,Braum,SUPPORT,1,0.0
Shaco,Darius,TOP,1,1.0
Shaco,DrMundo,JUNGLE,1,1.0
Shaco,Ekko,JUNGLE,1,1.0
Shaco,Evelynn,JUNGLE,1,1.0
Shaco,FiddleSticks,JUNGLE,1,1.0
Shaco,Graves,JUNGLE,3,0.6666666666666666
Shaco,Hecarim,JUNGLE,5,0.0
Shaco,Janna,SUPPORT,1,1.0
Shaco,Karthus,JUNGLE,1,1.0
Shaco,Kayn,JUNGLE,2,0.5
Shaco,Khazix,JUNGLE,2,0.5
Shaco,Kindred,JUNGLE,4,0.75
Shaco,LeeSin,JUNGLE,18,0.6666666666666666
Shaco,Leona,SUPPORT,1,0.0
Shaco,Lillia,JUNGLE,2,1.0
Shaco,Lucian,BOTTOM,1,1.0
Shaco,Lux,BOTTOM,1,1.0
Shaco,MonkeyKing,JUNGLE,2,0.5
Shaco,Naafiri,JUNGLE,4,1.0
Shaco,Nami,SUPPORT,1,0.0
Shaco,Nidalee,JUNGLE,5,0.8
Shaco,Nocturne,JUNGLE,3,0.3333333333333333
Shaco,Nunu,JUNGLE,1,0.0
Shaco,Pantheon,JUNGLE,2,0.5
Shaco,Pyke,SUPPORT,1,1.0
Shaco,Qiyana,JUNGLE,4,0.75
Shaco,Rakan,SUPPORT,2,0.0
Shaco,Rammus,JUNGLE,1,1.0
Shaco,Rengar,JUNGLE,3,0.3333333333333333
Shaco,Shyvana,JUNGLE,1,0.0
Shaco,Skarner,JUNGLE,1,1.0
Shaco,Swain,SUPPORT,1,0.0
Shaco,Sylas,JUNGLE,5,1.0
Shaco,Talon,JUNGLE,3,0.3333333333333333
Shaco,Twitch,SUPPORT,1,0.0
Shaco,Udyr,JUNGLE,2,0.5
Shaco,Varus,TOP,1,1.0
Shaco,Yone,TOP,1,1.0
Shen,Aatrox,JUNGLE,1,0.0
Shen,Aatrox,TOP,3,0.3333333333333333
Shen,Akali,MIDDLE,1,1.0
Shen,Akali,TOP,1,1.0
Shen,Alistar,SUPPORT,5,0.4
Shen,Ambessa,TOP,6,0.3333333333333333
Shen,Anivia,MIDDLE,1,1.0
Shen,Anivia,TOP,3,0.3333333333333333
Shen,Aurora,TOP,2,0.5
Shen,Bard,SUPPORT,4,0.75
Shen,Braum,SUPPORT,1,0.0
Shen,Camille,SUPPORT,3,0.3333333333333333
Shen,Camille,TOP,2,0.0
Shen,Chogath,TOP,1,1.0
Shen,Corki,TOP,1,0.0
Shen,Darius,TOP,1,1.0
Shen,DrMundo,TOP,3,0.3333333333333333
Shen,Ekko,MIDDLE,1,1.0
Shen,Elise,JUNGLE,1,1.0
Shen,Elise,SUPPORT,1,0.0
Shen,Ezreal,BOTTOM,1,0.0
Shen,Gangplank,TOP,3,0.3333333333333333
Shen,Garen,TOP,2,1.0
Shen,Gnar,TOP,5,0.4
Shen,Gragas,TOP,3,1.0
Shen,Heimerdinger,SUPPORT,1,0.0
Shen,Hwei,SUPPORT,1,1.0
Shen,Janna,SUPPORT,1,0.0
Shen,JarvanIV,JUNGLE,2,1.0
Shen,Jax,TOP,6,0.5
Shen,Jayce,TOP,3,0.6666666666666666
Shen,KSante,TOP,3,0.6666666666666666
Shen,Karma,SUPPORT,2,0.5
Shen,Karma,TOP,1,1.0
Shen,Karthus,JUNGLE,1,1.0
Shen,Karthus,TOP,1,0.0
Shen,Katarina,MIDDLE,1,1.0
Shen,Kayle,TOP,1,1.0
Shen,Kled,TOP,2,0.5
Shen,LeeSin,JUNGLE,1,0.0
Shen,Leona,SUPPORT,2,1.0
Shen,Lulu,SUPPORT,4,0.25
Shen,Lux,SUPPORT,1,1.0
Shen,MonkeyKing,TOP,1,1.0
Shen,Nami,SUPPORT,1,0.0
Shen,Nasus,TOP,1,1.0
Shen,Nautilus,SUPPORT,6,0.6666666666666666
Shen,Nautilus,TOP,1,1.0
Shen,Neeko,SUPPORT,1,0.0
Shen,Olaf,TOP,2,1.0
Shen,Ornn,TOP,1,0.0
Shen,Pantheon,TOP,3,0.3333333333333333
Shen,Pyke,SUPPORT,1,1.0
Shen,Qiyana,TOP,1,1.0
Shen,Rakan,SUPPORT,5,0.6
Shen,RekSai,TOP,2,0.5
Shen,Rell,SUPPORT,1,0.0
Shen,Renekton,TOP,6,0.5
Shen,Riven,TOP,3,0.6666666666666666
Shen,Rumble,TOP,5,0.4
Shen,Ryze,MIDDLE,1,0.0
Shen,Seraphine,SUPPORT,1,0.0
Shen,Sett,TOP,2,0.0
Shen,Singed,TOP,2,1.0
Shen,Sion,TOP,4,0.25
Shen,Sylas,JUNGLE,1,1.0
Shen,Sylas,TOP,1,1.0
Shen,TahmKench,TOP,1,0.0
Shen,Taliyah,SUPPORT,1,1.0
Shen,Taliyah,TOP,1,0.0
Shen,Taric,SUPPORT,1,1.0
Shen,Teemo,TOP,1,0.0
Shen,Thresh,SUPPORT,1,1.0
Shen,Tryndamere,TOP,2,0.0
Shen,TwistedFate,TOP,1,0.0
Shen,Urgot,TOP,2,0.5
Shen,Varus,TOP,1,0.0
Shen,Vayne,TOP,8,0.375
Shen,Vi,JUNGLE,1,1.0
Shen,Volibear,JUNGLE,1,0.0
Shen,Volibear,TOP,1,0.0
Shen,XinZhao,JUNGLE,2,0.5
Shen,Yasuo,TOP,2,0.5
Shen,Yone,MIDDLE,1,1.0
Shen,Yone,TOP,4,0.5
Shen,Yorick,TOP,1,1.0
Shen,Zaahen,JUNGLE,1,1.0
Shen,Zaahen,TOP,2,0.0
Shen,Zilean,SUPPORT,1,0.0
Shen,Zoe,SUPPORT,1,1.0
Shyvana,Aatrox,JUNGLE,3,0.6666666666666666
Shyvana,Ambessa,JUNGLE,1,0.0
Shyvana,Amumu,JUNGLE,1,0.0
Shyvana,Briar,JUNGLE,1,1.0
Shyvana,DrMundo,JUNGLE,1,0.0
Shyvana,Ekko,JUNGLE,3,0.6666666666666666
Shyvana,Evelynn,JUNGLE,1,0.0
Shyvana,FiddleSticks,JUNGLE,1,1.0
Shyvana,Fiora,TOP,1,1.0
Shyvana,Fizz,JUNGLE,1,0.0
Shyvana,Graves,JUNGLE,3,0.6666666666666666
Shyvana,Hecarim,JUNGLE,1,1.0
Shyvana,JarvanIV,JUNGLE,5,0.4
Shyvana,Jayce,JUNGLE,2,0.5
Shyvana,KSante,TOP,1,0.0
Shyvana,Karthus,JUNGLE,1,1.0
Shyvana,Khazix,JUNGLE,4,0.0
Shyvana,LeeSin,JUNGLE,4,0.5
Shyvana,Lillia,JUNGLE,1,1.0
Shyvana,Naafiri,JUNGLE,2,0.5
Shyvana,Nidalee,JUNGLE,1,1.0
Shyvana,Nocturne,JUNGLE,3,0.0
Shyvana,Nunu,JUNGLE,2,0.0
Shyvana,Qiyana,JUNGLE,1,0.0
Shyvana,RekSai,JUNGLE,2,0.5
Shyvana,Rengar,JUNGLE,3,0.0
Shyvana,Rumble,JUNGLE,1,0.0
Shyvana,Shaco,JUNGLE,1,1.0
Shyvana,Skarner,JUNGLE,1,0.0
Shyvana,Sylas,JUNGLE,2,0.5
Shyvana,Talon,JUNGLE,5,0.0
Shyvana,Varus,TOP,1,0.0
Shyvana,Vi,JUNGLE,4,0.5
Shyvana,Viego,JUNGLE,1,1.0
Shyvana,Yone,TOP,1,0.0
Shyvana,Zed,JUNGLE,1,1.0
Singed,Aatrox,TOP,4,0.25
Singed,Ahri,MIDDLE,2,0.5
Singed,Akali,MIDDLE,1,0.0
Singed,Ambessa,TOP,3,0.6666666666666666
Singed,Anivia,TOP,1,0.0
Singed,Annie,TOP,1,0.0
Singed,AurelionSol,BOTTOM,2,1.0
Singed,Aurora,TOP,2,1.0
Singed,Braum,SUPPORT,1,0.0
Singed,Camille,TOP,3,0.6666666666666666
Singed,Cassiopeia,TOP,1,1.0
Singed,Corki,BOTTOM,1,0.0
Singed,DrMundo,TOP,1,0.0
Singed,Fiora,TOP,4,0.75
Singed,Gangplank,TOP,3,0.0
Singed,Garen,TOP,4,0.25
Singed,Gnar,TOP,6,0.6666666666666666
Singed,Gragas,TOP,1,1.0
Singed,Heimerdinger,TOP,1,0.0
Singed,Irelia,TOP,1,1.0
Singed,Jax,TOP,3,0.3333333333333333
Singed,Jayce,TOP,5,0.6
Singed,Jhin,BOTTOM,1,1.0
Singed,Jhin,TOP,1,0.0
Singed,KSante,TOP,1,0.0
Singed,Kayle,TOP,5,0.8
Singed,Kennen,TOP,3,0.6666666666666666
Singed,Lissandra,TOP,1,1.0
Singed,Nami,SUPPORT,1,0.0
Singed,Nasus,TOP,2,1.0
Singed,Nilah,BOTTOM,1,0.0
Singed,Orianna,MIDDLE,1,0.0
Singed,Orianna,TOP,1,1.0
Singed,Ornn,TOP,2,0.0
Singed,Poppy,TOP,1,1.0
Singed,Quinn,JUNGLE,1,1.0
Singed,Quinn,TOP,2,0.0
Singed,Renekton,TOP,2,0.5
Singed,Riven,BOTTOM,1,0.0
Singed,Riven,TOP,5,0.2
Singed,Rumble,TOP,4,0.5
Singed,Ryze,MIDDLE,2,0.0
Singed,Ryze,TOP,1,0.0
Singed,Shen,TOP,2,0.0
Singed,Sion,TOP,2,0.5
Singed,Sivir,BOTTOM,1,0.0
Singed,Smolder,BOTTOM,1,1.0
Singed,Sylas,TOP,1,1.0
Singed,Teemo,TOP,2,0.0
Singed,Trundle,TOP,1,0.0
Singed,TwistedFate,TOP,2,1.0
Singed,Urgot,TOP,2,1.0
Singed,Varus,TOP,5,0.2
Singed,Vayne,TOP,10,0.5
Singed,Vladimir,TOP,1,0.0
Singed,Volibear,TOP,1,0.0
Singed,Yasuo,TOP,2,0.5
Singed,Yone,TOP,3,0.3333333333333333
Singed,Yunara,BOTTOM,1,1.0
Singed,Yuumi,SUPPORT,1,0.0
Singed,Zaahen,MIDDLE,1,0.0
Singed,Zaahen,TOP,2,1.0
Singed,Zed,MIDDLE,2,0.5
Singed,Zilean,SUPPORT,1,0.0
Sion,Aatrox,TOP,6,0.6666666666666666
Sion,Ahri,MIDDLE,2,0.0
Sion,Ahri,TOP,2,1.0
Sion,Akali,TOP,2,1.0
Sion,Akshan,MIDDLE,1,0.0
Sion,Ambessa,TOP,16,0.5
Sion,Anivia,MIDDLE,1,1.0
Sion,Anivia,TOP,11,0.36363636363636365
Sion,Annie,MIDDLE,1,1.0
Sion,Ashe,BOTTOM,2,1.0
Sion,AurelionSol,TOP,1,0.0
Sion,Aurora,MIDDLE,1,1.0
Sion,Aurora,TOP,10,0.6
Sion,Azir,MIDDLE,1,1.0
Sion,Azir,TOP,1,0.0
Sion,Bard,SUPPORT,1,1.0
Sion,Caitlyn,BOTTOM,1,0.0
Sion,Camille,TOP,9,0.3333333333333333
Sion,Cassiopeia,MIDDLE,1,0.0
Sion,Cassiopeia,TOP,5,0.2
Sion,Chogath,TOP,2,1.0
Sion,Corki,MIDDLE,1,0.0
Sion,Corki,TOP,1,1.0
Sion,Darius,TOP,3,0.0
Sion,Draven,TOP,1,0.0
Sion,Ezreal,BOTTOM,1,1.0
Sion,Ezreal,TOP,1,0.0
Sion,Fiora,TOP,1,1.0
Sion,Fizz,MIDDLE,1,0.0
Sion,Fizz,TOP,1,0.0
Sion,Gangplank,TOP,2,1.0
Sion,Garen,TOP,1,0.0
Sion,Gnar,MIDDLE,1,1.0
Sion,Gnar,TOP,19,0.5789473684210527
Sion,Gragas,TOP,3,0.3333333333333333
Sion,Gwen,MIDDLE,2,0.5
Sion,Gwen,TOP,21,0.38095238095238093
Sion,Heimerdinger,TOP,2,0.5
Sion,Hwei,MIDDLE,1,0.0
Sion,Illaoi,TOP,1,0.0
Sion,Jax,TOP,1,0.0
Sion,Jayce,TOP,51,0.6078431372549019
Sion,KSante,TOP,4,0.5
Sion,Katarina,MIDDLE,1,0.0
Sion,Katarina,TOP,1,0.0
Sion,Kayle,TOP,1,0.0
Sion,Kennen,TOP,3,1.0
Sion,Kled,TOP,1,0.0
Sion,KogMaw,TOP,2,0.0
Sion,Leblanc,MIDDLE,3,0.0
Sion,Lissandra,MIDDLE,1,1.0
Sion,Lissandra,TOP,3,0.0
Sion,Lucian,BOTTOM,1,0.0
Sion,Lucian,MIDDLE,1,1.0
Sion,Lulu,TOP,2,0.5
Sion,Lux,TOP,1,1.0
Sion,Malphite,TOP,6,0.16666666666666666
Sion,Mordekaiser,TOP,3,0.6666666666666666
Sion,Naafiri,TOP,1,1.0
Sion,Nasus,TOP,1,1.0
Sion,Nautilus,TOP,1,1.0
Sion,Olaf,TOP,2,1.0
Sion,Orianna,MIDDLE,3,0.6666666666666666
Sion,Ornn,TOP,5,0.6
Sion,Pantheon,TOP,2,0.5
Sion,Qiyana,TOP,1,1.0
Sion,RekSai,TOP,1,0.0
Sion,Renekton,TOP,3,0.0
Sion,Rengar,TOP,1,0.0
Sion,Riven,TOP,3,0.6666666666666666
Sion,Rumble,TOP,10,0.5
Sion,Ryze,MIDDLE,1,0.0
Sion,Sejuani,MIDDLE,1,0.0
Sion,Sett,TOP,1,1.0
Sion,Shen,TOP,4,0.75
Sion,Singed,TOP,2,0.5
Sion,Skarner,TOP,2,1.0
Sion,Smolder,TOP,3,0.3333333333333333
Sion,Swain,TOP,1,0.0
Sion,Sylas,MIDDLE,2,1.0
Sion,Sylas,TOP,1,0.0
Sion,Taliyah,MIDDLE,1,0.0
Sion,Talon,TOP,1,0.0
Sion,Teemo,TOP,6,0.16666666666666666
Sion,Trundle,TOP,1,0.0
Sion,Tryndamere,TOP,1,1.0
Sion,TwistedFate,MIDDLE,2,0.5
Sion,Urgot,TOP,4,0.5
Sion,Varus,TOP,13,0.6153846153846154
Sion,Vayne,TOP,9,0.3333333333333333
Sion,Velkoz,TOP,1,0.0
Sion,Viktor,MIDDLE,3,0.3333333333333333
Sion,Vladimir,TOP,1,1.0
Sion,Volibear,TOP,1,1.0
Sion,Warwick,TOP,1,1.0
Sion,Xerath,MIDDLE,1,0.0
Sion,XinZhao,MIDDLE,1,1.0
Sion,Yasuo,MIDDLE,1,0.0
Sion,Yasuo,TOP,2,1.0
Sion,Yone,MIDDLE,5,0.4
Sion,Yone,TOP,11,0.36363636363636365
Sion,Yunara,BOTTOM,1,0.0
Sion,Zaahen,TOP,3,0.6666666666666666
Sion,Zac,TOP,1,1.0
Sion,Zilean,TOP,1,0.0
Sion,Zoe,MIDDLE,1,0.0
Sion,Zoe,TOP,1,1.0
Sivir,Aphelios,BOTTOM,1,0.0
Sivir,Ashe,BOTTOM,2,0.0
Sivir,AurelionSol,BOTTOM,1,1.0
Sivir,Caitlyn,BOTTOM,10,0.5
Sivir,Corki,BOTTOM,3,0.0
Sivir,Draven,BOTTOM,4,0.5
Sivir,Elise,BOTTOM,1,0.0
Sivir,Ezreal,BOTTOM,68,0.5441176470588235
Sivir,Hwei,BOTTOM,2,0.5
Sivir,Jhin,BOTTOM,9,0.1111111111111111
Sivir,Jinx,BOTTOM,6,0.5
Sivir,Kaisa,BOTTOM,11,0.5454545454545454
Sivir,Kalista,BOTTOM,3,1.0
Sivir,Karthus,BOTTOM,5,0.6
Sivir,LeeSin,BOTTOM,1,1.0
Sivir,Locke,BOTTOM,1,0.0
Sivir,Lucian,BOTTOM,2,1.0
Sivir,Mel,BOTTOM,5,0.6
Sivir,Nidalee,BOTTOM,1,0.0
Sivir,Nilah,BOTTOM,1,0.0
Sivir,Samira,BOTTOM,2,0.5
Sivir,Senna,BOTTOM,1,0.0
Sivir,Seraphine,BOTTOM,2,0.0
Sivir,Singed,BOTTOM,1,1.0
Sivir,Smolder,BOTTOM,2,1.0
Sivir,Swain,BOTTOM,2,0.0
Sivir,Syndra,BOTTOM,2,0.5
Sivir,Syndra,MIDDLE,1,0.0
Sivir,TahmKench,BOTTOM,1,1.0
Sivir,Taric,BOTTOM,1,0.0
Sivir,Tristana,BOTTOM,3,0.3333333333333333
Sivir,TwistedFate,BOTTOM,1,1.0
Sivir,Twitch,BOTTOM,1,1.0
Sivir,Varus,BOTTOM,9,0.4444444444444444
Sivir,Vayne,BOTTOM,2,0.0
Sivir,Veigar,BOTTOM,2,1.0
Sivir,Velkoz,BOTTOM,3,0.0
Sivir,Viktor,BOTTOM,1,1.0
Sivir,Vladimir,BOTTOM,2,0.0
Sivir,Xayah,BOTTOM,3,0.0
Sivir,Xerath,BOTTOM,1,1.0
Sivir,Yasuo,BOTTOM,2,1.0
Sivir,Yunara,BOTTOM,11,0.5454545454545454
Sivir,Zeri,BOTTOM,5,0.6
Sivir,Ziggs,BOTTOM,9,0.6666666666666666
Sivir,Zoe,MIDDLE,1,1.0
Sivir,Zyra,BOTTOM,1,0.0
Skarner,Aatrox,JUNGLE,1,1.0
Skarner,Ambessa,JUNGLE,5,0.8
Skarner,Ambessa,TOP,2,0.5
Skarner,Belveth,JUNGLE,2,0.0
Skarner,Brand,JUNGLE,1,1.0
Skarner,Braum,SUPPORT,1,1.0
Skarner,Camille,SUPPORT,1,1.0
Skarner,Cassiopeia,TOP,1,1.0
Skarner,Diana,JUNGLE,1,0.0
Skarner,DrMundo,JUNGLE,1,1.0
Skarner,Ekko,JUNGLE,1,1.0
Skarner,Elise,JUNGLE,3,0.3333333333333333
Skarner,Elise,SUPPORT,1,1.0
Skarner,Fiora,TOP,1,1.0
Skarner,Gangplank,TOP,1,0.0
Skarner,Gnar,TOP,2,0.5
Skarner,Gragas,TOP,1,0.0
Skarner,Graves,JUNGLE,1,1.0
Skarner,Gwen,TOP,2,0.0
Skarner,Hecarim,JUNGLE,2,0.5
Skarner,Ivern,JUNGLE,2,0.5
Skarner,JarvanIV,JUNGLE,6,0.5
Skarner,Jayce,JUNGLE,1,1.0
Skarner,Jayce,TOP,4,0.5
Skarner,KSante,TOP,1,0.0
Skarner,Karma,SUPPORT,1,0.0
Skarner,Kayn,JUNGLE,5,1.0
Skarner,Kennen,TOP,1,1.0
Skarner,Khazix,JUNGLE,2,0.5
Skarner,Kindred,JUNGLE,2,1.0
Skarner,LeeSin,JUNGLE,20,0.6
Skarner,Leona,SUPPORT,1,0.0
Skarner,Lillia,JUNGLE,5,0.6
Skarner,Lissandra,TOP,1,1.0
Skarner,Maokai,SUPPORT,1,0.0
Skarner,MasterYi,JUNGLE,3,1.0
Skarner,Naafiri,JUNGLE,7,0.2857142857142857
Skarner,Neeko,SUPPORT,1,0.0
Skarner,Nocturne,JUNGLE,4,0.5
Skarner,Pantheon,JUNGLE,9,0.5555555555555556
Skarner,Pantheon,SUPPORT,2,0.5
Skarner,Poppy,TOP,1,1.0
Skarner,Pyke,SUPPORT,1,0.0
Skarner,Qiyana,JUNGLE,3,0.6666666666666666
Skarner,Quinn,JUNGLE,2,1.0
Skarner,RekSai,JUNGLE,2,0.0
Skarner,RekSai,TOP,1,0.0
Skarner,Rengar,JUNGLE,2,0.0
Skarner,Rengar,TOP,1,0.0
Skarner,Riven,TOP,1,1.0
Skarner,Rumble,TOP,2,0.5
Skarner,Sejuani,JUNGLE,1,1.0
Skarner,Senna,SUPPORT,1,0.0
Skarner,Seraphine,SUPPORT,2,0.0
Skarner,Shaco,JUNGLE,1,0.0
Skarner,Shyvana,JUNGLE,1,1.0
Skarner,Sion,TOP,2,0.0
Skarner,Sylas,JUNGLE,1,1.0
Skarner,Taliyah,JUNGLE,1,1.0
Skarner,Talon,JUNGLE,4,0.25
Skarner,Taric,SUPPORT,1,1.0
Skarner,Trundle,JUNGLE,4,0.5
Skarner,Vayne,JUNGLE,1,1.0
Skarner,Vayne,TOP,2,0.5
Skarner,Vi,JUNGLE,1,1.0
Skarner,Viego,JUNGLE,4,0.5
Skarner,XinZhao,JUNGLE,10,0.5
Skarner,Zaahen,TOP,1,1.0
Skarner,Zed,JUNGLE,1,1.0
Skarner,Zoe,SUPPORT,1,1.0
Skarner,Zyra,JUNGLE,2,0.0
Skarner,Zyra,SUPPORT,1,0.0
Smolder,Akali,MIDDLE,1,0.0
Smolder,Aphelios,BOTTOM,3,0.3333333333333333
Smolder,Ashe,BOTTOM,3,0.0
Smolder,AurelionSol,BOTTOM,2,0.5
Smolder,Azir,BOTTOM,1,0.0
Smolder,Azir,TOP,1,0.0
Smolder,Brand,BOTTOM,2,0.5
Smolder,Caitlyn,BOTTOM,2,0.5
Smolder,Chogath,BOTTOM,1,1.0
Smolder,Corki,BOTTOM,6,0.3333333333333333
Smolder,Draven,BOTTOM,2,0.0
Smolder,Ezreal,BOTTOM,6,0.6666666666666666
Smolder,Galio,MIDDLE,7,0.2857142857142857
Smolder,Hwei,BOTTOM,1,1.0
Smolder,Hwei,MIDDLE,1,1.0
Smolder,Illaoi,TOP,1,0.0
Smolder,Jhin,BOTTOM,5,0.2
Smolder,Kaisa,BOTTOM,5,0.6
Smolder,Kalista,BOTTOM,2,0.0
Smolder,Karthus,BOTTOM,4,0.5
Smolder,Kassadin,MIDDLE,1,1.0
Smolder,Lucian,BOTTOM,4,1.0
Smolder,Malzahar,MIDDLE,2,0.0
Smolder,Mel,BOTTOM,2,1.0
Smolder,MissFortune,BOTTOM,1,0.0
Smolder,Orianna,MIDDLE,1,0.0
Smolder,Ornn,MIDDLE,1,1.0
Smolder,Riven,BOTTOM,1,1.0
Smolder,Rumble,MIDDLE,1,1.0
Smolder,Ryze,MIDDLE,1,1.0
Smolder,Samira,BOTTOM,1,1.0
Smolder,Senna,BOTTOM,1,0.0
Smolder,Singed,BOTTOM,1,0.0
Smolder,Sion,TOP,3,0.6666666666666666
Smolder,Sivir,BOTTOM,2,0.0
Smolder,Swain,BOTTOM,2,0.5
Smolder,Sylas,BOTTOM,3,0.6666666666666666
Smolder,Sylas,MIDDLE,2,0.0
Smolder,Syndra,MIDDLE,1,0.0
Smolder,Tristana,BOTTOM,5,0.2
Smolder,Varus,BOTTOM,4,0.25
Smolder,Veigar,BOTTOM,1,1.0
Smolder,Vladimir,BOTTOM,2,0.5
Smolder,Xayah,BOTTOM,3,0.6666666666666666
Smolder,Yasuo,BOTTOM,1,1.0
Smolder,Yorick,TOP,1,1.0
Smolder,Yunara,BOTTOM,4,0.5
Smolder,Zeri,BOTTOM,4,0.75
Smolder,Zoe,MIDDLE,2,1.0
Smolder,Zyra,BOTTOM,1,1.0
Sona,Alistar,SUPPORT,15,0.4
Sona,Anivia,SUPPORT,7,0.8571428571428571
Sona,Annie,SUPPORT,1,1.0
Sona,Bard,SUPPORT,17,0.6470588235294118
Sona,Blitzcrank,SUPPORT,8,0.625
Sona,Braum,SUPPORT,3,0.3333333333333333
Sona,Camille,SUPPORT,2,1.0
Sona,Elise,SUPPORT,4,0.5
Sona,FiddleSticks,SUPPORT,1,1.0
Sona,Galio,SUPPORT,1,1.0
Sona,Hwei,SUPPORT,1,0.0
Sona,Janna,SUPPORT,6,0.5
Sona,Karma,SUPPORT,24,0.5833333333333334
Sona,Leblanc,SUPPORT,3,0.3333333333333333
Sona,LeeSin,SUPPORT,1,1.0
Sona,Leona,SUPPORT,10,0.6
Sona,Lissandra,SUPPORT,1,0.0
Sona,Lulu,SUPPORT,13,0.38461538461538464
Sona,Lux,SUPPORT,4,1.0
Sona,Maokai,SUPPORT,1,1.0
Sona,Milio,SUPPORT,4,0.5
Sona,Morgana,SUPPORT,1,1.0
Sona,Nami,SUPPORT,16,0.5
Sona,Nautilus,SUPPORT,20,0.5
Sona,Neeko,SUPPORT,7,0.2857142857142857
Sona,Nidalee,SUPPORT,3,0.3333333333333333
Sona,Ornn,SUPPORT,1,1.0
Sona,Pantheon,SUPPORT,3,0.6666666666666666
Sona,Poppy,SUPPORT,2,0.0
Sona,Pyke,SUPPORT,8,0.125
Sona,Quinn,SUPPORT,1,1.0
Sona,Rakan,SUPPORT,10,0.5
Sona,RekSai,SUPPORT,1,0.0
Sona,Rell,SUPPORT,7,0.7142857142857143
Sona,Senna,SUPPORT,7,0.7142857142857143
Sona,Seraphine,SUPPORT,9,0.5555555555555556
Sona,Soraka,SUPPORT,11,0.5454545454545454
Sona,Swain,SUPPORT,1,1.0
Sona,Sylas,SUPPORT,2,0.0
Sona,TahmKench,SUPPORT,1,0.0
Sona,Taliyah,SUPPORT,1,1.0
Sona,Thresh,SUPPORT,16,0.625
Sona,Trundle,SUPPORT,1,0.0
Sona,TwistedFate,SUPPORT,1,1.0
Sona,Velkoz,SUPPORT,1,1.0
Sona,Yuumi,SUPPORT,3,0.3333333333333333
Sona,Zaahen,SUPPORT,1,1.0
Sona,Zilean,SUPPORT,3,0.6666666666666666
Sona,Zoe,SUPPORT,4,0.75
Sona,Zyra,SUPPORT,2,1.0
Soraka,Ahri,SUPPORT,1,0.0
Soraka,Alistar,SUPPORT,5,0.4
Soraka,Amumu,SUPPORT,1,1.0
Soraka,Anivia,SUPPORT,5,1.0
Soraka,Annie,SUPPORT,1,1.0
Soraka,AurelionSol,BOTTOM,1,1.0
Soraka,Bard,SUPPORT,8,0.5
Soraka,Blitzcrank,SUPPORT,6,0.5
Soraka,Brand,SUPPORT,2,0.0
Soraka,Camille,SUPPORT,1,0.0
Soraka,Elise,SUPPORT,1,0.0
Soraka,Fiora,TOP,1,1.0
Soraka,Gangplank,TOP,1,1.0
Soraka,Ivern,SUPPORT,2,1.0
Soraka,Janna,SUPPORT,7,0.5714285714285714
Soraka,Jayce,TOP,1,1.0
Soraka,KSante,TOP,1,0.0
Soraka,Karma,SUPPORT,21,0.5714285714285714
Soraka,Leona,SUPPORT,5,0.4
Soraka,Locke,SUPPORT,1,0.0
Soraka,Lulu,SUPPORT,8,0.75
Soraka,Lux,SUPPORT,1,0.0
Soraka,Milio,SUPPORT,2,0.5
Soraka,Morgana,SUPPORT,2,1.0
Soraka,Nami,SUPPORT,14,0.2857142857142857
Soraka,Nautilus,SUPPORT,17,0.5882352941176471
Soraka,Neeko,SUPPORT,5,0.0
Soraka,Nidalee,SUPPORT,1,0.0
Soraka,Olaf,TOP,1,0.0
Soraka,Pantheon,SUPPORT,6,0.5
Soraka,Poppy,SUPPORT,2,0.5
Soraka,Pyke,SUPPORT,6,0.6666666666666666
Soraka,Rakan,SUPPORT,7,0.7142857142857143
Soraka,Rell,SUPPORT,1,0.0
Soraka,Renata,SUPPORT,3,1.0
Soraka,Senna,SUPPORT,6,0.8333333333333334
Soraka,Seraphine,SUPPORT,10,0.3
Soraka,Sona,SUPPORT,11,0.45454545454545453
Soraka,Sylas,SUPPORT,1,0.0
Soraka,TahmKench,SUPPORT,2,0.0
Soraka,Taliyah,SUPPORT,1,0.0
Soraka,Taric,SUPPORT,1,0.0
Soraka,Thresh,SUPPORT,5,0.6
Soraka,Velkoz,SUPPORT,2,1.0
Soraka,Viego,SUPPORT,1,1.0
Soraka,Xerath,SUPPORT,1,1.0
Soraka,Yone,TOP,1,0.0
Soraka,Yuumi,SUPPORT,1,1.0
Soraka,Zilean,SUPPORT,1,1.0
Soraka,Zoe,SUPPORT,1,1.0
Soraka,Zyra,SUPPORT,2,0.5
Swain,Aatrox,TOP,1,0.0
Swain,Ahri,MIDDLE,3,0.3333333333333333
Swain,Alistar,SUPPORT,2,1.0
Swain,Anivia,MIDDLE,1,0.0
Swain,Anivia,SUPPORT,1,1.0
Swain,Annie,MIDDLE,1,1.0
Swain,Aphelios,BOTTOM,2,1.0
Swain,Ashe,BOTTOM,4,0.5
Swain,AurelionSol,BOTTOM,1,1.0
Swain,AurelionSol,TOP,1,0.0
Swain,Aurora,MIDDLE,1,0.0
Swain,Bard,SUPPORT,3,0.0
Swain,Blitzcrank,SUPPORT,1,0.0
Swain,Brand,SUPPORT,1,0.0
Swain,Caitlyn,BOTTOM,4,0.5
Swain,Camille,SUPPORT,1,1.0
Swain,Cassiopeia,BOTTOM,1,0.0
Swain,Corki,BOTTOM,3,0.0
Swain,Draven,BOTTOM,2,1.0
Swain,Ekko,BOTTOM,1,0.0
Swain,Ezreal,BOTTOM,3,1.0
Swain,FiddleSticks,SUPPORT,1,1.0
Swain,Fiora,TOP,2,1.0
Swain,Hwei,BOTTOM,3,1.0
Swain,Hwei,SUPPORT,1,0.0
Swain,Irelia,TOP,1,1.0
Swain,Janna,SUPPORT,1,1.0
Swain,Jayce,TOP,2,0.5
Swain,Jhin,BOTTOM,7,0.42857142857142855
Swain,Jinx,BOTTOM,3,0.6666666666666666
Swain,KSante,TOP,1,0.0
Swain,Kaisa,BOTTOM,3,0.6666666666666666
Swain,Kalista,BOTTOM,1,1.0
Swain,Karma,SUPPORT,1,0.0
Swain,Katarina,MIDDLE,1,1.0
Swain,Kayle,TOP,1,1.0
Swain,Leblanc,MIDDLE,1,0.0
Swain,Lucian,BOTTOM,3,1.0
Swain,Lucian,MIDDLE,1,1.0
Swain,Lulu,SUPPORT,1,0.0
Swain,Lux,BOTTOM,1,0.0
Swain,Malphite,TOP,1,1.0
Swain,Mel,BOTTOM,4,0.25
Swain,Milio,SUPPORT,2,0.5
Swain,MissFortune,BOTTOM,1,0.0
Swain,MonkeyKing,BOTTOM,1,1.0
Swain,Morgana,BOTTOM,1,0.0
Swain,Nautilus,SUPPORT,5,0.6
Swain,Neeko,BOTTOM,1,1.0
Swain,Orianna,MIDDLE,1,0.0
Swain,Pantheon,TOP,1,0.0
Swain,Poppy,SUPPORT,1,0.0
Swain,Qiyana,MIDDLE,1,0.0
Swain,Qiyana,SUPPORT,1,1.0
Swain,Rakan,SUPPORT,4,0.5
Swain,Ryze,MIDDLE,1,0.0
Swain,Senna,BOTTOM,1,0.0
Swain,Senna,SUPPORT,1,1.0
Swain,Shaco,SUPPORT,1,1.0
Swain,Sion,TOP,1,1.0
Swain,Sivir,BOTTOM,2,1.0
Swain,Smolder,BOTTOM,2,0.5
Swain,Sona,SUPPORT,1,0.0
Swain,Sylas,BOTTOM,1,1.0
Swain,Sylas,MIDDLE,1,1.0
Swain,Syndra,BOTTOM,1,1.0
Swain,Taric,SUPPORT,1,1.0
Swain,Teemo,TOP,2,0.5
Swain,Tristana,BOTTOM,3,0.3333333333333333
Swain,TwistedFate,MIDDLE,1,1.0
Swain,Udyr,TOP,1,0.0
Swain,Urgot,TOP,1,1.0
Swain,Varus,BOTTOM,4,0.25
Swain,Varus,TOP,1,0.0
Swain,Vayne,BOTTOM,2,0.5
Swain,Vex,TOP,1,1.0
Swain,Viktor,MIDDLE,1,1.0
Swain,Vladimir,BOTTOM,1,1.0
Swain,Vladimir,MIDDLE,2,0.5
Swain,Xayah,BOTTOM,1,0.0
Swain,Xerath,BOTTOM,1,0.0
Swain,Yasuo,BOTTOM,3,1.0
Swain,Yasuo,MIDDLE,1,0.0
Swain,Yasuo,TOP,1,1.0
Swain,Yone,MIDDLE,3,0.3333333333333333
Swain,Yunara,BOTTOM,11,0.6363636363636364
Swain,Yuumi,SUPPORT,1,0.0
Swain,Zeri,BOTTOM,2,0.0
Sylas,Aatrox,JUNGLE,6,0.3333333333333333
Sylas,Aatrox,MIDDLE,1,0.0
Sylas,Ahri,MIDDLE,38,0.34210526315789475
Sylas,Akali,MIDDLE,12,0.25
Sylas,Akshan,MIDDLE,3,0.6666666666666666
Sylas,Alistar,SUPPORT,7,0.42857142857142855
Sylas,Ambessa,JUNGLE,9,0.2222222222222222
Sylas,Ambessa,TOP,4,0.25
Sylas,Amumu,SUPPORT,2,1.0
Sylas,Anivia,MIDDLE,6,0.5
Sylas,Anivia,SUPPORT,1,0.0
Sylas,Anivia,TOP,1,1.0
Sylas,Annie,MIDDLE,2,0.5
Sylas,Ashe,SUPPORT,1,0.0
Sylas,AurelionSol,MIDDLE,2,0.5
Sylas,Aurora,MIDDLE,15,0.7333333333333333
Sylas,Azir,MIDDLE,4,0.5
Sylas,Bard,SUPPORT,2,0.0
Sylas,Belveth,JUNGLE,2,0.5
Sylas,Blitzcrank,SUPPORT,2,0.5
Sylas,Brand,JUNGLE,1,0.0
Sylas,Briar,JUNGLE,1,0.0
Sylas,Caitlyn,BOTTOM,1,1.0
Sylas,Camille,SUPPORT,2,1.0
Sylas,Cassiopeia,MIDDLE,6,0.8333333333333334
Sylas,Chogath,JUNGLE,7,0.42857142857142855
Sylas,Chogath,TOP,1,0.0
Sylas,Corki,BOTTOM,1,1.0
Sylas,Corki,TOP,1,0.0
Sylas,Diana,JUNGLE,2,0.5
Sylas,Diana,MIDDLE,1,0.0
Sylas,DrMundo,JUNGLE,2,0.5
Sylas,Ekko,JUNGLE,3,0.6666666666666666
Sylas,Ekko,MIDDLE,11,0.6363636363636364
Sylas,Elise,JUNGLE,3,0.6666666666666666
Sylas,Elise,SUPPORT,1,1.0
Sylas,Evelynn,JUNGLE,1,1.0
Sylas,Ezreal,BOTTOM,1,0.0
Sylas,FiddleSticks,JUNGLE,3,0.0
Sylas,FiddleSticks,MIDDLE,1,0.0
Sylas,Fiora,TOP,1,1.0
Sylas,Fizz,MIDDLE,4,0.25
Sylas,Galio,MIDDLE,5,0.8
Sylas,Gangplank,TOP,1,1.0
Sylas,Gnar,MIDDLE,1,0.0
Sylas,Gnar,TOP,15,0.5333333333333333
Sylas,Gragas,JUNGLE,1,0.0
Sylas,Gragas,TOP,2,0.0
Sylas,Graves,JUNGLE,9,0.8888888888888888
Sylas,Gwen,TOP,1,1.0
Sylas,Hecarim,JUNGLE,13,0.7692307692307693
Sylas,Heimerdinger,MIDDLE,2,1.0
Sylas,Hwei,MIDDLE,4,0.5
Sylas,Irelia,MIDDLE,3,1.0
Sylas,Ivern,JUNGLE,1,1.0
Sylas,Janna,SUPPORT,1,0.0
Sylas,JarvanIV,JUNGLE,9,0.6666666666666666
Sylas,Jax,MIDDLE,2,1.0
Sylas,Jax,TOP,2,0.5
Sylas,Jayce,JUNGLE,3,0.3333333333333333
Sylas,Jayce,MIDDLE,3,0.0
Sylas,Jayce,TOP,3,0.6666666666666666
Sylas,Jhin,BOTTOM,2,0.5
Sylas,Jhin,TOP,1,1.0
Sylas,Jinx,BOTTOM,2,0.0
Sylas,Kalista,BOTTOM,1,1.0
Sylas,Karma,MIDDLE,2,1.0
Sylas,Karma,SUPPORT,2,1.0
Sylas,Karthus,JUNGLE,1,1.0
Sylas,Kassadin,MIDDLE,2,0.5
Sylas,Katarina,MIDDLE,9,0.3333333333333333
Sylas,Katarina,TOP,1,0.0
Sylas,Kayle,MIDDLE,3,0.3333333333333333
Sylas,Kayn,JUNGLE,1,0.0
Sylas,Kennen,MIDDLE,1,1.0
Sylas,Kennen,TOP,1,0.0
Sylas,Khazix,JUNGLE,4,0.5
Sylas,Kindred,JUNGLE,5,0.4
Sylas,Leblanc,MIDDLE,6,0.8333333333333334
Sylas,Leblanc,SUPPORT,1,1.0
Sylas,LeeSin,JUNGLE,15,0.4666666666666667
Sylas,Leona,SUPPORT,3,0.3333333333333333
Sylas,Lissandra,MIDDLE,13,0.6153846153846154
Sylas,Locke,MIDDLE,6,0.5
Sylas,Lucian,BOTTOM,1,1.0
Sylas,Lucian,MIDDLE,3,0.6666666666666666
Sylas,Lux,MIDDLE,3,1.0
Sylas,Malphite,MIDDLE,2,0.0
Sylas,Malphite,TOP,10,0.5
Sylas,Malzahar,MIDDLE,2,0.5
Sylas,MasterYi,JUNGLE,1,1.0
Sylas,MonkeyKing,JUNGLE,4,0.5
Sylas,Morgana,SUPPORT,1,0.0
Sylas,Naafiri,JUNGLE,6,0.6666666666666666
Sylas,Naafiri,MIDDLE,1,0.0
Sylas,Nami,SUPPORT,1,0.0
Sylas,Nautilus,SUPPORT,3,0.3333333333333333
Sylas,Neeko,MIDDLE,2,1.0
Sylas,Nidalee,JUNGLE,1,1.0
Sylas,Nilah,BOTTOM,1,0.0
Sylas,Nocturne,JUNGLE,8,0.375
Sylas,Nunu,JUNGLE,4,0.5
Sylas,Nunu,MIDDLE,2,1.0
Sylas,Olaf,MIDDLE,1,1.0
Sylas,Olaf,TOP,1,0.0
Sylas,Orianna,MIDDLE,13,0.5384615384615384
Sylas,Orianna,TOP,1,1.0
Sylas,Ornn,MIDDLE,2,0.0
Sylas,Ornn,TOP,4,0.5
Sylas,Pantheon,JUNGLE,4,0.75
Sylas,Pantheon,MIDDLE,2,0.0
Sylas,Pantheon,SUPPORT,2,0.0
Sylas,Pantheon,TOP,1,0.0
Sylas,Poppy,JUNGLE,1,0.0
Sylas,Poppy,SUPPORT,1,0.0
Sylas,Poppy,TOP,1,1.0
Sylas,Pyke,SUPPORT,2,0.5
Sylas,Qiyana,JUNGLE,13,0.3076923076923077
Sylas,Qiyana,MIDDLE,7,0.2857142857142857
Sylas,Quinn,MIDDLE,1,1.0
Sylas,RekSai,JUNGLE,1,0.0
Sylas,RekSai,TOP,1,1.0
Sylas,Renekton,TOP,1,1.0
Sylas,Rengar,JUNGLE,4,1.0
Sylas,Riven,JUNGLE,2,0.0
Sylas,Riven,MIDDLE,1,1.0
Sylas,Rumble,TOP,1,0.0
Sylas,Ryze,MIDDLE,10,0.6
Sylas,Seraphine,BOTTOM,1,0.0
Sylas,Seraphine,SUPPORT,2,1.0
Sylas,Sett,MIDDLE,1,1.0
Sylas,Shaco,JUNGLE,5,0.0
Sylas,Shen,JUNGLE,1,0.0
Sylas,Shen,TOP,1,0.0
Sylas,Shyvana,JUNGLE,2,0.5
Sylas,Singed,TOP,1,0.0
Sylas,Sion,MIDDLE,2,0.0
Sylas,Sion,TOP,1,1.0
Sylas,Skarner,JUNGLE,1,0.0
Sylas,Smolder,BOTTOM,3,0.3333333333333333
Sylas,Smolder,MIDDLE,2,1.0
Sylas,Sona,SUPPORT,2,1.0
Sylas,Soraka,SUPPORT,1,1.0
Sylas,Swain,BOTTOM,1,0.0
Sylas,Swain,MIDDLE,1,0.0
Sylas,Syndra,MIDDLE,9,0.6666666666666666
Sylas,Syndra,TOP,1,1.0
Sylas,Taliyah,JUNGLE,1,0.0
Sylas,Taliyah,MIDDLE,3,1.0
Sylas,Talon,JUNGLE,6,0.6666666666666666
Sylas,Talon,MIDDLE,2,0.5
Sylas,Thresh,SUPPORT,1,1.0
Sylas,Tristana,BOTTOM,2,0.5
Sylas,Trundle,JUNGLE,1,0.0
Sylas,TwistedFate,MIDDLE,11,0.5454545454545454
Sylas,Udyr,JUNGLE,2,0.5
Sylas,Udyr,MIDDLE,1,0.0
Sylas,Vayne,MIDDLE,1,0.0
Sylas,Vayne,TOP,2,1.0
Sylas,Veigar,MIDDLE,1,0.0
Sylas,Vex,MIDDLE,6,0.3333333333333333
Sylas,Vi,JUNGLE,6,0.16666666666666666
Sylas,Viego,JUNGLE,4,0.25
Sylas,Viego,MIDDLE,1,1.0
Sylas,Viktor,MIDDLE,11,0.6363636363636364
Sylas,Vladimir,MIDDLE,3,0.6666666666666666
Sylas,Volibear,MIDDLE,1,1.0
Sylas,Warwick,JUNGLE,1,0.0
Sylas,XinZhao,JUNGLE,5,1.0
Sylas,Yasuo,BOTTOM,1,0.0
Sylas,Yasuo,MIDDLE,6,0.3333333333333333
Sylas,Yone,MIDDLE,19,0.631578947368421
Sylas,Yuumi,SUPPORT,1,1.0
Sylas,Zaahen,JUNGLE,1,0.0
Sylas,Zed,JUNGLE,1,1.0
Sylas,Zed,MIDDLE,6,0.3333333333333333
Sylas,Zilean,BOTTOM,1,0.0
Sylas,Zilean,MIDDLE,3,0.3333333333333333
Sylas,Zilean,SUPPORT,1,1.0
Sylas,Zoe,MIDDLE,7,0.2857142857142857
Sylas,Zoe,SUPPORT,1,0.0
Sylas,Zyra,BOTTOM,1,0.0
Sylas,Zyra,JUNGLE,1,1.0
Syndra,Ahri,BOTTOM,1,1.0
Syndra,Ahri,MIDDLE,10,0.8
Syndra,Akali,MIDDLE,20,0.25
Syndra,Akshan,BOTTOM,1,0.0
Syndra,Akshan,MIDDLE,6,0.8333333333333334
Syndra,Ambessa,TOP,1,0.0
Syndra,Anivia,BOTTOM,1,0.0
Syndra,Anivia,MIDDLE,10,0.5
Syndra,Anivia,TOP,1,0.0
Syndra,Annie,MIDDLE,5,0.6
Syndra,Aphelios,BOTTOM,3,0.3333333333333333
Syndra,Ashe,BOTTOM,1,0.0
Syndra,AurelionSol,MIDDLE,2,0.5
Syndra,Aurora,BOTTOM,1,1.0
Syndra,Aurora,MIDDLE,9,0.5555555555555556
Syndra,Azir,BOTTOM,2,1.0
Syndra,Azir,MIDDLE,4,0.5
Syndra,Azir,TOP,1,0.0
Syndra,Caitlyn,BOTTOM,5,0.4
Syndra,Camille,MIDDLE,1,1.0
Syndra,Cassiopeia,BOTTOM,1,0.0
Syndra,Cassiopeia,MIDDLE,10,0.4
Syndra,Chogath,MIDDLE,1,1.0
Syndra,Corki,BOTTOM,1,0.0
Syndra,Corki,MIDDLE,1,1.0
Syndra,Diana,BOTTOM,1,1.0
Syndra,Diana,MIDDLE,6,0.5
Syndra,Draven,MIDDLE,1,1.0
Syndra,Ekko,BOTTOM,1,0.0
Syndra,Ekko,MIDDLE,6,0.6666666666666666
Syndra,Elise,MIDDLE,1,0.0
Syndra,Ezreal,BOTTOM,11,0.7272727272727273
Syndra,Fizz,MIDDLE,2,1.0
Syndra,Galio,MIDDLE,12,0.5833333333333334
Syndra,Gangplank,MIDDLE,3,0.6666666666666666
Syndra,Garen,BOTTOM,1,0.0
Syndra,Garen,MIDDLE,1,1.0
Syndra,Gragas,MIDDLE,1,0.0
Syndra,Hwei,MIDDLE,3,0.3333333333333333
Syndra,Irelia,MIDDLE,2,0.5
Syndra,Jayce,MIDDLE,3,0.3333333333333333
Syndra,Jhin,BOTTOM,10,0.5
Syndra,Jinx,BOTTOM,3,0.6666666666666666
Syndra,Kaisa,BOTTOM,6,0.6666666666666666
Syndra,Kalista,BOTTOM,1,0.0
Syndra,Kalista,MIDDLE,1,1.0
Syndra,Karthus,BOTTOM,1,0.0
Syndra,Katarina,BOTTOM,2,0.0
Syndra,Katarina,MIDDLE,2,0.0
Syndra,Kayle,MIDDLE,2,0.5
Syndra,Kennen,TOP,1,1.0
Syndra,KogMaw,BOTTOM,2,1.0
Syndra,Leblanc,MIDDLE,13,0.6923076923076923
Syndra,LeeSin,MIDDLE,1,1.0
Syndra,Lissandra,MIDDLE,1,0.0
Syndra,Locke,BOTTOM,1,1.0
Syndra,Locke,MIDDLE,24,0.6666666666666666
Syndra,Lucian,BOTTOM,4,0.5
Syndra,Lucian,MIDDLE,4,0.75
Syndra,Lux,BOTTOM,2,0.5
Syndra,Lux,MIDDLE,1,1.0
Syndra,Malphite,MIDDLE,2,0.0
Syndra,Malzahar,MIDDLE,2,0.5
Syndra,Mel,MIDDLE,2,1.0
Syndra,MissFortune,BOTTOM,2,0.0
Syndra,Naafiri,MIDDLE,1,0.0
Syndra,Nasus,MIDDLE,4,0.75
Syndra,Neeko,MIDDLE,1,0.0
Syndra,Nidalee,MIDDLE,1,0.0
Syndra,Nunu,MIDDLE,2,0.5
Syndra,Orianna,MIDDLE,10,0.4
Syndra,Pantheon,MIDDLE,1,0.0
Syndra,Poppy,MIDDLE,1,0.0
Syndra,Qiyana,MIDDLE,2,1.0
Syndra,Riven,MIDDLE,2,0.5
Syndra,Ryze,MIDDLE,9,0.5555555555555556
Syndra,Seraphine,BOTTOM,2,0.0
Syndra,Sivir,BOTTOM,2,0.5
Syndra,Sivir,MIDDLE,1,1.0
Syndra,Smolder,MIDDLE,1,1.0
Syndra,Swain,BOTTOM,1,0.0
Syndra,Sylas,MIDDLE,9,0.3333333333333333
Syndra,Sylas,TOP,1,0.0
Syndra,Taliyah,BOTTOM,1,1.0
Syndra,Taliyah,MIDDLE,8,0.5
Syndra,Talon,MIDDLE,4,0.5
Syndra,Teemo,TOP,1,0.0
Syndra,Thresh,SUPPORT,1,1.0
Syndra,Tristana,BOTTOM,3,0.3333333333333333
Syndra,Tristana,MIDDLE,5,1.0
Syndra,Tryndamere,MIDDLE,4,0.75
Syndra,TwistedFate,MIDDLE,12,0.5833333333333334
Syndra,Twitch,BOTTOM,1,1.0
Syndra,Varus,BOTTOM,1,0.0
Syndra,Vayne,BOTTOM,1,1.0
Syndra,Veigar,BOTTOM,1,0.0
Syndra,Veigar,MIDDLE,3,0.6666666666666666
Syndra,Velkoz,BOTTOM,1,1.0
Syndra,Vex,MIDDLE,2,0.0
Syndra,Viktor,BOTTOM,2,0.5
Syndra,Viktor,MIDDLE,14,0.7142857142857143
Syndra,Vladimir,BOTTOM,1,1.0
Syndra,Vladimir,MIDDLE,4,0.75
Syndra,Xayah,MIDDLE,1,1.0
Syndra,Xerath,BOTTOM,1,1.0
Syndra,Xerath,MIDDLE,10,0.6
Syndra,Yasuo,MIDDLE,6,0.16666666666666666
Syndra,Yone,MIDDLE,20,0.5
Syndra,Yunara,BOTTOM,8,0.625
Syndra,Zaahen,MIDDLE,1,1.0
Syndra,Zac,MIDDLE,3,0.3333333333333333
Syndra,Zed,MIDDLE,10,0.4
Syndra,Zeri,BOTTOM,2,0.0
Syndra,Ziggs,BOTTOM,2,1.0
Syndra,Ziggs,MIDDLE,1,1.0
Syndra,Zoe,BOTTOM,1,1.0
Syndra,Zoe,MIDDLE,8,0.5
Syndra,Zyra,BOTTOM,1,1.0
TahmKench,Amumu,SUPPORT,1,0.0
TahmKench,Blitzcrank,SUPPORT,1,1.0
TahmKench,Braum,SUPPORT,1,0.0
TahmKench,DrMundo,TOP,1,1.0
TahmKench,Fiora,TOP,1,1.0
TahmKench,Gangplank,TOP,1,0.0
TahmKench,Garen,TOP,1,0.0
TahmKench,Jayce,TOP,1,1.0
TahmKench,Leona,SUPPORT,1,0.0
TahmKench,Lulu,SUPPORT,1,1.0
TahmKench,Lux,SUPPORT,1,1.0
TahmKench,Morgana,SUPPORT,1,1.0
TahmKench,Nautilus,SUPPORT,6,0.5
TahmKench,Neeko,SUPPORT,1,1.0
TahmKench,Rakan,SUPPORT,1,0.0
TahmKench,Rell,SUPPORT,2,0.0
TahmKench,Seraphine,SUPPORT,1,0.0
TahmKench,Shen,TOP,1,1.0
TahmKench,Sivir,BOTTOM,1,0.0
TahmKench,Sona,SUPPORT,1,1.0
TahmKench,Soraka,SUPPORT,2,1.0
TahmKench,Thresh,SUPPORT,3,0.6666666666666666
TahmKench,Varus,TOP,1,1.0
TahmKench,Vayne,TOP,1,1.0
TahmKench,Velkoz,TOP,1,1.0
TahmKench,Yone,TOP,1,0.0
TahmKench,Yuumi,SUPPORT,1,1.0
TahmKench,Zed,TOP,1,0.0
Taliyah,Aatrox,JUNGLE,2,0.5
Taliyah,Ahri,MIDDLE,10,0.5
Taliyah,Akali,MIDDLE,5,0.6
Taliyah,Akshan,MIDDLE,4,0.5
Taliyah,Alistar,SUPPORT,3,0.6666666666666666
Taliyah,Ambessa,JUNGLE,7,0.2857142857142857
Taliyah,Ambessa,MIDDLE,1,0.0
Taliyah,Annie,MIDDLE,2,0.5
Taliyah,Annie,SUPPORT,1,0.0
Taliyah,Aphelios,BOTTOM,1,1.0
Taliyah,AurelionSol,MIDDLE,2,0.5
Taliyah,Aurora,MIDDLE,7,1.0
Taliyah,Azir,MIDDLE,4,0.75
Taliyah,Belveth,JUNGLE,3,0.6666666666666666
Taliyah,Brand,JUNGLE,1,0.0
Taliyah,Braum,SUPPORT,1,1.0
Taliyah,Caitlyn,BOTTOM,1,0.0
Taliyah,Camille,JUNGLE,1,1.0
Taliyah,Camille,SUPPORT,1,1.0
Taliyah,Cassiopeia,MIDDLE,4,0.75
Taliyah,Chogath,JUNGLE,1,1.0
Taliyah,DrMundo,JUNGLE,1,0.0
Taliyah,Ekko,JUNGLE,3,0.3333333333333333
Taliyah,Ekko,MIDDLE,2,0.5
Taliyah,Elise,SUPPORT,1,0.0
Taliyah,Evelynn,JUNGLE,1,0.0
Taliyah,Fizz,MIDDLE,1,1.0
Taliyah,Galio,MIDDLE,4,1.0
Taliyah,Galio,SUPPORT,1,1.0
Taliyah,Graves,JUNGLE,5,0.4
Taliyah,Gwen,MIDDLE,2,0.5
Taliyah,Hecarim,JUNGLE,2,0.5
Taliyah,Hwei,MIDDLE,1,1.0
Taliyah,Irelia,MIDDLE,1,1.0
Taliyah,Ivern,JUNGLE,2,0.5
Taliyah,JarvanIV,JUNGLE,6,0.5
Taliyah,Jax,SUPPORT,1,0.0
Taliyah,Jayce,JUNGLE,3,0.6666666666666666
Taliyah,Jayce,MIDDLE,2,0.5
Taliyah,Jhin,BOTTOM,1,1.0
Taliyah,KSante,MIDDLE,1,0.0
Taliyah,Kaisa,BOTTOM,2,0.5
Taliyah,Kalista,BOTTOM,1,1.0
Taliyah,Kalista,MIDDLE,1,1.0
Taliyah,Karma,SUPPORT,1,1.0
Taliyah,Karthus,JUNGLE,1,0.0
Taliyah,Kassadin,MIDDLE,1,1.0
Taliyah,Katarina,MIDDLE,2,1.0
Taliyah,Kayle,MIDDLE,1,0.0
Taliyah,Kayn,JUNGLE,3,0.6666666666666666
Taliyah,Kindred,JUNGLE,2,0.0
Taliyah,Leblanc,MIDDLE,9,0.5555555555555556
Taliyah,LeeSin,JUNGLE,13,0.6153846153846154
Taliyah,Leona,SUPPORT,2,0.5
Taliyah,Lissandra,MIDDLE,4,0.75
Taliyah,Locke,MIDDLE,5,0.6
Taliyah,Locke,SUPPORT,1,0.0
Taliyah,Lucian,BOTTOM,1,1.0
Taliyah,Lucian,MIDDLE,1,1.0
Taliyah,Lulu,SUPPORT,1,0.0
Taliyah,Malzahar,MIDDLE,1,1.0
Taliyah,MasterYi,JUNGLE,1,1.0
Taliyah,Mel,MIDDLE,2,0.5
Taliyah,MonkeyKing,JUNGLE,3,0.6666666666666666
Taliyah,Naafiri,JUNGLE,1,0.0
Taliyah,Nasus,MIDDLE,2,0.5
Taliyah,Nautilus,SUPPORT,1,1.0
Taliyah,Nidalee,JUNGLE,4,0.5
Taliyah,Nocturne,JUNGLE,3,0.6666666666666666
Taliyah,Olaf,JUNGLE,1,0.0
Taliyah,Orianna,MIDDLE,11,0.36363636363636365
Taliyah,Pantheon,JUNGLE,5,0.4
Taliyah,Pyke,MIDDLE,1,1.0
Taliyah,Pyke,SUPPORT,1,0.0
Taliyah,Qiyana,JUNGLE,2,0.5
Taliyah,Qiyana,MIDDLE,4,0.5
Taliyah,Quinn,MIDDLE,4,0.25
Taliyah,RekSai,JUNGLE,2,0.0
Taliyah,Rell,SUPPORT,1,1.0
Taliyah,Ryze,MIDDLE,17,0.47058823529411764
Taliyah,Samira,BOTTOM,1,1.0
Taliyah,Sejuani,JUNGLE,1,1.0
Taliyah,Seraphine,BOTTOM,1,1.0
Taliyah,Shen,SUPPORT,1,0.0
Taliyah,Shen,TOP,1,1.0
Taliyah,Sion,MIDDLE,1,1.0
Taliyah,Skarner,JUNGLE,1,0.0
Taliyah,Sona,SUPPORT,1,0.0
Taliyah,Soraka,SUPPORT,1,1.0
Taliyah,Sylas,JUNGLE,1,1.0
Taliyah,Sylas,MIDDLE,3,0.0
Taliyah,Syndra,BOTTOM,1,0.0
Taliyah,Syndra,MIDDLE,8,0.5
Taliyah,Talon,JUNGLE,1,1.0
Taliyah,Talon,MIDDLE,1,1.0
Taliyah,Thresh,SUPPORT,1,1.0
Taliyah,Tristana,BOTTOM,1,0.0
Taliyah,Tristana,MIDDLE,1,0.0
Taliyah,TwistedFate,MIDDLE,1,0.0
Taliyah,Udyr,JUNGLE,1,0.0
Taliyah,Vayne,MIDDLE,1,1.0
Taliyah,Vi,JUNGLE,8,0.25
Taliyah,Viego,JUNGLE,1,1.0
Taliyah,Viktor,MIDDLE,5,0.2
Taliyah,Vladimir,MIDDLE,2,0.5
Taliyah,XinZhao,JUNGLE,1,1.0
Taliyah,Yasuo,MIDDLE,4,0.5
Taliyah,Yasuo,TOP,1,0.0
Taliyah,Yone,MIDDLE,10,0.6
Taliyah,Yunara,BOTTOM,3,0.3333333333333333
Taliyah,Zed,MIDDLE,1,1.0
Taliyah,Zeri,MIDDLE,1,1.0
Taliyah,Ziggs,BOTTOM,1,0.0
Taliyah,Zoe,MIDDLE,3,0.6666666666666666
Taliyah,Zyra,JUNGLE,2,1.0
Talon,Aatrox,JUNGLE,8,0.375
Talon,Ahri,MIDDLE,2,0.5
Talon,Akali,MIDDLE,1,0.0
Talon,Akshan,MIDDLE,1,0.0
Talon,Ambessa,JUNGLE,12,0.6666666666666666
Talon,Anivia,MIDDLE,2,1.0
Talon,AurelionSol,MIDDLE,1,1.0
Talon,Aurora,MIDDLE,3,0.0
Talon,Azir,MIDDLE,2,0.0
Talon,Belveth,JUNGLE,4,0.75
Talon,Cassiopeia,MIDDLE,1,1.0
Talon,Chogath,JUNGLE,7,0.7142857142857143
Talon,Diana,JUNGLE,1,1.0
Talon,Diana,MIDDLE,2,1.0
Talon,Ekko,JUNGLE,5,0.6
Talon,Ekko,MIDDLE,3,0.0
Talon,Elise,JUNGLE,7,0.2857142857142857
Talon,Evelynn,JUNGLE,1,1.0
Talon,Fizz,JUNGLE,1,0.0
Talon,Fizz,MIDDLE,2,0.5
Talon,Galio,MIDDLE,2,1.0
Talon,Gnar,TOP,2,0.5
Talon,Gragas,JUNGLE,1,0.0
Talon,Graves,JUNGLE,11,0.18181818181818182
Talon,Hecarim,JUNGLE,5,0.4
Talon,Hwei,MIDDLE,1,1.0
Talon,Irelia,MIDDLE,2,0.0
Talon,Ivern,JUNGLE,3,0.6666666666666666
Talon,Janna,SUPPORT,1,0.0
Talon,JarvanIV,JUNGLE,13,0.6153846153846154
Talon,Jayce,JUNGLE,1,0.0
Talon,Karthus,JUNGLE,4,0.5
Talon,Kassadin,MIDDLE,2,0.5
Talon,Katarina,MIDDLE,1,0.0
Talon,Kayn,JUNGLE,2,0.0
Talon,Kennen,MIDDLE,1,0.0
Talon,Khazix,JUNGLE,8,0.125
Talon,Kindred,JUNGLE,3,0.0
Talon,LeeSin,JUNGLE,18,0.5
Talon,Lillia,JUNGLE,3,0.6666666666666666
Talon,Lissandra,MIDDLE,1,1.0
Talon,Locke,JUNGLE,2,1.0
Talon,Locke,MIDDLE,1,1.0
Talon,Lucian,MIDDLE,2,0.0
Talon,Lux,MIDDLE,1,1.0
Talon,MasterYi,JUNGLE,5,0.2
Talon,Mel,MIDDLE,1,0.0
Talon,MonkeyKing,JUNGLE,5,0.2
Talon,Naafiri,JUNGLE,9,0.5555555555555556
Talon,Nasus,JUNGLE,1,0.0
Talon,Nasus,MIDDLE,1,0.0
Talon,Nidalee,JUNGLE,16,0.4375
Talon,Nocturne,JUNGLE,6,0.5
Talon,Nunu,JUNGLE,2,1.0
Talon,Olaf,JUNGLE,1,1.0
Talon,Orianna,MIDDLE,4,0.5
Talon,Pantheon,JUNGLE,6,0.5
Talon,Poppy,JUNGLE,1,1.0
Talon,Qiyana,JUNGLE,14,0.7857142857142857
Talon,Qiyana,MIDDLE,1,0.0
Talon,Quinn,JUNGLE,3,0.6666666666666666
Talon,Rammus,JUNGLE,1,1.0
Talon,RekSai,JUNGLE,2,0.0
Talon,Rengar,JUNGLE,5,0.2
Talon,Riven,MIDDLE,1,0.0
Talon,Ryze,MIDDLE,3,0.0
Talon,Sejuani,JUNGLE,2,0.5
Talon,Sejuani,MIDDLE,1,0.0
Talon,Shaco,JUNGLE,3,0.6666666666666666
Talon,Shyvana,JUNGLE,5,1.0
Talon,Sion,TOP,1,1.0
Talon,Skarner,JUNGLE,4,0.75
Talon,Sylas,JUNGLE,6,0.3333333333333333
Talon,Sylas,MIDDLE,2,0.5
Talon,Syndra,MIDDLE,4,0.5
Talon,Taliyah,JUNGLE,1,0.0
Talon,Taliyah,MIDDLE,1,0.0
Talon,TwistedFate,MIDDLE,7,0.5714285714285714
Talon,Udyr,JUNGLE,5,0.4
Talon,Veigar,MIDDLE,2,0.5
Talon,Vex,MIDDLE,2,0.5
Talon,Vi,JUNGLE,5,1.0
Talon,Viego,JUNGLE,9,0.6666666666666666
Talon,Viktor,MIDDLE,2,0.0
Talon,Vladimir,MIDDLE,2,0.5
Talon,Xerath,MIDDLE,1,0.0
Talon,XinZhao,JUNGLE,2,1.0
Talon,Yasuo,MIDDLE,2,0.5
Talon,Yone,MIDDLE,5,0.4
Talon,Zaahen,JUNGLE,2,0.5
Talon,Zac,MIDDLE,1,0.0
Talon,Zed,JUNGLE,1,0.0
Talon,Zed,MIDDLE,4,0.25
Talon,Zoe,MIDDLE,1,0.0
Talon,Zyra,JUNGLE,5,0.6
Taric,Alistar,SUPPORT,6,0.3333333333333333
Taric,Anivia,SUPPORT,3,0.3333333333333333
Taric,Bard,SUPPORT,7,0.42857142857142855
Taric,Camille,SUPPORT,2,1.0
Taric,DrMundo,JUNGLE,1,1.0
Taric,Elise,SUPPORT,1,0.0
Taric,Gragas,SUPPORT,1,1.0
Taric,Janna,SUPPORT,2,0.0
Taric,Karma,SUPPORT,3,0.3333333333333333
Taric,Kayle,TOP,1,0.0
Taric,Leona,SUPPORT,2,0.0
Taric,Lulu,SUPPORT,2,0.0
Taric,Nami,SUPPORT,5,0.4
Taric,Nautilus,SUPPORT,6,0.3333333333333333
Taric,Neeko,SUPPORT,3,1.0
Taric,Pantheon,SUPPORT,3,1.0
Taric,Poppy,SUPPORT,1,1.0
Taric,Pyke,SUPPORT,1,0.0
Taric,Rakan,SUPPORT,2,0.5
Taric,Rell,SUPPORT,1,1.0
Taric,Renata,SUPPORT,1,1.0
Taric,Senna,SUPPORT,1,0.0
Taric,Seraphine,SUPPORT,2,0.5
Taric,Shen,SUPPORT,1,0.0
Taric,Sivir,BOTTOM,1,1.0
Taric,Skarner,SUPPORT,1,0.0
Taric,Soraka,SUPPORT,1,1.0
Taric,Swain,SUPPORT,1,0.0
Taric,Thresh,SUPPORT,2,0.0
Teemo,Aatrox,TOP,4,0.25
Teemo,Akali,TOP,3,0.6666666666666666
Teemo,Alistar,SUPPORT,1,1.0
Teemo,Ambessa,TOP,2,0.5
Teemo,Anivia,TOP,3,1.0
Teemo,Annie,TOP,2,0.0
Teemo,AurelionSol,TOP,1,0.0
Teemo,Aurora,TOP,7,0.7142857142857143
Teemo,Camille,TOP,2,0.0
Teemo,Chogath,TOP,1,1.0
Teemo,Darius,TOP,2,1.0
Teemo,DrMundo,TOP,1,0.0
Teemo,Fiora,TOP,3,0.0
Teemo,Gangplank,TOP,3,0.3333333333333333
Teemo,Gnar,TOP,3,0.0
Teemo,Gragas,TOP,2,1.0
Teemo,Graves,JUNGLE,1,0.0
Teemo,Hwei,TOP,2,0.5
Teemo,Irelia,TOP,2,1.0
Teemo,Jax,TOP,2,0.5
Teemo,Jayce,TOP,6,0.8333333333333334
Teemo,KSante,TOP,5,0.6
Teemo,Karthus,BOTTOM,1,1.0
Teemo,Kayle,TOP,1,1.0
Teemo,Kennen,TOP,1,1.0
Teemo,Kled,TOP,1,0.0
Teemo,Malphite,TOP,3,0.3333333333333333
Teemo,MonkeyKing,TOP,1,0.0
Teemo,Mordekaiser,TOP,1,0.0
Teemo,Nautilus,SUPPORT,1,1.0
Teemo,Olaf,TOP,4,0.75
Teemo,Ornn,TOP,5,0.2
Teemo,Pantheon,TOP,2,0.5
Teemo,Quinn,TOP,2,0.0
Teemo,Rakan,SUPPORT,1,0.0
Teemo,Rell,SUPPORT,1,0.0
Teemo,Renekton,TOP,4,0.5
Teemo,Riven,TOP,4,1.0
Teemo,Rumble,TOP,5,0.8
Teemo,Ryze,TOP,4,0.75
Teemo,Sett,TOP,1,0.0
Teemo,Shen,TOP,1,1.0
Teemo,Singed,TOP,2,1.0
Teemo,Sion,TOP,6,0.8333333333333334
Teemo,Swain,TOP,2,0.5
Teemo,Syndra,TOP,1,1.0
Teemo,Trundle,TOP,1,0.0
Teemo,Tryndamere,MIDDLE,1,0.0
Teemo,Tryndamere,TOP,1,0.0
Teemo,Urgot,TOP,3,0.6666666666666666
Teemo,Varus,TOP,4,0.5
Teemo,Vayne,TOP,2,1.0
Teemo,Veigar,TOP,2,1.0
Teemo,Vladimir,TOP,1,1.0
Teemo,Volibear,TOP,2,0.5
Teemo,Yasuo,TOP,2,1.0
Teemo,Yone,TOP,4,0.75
Teemo,Yorick,TOP,3,0.3333333333333333
Teemo,Yunara,BOTTOM,1,1.0
Teemo,Zaahen,TOP,1,0.0
Teemo,Ziggs,BOTTOM,1,0.0
Thresh,Alistar,SUPPORT,22,0.5909090909090909
Thresh,Amumu,SUPPORT,2,0.5
Thresh,Anivia,MIDDLE,1,0.0
Thresh,Anivia,SUPPORT,5,0.2
Thresh,Bard,SUPPORT,34,0.38235294117647056
Thresh,Blitzcrank,SUPPORT,15,0.4666666666666667
Thresh,Brand,SUPPORT,1,1.0
Thresh,Braum,SUPPORT,7,0.14285714285714285
Thresh,Camille,SUPPORT,3,0.3333333333333333
Thresh,Elise,SUPPORT,3,0.3333333333333333
Thresh,FiddleSticks,SUPPORT,1,0.0
Thresh,Hwei,SUPPORT,1,1.0
Thresh,Janna,SUPPORT,5,0.2
Thresh,Karma,SUPPORT,21,0.3333333333333333
Thresh,Kennen,SUPPORT,1,0.0
Thresh,Kled,SUPPORT,1,1.0
Thresh,Leona,SUPPORT,5,0.6
Thresh,Lissandra,SUPPORT,2,0.5
Thresh,Locke,SUPPORT,1,0.0
Thresh,Lulu,SUPPORT,25,0.6
Thresh,Lux,SUPPORT,1,1.0
Thresh,Maokai,SUPPORT,2,0.0
Thresh,Milio,SUPPORT,10,0.5
Thresh,Morgana,SUPPORT,2,0.5
Thresh,Nami,SUPPORT,11,0.5454545454545454
Thresh,Nautilus,SUPPORT,28,0.2857142857142857
Thresh,Neeko,SUPPORT,7,0.5714285714285714
Thresh,Pantheon,SUPPORT,1,1.0
Thresh,Poppy,SUPPORT,4,0.25
Thresh,Pyke,SUPPORT,10,0.7
Thresh,Rakan,SUPPORT,9,0.4444444444444444
Thresh,Rell,SUPPORT,14,0.5
Thresh,Renata,SUPPORT,4,0.5
Thresh,Senna,SUPPORT,7,0.2857142857142857
Thresh,Seraphine,SUPPORT,8,0.625
Thresh,Shen,SUPPORT,1,0.0
Thresh,Sona,SUPPORT,16,0.375
Thresh,Soraka,SUPPORT,5,0.4
Thresh,Sylas,SUPPORT,1,0.0
Thresh,Syndra,SUPPORT,1,0.0
Thresh,TahmKench,SUPPORT,3,0.3333333333333333
Thresh,Taliyah,SUPPORT,1,0.0
Thresh,Taric,SUPPORT,2,1.0
Thresh,Velkoz,SUPPORT,2,0.0
Thresh,Viktor,SUPPORT,1,1.0
Thresh,Yuumi,SUPPORT,3,0.6666666666666666
Thresh,Zac,SUPPORT,1,1.0
Thresh,Zilean,SUPPORT,1,1.0
Thresh,Zoe,SUPPORT,3,0.0
Tristana,Ahri,MIDDLE,3,0.3333333333333333
Tristana,Akali,MIDDLE,2,0.0
Tristana,Akshan,MIDDLE,1,1.0
Tristana,Anivia,MIDDLE,2,0.5
Tristana,Annie,MIDDLE,4,0.25
Tristana,Aphelios,BOTTOM,7,0.8571428571428571
Tristana,Ashe,BOTTOM,11,0.7272727272727273
Tristana,AurelionSol,BOTTOM,4,0.75
Tristana,Aurora,MIDDLE,2,0.0
Tristana,Azir,MIDDLE,1,1.0
Tristana,Brand,BOTTOM,1,0.0
Tristana,Caitlyn,BOTTOM,13,0.38461538461538464
Tristana,Cassiopeia,BOTTOM,2,1.0
Tristana,Cassiopeia,MIDDLE,1,0.0
Tristana,Cassiopeia,TOP,1,0.0
Tristana,Corki,BOTTOM,17,0.5294117647058824
Tristana,Corki,TOP,1,1.0
Tristana,Draven,BOTTOM,5,0.2
Tristana,Ekko,MIDDLE,1,0.0
Tristana,Elise,BOTTOM,1,1.0
Tristana,Elise,MIDDLE,1,0.0
Tristana,Ezreal,BOTTOM,25,0.44
Tristana,Galio,MIDDLE,2,0.5
Tristana,Gangplank,TOP,2,0.5
Tristana,Gnar,TOP,1,0.0
Tristana,Gragas,MIDDLE,1,0.0
Tristana,Heimerdinger,TOP,1,1.0
Tristana,Jayce,BOTTOM,1,0.0
Tristana,Jhin,BOTTOM,34,0.5294117647058824
Tristana,Jinx,BOTTOM,5,0.4
Tristana,KSante,MIDDLE,1,1.0
Tristana,KSante,TOP,1,1.0
Tristana,Kaisa,BOTTOM,16,0.6875
Tristana,Kalista,BOTTOM,15,0.4666666666666667
Tristana,Karthus,BOTTOM,3,0.0
Tristana,Karthus,MIDDLE,1,0.0
Tristana,Kassadin,BOTTOM,1,1.0
Tristana,Kassadin,MIDDLE,3,0.6666666666666666
Tristana,Katarina,BOTTOM,2,0.5
Tristana,Katarina,MIDDLE,3,0.3333333333333333
Tristana,Katarina,TOP,1,0.0
Tristana,Kayle,MIDDLE,1,0.0
Tristana,Kled,MIDDLE,1,1.0
Tristana,KogMaw,BOTTOM,2,0.0
Tristana,KogMaw,MIDDLE,1,0.0
Tristana,Leblanc,MIDDLE,5,0.2
Tristana,Lissandra,MIDDLE,1,1.0
Tristana,Locke,MIDDLE,7,0.42857142857142855
Tristana,Lucian,BOTTOM,22,0.5909090909090909
Tristana,Lux,BOTTOM,3,0.0
Tristana,Lux,MIDDLE,1,1.0
Tristana,Mel,BOTTOM,2,0.5
Tristana,Mel,MIDDLE,1,0.0
Tristana,MissFortune,BOTTOM,4,0.25
Tristana,Nasus,MIDDLE,1,0.0
Tristana,Neeko,MIDDLE,1,0.0
Tristana,Nilah,BOTTOM,3,0.3333333333333333
Tristana,Orianna,MIDDLE,1,1.0
Tristana,Ornn,TOP,1,0.0
Tristana,Riven,MIDDLE,1,0.0
Tristana,Rumble,TOP,1,1.0
Tristana,Ryze,MIDDLE,6,0.8333333333333334
Tristana,Samira,BOTTOM,1,0.0
Tristana,Senna,BOTTOM,2,1.0
Tristana,Seraphine,BOTTOM,3,0.6666666666666666
Tristana,Sivir,BOTTOM,3,0.6666666666666666
Tristana,Smolder,BOTTOM,5,0.8
Tristana,Swain,BOTTOM,3,0.6666666666666666
Tristana,Sylas,BOTTOM,2,0.5
Tristana,Syndra,BOTTOM,3,0.6666666666666666
Tristana,Syndra,MIDDLE,5,0.0
Tristana,Taliyah,BOTTOM,1,1.0
Tristana,Taliyah,MIDDLE,1,1.0
Tristana,TwistedFate,BOTTOM,1,1.0
Tristana,TwistedFate,MIDDLE,4,0.0
Tristana,Twitch,BOTTOM,2,0.0
Tristana,Varus,BOTTOM,1,0.0
Tristana,Varus,MIDDLE,1,1.0
Tristana,Varus,TOP,2,1.0
Tristana,Vayne,BOTTOM,3,0.6666666666666666
Tristana,Vayne,MIDDLE,1,0.0
Tristana,Veigar,BOTTOM,1,0.0
Tristana,Veigar,MIDDLE,1,0.0
Tristana,Vex,BOTTOM,2,0.0
Tristana,Viktor,BOTTOM,2,1.0
Tristana,Viktor,MIDDLE,3,0.3333333333333333
Tristana,Viktor,TOP,1,0.0
Tristana,Vladimir,MIDDLE,1,0.0
Tristana,Xayah,BOTTOM,13,0.5384615384615384
Tristana,Xerath,MIDDLE,1,0.0
Tristana,Yasuo,BOTTOM,2,0.5
Tristana,Yasuo,MIDDLE,1,1.0
Tristana,Yone,MIDDLE,5,0.8
Tristana,Yorick,MIDDLE,1,1.0
Tristana,Yorick,TOP,1,1.0
Tristana,Yunara,BOTTOM,40,0.325
Tristana,Zac,TOP,1,0.0
Tristana,Zeri,BOTTOM,13,0.5384615384615384
Tristana,Ziggs,MIDDLE,1,1.0
Trundle,Aatrox,TOP,1,0.0
Trundle,Amumu,JUNGLE,1,1.0
Trundle,Bard,SUPPORT,1,0.0
Trundle,Camille,TOP,1,1.0
Trundle,Chogath,JUNGLE,1,1.0
Trundle,Corki,TOP,1,1.0
Trundle,Darius,TOP,1,1.0
Trundle,DrMundo,TOP,1,1.0
Trundle,Ekko,JUNGLE,1,0.0
Trundle,Elise,TOP,1,1.0
Trundle,Gangplank,TOP,2,0.0
Trundle,Gnar,TOP,2,0.5
Trundle,Hecarim,JUNGLE,2,0.5
Trundle,Janna,SUPPORT,1,1.0
Trundle,Jayce,TOP,2,0.5
Trundle,Kennen,TOP,1,1.0
Trundle,Khazix,JUNGLE,1,1.0
Trundle,LeeSin,JUNGLE,2,0.0
Trundle,MonkeyKing,JUNGLE,1,0.0
Trundle,Nocturne,JUNGLE,1,1.0
Trundle,Nunu,JUNGLE,1,1.0
Trundle,Olaf,TOP,1,1.0
Trundle,Rammus,SUPPORT,1,1.0
Trundle,RekSai,JUNGLE,1,1.0
Trundle,Renekton,TOP,1,1.0
Trundle,Rengar,JUNGLE,2,0.5
Trundle,Riven,TOP,1,1.0
Trundle,Seraphine,SUPPORT,1,0.0
Trundle,Singed,TOP,1,1.0
Trundle,Sion,TOP,1,1.0
Trundle,Skarner,JUNGLE,4,0.5
Trundle,Sona,SUPPORT,1,1.0
Trundle,Sylas,JUNGLE,1,1.0
Trundle,Teemo,TOP,1,1.0
Trundle,TwistedFate,SUPPORT,1,0.0
Trundle,Udyr,JUNGLE,1,0.0
Trundle,Varus,TOP,1,1.0
Trundle,Vayne,TOP,1,1.0
Trundle,Vi,JUNGLE,1,0.0
Trundle,Volibear,TOP,1,1.0
Trundle,XinZhao,JUNGLE,1,0.0
Trundle,Zaahen,MIDDLE,1,1.0
Trundle,Zac,TOP,1,0.0
Tryndamere,Ambessa,TOP,1,1.0
Tryndamere,Anivia,MIDDLE,1,1.0
Tryndamere,Aurora,MIDDLE,1,1.0
Tryndamere,Camille,TOP,3,0.3333333333333333
Tryndamere,Diana,MIDDLE,1,1.0
Tryndamere,DrMundo,TOP,1,0.0
Tryndamere,Gangplank,TOP,4,0.5
Tryndamere,Garen,TOP,1,0.0
Tryndamere,Gnar,TOP,2,0.5
Tryndamere,JarvanIV,JUNGLE,1,0.0
Tryndamere,Jax,TOP,1,0.0
Tryndamere,Jayce,TOP,5,0.8
Tryndamere,KSante,TOP,2,0.0
Tryndamere,Kennen,TOP,1,0.0
Tryndamere,Kled,TOP,1,0.0
Tryndamere,Leblanc,TOP,1,1.0
Tryndamere,Locke,MIDDLE,1,0.0
Tryndamere,Malphite,TOP,1,0.0
Tryndamere,Nasus,JUNGLE,1,1.0
Tryndamere,Nasus,TOP,2,0.0
Tryndamere,Olaf,TOP,5,0.6
Tryndamere,Orianna,MIDDLE,1,1.0
Tryndamere,Ornn,TOP,2,0.5
Tryndamere,Pantheon,TOP,2,0.0
Tryndamere,Quinn,TOP,1,1.0
Tryndamere,Riven,TOP,1,0.0
Tryndamere,Ryze,MIDDLE,1,0.0
Tryndamere,Sejuani,TOP,1,1.0
Tryndamere,Shen,TOP,2,1.0
Tryndamere,Sion,TOP,1,0.0
Tryndamere,Syndra,MIDDLE,4,0.25
Tryndamere,Teemo,MIDDLE,1,1.0
Tryndamere,Teemo,TOP,1,1.0
Tryndamere,Udyr,TOP,1,1.0
Tryndamere,Urgot,TOP,2,0.5
Tryndamere,Viktor,MIDDLE,1,0.0
Tryndamere,Warwick,TOP,1,1.0
Tryndamere,XinZhao,TOP,1,1.0
Tryndamere,Yasuo,TOP,1,1.0
Tryndamere,Yone,MIDDLE,1,0.0
Tryndamere,Yone,TOP,3,1.0
Tryndamere,Yorick,TOP,1,1.0
Tryndamere,Yunara,TOP,1,0.0
TwistedFate,Ahri,MIDDLE,5,0.6
TwistedFate,Akali,MIDDLE,18,0.5
TwistedFate,Alistar,SUPPORT,1,0.0
TwistedFate,Ambessa,TOP,1,0.0
TwistedFate,Anivia,MIDDLE,7,0.5714285714285714
TwistedFate,Annie,MIDDLE,3,0.6666666666666666
TwistedFate,Aphelios,BOTTOM,1,1.0
TwistedFate,AurelionSol,BOTTOM,2,0.5
TwistedFate,AurelionSol,MIDDLE,1,1.0
TwistedFate,Aurora,MIDDLE,14,0.42857142857142855
TwistedFate,Azir,MIDDLE,4,0.75
TwistedFate,Bard,SUPPORT,2,1.0
TwistedFate,Caitlyn,BOTTOM,1,1.0
TwistedFate,Camille,TOP,1,1.0
TwistedFate,Cassiopeia,MIDDLE,1,1.0
TwistedFate,Cassiopeia,TOP,1,1.0
TwistedFate,Ekko,MIDDLE,5,0.8
TwistedFate,Ekko,TOP,1,1.0
TwistedFate,Elise,MIDDLE,1,0.0
TwistedFate,Fiora,TOP,2,0.0
TwistedFate,Fizz,MIDDLE,2,0.5
TwistedFate,Galio,MIDDLE,7,0.5714285714285714
TwistedFate,Gangplank,TOP,1,1.0
TwistedFate,Garen,MIDDLE,1,0.0
TwistedFate,Gnar,TOP,1,0.0
TwistedFate,Gwen,MIDDLE,2,0.0
TwistedFate,Irelia,MIDDLE,2,1.0
TwistedFate,Irelia,TOP,1,0.0
TwistedFate,Jayce,MIDDLE,4,0.5
TwistedFate,Jayce,TOP,2,0.5
TwistedFate,Jinx,BOTTOM,1,1.0
TwistedFate,KSante,TOP,2,0.0
TwistedFate,Kaisa,BOTTOM,1,0.0
TwistedFate,Kalista,BOTTOM,2,0.5
TwistedFate,Kalista,TOP,1,1.0
TwistedFate,Karthus,MIDDLE,1,0.0
TwistedFate,Kassadin,MIDDLE,3,0.3333333333333333
TwistedFate,Katarina,MIDDLE,9,0.5555555555555556
TwistedFate,Kayle,MIDDLE,4,0.25
TwistedFate,Kindred,MIDDLE,1,1.0
TwistedFate,KogMaw,MIDDLE,1,0.0
TwistedFate,Leblanc,MIDDLE,5,0.4
TwistedFate,Leblanc,TOP,1,0.0
TwistedFate,Leona,SUPPORT,1,1.0
TwistedFate,Lissandra,MIDDLE,6,0.6666666666666666
TwistedFate,Locke,MIDDLE,2,0.5
TwistedFate,Lucian,BOTTOM,1,0.0
TwistedFate,Lucian,MIDDLE,3,0.6666666666666666
TwistedFate,Lucian,TOP,1,0.0
TwistedFate,Lux,MIDDLE,5,0.8
TwistedFate,Malzahar,MIDDLE,1,1.0
TwistedFate,Mel,MIDDLE,3,0.6666666666666666
TwistedFate,MonkeyKing,MIDDLE,1,0.0
TwistedFate,Morgana,MIDDLE,1,1.0
TwistedFate,Nasus,MIDDLE,1,1.0
TwistedFate,Nasus,TOP,1,0.0
TwistedFate,Nautilus,SUPPORT,1,0.0
TwistedFate,Orianna,MIDDLE,12,0.5
TwistedFate,Pantheon,MIDDLE,1,1.0
TwistedFate,Pantheon,TOP,1,0.0
TwistedFate,Pyke,MIDDLE,1,1.0
TwistedFate,Qiyana,MIDDLE,5,0.8
TwistedFate,Quinn,MIDDLE,2,1.0
TwistedFate,Renekton,MIDDLE,1,0.0
TwistedFate,Renekton,TOP,2,0.5
TwistedFate,Riven,TOP,1,1.0
TwistedFate,Rumble,TOP,1,1.0
TwistedFate,Ryze,MIDDLE,10,0.7
TwistedFate,Sejuani,SUPPORT,1,1.0
TwistedFate,Sett,TOP,1,1.0
TwistedFate,Shen,TOP,1,1.0
TwistedFate,Singed,TOP,2,0.0
TwistedFate,Sion,MIDDLE,2,0.5
TwistedFate,Sivir,BOTTOM,1,0.0
TwistedFate,Sona,SUPPORT,1,0.0
TwistedFate,Swain,MIDDLE,1,0.0
TwistedFate,Sylas,MIDDLE,11,0.45454545454545453
TwistedFate,Syndra,MIDDLE,12,0.4166666666666667
TwistedFate,Taliyah,MIDDLE,1,1.0
TwistedFate,Talon,MIDDLE,7,0.42857142857142855
TwistedFate,Tristana,BOTTOM,1,0.0
TwistedFate,Tristana,MIDDLE,4,1.0
TwistedFate,Trundle,SUPPORT,1,1.0
TwistedFate,Urgot,MIDDLE,1,1.0
TwistedFate,Varus,BOTTOM,2,0.0
TwistedFate,Varus,TOP,1,1.0
TwistedFate,Vayne,TOP,1,1.0
TwistedFate,Vex,MIDDLE,1,0.0
TwistedFate,Viego,MIDDLE,1,0.0
TwistedFate,Viktor,MIDDLE,7,0.42857142857142855
TwistedFate,Vladimir,MIDDLE,7,0.42857142857142855
TwistedFate,Xerath,MIDDLE,3,0.3333333333333333
TwistedFate,Yasuo,MIDDLE,7,0.5714285714285714
TwistedFate,Yone,MIDDLE,7,0.5714285714285714
TwistedFate,Yunara,BOTTOM,1,0.0
TwistedFate,Yuumi,SUPPORT,1,1.0
TwistedFate,Zac,MIDDLE,1,1.0
TwistedFate,Zed,MIDDLE,2,0.0
TwistedFate,Zoe,MIDDLE,3,0.6666666666666666
TwistedFate,Zoe,SUPPORT,1,0.0
Twitch,Anivia,BOTTOM,1,0.0
Twitch,Aphelios,BOTTOM,3,0.0
Twitch,Ashe,BOTTOM,2,0.0
Twitch,Brand,BOTTOM,1,1.0
Twitch,Caitlyn,BOTTOM,4,0.75
Twitch,Corki,BOTTOM,2,0.0
Twitch,Ezreal,BOTTOM,4,0.5
Twitch,Janna,SUPPORT,1,0.0
Twitch,Jhin,BOTTOM,4,0.5
Twitch,Jinx,BOTTOM,6,0.8333333333333334
Twitch,Kaisa,BOTTOM,3,0.6666666666666666
Twitch,Kalista,BOTTOM,1,0.0
Twitch,Karthus,BOTTOM,2,0.5
Twitch,KogMaw,BOTTOM,3,1.0
Twitch,Lulu,SUPPORT,2,0.0
Twitch,Mel,BOTTOM,4,0.5
Twitch,Nautilus,SUPPORT,2,0.5
Twitch,Riven,BOTTOM,1,1.0
Twitch,Samira,BOTTOM,1,1.0
Twitch,Seraphine,BOTTOM,2,0.5
Twitch,Shaco,SUPPORT,1,1.0
Twitch,Sivir,BOTTOM,1,0.0
Twitch,Syndra,BOTTOM,1,0.0
Twitch,Tristana,BOTTOM,2,1.0
Twitch,Varus,BOTTOM,2,0.5
Twitch,Veigar,BOTTOM,1,1.0
Twitch,Viktor,BOTTOM,2,1.0
Twitch,Xayah,BOTTOM,1,0.0
Twitch,Yunara,BOTTOM,9,0.2222222222222222
Twitch,Yuumi,SUPPORT,1,0.0
Twitch,Zeri,BOTTOM,1,0.0
Twitch,Zoe,SUPPORT,1,0.0
Udyr,Aatrox,JUNGLE,6,0.16666666666666666
Udyr,Ahri,MIDDLE,1,0.0
Udyr,Ambessa,JUNGLE,1,0.0
Udyr,Ambessa,TOP,1,1.0
Udyr,Amumu,JUNGLE,1,1.0
Udyr,Anivia,TOP,2,0.5
Udyr,Aphelios,BOTTOM,1,0.0
Udyr,Aurora,TOP,2,0.0
Udyr,Camille,TOP,2,0.5
Udyr,Chogath,JUNGLE,1,0.0
Udyr,Darius,TOP,2,0.5
Udyr,Ekko,JUNGLE,1,0.0
Udyr,Fiora,TOP,4,0.0
Udyr,Fizz,JUNGLE,1,0.0
Udyr,Gangplank,TOP,1,1.0
Udyr,Gnar,TOP,3,0.6666666666666666
Udyr,Graves,JUNGLE,3,0.0
Udyr,Hecarim,JUNGLE,3,0.6666666666666666
Udyr,JarvanIV,JUNGLE,7,0.5714285714285714
Udyr,Jax,TOP,1,1.0
Udyr,Jayce,JUNGLE,2,1.0
Udyr,Jayce,TOP,1,0.0
Udyr,Jinx,BOTTOM,1,0.0
Udyr,Kaisa,BOTTOM,1,1.0
Udyr,Kennen,TOP,1,0.0
Udyr,Khazix,JUNGLE,5,0.4
Udyr,Kindred,JUNGLE,1,0.0
Udyr,KogMaw,TOP,1,1.0
Udyr,LeeSin,JUNGLE,4,0.5
Udyr,Lillia,JUNGLE,2,0.0
Udyr,Lissandra,TOP,1,1.0
Udyr,Locke,TOP,1,0.0
Udyr,Lucian,BOTTOM,1,0.0
Udyr,Malphite,TOP,3,0.6666666666666666
Udyr,Malzahar,MIDDLE,1,1.0
Udyr,MonkeyKing,JUNGLE,2,0.5
Udyr,Naafiri,JUNGLE,4,0.75
Udyr,Nocturne,JUNGLE,2,0.0
Udyr,Nunu,JUNGLE,2,0.5
Udyr,Olaf,TOP,2,0.0
Udyr,Pantheon,TOP,1,1.0
Udyr,Qiyana,JUNGLE,5,0.8
Udyr,Quinn,TOP,1,1.0
Udyr,Rakan,SUPPORT,1,0.0
Udyr,RekSai,JUNGLE,1,1.0
Udyr,RekSai,TOP,1,1.0
Udyr,Rengar,JUNGLE,1,0.0
Udyr,Rengar,TOP,1,1.0
Udyr,Riven,TOP,1,1.0
Udyr,Rumble,TOP,1,0.0
Udyr,Shaco,JUNGLE,2,0.5
Udyr,Swain,TOP,1,1.0
Udyr,Sylas,JUNGLE,2,0.5
Udyr,Sylas,MIDDLE,1,1.0
Udyr,Taliyah,JUNGLE,1,1.0
Udyr,Talon,JUNGLE,5,0.6
Udyr,Trundle,JUNGLE,1,1.0
Udyr,Tryndamere,TOP,1,0.0
Udyr,Varus,TOP,2,1.0
Udyr,Vayne,TOP,1,0.0
Udyr,Vi,JUNGLE,1,0.0
Udyr,Viego,JUNGLE,3,0.6666666666666666
Udyr,XinZhao,JUNGLE,3,0.3333333333333333
Udyr,Yorick,TOP,1,0.0
Udyr,Yunara,BOTTOM,1,0.0
Udyr,Zaahen,JUNGLE,2,0.5
Udyr,Zac,JUNGLE,1,0.0
Urgot,Aatrox,TOP,2,1.0
Urgot,Akali,MIDDLE,1,0.0
Urgot,Ambessa,MIDDLE,1,1.0
Urgot,Ambessa,TOP,2,0.5
Urgot,Anivia,TOP,2,0.0
Urgot,Annie,TOP,1,1.0
Urgot,Aurora,TOP,1,0.0
Urgot,Camille,TOP,3,0.3333333333333333
Urgot,Cassiopeia,MIDDLE,1,1.0
Urgot,Darius,TOP,1,0.0
Urgot,Fiora,TOP,4,0.75
Urgot,Gangplank,TOP,1,0.0
Urgot,Garen,TOP,1,0.0
Urgot,Gnar,TOP,5,0.4
Urgot,Jax,TOP,1,1.0
Urgot,Jayce,TOP,4,0.5
Urgot,KSante,TOP,4,1.0
Urgot,Karma,TOP,1,0.0
Urgot,Katarina,MIDDLE,1,0.0
Urgot,Kayle,TOP,2,0.5
Urgot,Kennen,MIDDLE,1,0.0
Urgot,Kennen,TOP,1,0.0
Urgot,Kled,TOP,3,0.3333333333333333
Urgot,Mordekaiser,TOP,1,1.0
Urgot,Nami,SUPPORT,1,1.0
Urgot,Olaf,TOP,2,0.5
Urgot,Quinn,TOP,1,0.0
Urgot,RekSai,TOP,1,1.0
Urgot,Renekton,TOP,2,0.5
Urgot,Rengar,TOP,1,0.0
Urgot,Rumble,TOP,2,0.5
Urgot,Shen,TOP,2,0.5
Urgot,Singed,TOP,2,0.0
Urgot,Sion,TOP,4,0.5
Urgot,Swain,TOP,1,0.0
Urgot,Teemo,TOP,3,0.3333333333333333
Urgot,Tryndamere,TOP,2,0.5
Urgot,TwistedFate,MIDDLE,1,0.0
Urgot,Varus,TOP,3,0.3333333333333333
Urgot,Vayne,TOP,1,0.0
Urgot,Viktor,MIDDLE,1,1.0
Urgot,Vladimir,TOP,1,0.0
Urgot,Volibear,TOP,1,1.0
Urgot,Yasuo,TOP,2,0.0
Urgot,Yone,TOP,2,1.0
Urgot,Yorick,TOP,4,0.5
Urgot,Zaahen,TOP,2,1.0
Varus,Aatrox,TOP,1,0.0
Varus,Ahri,MIDDLE,1,1.0
Varus,Akali,TOP,1,0.0
Varus,Akshan,TOP,1,0.0
Varus,Ambessa,TOP,6,0.5
Varus,Anivia,BOTTOM,1,0.0
Varus,Anivia,MIDDLE,1,1.0
Varus,Anivia,TOP,12,0.3333333333333333
Varus,Aphelios,BOTTOM,6,0.3333333333333333
Varus,Aphelios,TOP,1,0.0
Varus,Ashe,BOTTOM,8,0.375
Varus,AurelionSol,BOTTOM,1,0.0
Varus,Aurora,TOP,6,0.3333333333333333
Varus,Azir,MIDDLE,1,1.0
Varus,Brand,BOTTOM,1,1.0
Varus,Caitlyn,BOTTOM,18,0.4444444444444444
Varus,Caitlyn,TOP,1,0.0
Varus,Camille,TOP,3,0.3333333333333333
Varus,Cassiopeia,BOTTOM,2,0.0
Varus,Cassiopeia,TOP,5,0.6
Varus,Chogath,BOTTOM,1,1.0
Varus,Corki,BOTTOM,3,1.0
Varus,Corki,TOP,1,1.0
Varus,Darius,TOP,2,0.0
Varus,Draven,BOTTOM,6,0.6666666666666666
Varus,Draven,TOP,1,0.0
Varus,Ekko,TOP,2,0.5
Varus,Ezreal,BOTTOM,38,0.2894736842105263
Varus,FiddleSticks,TOP,1,0.0
Varus,Fiora,TOP,7,0.5714285714285714
Varus,Fizz,TOP,1,0.0
Varus,Galio,MIDDLE,1,1.0
Varus,Gangplank,TOP,2,0.5
Varus,Garen,TOP,2,0.5
Varus,Gnar,TOP,5,0.8
Varus,Gragas,TOP,1,1.0
Varus,Gwen,TOP,1,0.0
Varus,Hwei,BOTTOM,1,1.0
Varus,Hwei,MIDDLE,1,0.0
Varus,Illaoi,TOP,1,1.0
Varus,Irelia,BOTTOM,1,1.0
Varus,Irelia,MIDDLE,1,0.0
Varus,Irelia,TOP,7,0.42857142857142855
Varus,Ivern,TOP,1,1.0
Varus,Jax,TOP,10,0.6
Varus,Jayce,TOP,14,0.5
Varus,Jhin,BOTTOM,30,0.3333333333333333
Varus,Jinx,BOTTOM,6,0.6666666666666666
Varus,KSante,TOP,3,0.3333333333333333
Varus,Kaisa,BOTTOM,9,0.6666666666666666
Varus,Kalista,BOTTOM,4,0.5
Varus,Karma,SUPPORT,1,0.0
Varus,Karthus,BOTTOM,1,1.0
Varus,Karthus,TOP,1,1.0
Varus,Katarina,BOTTOM,1,1.0
Varus,Kayle,TOP,1,1.0
Varus,Kayn,BOTTOM,1,1.0
Varus,Kennen,TOP,1,0.0
Varus,Kled,TOP,1,1.0
Varus,KogMaw,BOTTOM,5,0.2
Varus,Leblanc,TOP,2,0.5
Varus,Lissandra,BOTTOM,1,0.0
Varus,Lissandra,TOP,2,0.5
Varus,Locke,TOP,1,0.0
Varus,Lucian,BOTTOM,9,0.4444444444444444
Varus,Lux,BOTTOM,1,0.0
Varus,Malphite,TOP,1,1.0
Varus,Maokai,TOP,1,0.0
Varus,Mel,BOTTOM,9,0.8888888888888888
Varus,MissFortune,BOTTOM,4,0.75
Varus,Naafiri,TOP,1,1.0
Varus,Olaf,TOP,8,0.75
Varus,Ornn,TOP,3,0.6666666666666666
Varus,Poppy,TOP,1,0.0
Varus,Pyke,BOTTOM,1,0.0
Varus,Qiyana,TOP,2,0.5
Varus,Renekton,TOP,10,0.3
Varus,Rengar,BOTTOM,1,1.0
Varus,Riven,TOP,2,0.5
Varus,Rumble,TOP,12,0.8333333333333334
Varus,Ryze,TOP,1,1.0
Varus,Senna,BOTTOM,5,0.6
Varus,Seraphine,BOTTOM,1,1.0
Varus,Shaco,TOP,1,0.0
Varus,Shen,TOP,1,1.0
Varus,Shyvana,TOP,1,1.0
Varus,Singed,TOP,5,0.8
Varus,Sion,TOP,13,0.38461538461538464
Varus,Sivir,BOTTOM,9,0.5555555555555556
Varus,Smolder,BOTTOM,4,0.75
Varus,Swain,BOTTOM,4,0.75
Varus,Swain,TOP,1,1.0
Varus,Syndra,BOTTOM,1,1.0
Varus,TahmKench,TOP,1,0.0
Varus,Teemo,TOP,4,0.5
Varus,Tristana,BOTTOM,1,1.0
Varus,Tristana,MIDDLE,1,0.0
Varus,Tristana,TOP,2,0.0
Varus,Trundle,TOP,1,0.0
Varus,TwistedFate,BOTTOM,2,1.0
Varus,TwistedFate,TOP,1,0.0
Varus,Twitch,BOTTOM,2,0.5
Varus,Udyr,TOP,2,0.0
Varus,Urgot,TOP,3,0.6666666666666666
Varus,Vayne,BOTTOM,1,1.0
Varus,Vayne,TOP,10,0.3
Varus,Veigar,BOTTOM,1,1.0
Varus,Veigar,MIDDLE,1,0.0
Varus,Viktor,BOTTOM,1,1.0
Varus,Vladimir,BOTTOM,2,0.0
Varus,Vladimir,TOP,1,1.0
Varus,Warwick,TOP,1,0.0
Varus,Xerath,BOTTOM,2,0.5
Varus,Yasuo,TOP,3,0.3333333333333333
Varus,Yone,BOTTOM,1,0.0
Varus,Yone,TOP,3,0.6666666666666666
Varus,Yorick,TOP,5,0.8
Varus,Yunara,BOTTOM,18,0.4444444444444444
Varus,Zaahen,TOP,1,0.0
Varus,Zeri,BOTTOM,4,0.25
Varus,Ziggs,BOTTOM,5,0.6
Varus,Zilean,TOP,2,0.5
Varus,Zoe,MIDDLE,1,0.0
Varus,Zoe,TOP,1,0.0
Vayne,Aatrox,TOP,5,0.8
Vayne,Akali,MIDDLE,1,0.0
Vayne,Akali,TOP,2,0.0
Vayne,Akshan,MIDDLE,1,0.0
Vayne,Ambessa,JUNGLE,5,0.8
Vayne,Ambessa,MIDDLE,1,0.0
Vayne,Ambessa,TOP,5,0.8
Vayne,Anivia,BOTTOM,1,0.0
Vayne,Anivia,TOP,4,1.0
Vayne,Aphelios,BOTTOM,1,0.0
Vayne,Aphelios,TOP,1,1.0
Vayne,Ashe,BOTTOM,2,0.5
Vayne,Aurora,TOP,9,0.2222222222222222
Vayne,Azir,MIDDLE,1,1.0
Vayne,Brand,BOTTOM,1,1.0
Vayne,Caitlyn,TOP,2,1.0
Vayne,Camille,TOP,4,0.75
Vayne,Cassiopeia,TOP,1,1.0
Vayne,Corki,BOTTOM,2,0.5
Vayne,Corki,TOP,1,0.0
Vayne,Darius,TOP,6,0.3333333333333333
Vayne,Diana,MIDDLE,1,1.0
Vayne,DrMundo,TOP,1,1.0
Vayne,Draven,BOTTOM,1,1.0
Vayne,Draven,TOP,2,1.0
Vayne,Elise,TOP,1,0.0
Vayne,Ezreal,BOTTOM,18,0.5555555555555556
Vayne,Fiora,TOP,14,0.5
Vayne,Gangplank,TOP,4,0.0
Vayne,Garen,TOP,9,0.6666666666666666
Vayne,Gnar,TOP,24,0.5416666666666666
Vayne,Gragas,TOP,3,0.3333333333333333
Vayne,Gwen,TOP,1,0.0
Vayne,Illaoi,TOP,2,0.0
Vayne,Irelia,TOP,5,0.8
Vayne,Janna,TOP,1,1.0
Vayne,Jax,TOP,2,1.0
Vayne,Jayce,TOP,16,0.25
Vayne,Jhin,BOTTOM,3,0.6666666666666666
Vayne,Jinx,BOTTOM,1,0.0
Vayne,KSante,TOP,12,0.4166666666666667
Vayne,Kaisa,BOTTOM,4,0.5
Vayne,Kaisa,TOP,1,0.0
Vayne,Kalista,BOTTOM,1,0.0
Vayne,Karthus,BOTTOM,1,0.0
Vayne,Kassadin,MIDDLE,1,1.0
Vayne,Kennen,TOP,2,1.0
Vayne,Kled,TOP,2,0.5
Vayne,Leblanc,MIDDLE,1,0.0
Vayne,Leblanc,TOP,1,0.0
Vayne,LeeSin,JUNGLE,1,1.0
Vayne,Lissandra,MIDDLE,1,0.0
Vayne,Locke,MIDDLE,1,0.0
Vayne,Lucian,BOTTOM,2,0.0
Vayne,Lucian,TOP,2,0.0
Vayne,Lux,BOTTOM,2,0.5
Vayne,Lux,MIDDLE,1,1.0
Vayne,Malphite,TOP,12,0.5
Vayne,Mel,BOTTOM,2,1.0
Vayne,MonkeyKing,TOP,1,0.0
Vayne,Mordekaiser,TOP,1,0.0
Vayne,Naafiri,JUNGLE,1,1.0
Vayne,Naafiri,TOP,2,0.5
Vayne,Nidalee,TOP,2,0.0
Vayne,Nocturne,JUNGLE,1,1.0
Vayne,Nunu,JUNGLE,1,0.0
Vayne,Olaf,TOP,7,0.42857142857142855
Vayne,Orianna,MIDDLE,1,1.0
Vayne,Ornn,MIDDLE,1,0.0
Vayne,Ornn,TOP,3,0.0
Vayne,Pantheon,TOP,3,0.3333333333333333
Vayne,Pyke,MIDDLE,1,0.0
Vayne,Qiyana,TOP,1,1.0
Vayne,RekSai,TOP,1,0.0
Vayne,Renekton,TOP,9,0.4444444444444444
Vayne,Riven,BOTTOM,1,1.0
Vayne,Riven,TOP,6,0.16666666666666666
Vayne,Rumble,TOP,3,0.3333333333333333
Vayne,Ryze,TOP,1,0.0
Vayne,Sejuani,TOP,1,1.0
Vayne,Sett,TOP,1,0.0
Vayne,Shen,TOP,8,0.625
Vayne,Singed,TOP,10,0.5
Vayne,Sion,TOP,9,0.6666666666666666
Vayne,Sivir,BOTTOM,2,1.0
Vayne,Skarner,JUNGLE,1,0.0
Vayne,Skarner,TOP,2,0.5
Vayne,Swain,BOTTOM,2,0.5
Vayne,Sylas,MIDDLE,1,1.0
Vayne,Sylas,TOP,2,0.0
Vayne,Syndra,BOTTOM,1,0.0
Vayne,TahmKench,TOP,1,0.0
Vayne,Taliyah,MIDDLE,1,0.0
Vayne,Teemo,TOP,2,0.0
Vayne,Tristana,BOTTOM,3,0.3333333333333333
Vayne,Tristana,MIDDLE,1,1.0
Vayne,Trundle,TOP,1,0.0
Vayne,TwistedFate,TOP,1,0.0
Vayne,Udyr,TOP,1,1.0
Vayne,Urgot,TOP,1,1.0
Vayne,Varus,BOTTOM,1,0.0
Vayne,Varus,TOP,10,0.7
Vayne,Viktor,BOTTOM,1,1.0
Vayne,Viktor,MIDDLE,1,0.0
Vayne,Viktor,TOP,1,1.0
Vayne,Vladimir,BOTTOM,1,1.0
Vayne,Vladimir,TOP,2,0.5
Vayne,Volibear,TOP,3,0.0
Vayne,Xayah,BOTTOM,1,0.0
Vayne,Xerath,BOTTOM,1,0.0
Vayne,XinZhao,JUNGLE,1,1.0
Vayne,Yasuo,TOP,4,0.5
Vayne,Yone,MIDDLE,1,0.0
Vayne,Yone,TOP,3,0.3333333333333333
Vayne,Yorick,TOP,1,1.0
Vayne,Yunara,BOTTOM,1,0.0
Vayne,Zaahen,TOP,5,0.8
Vayne,Zeri,BOTTOM,1,0.0
Vayne,Ziggs,BOTTOM,2,0.5
Veigar,Ahri,MIDDLE,3,1.0
Veigar,Akali,MIDDLE,3,0.6666666666666666
Veigar,Akshan,BOTTOM,1,0.0
Veigar,Ambessa,MIDDLE,1,1.0
Veigar,Annie,MIDDLE,1,0.0
Veigar,Aphelios,BOTTOM,1,1.0
Veigar,Ashe,BOTTOM,2,0.5
Veigar,Aurora,MIDDLE,2,0.5
Veigar,Azir,MIDDLE,2,0.0
Veigar,Brand,BOTTOM,1,0.0
Veigar,Caitlyn,BOTTOM,1,1.0
Veigar,Cassiopeia,BOTTOM,1,1.0
Veigar,Cassiopeia,MIDDLE,1,0.0
Veigar,Corki,BOTTOM,2,1.0
Veigar,Draven,BOTTOM,4,0.75
Veigar,Elise,BOTTOM,1,1.0
Veigar,Ezreal,BOTTOM,6,0.3333333333333333
Veigar,Fiora,BOTTOM,1,0.0
Veigar,Garen,MIDDLE,1,0.0
Veigar,Gragas,MIDDLE,1,1.0
Veigar,Hwei,MIDDLE,1,1.0
Veigar,Jayce,TOP,1,1.0
Veigar,Jhin,BOTTOM,6,0.3333333333333333
Veigar,Jinx,BOTTOM,2,1.0
Veigar,Kaisa,BOTTOM,2,0.0
Veigar,Kalista,BOTTOM,4,0.5
Veigar,Karma,SUPPORT,2,0.5
Veigar,Karthus,BOTTOM,1,0.0
Veigar,Katarina,MIDDLE,1,0.0
Veigar,Kled,MIDDLE,3,0.3333333333333333
Veigar,KogMaw,BOTTOM,1,1.0
Veigar,Leblanc,MIDDLE,2,1.0
Veigar,Lissandra,MIDDLE,2,0.5
Veigar,Locke,MIDDLE,2,1.0
Veigar,Lucian,BOTTOM,2,0.5
Veigar,Lux,BOTTOM,1,0.0
Veigar,Malzahar,BOTTOM,1,0.0
Veigar,Mel,BOTTOM,2,1.0
Veigar,Mel,MIDDLE,1,0.0
Veigar,MissFortune,BOTTOM,2,0.5
Veigar,Nautilus,SUPPORT,2,0.5
Veigar,Nunu,MIDDLE,1,0.0
Veigar,Orianna,MIDDLE,2,0.5
Veigar,Quinn,MIDDLE,1,1.0
Veigar,Rakan,SUPPORT,1,1.0
Veigar,Riven,BOTTOM,1,1.0
Veigar,Rumble,TOP,1,1.0
Veigar,Ryze,MIDDLE,1,0.0
Veigar,Seraphine,BOTTOM,1,1.0
Veigar,Seraphine,SUPPORT,1,1.0
Veigar,Sivir,BOTTOM,2,0.0
Veigar,Smolder,BOTTOM,1,0.0
Veigar,Sylas,MIDDLE,1,1.0
Veigar,Syndra,BOTTOM,1,1.0
Veigar,Syndra,MIDDLE,3,0.3333333333333333
Veigar,Talon,MIDDLE,2,0.5
Veigar,Teemo,TOP,2,0.0
Veigar,Tristana,BOTTOM,1,1.0
Veigar,Tristana,MIDDLE,1,1.0
Veigar,Twitch,BOTTOM,1,0.0
Veigar,Varus,BOTTOM,1,0.0
Veigar,Varus,MIDDLE,1,1.0
Veigar,Velkoz,BOTTOM,1,1.0
Veigar,Vex,MIDDLE,1,1.0
Veigar,Viktor,MIDDLE,1,1.0
Veigar,Vladimir,MIDDLE,2,0.5
Veigar,Xayah,BOTTOM,1,0.0
Veigar,Xerath,BOTTOM,1,1.0
Veigar,Xerath,MIDDLE,1,0.0
Veigar,Yasuo,BOTTOM,1,0.0
Veigar,Yasuo,MIDDLE,1,1.0
Veigar,Yone,MIDDLE,3,0.6666666666666666
Veigar,Yunara,BOTTOM,3,0.3333333333333333
Veigar,Zac,MIDDLE,1,1.0
Veigar,Zed,MIDDLE,1,0.0
Veigar,Ziggs,MIDDLE,1,1.0
Veigar,Zilean,MIDDLE,1,0.0
Veigar,Zoe,MIDDLE,2,0.5
Velkoz,Akali,MIDDLE,2,0.5
Velkoz,Alistar,SUPPORT,3,0.3333333333333333
Velkoz,Anivia,TOP,1,1.0
Velkoz,Ashe,BOTTOM,3,0.3333333333333333
Velkoz,Ashe,SUPPORT,1,1.0
Velkoz,Aurora,MIDDLE,1,0.0
Velkoz,Bard,SUPPORT,3,0.3333333333333333
Velkoz,Braum,SUPPORT,1,0.0
Velkoz,Briar,BOTTOM,1,1.0
Velkoz,Caitlyn,BOTTOM,3,0.0
Velkoz,Camille,SUPPORT,1,1.0
Velkoz,Ezreal,BOTTOM,10,0.5
Velkoz,Jhin,BOTTOM,7,0.42857142857142855
Velkoz,Jinx,BOTTOM,2,0.5
Velkoz,Kaisa,BOTTOM,2,1.0
Velkoz,Kalista,BOTTOM,1,1.0
Velkoz,Karma,SUPPORT,2,0.5
Velkoz,KogMaw,BOTTOM,1,0.0
Velkoz,Lucian,BOTTOM,3,0.6666666666666666
Velkoz,Lulu,SUPPORT,1,0.0
Velkoz,Morgana,SUPPORT,1,0.0
Velkoz,Nami,SUPPORT,1,1.0
Velkoz,Nasus,BOTTOM,1,1.0
Velkoz,Neeko,SUPPORT,1,0.0
Velkoz,Nilah,BOTTOM,1,1.0
Velkoz,Orianna,MIDDLE,1,0.0
Velkoz,Renata,SUPPORT,2,0.0
Velkoz,Senna,SUPPORT,1,0.0
Velkoz,Seraphine,SUPPORT,1,0.0
Velkoz,Sion,TOP,1,1.0
Velkoz,Sivir,BOTTOM,3,1.0
Velkoz,Sona,SUPPORT,1,0.0
Velkoz,Soraka,SUPPORT,2,0.0
Velkoz,Syndra,BOTTOM,1,0.0
Velkoz,TahmKench,TOP,1,0.0
Velkoz,Thresh,SUPPORT,2,1.0
Velkoz,Veigar,BOTTOM,1,0.0
Velkoz,Viktor,BOTTOM,2,0.5
Velkoz,Vladimir,MIDDLE,1,1.0
Velkoz,Xerath,BOTTOM,2,0.0
Velkoz,Xerath,MIDDLE,1,1.0
Velkoz,Xerath,SUPPORT,1,0.0
Velkoz,Yone,MIDDLE,1,1.0
Velkoz,Yunara,BOTTOM,1,0.0
Velkoz,Zeri,BOTTOM,1,0.0
Velkoz,Zilean,BOTTOM,1,0.0
Velkoz,Zilean,MIDDLE,1,0.0
Velkoz,Zilean,SUPPORT,1,1.0
Velkoz,Zilean,TOP,1,0.0
Vex,Ahri,MIDDLE,1,1.0
Vex,Akali,MIDDLE,3,0.3333333333333333
Vex,Akshan,MIDDLE,3,0.6666666666666666
Vex,Anivia,MIDDLE,1,1.0
Vex,Annie,MIDDLE,1,1.0
Vex,Aurora,MIDDLE,3,1.0
Vex,Azir,MIDDLE,2,1.0
Vex,Caitlyn,BOTTOM,1,0.0
Vex,Camille,MIDDLE,1,0.0
Vex,Corki,BOTTOM,1,1.0
Vex,Diana,MIDDLE,1,1.0
Vex,Ekko,MIDDLE,1,0.0
Vex,Ezreal,BOTTOM,2,0.0
Vex,Ezreal,MIDDLE,1,0.0
Vex,Galio,MIDDLE,1,0.0
Vex,Gwen,MIDDLE,1,0.0
Vex,Hwei,MIDDLE,1,0.0
Vex,Irelia,MIDDLE,2,0.5
Vex,Jayce,MIDDLE,1,1.0
Vex,Jhin,BOTTOM,1,0.0
Vex,Kalista,BOTTOM,1,0.0
Vex,Katarina,MIDDLE,4,0.75
Vex,Kayle,MIDDLE,1,0.0
Vex,Kayn,TOP,1,1.0
Vex,Leblanc,MIDDLE,6,0.3333333333333333
Vex,Locke,MIDDLE,2,0.5
Vex,Lucian,MIDDLE,3,0.6666666666666666
Vex,Lux,MIDDLE,1,1.0
Vex,MasterYi,TOP,1,1.0
Vex,Mel,MIDDLE,2,0.5
Vex,Nautilus,SUPPORT,1,0.0
Vex,Nilah,BOTTOM,1,0.0
Vex,Orianna,MIDDLE,3,0.6666666666666666
Vex,Qiyana,MIDDLE,2,0.5
Vex,Quinn,MIDDLE,1,0.0
Vex,Ryze,MIDDLE,2,0.0
Vex,Sejuani,MIDDLE,1,0.0
Vex,Swain,TOP,1,0.0
Vex,Sylas,MIDDLE,6,0.6666666666666666
Vex,Syndra,MIDDLE,2,1.0
Vex,Talon,MIDDLE,2,0.5
Vex,Tristana,BOTTOM,2,1.0
Vex,TwistedFate,MIDDLE,1,1.0
Vex,Veigar,MIDDLE,1,0.0
Vex,Viktor,MIDDLE,2,1.0
Vex,Vladimir,MIDDLE,2,1.0
Vex,Xerath,SUPPORT,1,1.0
Vex,Yasuo,MIDDLE,2,0.5
Vex,Yone,BOTTOM,1,1.0
Vex,Yone,MIDDLE,2,1.0
Vex,Yone,TOP,1,0.0
Vex,Yunara,BOTTOM,2,0.0
Vex,Zed,MIDDLE,1,1.0
Vex,Ziggs,BOTTOM,1,1.0
Vex,Zoe,MIDDLE,1,1.0
Vi,Aatrox,JUNGLE,4,0.75
Vi,Ambessa,JUNGLE,11,0.2727272727272727
Vi,Ambessa,TOP,1,1.0
Vi,Bard,SUPPORT,1,0.0
Vi,Briar,JUNGLE,1,1.0
Vi,Chogath,JUNGLE,6,0.16666666666666666
Vi,Diana,JUNGLE,2,0.0
Vi,DrMundo,JUNGLE,4,0.5
Vi,Ekko,JUNGLE,5,0.4
Vi,Elise,JUNGLE,1,0.0
Vi,Evelynn,JUNGLE,1,1.0
Vi,FiddleSticks,JUNGLE,2,1.0
Vi,Gangplank,TOP,1,1.0
Vi,Gnar,JUNGLE,2,0.5
Vi,Gnar,TOP,1,1.0
Vi,Graves,JUNGLE,10,0.5
Vi,Hecarim,JUNGLE,8,0.625
Vi,Ivern,JUNGLE,1,1.0
Vi,JarvanIV,JUNGLE,29,0.4827586206896552
Vi,Jax,JUNGLE,1,0.0
Vi,Jayce,JUNGLE,3,0.6666666666666666
Vi,Kalista,TOP,1,0.0
Vi,Karthus,JUNGLE,3,0.6666666666666666
Vi,Kayn,JUNGLE,1,0.0
Vi,Kennen,TOP,1,0.0
Vi,Khazix,JUNGLE,6,0.5
Vi,Kindred,JUNGLE,1,0.0
Vi,LeeSin,JUNGLE,52,0.5192307692307693
Vi,Lillia,JUNGLE,3,0.0
Vi,Locke,JUNGLE,3,0.3333333333333333
Vi,Lulu,SUPPORT,1,0.0
Vi,MasterYi,JUNGLE,5,0.6
Vi,MonkeyKing,JUNGLE,1,0.0
Vi,Naafiri,JUNGLE,11,0.6363636363636364
Vi,Nautilus,SUPPORT,1,0.0
Vi,Nidalee,JUNGLE,5,0.8
Vi,Nocturne,JUNGLE,14,0.5
Vi,Nunu,JUNGLE,4,0.5
Vi,Olaf,TOP,1,1.0
Vi,Pantheon,JUNGLE,11,0.6363636363636364
Vi,Poppy,JUNGLE,2,1.0
Vi,Qiyana,JUNGLE,14,0.9285714285714286
Vi,Rammus,JUNGLE,1,0.0
Vi,Rengar,JUNGLE,4,0.5
Vi,Riven,JUNGLE,1,1.0
Vi,Riven,TOP,1,1.0
Vi,Rumble,JUNGLE,1,0.0
Vi,Shen,JUNGLE,1,0.0
Vi,Shyvana,JUNGLE,4,0.5
Vi,Skarner,JUNGLE,1,0.0
Vi,Sylas,JUNGLE,6,0.8333333333333334
Vi,Taliyah,JUNGLE,8,0.75
Vi,Talon,JUNGLE,5,0.0
Vi,Trundle,JUNGLE,1,1.0
Vi,Udyr,JUNGLE,1,1.0
Vi,Viego,JUNGLE,6,0.6666666666666666
Vi,XinZhao,JUNGLE,15,0.3333333333333333
Vi,Zaahen,JUNGLE,9,0.2222222222222222
Vi,Zac,JUNGLE,1,0.0
Vi,Zilean,TOP,1,1.0
Vi,Zyra,JUNGLE,2,0.5
Viego,Aatrox,JUNGLE,7,0.2857142857142857
Viego,Ahri,MIDDLE,2,1.0
Viego,Akali,MIDDLE,3,0.0
Viego,Akshan,MIDDLE,1,1.0
Viego,Ambessa,JUNGLE,12,0.25
Viego,Amumu,JUNGLE,2,0.0
Viego,Anivia,MIDDLE,1,1.0
Viego,Annie,MIDDLE,1,0.0
Viego,Belveth,JUNGLE,6,0.3333333333333333
Viego,Briar,JUNGLE,3,0.0
Viego,Chogath,JUNGLE,1,1.0
Viego,Corki,MIDDLE,1,0.0
Viego,Diana,JUNGLE,3,0.3333333333333333
Viego,DrMundo,JUNGLE,1,0.0
Viego,Draven,JUNGLE,1,1.0
Viego,Ekko,JUNGLE,5,0.4
Viego,Ekko,MIDDLE,1,0.0
Viego,Elise,JUNGLE,7,0.5714285714285714
Viego,FiddleSticks,JUNGLE,1,1.0
Viego,Fizz,JUNGLE,2,0.0
Viego,Galio,MIDDLE,2,0.5
Viego,Gragas,JUNGLE,1,0.0
Viego,Graves,JUNGLE,17,0.4117647058823529
Viego,Gwen,JUNGLE,1,1.0
Viego,Hecarim,JUNGLE,5,0.0
Viego,Ivern,JUNGLE,2,0.5
Viego,JarvanIV,JUNGLE,18,0.6666666666666666
Viego,Jax,JUNGLE,2,0.0
Viego,Jayce,JUNGLE,3,1.0
Viego,Kaisa,JUNGLE,1,1.0
Viego,Karthus,JUNGLE,1,0.0
Viego,Katarina,MIDDLE,1,0.0
Viego,Kayn,JUNGLE,2,0.0
Viego,Khazix,JUNGLE,9,0.3333333333333333
Viego,Kindred,JUNGLE,1,1.0
Viego,Leblanc,MIDDLE,1,0.0
Viego,LeeSin,JUNGLE,21,0.47619047619047616
Viego,Lillia,JUNGLE,7,0.42857142857142855
Viego,Locke,MIDDLE,1,0.0
Viego,Maokai,JUNGLE,1,0.0
Viego,MasterYi,JUNGLE,3,0.3333333333333333
Viego,Naafiri,JUNGLE,5,0.4
Viego,Nidalee,JUNGLE,11,0.2727272727272727
Viego,Nocturne,JUNGLE,7,0.42857142857142855
Viego,Nunu,JUNGLE,2,0.5
Viego,Olaf,JUNGLE,1,1.0
Viego,Orianna,MIDDLE,1,0.0
Viego,Pantheon,JUNGLE,6,0.3333333333333333
Viego,Qiyana,JUNGLE,5,0.6
Viego,Quinn,JUNGLE,1,0.0
Viego,Quinn,MIDDLE,1,1.0
Viego,RekSai,JUNGLE,3,0.3333333333333333
Viego,Rengar,JUNGLE,7,0.14285714285714285
Viego,Riven,JUNGLE,1,1.0
Viego,Shyvana,JUNGLE,1,0.0
Viego,Skarner,JUNGLE,4,0.5
Viego,Soraka,SUPPORT,1,0.0
Viego,Sylas,JUNGLE,4,0.75
Viego,Sylas,MIDDLE,1,0.0
Viego,Taliyah,JUNGLE,1,0.0
Viego,Talon,JUNGLE,9,0.3333333333333333
Viego,TwistedFate,MIDDLE,1,1.0
Viego,Udyr,JUNGLE,3,0.3333333333333333
Viego,Vi,JUNGLE,6,0.3333333333333333
Viego,Vladimir,MIDDLE,1,0.0
Viego,XinZhao,JUNGLE,9,0.4444444444444444
Viego,Yasuo,MIDDLE,1,0.0
Viego,Yunara,BOTTOM,1,0.0
Viego,Zaahen,JUNGLE,1,0.0
Viego,Zac,JUNGLE,1,1.0
Viego,Zoe,MIDDLE,2,0.0
Viego,Zyra,JUNGLE,3,0.3333333333333333
Viktor,Ahri,MIDDLE,11,0.45454545454545453
Viktor,Akali,MIDDLE,9,0.2222222222222222
Viktor,Akali,TOP,1,0.0
Viktor,Akshan,MIDDLE,4,0.25
Viktor,Anivia,MIDDLE,6,0.5
Viktor,Anivia,TOP,1,1.0
Viktor,Annie,MIDDLE,5,0.8
Viktor,Aphelios,BOTTOM,4,1.0
Viktor,AurelionSol,MIDDLE,1,1.0
Viktor,Aurora,MIDDLE,14,0.7142857142857143
Viktor,Aurora,TOP,1,0.0
Viktor,Azir,MIDDLE,9,0.5555555555555556
Viktor,Brand,BOTTOM,1,0.0
Viktor,Brand,MIDDLE,1,0.0
Viktor,Caitlyn,BOTTOM,4,0.75
Viktor,Cassiopeia,MIDDLE,4,0.5
Viktor,Corki,BOTTOM,1,0.0
Viktor,Corki,MIDDLE,1,1.0
Viktor,Diana,MIDDLE,1,0.0
Viktor,DrMundo,TOP,2,0.5
Viktor,Draven,BOTTOM,1,1.0
Viktor,Ekko,MIDDLE,2,1.0
Viktor,Ezreal,BOTTOM,6,0.3333333333333333
Viktor,FiddleSticks,MIDDLE,1,1.0
Viktor,Fizz,MIDDLE,2,1.0
Viktor,Galio,MIDDLE,5,0.2
Viktor,Gangplank,MIDDLE,2,0.0
Viktor,Hwei,BOTTOM,4,0.25
Viktor,Hwei,MIDDLE,10,0.5
Viktor,Irelia,MIDDLE,6,0.3333333333333333
Viktor,Jayce,MIDDLE,1,1.0
Viktor,Jhin,BOTTOM,7,0.42857142857142855
Viktor,Jinx,BOTTOM,2,1.0
Viktor,Kaisa,BOTTOM,3,0.3333333333333333
Viktor,Kaisa,MIDDLE,2,0.5
Viktor,Kalista,BOTTOM,2,0.5
Viktor,Karthus,BOTTOM,2,0.0
Viktor,Karthus,MIDDLE,1,1.0
Viktor,Kassadin,MIDDLE,2,1.0
Viktor,Katarina,MIDDLE,9,0.4444444444444444
Viktor,KogMaw,TOP,1,1.0
Viktor,Leblanc,MIDDLE,11,0.2727272727272727
Viktor,Lissandra,MIDDLE,1,1.0
Viktor,Locke,MIDDLE,5,0.6
Viktor,Lucian,BOTTOM,3,0.3333333333333333
Viktor,Lucian,MIDDLE,1,1.0
Viktor,Lux,BOTTOM,1,0.0
Viktor,Lux,MIDDLE,3,1.0
Viktor,Malphite,MIDDLE,1,1.0
Viktor,Mel,MIDDLE,2,0.5
Viktor,MissFortune,BOTTOM,1,0.0
Viktor,MissFortune,MIDDLE,1,0.0
Viktor,MonkeyKing,TOP,1,0.0
Viktor,Nasus,MIDDLE,1,0.0
Viktor,Nautilus,SUPPORT,1,1.0
Viktor,Nidalee,MIDDLE,1,1.0
Viktor,Olaf,BOTTOM,1,0.0
Viktor,Orianna,MIDDLE,10,0.4
Viktor,Ornn,MIDDLE,1,0.0
Viktor,Pantheon,MIDDLE,1,1.0
Viktor,Pantheon,TOP,1,1.0
Viktor,Poppy,MIDDLE,1,1.0
Viktor,Qiyana,BOTTOM,1,0.0
Viktor,Qiyana,MIDDLE,5,0.4
Viktor,Quinn,MIDDLE,1,0.0
Viktor,Quinn,TOP,1,0.0
Viktor,Rell,SUPPORT,1,0.0
Viktor,Riven,MIDDLE,1,1.0
Viktor,Ryze,MIDDLE,4,0.75
Viktor,Sejuani,MIDDLE,1,0.0
Viktor,Seraphine,BOTTOM,1,0.0
Viktor,Seraphine,SUPPORT,1,1.0
Viktor,Sion,MIDDLE,3,0.6666666666666666
Viktor,Sivir,BOTTOM,1,0.0
Viktor,Swain,MIDDLE,1,0.0
Viktor,Sylas,MIDDLE,11,0.36363636363636365
Viktor,Syndra,BOTTOM,2,0.5
Viktor,Syndra,MIDDLE,14,0.2857142857142857
Viktor,Taliyah,MIDDLE,5,0.8
Viktor,Talon,MIDDLE,2,1.0
Viktor,Thresh,SUPPORT,1,0.0
Viktor,Tristana,BOTTOM,2,0.0
Viktor,Tristana,MIDDLE,3,0.6666666666666666
Viktor,Tristana,TOP,1,1.0
Viktor,Tryndamere,MIDDLE,1,1.0
Viktor,TwistedFate,MIDDLE,7,0.5714285714285714
Viktor,Twitch,BOTTOM,2,0.0
Viktor,Urgot,MIDDLE,1,0.0
Viktor,Varus,BOTTOM,1,0.0
Viktor,Vayne,BOTTOM,1,0.0
Viktor,Vayne,MIDDLE,1,1.0
Viktor,Vayne,TOP,1,0.0
Viktor,Veigar,MIDDLE,1,0.0
Viktor,Velkoz,BOTTOM,2,0.5
Viktor,Vex,MIDDLE,2,0.0
Viktor,Vladimir,BOTTOM,2,0.0
Viktor,Vladimir,MIDDLE,6,0.5
Viktor,Vladimir,TOP,1,0.0
Viktor,Xayah,BOTTOM,2,0.5
Viktor,Xerath,BOTTOM,2,1.0
Viktor,Xerath,MIDDLE,3,0.6666666666666666
Viktor,Yasuo,BOTTOM,1,1.0
Viktor,Yasuo,MIDDLE,10,0.4
Viktor,Yone,BOTTOM,1,1.0
Viktor,Yone,MIDDLE,20,0.35
Viktor,Yorick,TOP,1,0.0
Viktor,Yunara,BOTTOM,8,0.375
Viktor,Zed,MIDDLE,3,0.3333333333333333
Viktor,Ziggs,BOTTOM,1,1.0
Viktor,Ziggs,MIDDLE,3,0.3333333333333333
Viktor,Zilean,MIDDLE,2,0.0
Viktor,Zoe,BOTTOM,1,1.0
Viktor,Zoe,MIDDLE,4,0.5
Viktor,Zyra,BOTTOM,2,0.5
Viktor,Zyra,MIDDLE,1,0.0
Vladimir,Aatrox,TOP,1,0.0
Vladimir,Ahri,BOTTOM,1,1.0
Vladimir,Ahri,MIDDLE,5,0.4
Vladimir,Akali,MIDDLE,4,0.75
Vladimir,Akshan,MIDDLE,5,0.6
Vladimir,Anivia,MIDDLE,3,0.0
Vladimir,Anivia,TOP,2,0.0
Vladimir,Annie,MIDDLE,3,0.3333333333333333
Vladimir,Aphelios,BOTTOM,1,1.0
Vladimir,AurelionSol,MIDDLE,2,0.0
Vladimir,Aurora,BOTTOM,1,0.0
Vladimir,Aurora,MIDDLE,5,0.6
Vladimir,Azir,MIDDLE,2,0.0
Vladimir,Brand,MIDDLE,1,1.0
Vladimir,Caitlyn,BOTTOM,5,0.8
Vladimir,Camille,TOP,1,1.0
Vladimir,Cassiopeia,MIDDLE,6,0.5
Vladimir,Chogath,MIDDLE,2,0.5
Vladimir,Chogath,TOP,1,1.0
Vladimir,Darius,TOP,1,0.0
Vladimir,Ekko,MIDDLE,1,0.0
Vladimir,Ezreal,BOTTOM,7,0.5714285714285714
Vladimir,Fiora,TOP,1,0.0
Vladimir,Fizz,MIDDLE,1,1.0
Vladimir,Galio,MIDDLE,2,0.5
Vladimir,Gangplank,TOP,2,1.0
Vladimir,Garen,TOP,1,0.0
Vladimir,Gnar,TOP,1,0.0
Vladimir,Hwei,BOTTOM,1,1.0
Vladimir,Hwei,MIDDLE,4,0.0
Vladimir,Irelia,MIDDLE,3,0.0
Vladimir,Irelia,TOP,2,1.0
Vladimir,Jax,TOP,3,0.6666666666666666
Vladimir,Jhin,BOTTOM,1,1.0
Vladimir,Jinx,BOTTOM,1,1.0
Vladimir,KSante,TOP,1,0.0
Vladimir,Kaisa,BOTTOM,2,1.0
Vladimir,Kalista,BOTTOM,1,0.0
Vladimir,Karthus,BOTTOM,2,0.5
Vladimir,Kassadin,MIDDLE,3,0.3333333333333333
Vladimir,Katarina,MIDDLE,4,0.75
Vladimir,Kayle,TOP,1,0.0
Vladimir,Kennen,TOP,2,0.5
Vladimir,Leblanc,MIDDLE,6,0.5
Vladimir,Lissandra,MIDDLE,2,0.5
Vladimir,Locke,MIDDLE,4,0.0
Vladimir,Lucian,BOTTOM,2,0.0
Vladimir,Lucian,MIDDLE,2,0.5
Vladimir,Lulu,TOP,1,0.0
Vladimir,Lux,BOTTOM,1,1.0
Vladimir,Lux,MIDDLE,3,0.0
Vladimir,Malphite,TOP,1,1.0
Vladimir,Malzahar,MIDDLE,5,0.6
Vladimir,Mel,BOTTOM,1,0.0
Vladimir,Mel,MIDDLE,1,1.0
Vladimir,Naafiri,MIDDLE,1,0.0
Vladimir,Nasus,MIDDLE,1,0.0
Vladimir,Nasus,TOP,1,1.0
Vladimir,Neeko,TOP,1,0.0
Vladimir,Olaf,TOP,1,1.0
Vladimir,Orianna,MIDDLE,5,0.4
Vladimir,Ornn,TOP,1,1.0
Vladimir,Pantheon,MIDDLE,1,1.0
Vladimir,Pantheon,TOP,2,0.5
Vladimir,Poppy,TOP,2,0.5
Vladimir,Qiyana,BOTTOM,1,1.0
Vladimir,Qiyana,MIDDLE,5,0.4
Vladimir,RekSai,MIDDLE,1,1.0
Vladimir,Rell,TOP,1,0.0
Vladimir,Renekton,TOP,1,0.0
Vladimir,Rumble,TOP,1,0.0
Vladimir,Ryze,MIDDLE,8,0.625
Vladimir,Ryze,TOP,4,1.0
Vladimir,Sejuani,MIDDLE,1,0.0
Vladimir,Singed,TOP,1,1.0
Vladimir,Sion,TOP,1,0.0
Vladimir,Sivir,BOTTOM,2,1.0
Vladimir,Smolder,BOTTOM,2,0.5
Vladimir,Swain,BOTTOM,1,0.0
Vladimir,Swain,MIDDLE,2,0.5
Vladimir,Sylas,MIDDLE,3,0.3333333333333333
Vladimir,Syndra,BOTTOM,1,0.0
Vladimir,Syndra,MIDDLE,4,0.25
Vladimir,Taliyah,MIDDLE,2,0.5
Vladimir,Talon,MIDDLE,2,0.5
Vladimir,Teemo,TOP,1,0.0
Vladimir,Tristana,MIDDLE,1,1.0
Vladimir,TwistedFate,MIDDLE,7,0.5714285714285714
Vladimir,Urgot,TOP,1,1.0
Vladimir,Varus,BOTTOM,2,1.0
Vladimir,Varus,TOP,1,0.0
Vladimir,Vayne,BOTTOM,1,0.0
Vladimir,Vayne,TOP,2,0.5
Vladimir,Veigar,MIDDLE,2,0.5
Vladimir,Velkoz,MIDDLE,1,0.0
Vladimir,Vex,MIDDLE,2,0.0
Vladimir,Viego,MIDDLE,1,1.0
Vladimir,Viktor,BOTTOM,2,1.0
Vladimir,Viktor,MIDDLE,6,0.5
Vladimir,Viktor,TOP,1,1.0
Vladimir,Warwick,TOP,1,1.0
Vladimir,Xerath,MIDDLE,1,1.0
Vladimir,Yasuo,MIDDLE,4,0.25
Vladimir,Yasuo,TOP,2,0.0
Vladimir,Yone,MIDDLE,6,0.5
Vladimir,Yone,TOP,2,0.5
Vladimir,Yunara,BOTTOM,4,0.75
Vladimir,Zed,MIDDLE,4,0.75
Vladimir,Zeri,BOTTOM,1,1.0
Vladimir,Ziggs,BOTTOM,1,0.0
Vladimir,Zilean,TOP,1,0.0
Vladimir,Zoe,MIDDLE,1,0.0
Vladimir,Zyra,BOTTOM,1,1.0
Vladimir,Zyra,MIDDLE,1,1.0
Volibear,Aatrox,TOP,2,1.0
Volibear,Ahri,MIDDLE,1,0.0
Volibear,Braum,SUPPORT,1,1.0
Volibear,Darius,TOP,1,1.0
Volibear,Evelynn,JUNGLE,1,0.0
Volibear,FiddleSticks,TOP,1,1.0
Volibear,Fiora,TOP,2,1.0
Volibear,Gnar,TOP,2,0.5
Volibear,Heimerdinger,TOP,1,1.0
Volibear,JarvanIV,JUNGLE,1,1.0
Volibear,Jax,TOP,2,0.5
Volibear,Jayce,TOP,2,0.5
Volibear,Karthus,JUNGLE,1,0.0
Volibear,Kled,TOP,2,0.5
Volibear,Lissandra,TOP,1,0.0
Volibear,Lux,MIDDLE,1,0.0
Volibear,Malphite,TOP,1,1.0
Volibear,Nautilus,SUPPORT,1,0.0
Volibear,Olaf,TOP,4,0.75
Volibear,Ornn,TOP,1,1.0
Volibear,Renekton,TOP,2,0.5
Volibear,Rumble,TOP,1,1.0
Volibear,Shen,JUNGLE,1,1.0
Volibear,Shen,TOP,1,1.0
Volibear,Singed,TOP,1,1.0
Volibear,Sion,TOP,1,0.0
Volibear,Sylas,MIDDLE,1,0.0
Volibear,Teemo,TOP,2,0.5
Volibear,Trundle,TOP,1,0.0
Volibear,Urgot,TOP,1,0.0
Volibear,Vayne,TOP,3,1.0
Volibear,Yasuo,TOP,3,0.3333333333333333
Volibear,Yone,MIDDLE,2,0.5
Volibear,Yorick,TOP,1,0.0
Volibear,Zaahen,TOP,1,1.0
Volibear,Zed,TOP,1,0.0
Volibear,Zoe,TOP,1,1.0
Warwick,Ambessa,TOP,1,1.0
Warwick,Anivia,TOP,1,1.0
Warwick,Aurora,MIDDLE,1,1.0
Warwick,Belveth,JUNGLE,1,0.0
Warwick,Brand,MIDDLE,1,1.0
Warwick,Camille,TOP,3,0.6666666666666666
Warwick,Chogath,TOP,1,0.0
Warwick,Fiora,TOP,2,1.0
Warwick,Garen,MIDDLE,1,0.0
Warwick,Gnar,TOP,2,0.0
Warwick,Graves,JUNGLE,1,0.0
Warwick,Irelia,TOP,1,1.0
Warwick,Jax,TOP,3,0.3333333333333333
Warwick,Jayce,TOP,4,0.25
Warwick,KSante,TOP,2,1.0
Warwick,Kennen,TOP,1,0.0
Warwick,Kled,TOP,2,1.0
Warwick,Mordekaiser,TOP,1,0.0
Warwick,Pantheon,JUNGLE,1,1.0
Warwick,Pantheon,TOP,1,0.0
Warwick,Poppy,TOP,1,0.0
Warwick,Riven,TOP,1,1.0
Warwick,Sion,TOP,1,0.0
Warwick,Sylas,JUNGLE,1,1.0
Warwick,Tryndamere,TOP,1,0.0
Warwick,Varus,TOP,1,1.0
Warwick,Vladimir,TOP,1,0.0
Warwick,Yone,TOP,1,0.0
Warwick,Yunara,TOP,1,0.0
Warwick,Zed,TOP,1,1.0
Xayah,Anivia,BOTTOM,1,0.0
Xayah,Aphelios,BOTTOM,5,0.2
Xayah,Ashe,BOTTOM,1,0.0
Xayah,AurelionSol,BOTTOM,2,0.5
Xayah,Caitlyn,BOTTOM,3,0.3333333333333333
Xayah,Corki,BOTTOM,6,0.5
Xayah,Draven,BOTTOM,2,0.0
Xayah,Ezreal,BOTTOM,5,0.6
Xayah,Hwei,BOTTOM,1,1.0
Xayah,Jhin,BOTTOM,8,0.25
Xayah,Jinx,BOTTOM,5,0.4
Xayah,Kaisa,BOTTOM,27,0.6296296296296297
Xayah,Kalista,BOTTOM,7,0.2857142857142857
Xayah,Karthus,BOTTOM,1,0.0
Xayah,Katarina,BOTTOM,1,1.0
Xayah,KogMaw,BOTTOM,1,0.0
Xayah,Lucian,BOTTOM,9,0.1111111111111111
Xayah,MissFortune,BOTTOM,1,1.0
Xayah,Ornn,BOTTOM,1,1.0
Xayah,Pantheon,BOTTOM,1,0.0
Xayah,Qiyana,BOTTOM,1,1.0
Xayah,Samira,BOTTOM,1,0.0
Xayah,Senna,BOTTOM,1,1.0
Xayah,Sivir,BOTTOM,3,1.0
Xayah,Smolder,BOTTOM,3,0.3333333333333333
Xayah,Swain,BOTTOM,1,1.0
Xayah,Syndra,MIDDLE,1,0.0
Xayah,Tristana,BOTTOM,13,0.46153846153846156
Xayah,Twitch,BOTTOM,1,1.0
Xayah,Vayne,BOTTOM,1,1.0
Xayah,Veigar,BOTTOM,1,1.0
Xayah,Viktor,BOTTOM,2,0.5
Xayah,Yasuo,BOTTOM,2,0.0
Xayah,Yunara,BOTTOM,11,0.5454545454545454
Xayah,Zeri,BOTTOM,6,0.3333333333333333
Xayah,Ziggs,BOTTOM,1,1.0
Xerath,Aatrox,MIDDLE,1,0.0
Xerath,Ahri,MIDDLE,2,0.5
Xerath,Ambessa,MIDDLE,1,1.0
Xerath,Anivia,TOP,1,1.0
Xerath,Annie,MIDDLE,2,0.0
Xerath,Ashe,BOTTOM,3,0.0
Xerath,Aurora,MIDDLE,4,0.75
Xerath,Azir,MIDDLE,6,0.8333333333333334
Xerath,Blitzcrank,SUPPORT,1,1.0
Xerath,Caitlyn,BOTTOM,4,1.0
Xerath,Cassiopeia,BOTTOM,1,1.0
Xerath,Cassiopeia,MIDDLE,1,1.0
Xerath,Corki,BOTTOM,1,1.0
Xerath,Corki,MIDDLE,1,1.0
Xerath,Draven,BOTTOM,2,1.0
Xerath,Ekko,MIDDLE,3,1.0
Xerath,Ezreal,BOTTOM,8,0.875
Xerath,Fizz,MIDDLE,1,1.0
Xerath,Galio,MIDDLE,3,0.6666666666666666
Xerath,Galio,SUPPORT,1,1.0
Xerath,Gangplank,MIDDLE,1,1.0
Xerath,Gragas,MIDDLE,1,0.0
Xerath,Hwei,MIDDLE,5,0.0
Xerath,Irelia,MIDDLE,2,0.5
Xerath,Janna,SUPPORT,1,0.0
Xerath,Jayce,MIDDLE,1,0.0
Xerath,Jhin,BOTTOM,4,0.25
Xerath,Jinx,BOTTOM,1,1.0
Xerath,Kaisa,BOTTOM,5,0.6
Xerath,Karma,MIDDLE,1,1.0
Xerath,Karma,SUPPORT,1,0.0
Xerath,Karthus,BOTTOM,1,1.0
Xerath,Kassadin,MIDDLE,1,0.0
Xerath,Katarina,MIDDLE,1,0.0
Xerath,Kennen,MIDDLE,1,1.0
Xerath,KogMaw,BOTTOM,1,1.0
Xerath,Leblanc,MIDDLE,2,0.0
Xerath,Lissandra,MIDDLE,1,0.0
Xerath,Lissandra,SUPPORT,1,1.0
Xerath,Lucian,BOTTOM,1,1.0
Xerath,Lux,BOTTOM,1,0.0
Xerath,Malzahar,MIDDLE,1,1.0
Xerath,Mel,BOTTOM,3,1.0
Xerath,Mel,MIDDLE,2,1.0
Xerath,MissFortune,BOTTOM,1,1.0
Xerath,Orianna,MIDDLE,5,0.6
Xerath,Ornn,TOP,1,0.0
Xerath,Pyke,SUPPORT,2,0.0
Xerath,Qiyana,MIDDLE,1,1.0
Xerath,Quinn,MIDDLE,1,0.0
Xerath,Rakan,SUPPORT,1,0.0
Xerath,Rell,SUPPORT,1,0.0
Xerath,Ryze,MIDDLE,8,0.625
Xerath,Seraphine,BOTTOM,2,0.5
Xerath,Sion,MIDDLE,1,1.0
Xerath,Sivir,BOTTOM,1,0.0
Xerath,Soraka,SUPPORT,1,0.0
Xerath,Swain,BOTTOM,1,1.0
Xerath,Syndra,BOTTOM,1,0.0
Xerath,Syndra,MIDDLE,10,0.4
Xerath,Talon,MIDDLE,1,1.0
Xerath,Tristana,MIDDLE,1,1.0
Xerath,TwistedFate,MIDDLE,3,0.6666666666666666
Xerath,Varus,BOTTOM,2,0.5
Xerath,Vayne,BOTTOM,1,1.0
Xerath,Veigar,BOTTOM,1,0.0
Xerath,Veigar,MIDDLE,1,1.0
Xerath,Velkoz,BOTTOM,2,1.0
Xerath,Velkoz,MIDDLE,1,0.0
Xerath,Velkoz,SUPPORT,1,1.0
Xerath,Vex,SUPPORT,1,0.0
Xerath,Viktor,BOTTOM,2,0.0
Xerath,Viktor,MIDDLE,3,0.3333333333333333
Xerath,Vladimir,MIDDLE,1,0.0
Xerath,Yasuo,BOTTOM,1,1.0
Xerath,Yasuo,MIDDLE,1,1.0
Xerath,Yone,MIDDLE,5,0.4
Xerath,Yunara,BOTTOM,3,0.0
Xerath,Zaahen,MIDDLE,1,0.0
Xerath,Zeri,BOTTOM,5,0.8
Xerath,Ziggs,BOTTOM,3,0.6666666666666666
Xerath,Zoe,MIDDLE,4,1.0
Xerath,Zyra,MIDDLE,1,0.0
XinZhao,Aatrox,JUNGLE,1,1.0
XinZhao,Ambessa,JUNGLE,9,0.6666666666666666
XinZhao,Belveth,JUNGLE,1,1.0
XinZhao,Chogath,JUNGLE,3,1.0
XinZhao,Darius,MIDDLE,1,0.0
XinZhao,Diana,JUNGLE,3,0.6666666666666666
XinZhao,DrMundo,JUNGLE,1,0.0
XinZhao,Ekko,JUNGLE,3,1.0
XinZhao,Elise,JUNGLE,5,1.0
XinZhao,Evelynn,JUNGLE,2,0.5
XinZhao,FiddleSticks,JUNGLE,5,0.8
XinZhao,Gangplank,TOP,1,0.0
XinZhao,Gragas,JUNGLE,1,0.0
XinZhao,Graves,JUNGLE,8,0.125
XinZhao,Hecarim,JUNGLE,2,0.5
XinZhao,Ivern,JUNGLE,1,1.0
XinZhao,JarvanIV,JUNGLE,28,0.5357142857142857
XinZhao,Jax,JUNGLE,1,0.0
XinZhao,Jayce,JUNGLE,3,1.0
XinZhao,Karthus,JUNGLE,3,1.0
XinZhao,Katarina,BOTTOM,1,0.0
XinZhao,Kayle,JUNGLE,1,0.0
XinZhao,Kayn,JUNGLE,2,0.5
XinZhao,Khazix,JUNGLE,8,0.375
XinZhao,Kindred,JUNGLE,9,0.4444444444444444
XinZhao,LeeSin,JUNGLE,54,0.5185185185185185
XinZhao,Lillia,JUNGLE,2,0.5
XinZhao,Locke,JUNGLE,2,0.5
XinZhao,MasterYi,JUNGLE,1,1.0
XinZhao,MonkeyKing,JUNGLE,6,1.0
XinZhao,Morgana,JUNGLE,1,0.0
XinZhao,Naafiri,JUNGLE,9,0.1111111111111111
XinZhao,Nasus,JUNGLE,1,1.0
XinZhao,Nidalee,JUNGLE,6,0.6666666666666666
XinZhao,Nocturne,JUNGLE,5,0.8
XinZhao,Olaf,JUNGLE,2,1.0
XinZhao,Orianna,MIDDLE,1,0.0
XinZhao,Pantheon,JUNGLE,14,0.5
XinZhao,Pantheon,TOP,1,0.0
XinZhao,Poppy,JUNGLE,1,0.0
XinZhao,Poppy,TOP,1,1.0
XinZhao,Qiyana,JUNGLE,5,0.6
XinZhao,Rammus,JUNGLE,2,0.0
XinZhao,Rengar,JUNGLE,7,0.42857142857142855
XinZhao,Rumble,TOP,1,1.0
XinZhao,Ryze,MIDDLE,1,0.0
XinZhao,Sejuani,JUNGLE,1,0.0
XinZhao,Shen,JUNGLE,2,0.5
XinZhao,Sion,MIDDLE,1,0.0
XinZhao,Skarner,JUNGLE,10,0.5
XinZhao,Sylas,JUNGLE,5,0.0
XinZhao,Taliyah,JUNGLE,1,0.0
XinZhao,Talon,JUNGLE,2,0.0
XinZhao,Trundle,JUNGLE,1,1.0
XinZhao,Tryndamere,TOP,1,0.0
XinZhao,Udyr,JUNGLE,3,0.6666666666666666
XinZhao,Vayne,JUNGLE,1,0.0
XinZhao,Vi,JUNGLE,15,0.6666666666666666
XinZhao,Viego,JUNGLE,9,0.5555555555555556
XinZhao,Zaahen,JUNGLE,3,0.6666666666666666
XinZhao,Zac,JUNGLE,1,0.0
XinZhao,Zyra,JUNGLE,2,0.5
Yasuo,Aatrox,TOP,1,1.0
Yasuo,Ahri,MIDDLE,10,0.5
Yasuo,Ahri,TOP,1,1.0
Yasuo,Akali,BOTTOM,1,0.0
Yasuo,Akali,MIDDLE,12,0.5833333333333334
Yasuo,Akali,TOP,5,0.4
Yasuo,Akshan,MIDDLE,3,0.3333333333333333
Yasuo,Ambessa,MIDDLE,1,1.0
Yasuo,Ambessa,TOP,2,0.5
Yasuo,Anivia,BOTTOM,2,0.5
Yasuo,Anivia,MIDDLE,9,0.5555555555555556
Yasuo,Anivia,TOP,2,1.0
Yasuo,Annie,MIDDLE,3,0.6666666666666666
Yasuo,Aphelios,BOTTOM,3,0.6666666666666666
Yasuo,Ashe,BOTTOM,2,0.5
Yasuo,AurelionSol,BOTTOM,3,0.6666666666666666
Yasuo,AurelionSol,MIDDLE,1,0.0
Yasuo,Aurora,MIDDLE,13,0.38461538461538464
Yasuo,Aurora,TOP,4,0.75
Yasuo,Azir,MIDDLE,6,0.3333333333333333
Yasuo,Brand,BOTTOM,1,1.0
Yasuo,Caitlyn,BOTTOM,4,0.75
Yasuo,Camille,TOP,5,0.2
Yasuo,Cassiopeia,BOTTOM,1,1.0
Yasuo,Cassiopeia,MIDDLE,4,0.0
Yasuo,Cassiopeia,TOP,1,1.0
Yasuo,Chogath,MIDDLE,1,1.0
Yasuo,Chogath,TOP,3,0.3333333333333333
Yasuo,Corki,BOTTOM,1,1.0
Yasuo,Corki,MIDDLE,1,1.0
Yasuo,Corki,TOP,1,1.0
Yasuo,Darius,TOP,3,0.6666666666666666
Yasuo,Diana,MIDDLE,1,0.0
Yasuo,Draven,BOTTOM,1,1.0
Yasuo,Ekko,MIDDLE,5,0.8
Yasuo,Elise,TOP,1,1.0
Yasuo,Ezreal,BOTTOM,17,0.5294117647058824
Yasuo,Fiora,TOP,8,0.625
Yasuo,Fizz,MIDDLE,2,0.5
Yasuo,Fizz,TOP,1,1.0
Yasuo,Galio,MIDDLE,3,0.6666666666666666
Yasuo,Gangplank,MIDDLE,1,1.0
Yasuo,Gangplank,TOP,4,0.25
Yasuo,Garen,MIDDLE,4,0.5
Yasuo,Garen,TOP,1,1.0
Yasuo,Gnar,TOP,6,0.5
Yasuo,Gragas,TOP,2,0.5
Yasuo,Gwen,TOP,1,1.0
Yasuo,Hwei,BOTTOM,1,0.0
Yasuo,Hwei,MIDDLE,6,0.5
Yasuo,Illaoi,TOP,1,1.0
Yasuo,Irelia,BOTTOM,2,0.5
Yasuo,Irelia,MIDDLE,2,0.5
Yasuo,Irelia,TOP,6,0.6666666666666666
Yasuo,Ivern,TOP,1,0.0
Yasuo,Jax,BOTTOM,2,0.0
Yasuo,Jax,TOP,6,0.5
Yasuo,Jayce,MIDDLE,1,1.0
Yasuo,Jayce,TOP,19,0.631578947368421
Yasuo,Jhin,BOTTOM,12,0.75
Yasuo,KSante,TOP,5,0.8
Yasuo,Kaisa,BOTTOM,7,0.14285714285714285
Yasuo,Kaisa,MIDDLE,1,1.0
Yasuo,Kaisa,TOP,2,1.0
Yasuo,Kalista,BOTTOM,1,1.0
Yasuo,Karthus,BOTTOM,2,0.5
Yasuo,Kassadin,MIDDLE,2,0.5
Yasuo,Katarina,BOTTOM,1,0.0
Yasuo,Katarina,MIDDLE,7,0.2857142857142857
Yasuo,Kayle,MIDDLE,3,0.6666666666666666
Yasuo,Kennen,TOP,2,0.0
Yasuo,Kled,TOP,3,0.0
Yasuo,KogMaw,BOTTOM,1,1.0
Yasuo,Leblanc,MIDDLE,8,0.25
Yasuo,LeeSin,MIDDLE,1,0.0
Yasuo,Lissandra,MIDDLE,5,0.2
Yasuo,Lissandra,TOP,1,0.0
Yasuo,Locke,BOTTOM,2,0.0
Yasuo,Locke,MIDDLE,2,1.0
Yasuo,Lucian,BOTTOM,2,0.5
Yasuo,Lucian,MIDDLE,2,1.0
Yasuo,Lux,MIDDLE,1,0.0
Yasuo,Malphite,TOP,7,0.7142857142857143
Yasuo,Malzahar,MIDDLE,1,0.0
Yasuo,MasterYi,TOP,1,1.0
Yasuo,Mel,BOTTOM,1,1.0
Yasuo,Mel,MIDDLE,1,0.0
Yasuo,MissFortune,BOTTOM,2,0.5
Yasuo,Nasus,MIDDLE,2,0.0
Yasuo,Nasus,TOP,2,0.5
Yasuo,Neeko,TOP,1,0.0
Yasuo,Nidalee,TOP,1,1.0
Yasuo,Nilah,BOTTOM,2,0.5
Yasuo,Orianna,MIDDLE,6,0.6666666666666666
Yasuo,Ornn,TOP,2,0.0
Yasuo,Pantheon,MIDDLE,2,0.5
Yasuo,Pantheon,TOP,4,1.0
Yasuo,Qiyana,MIDDLE,5,0.4
Yasuo,Quinn,MIDDLE,1,1.0
Yasuo,Quinn,TOP,1,0.0
Yasuo,Rakan,TOP,1,1.0
Yasuo,Rammus,TOP,1,1.0
Yasuo,Renekton,BOTTOM,1,0.0
Yasuo,Renekton,TOP,4,0.75
Yasuo,Rengar,BOTTOM,1,1.0
Yasuo,Rumble,TOP,2,0.5
Yasuo,Ryze,MIDDLE,9,0.4444444444444444
Yasuo,Senna,BOTTOM,2,0.0
Yasuo,Seraphine,BOTTOM,1,1.0
Yasuo,Seraphine,TOP,1,0.0
Yasuo,Shen,TOP,2,0.5
Yasuo,Singed,TOP,2,0.5
Yasuo,Sion,MIDDLE,1,1.0
Yasuo,Sion,TOP,2,0.0
Yasuo,Sivir,BOTTOM,2,0.0
Yasuo,Smolder,BOTTOM,1,0.0
Yasuo,Swain,BOTTOM,3,0.0
Yasuo,Swain,MIDDLE,1,1.0
Yasuo,Swain,TOP,1,0.0
Yasuo,Sylas,BOTTOM,1,1.0
Yasuo,Sylas,MIDDLE,6,0.6666666666666666
Yasuo,Syndra,MIDDLE,6,0.8333333333333334
Yasuo,Taliyah,MIDDLE,4,0.5
Yasuo,Taliyah,TOP,1,1.0
Yasuo,Talon,MIDDLE,2,0.5
Yasuo,Teemo,TOP,2,0.0
Yasuo,Tristana,BOTTOM,2,0.5
Yasuo,Tristana,MIDDLE,1,0.0
Yasuo,Tryndamere,TOP,1,0.0
Yasuo,TwistedFate,MIDDLE,7,0.42857142857142855
Yasuo,Urgot,TOP,2,1.0
Yasuo,Varus,TOP,3,0.6666666666666666
Yasuo,Vayne,TOP,4,0.5
Yasuo,Veigar,BOTTOM,1,1.0
Yasuo,Veigar,MIDDLE,1,0.0
Yasuo,Vex,MIDDLE,2,0.5
Yasuo,Viego,MIDDLE,1,1.0
Yasuo,Viktor,BOTTOM,1,0.0
Yasuo,Viktor,MIDDLE,10,0.6
Yasuo,Vladimir,MIDDLE,4,0.75
Yasuo,Vladimir,TOP,2,1.0
Yasuo,Volibear,TOP,3,0.6666666666666666
Yasuo,Xayah,BOTTOM,2,1.0
Yasuo,Xerath,BOTTOM,1,0.0
Yasuo,Xerath,MIDDLE,1,0.0
Yasuo,Yone,BOTTOM,2,1.0
Yasuo,Yone,MIDDLE,9,0.5555555555555556
Yasuo,Yone,TOP,5,0.4
Yasuo,Yunara,BOTTOM,10,0.6
Yasuo,Zaahen,BOTTOM,1,0.0
Yasuo,Zaahen,TOP,2,0.0
Yasuo,Zed,MIDDLE,6,0.6666666666666666
Yasuo,Zed,TOP,1,0.0
Yasuo,Zeri,BOTTOM,5,0.6
Yasuo,Ziggs,BOTTOM,1,0.0
Yasuo,Ziggs,MIDDLE,1,1.0
Yasuo,Zilean,MIDDLE,1,0.0
Yasuo,Zilean,TOP,1,1.0
Yasuo,Zoe,BOTTOM,1,1.0
Yasuo,Zoe,MIDDLE,7,0.5714285714285714
Yasuo,Zoe,SUPPORT,1,0.0
Yasuo,Zyra,BOTTOM,2,0.0
Yone,Aatrox,TOP,3,0.3333333333333333
Yone,Ahri,MIDDLE,17,0.5882352941176471
Yone,Akali,MIDDLE,22,0.45454545454545453
Yone,Akali,TOP,4,0.25
Yone,Akshan,MIDDLE,3,0.6666666666666666
Yone,Ambessa,MIDDLE,2,1.0
Yone,Ambessa,TOP,7,0.5714285714285714
Yone,Anivia,MIDDLE,9,0.7777777777777778
Yone,Anivia,TOP,3,0.6666666666666666
Yone,Annie,MIDDLE,4,0.5
Yone,Aphelios,BOTTOM,2,1.0
Yone,AurelionSol,MIDDLE,2,0.5
Yone,AurelionSol,TOP,1,1.0
Yone,Aurora,MIDDLE,15,0.6666666666666666
Yone,Aurora,TOP,2,0.0
Yone,Azir,MIDDLE,4,0.5
Yone,Brand,MIDDLE,1,0.0
Yone,Camille,TOP,7,0.5714285714285714
Yone,Cassiopeia,MIDDLE,5,0.6
Yone,Corki,BOTTOM,2,0.5
Yone,Corki,MIDDLE,3,0.3333333333333333
Yone,Darius,TOP,1,1.0
Yone,Diana,MIDDLE,1,1.0
Yone,DrMundo,TOP,2,0.0
Yone,Draven,TOP,1,0.0
Yone,Ekko,MIDDLE,8,0.5
Yone,Elise,MIDDLE,1,1.0
Yone,Elise,TOP,1,0.0
Yone,Evelynn,TOP,1,1.0
Yone,Ezreal,BOTTOM,2,1.0
Yone,Fiora,TOP,5,0.8
Yone,Fizz,MIDDLE,2,0.5
Yone,Galio,MIDDLE,7,0.42857142857142855
Yone,Galio,TOP,1,0.0
Yone,Gangplank,TOP,4,0.25
Yone,Garen,MIDDLE,2,1.0
Yone,Garen,TOP,1,1.0
Yone,Gnar,TOP,7,0.42857142857142855
Yone,Gragas,TOP,7,0.5714285714285714
Yone,Graves,JUNGLE,1,0.0
Yone,Hwei,BOTTOM,2,0.5
Yone,Hwei,MIDDLE,6,0.5
Yone,Irelia,MIDDLE,4,0.5
Yone,Irelia,TOP,3,0.3333333333333333
Yone,Ivern,TOP,1,0.0
Yone,Jax,TOP,7,0.5714285714285714
Yone,Jayce,MIDDLE,7,0.5714285714285714
Yone,Jayce,TOP,16,0.4375
Yone,Jhin,MIDDLE,1,0.0
Yone,KSante,TOP,8,0.375
Yone,Kaisa,BOTTOM,1,0.0
Yone,Kalista,TOP,1,1.0
Yone,Karma,MIDDLE,1,1.0
Yone,Kassadin,MIDDLE,3,0.6666666666666666
Yone,Kassadin,TOP,1,1.0
Yone,Katarina,MIDDLE,4,0.25
Yone,Katarina,TOP,1,1.0
Yone,Kayle,TOP,2,0.0
Yone,Kennen,MIDDLE,2,0.0
Yone,Kennen,TOP,3,0.0
Yone,KogMaw,MIDDLE,1,0.0
Yone,Leblanc,MIDDLE,7,0.42857142857142855
Yone,Lissandra,MIDDLE,6,0.5
Yone,Lissandra,TOP,4,0.25
Yone,Locke,MIDDLE,13,0.6153846153846154
Yone,Locke,TOP,1,0.0
Yone,Lucian,MIDDLE,3,0.6666666666666666
Yone,Lucian,TOP,2,0.0
Yone,Lulu,MIDDLE,1,0.0
Yone,Lulu,TOP,1,0.0
Yone,Lux,BOTTOM,1,0.0
Yone,Lux,MIDDLE,3,0.6666666666666666
Yone,Malphite,TOP,8,0.875
Yone,Malzahar,MIDDLE,3,0.6666666666666666
Yone,Mel,BOTTOM,1,0.0
Yone,Mel,MIDDLE,3,0.3333333333333333
Yone,Naafiri,MIDDLE,3,1.0
Yone,Nasus,MIDDLE,2,0.5
Yone,Nasus,TOP,4,0.0
Yone,Neeko,MIDDLE,1,0.0
Yone,Nidalee,TOP,1,0.0
Yone,Nunu,MIDDLE,2,0.0
Yone,Olaf,BOTTOM,1,1.0
Yone,Orianna,MIDDLE,11,0.7272727272727273
Yone,Ornn,TOP,3,0.6666666666666666
Yone,Pantheon,MIDDLE,5,0.6
Yone,Pantheon,TOP,7,0.5714285714285714
Yone,Qiyana,MIDDLE,4,0.75
Yone,Qiyana,TOP,1,0.0
Yone,Quinn,MIDDLE,1,1.0
Yone,Quinn,TOP,2,0.5
Yone,Rell,TOP,1,0.0
Yone,Renekton,MIDDLE,2,0.5
Yone,Renekton,TOP,5,0.8
Yone,Riven,MIDDLE,1,1.0
Yone,Riven,TOP,4,0.25
Yone,Rumble,MIDDLE,1,0.0
Yone,Rumble,TOP,4,1.0
Yone,Ryze,MIDDLE,19,0.5263157894736842
Yone,Sejuani,TOP,2,0.0
Yone,Seraphine,BOTTOM,1,0.0
Yone,Sett,TOP,2,0.5
Yone,Shaco,TOP,1,0.0
Yone,Shen,MIDDLE,1,0.0
Yone,Shen,TOP,4,0.5
Yone,Shyvana,TOP,1,1.0
Yone,Singed,TOP,3,0.6666666666666666
Yone,Sion,MIDDLE,5,0.6
Yone,Sion,TOP,11,0.6363636363636364
Yone,Soraka,TOP,1,1.0
Yone,Swain,MIDDLE,3,0.6666666666666666
Yone,Sylas,MIDDLE,19,0.3684210526315789
Yone,Syndra,MIDDLE,20,0.5
Yone,TahmKench,TOP,1,1.0
Yone,Taliyah,MIDDLE,10,0.4
Yone,Talon,MIDDLE,5,0.6
Yone,Teemo,TOP,4,0.25
Yone,Tristana,MIDDLE,5,0.2
Yone,Tryndamere,MIDDLE,1,1.0
Yone,Tryndamere,TOP,3,0.0
Yone,TwistedFate,MIDDLE,7,0.42857142857142855
Yone,Urgot,TOP,2,0.0
Yone,Varus,BOTTOM,1,1.0
Yone,Varus,TOP,3,0.3333333333333333
Yone,Vayne,MIDDLE,1,1.0
Yone,Vayne,TOP,3,0.6666666666666666
Yone,Veigar,MIDDLE,3,0.3333333333333333
Yone,Velkoz,MIDDLE,1,0.0
Yone,Vex,BOTTOM,1,0.0
Yone,Vex,MIDDLE,2,0.0
Yone,Vex,TOP,1,1.0
Yone,Viktor,BOTTOM,1,0.0
Yone,Viktor,MIDDLE,20,0.65
Yone,Vladimir,MIDDLE,6,0.5
Yone,Vladimir,TOP,2,0.5
Yone,Volibear,MIDDLE,2,0.5
Yone,Warwick,TOP,1,1.0
Yone,Xerath,MIDDLE,5,0.6
Yone,Yasuo,BOTTOM,2,0.0
Yone,Yasuo,MIDDLE,9,0.4444444444444444
Yone,Yasuo,TOP,5,0.6
Yone,Yorick,TOP,4,0.25
Yone,Yunara,BOTTOM,3,0.6666666666666666
Yone,Zaahen,MIDDLE,1,0.0
Yone,Zaahen,TOP,6,0.3333333333333333
Yone,Zac,MIDDLE,2,0.5
Yone,Zed,MIDDLE,5,0.4
Yone,Zeri,BOTTOM,1,1.0
Yone,Zeri,TOP,1,1.0
Yone,Ziggs,MIDDLE,1,1.0
Yone,Zilean,MIDDLE,1,1.0
Yone,Zilean,TOP,2,0.5
Yone,Zoe,MIDDLE,10,0.8
Yorick,Aatrox,TOP,3,0.0
Yorick,Ahri,TOP,1,0.0
Yorick,Akali,TOP,1,0.0
Yorick,Ambessa,TOP,2,0.5
Yorick,Anivia,TOP,1,0.0
Yorick,Aurora,TOP,2,1.0
Yorick,Chogath,TOP,1,1.0
Yorick,Corki,TOP,1,1.0
Yorick,Draven,TOP,1,0.0
Yorick,Fiora,TOP,5,0.6
Yorick,Gangplank,TOP,2,1.0
Yorick,Garen,TOP,1,0.0
Yorick,Gnar,TOP,1,0.0
Yorick,Gragas,TOP,1,1.0
Yorick,Gwen,TOP,4,0.5
Yorick,Illaoi,TOP,1,1.0
Yorick,Irelia,TOP,4,0.5
Yorick,Jax,TOP,4,0.0
Yorick,Jayce,TOP,60,0.5666666666666667
Yorick,KSante,TOP,1,1.0
Yorick,Lissandra,TOP,3,0.0
Yorick,Lucian,TOP,1,1.0
Yorick,Neeko,TOP,1,1.0
Yorick,Olaf,TOP,2,0.0
Yorick,Orianna,MIDDLE,1,0.0
Yorick,Pantheon,TOP,2,1.0
Yorick,Poppy,TOP,2,0.0
Yorick,Quinn,TOP,2,0.5
Yorick,Renekton,TOP,3,0.6666666666666666
Yorick,Riven,TOP,1,0.0
Yorick,Rumble,TOP,2,1.0
Yorick,Shen,TOP,1,0.0
Yorick,Smolder,TOP,1,0.0
Yorick,Teemo,TOP,3,0.6666666666666666
Yorick,Tristana,MIDDLE,1,0.0
Yorick,Tristana,TOP,1,0.0
Yorick,Tryndamere,TOP,1,0.0
Yorick,Udyr,TOP,1,1.0
Yorick,Urgot,TOP,4,0.5
Yorick,Varus,TOP,5,0.2
Yorick,Vayne,TOP,1,0.0
Yorick,Viktor,TOP,1,1.0
Yorick,Volibear,TOP,1,1.0
Yorick,Yone,TOP,4,0.75
Yorick,Zoe,TOP,1,1.0
Yunara,Ahri,MIDDLE,1,0.0
Yunara,Anivia,BOTTOM,2,0.5
Yunara,Aphelios,BOTTOM,40,0.425
Yunara,Ashe,BOTTOM,30,0.4666666666666667
Yunara,AurelionSol,BOTTOM,5,0.6
Yunara,Aurora,BOTTOM,1,0.0
Yunara,Brand,BOTTOM,3,0.3333333333333333
Yunara,Caitlyn,BOTTOM,67,0.40298507462686567
Yunara,Cassiopeia,BOTTOM,6,0.3333333333333333
Yunara,Corki,BOTTOM,34,0.5294117647058824
Yunara,DrMundo,BOTTOM,1,0.0
Yunara,Draven,BOTTOM,9,0.3333333333333333
Yunara,Ezreal,BOTTOM,86,0.5116279069767442
Yunara,Hwei,BOTTOM,4,0.25
Yunara,Jhin,BOTTOM,54,0.48148148148148145
Yunara,Jinx,BOTTOM,33,0.5757575757575758
Yunara,KSante,TOP,1,0.0
Yunara,Kaisa,BOTTOM,37,0.43243243243243246
Yunara,Kalista,BOTTOM,19,0.42105263157894735
Yunara,Karthus,BOTTOM,12,0.5
Yunara,Katarina,BOTTOM,3,0.6666666666666666
Yunara,Kayle,BOTTOM,1,1.0
Yunara,KogMaw,BOTTOM,9,0.2222222222222222
Yunara,Locke,BOTTOM,5,0.8
Yunara,Lucian,BOTTOM,45,0.5111111111111111
Yunara,Lux,BOTTOM,10,0.8
Yunara,Malzahar,BOTTOM,1,1.0
Yunara,Mel,BOTTOM,5,0.2
Yunara,MissFortune,BOTTOM,10,0.5
Yunara,Nilah,BOTTOM,3,0.0
Yunara,Pantheon,BOTTOM,1,0.0
Yunara,Qiyana,BOTTOM,2,0.5
Yunara,Riven,BOTTOM,1,1.0
Yunara,Samira,BOTTOM,4,0.75
Yunara,Senna,BOTTOM,7,0.5714285714285714
Yunara,Seraphine,BOTTOM,2,0.5
Yunara,Singed,BOTTOM,1,0.0
Yunara,Sion,BOTTOM,1,1.0
Yunara,Sivir,BOTTOM,11,0.45454545454545453
Yunara,Smolder,BOTTOM,4,0.5
Yunara,Swain,BOTTOM,11,0.36363636363636365
Yunara,Syndra,BOTTOM,8,0.375
Yunara,Taliyah,BOTTOM,3,0.6666666666666666
Yunara,Teemo,BOTTOM,1,0.0
Yunara,Tristana,BOTTOM,40,0.675
Yunara,Tryndamere,TOP,1,1.0
Yunara,TwistedFate,BOTTOM,1,1.0
Yunara,Twitch,BOTTOM,9,0.7777777777777778
Yunara,Udyr,BOTTOM,1,1.0
Yunara,Varus,BOTTOM,18,0.5555555555555556
Yunara,Vayne,BOTTOM,1,1.0
Yunara,Veigar,BOTTOM,3,0.6666666666666666
Yunara,Velkoz,BOTTOM,1,1.0
Yunara,Vex,BOTTOM,2,1.0
Yunara,Viego,BOTTOM,1,1.0
Yunara,Viktor,BOTTOM,8,0.625
Yunara,Vladimir,BOTTOM,4,0.25
Yunara,Warwick,TOP,1,1.0
Yunara,Xayah,BOTTOM,11,0.45454545454545453
Yunara,Xerath,BOTTOM,3,1.0
Yunara,Yasuo,BOTTOM,10,0.4
Yunara,Yone,BOTTOM,3,0.3333333333333333
Yunara,Zeri,BOTTOM,22,0.5454545454545454
Yunara,Ziggs,BOTTOM,3,0.6666666666666666
Yunara,Zilean,BOTTOM,4,0.5
Yunara,Zoe,BOTTOM,1,1.0
Yuumi,Alistar,SUPPORT,5,0.4
Yuumi,Anivia,SUPPORT,2,1.0
Yuumi,Annie,SUPPORT,2,0.0
Yuumi,Ashe,SUPPORT,1,1.0
Yuumi,Bard,SUPPORT,8,0.5
Yuumi,Blitzcrank,SUPPORT,2,0.5
Yuumi,Camille,SUPPORT,2,0.5
Yuumi,Kaisa,SUPPORT,1,0.0
Yuumi,Karma,SUPPORT,8,0.375
Yuumi,Leblanc,SUPPORT,2,0.0
Yuumi,Leona,SUPPORT,1,0.0
Yuumi,Lissandra,SUPPORT,1,0.0
Yuumi,Lulu,SUPPORT,17,0.29411764705882354
Yuumi,Lux,SUPPORT,2,1.0
Yuumi,Milio,SUPPORT,3,0.0
Yuumi,Nami,SUPPORT,9,0.4444444444444444
Yuumi,Nautilus,SUPPORT,7,0.42857142857142855
Yuumi,Neeko,SUPPORT,6,0.16666666666666666
Yuumi,Nidalee,SUPPORT,2,0.5
Yuumi,Poppy,SUPPORT,2,0.5
Yuumi,Pyke,SUPPORT,3,0.3333333333333333
Yuumi,Quinn,SUPPORT,1,1.0
Yuumi,Rakan,SUPPORT,6,0.3333333333333333
Yuumi,Rell,SUPPORT,2,0.0
Yuumi,Senna,SUPPORT,4,0.25
Yuumi,Seraphine,SUPPORT,3,0.0
Yuumi,Singed,SUPPORT,1,1.0
Yuumi,Sona,SUPPORT,3,0.6666666666666666
Yuumi,Soraka,SUPPORT,1,0.0
Yuumi,Swain,SUPPORT,1,1.0
Yuumi,Sylas,SUPPORT,1,0.0
Yuumi,TahmKench,SUPPORT,1,0.0
Yuumi,Thresh,SUPPORT,3,0.3333333333333333
Yuumi,TwistedFate,SUPPORT,1,0.0
Yuumi,Twitch,SUPPORT,1,1.0
Yuumi,Zilean,SUPPORT,1,1.0
Yuumi,Zoe,SUPPORT,2,1.0
Yuumi,Zyra,SUPPORT,2,0.5
Zaahen,Aatrox,JUNGLE,3,0.0
Zaahen,Ahri,MIDDLE,1,0.0
Zaahen,Akali,MIDDLE,1,0.0
Zaahen,Ambessa,JUNGLE,4,0.5
Zaahen,Ambessa,TOP,7,0.5714285714285714
Zaahen,Braum,SUPPORT,1,0.0
Zaahen,Briar,JUNGLE,1,1.0
Zaahen,Camille,TOP,2,0.5
Zaahen,Chogath,JUNGLE,2,0.5
Zaahen,Chogath,TOP,2,1.0
Zaahen,Corki,TOP,1,1.0
Zaahen,Darius,TOP,2,1.0
Zaahen,DrMundo,JUNGLE,1,0.0
Zaahen,DrMundo,TOP,3,0.3333333333333333
Zaahen,Ekko,JUNGLE,2,0.0
Zaahen,Elise,JUNGLE,1,1.0
Zaahen,Evelynn,JUNGLE,2,1.0
Zaahen,Fiora,TOP,4,0.25
Zaahen,Gangplank,TOP,3,0.3333333333333333
Zaahen,Garen,TOP,2,1.0
Zaahen,Gnar,JUNGLE,1,1.0
Zaahen,Gnar,TOP,3,1.0
Zaahen,Gragas,TOP,5,0.6
Zaahen,Graves,JUNGLE,3,0.3333333333333333
Zaahen,Gwen,TOP,1,0.0
Zaahen,Hecarim,JUNGLE,1,0.0
Zaahen,Illaoi,TOP,1,0.0
Zaahen,Irelia,TOP,2,1.0
Zaahen,JarvanIV,JUNGLE,7,0.8571428571428571
Zaahen,Jax,JUNGLE,2,0.5
Zaahen,Jax,TOP,2,0.5
Zaahen,Jayce,JUNGLE,2,0.0
Zaahen,Jayce,TOP,6,0.5
Zaahen,KSante,TOP,4,0.5
Zaahen,Karma,TOP,1,0.0
Zaahen,Karthus,JUNGLE,1,1.0
Zaahen,Kayn,JUNGLE,1,0.0
Zaahen,Kled,TOP,2,0.0
Zaahen,LeeSin,JUNGLE,8,0.125
Zaahen,Malphite,TOP,3,0.3333333333333333
Zaahen,MasterYi,JUNGLE,1,1.0
Zaahen,Mel,MIDDLE,1,1.0
Zaahen,MonkeyKing,JUNGLE,2,1.0
Zaahen,Mordekaiser,TOP,1,0.0
Zaahen,Naafiri,JUNGLE,4,0.5
Zaahen,Nami,SUPPORT,1,0.0
Zaahen,Nasus,JUNGLE,1,1.0
Zaahen,Nidalee,JUNGLE,1,1.0
Zaahen,Nocturne,JUNGLE,6,0.6666666666666666
Zaahen,Nunu,JUNGLE,2,0.5
Zaahen,Ornn,TOP,3,0.3333333333333333
Zaahen,Pantheon,TOP,1,1.0
Zaahen,Poppy,TOP,1,1.0
Zaahen,Qiyana,JUNGLE,3,0.0
Zaahen,Qiyana,MIDDLE,1,1.0
Zaahen,Quinn,MIDDLE,1,0.0
Zaahen,Rammus,JUNGLE,1,1.0
Zaahen,RekSai,TOP,1,1.0
Zaahen,Renekton,TOP,3,0.6666666666666666
Zaahen,Rengar,JUNGLE,2,0.5
Zaahen,Riven,TOP,4,0.5
Zaahen,Rumble,TOP,3,0.6666666666666666
Zaahen,Sett,TOP,1,1.0
Zaahen,Shen,JUNGLE,1,0.0
Zaahen,Shen,TOP,2,1.0
Zaahen,Singed,MIDDLE,1,1.0
Zaahen,Singed,TOP,2,0.0
Zaahen,Sion,TOP,3,0.3333333333333333
Zaahen,Skarner,TOP,1,0.0
Zaahen,Sona,SUPPORT,1,0.0
Zaahen,Sylas,JUNGLE,1,1.0
Zaahen,Syndra,MIDDLE,1,0.0
Zaahen,Talon,JUNGLE,2,0.5
Zaahen,Teemo,TOP,1,1.0
Zaahen,Trundle,MIDDLE,1,0.0
Zaahen,Udyr,JUNGLE,2,0.5
Zaahen,Urgot,TOP,2,0.0
Zaahen,Varus,TOP,1,1.0
Zaahen,Vayne,TOP,5,0.2
Zaahen,Vi,JUNGLE,9,0.7777777777777778
Zaahen,Viego,JUNGLE,1,1.0
Zaahen,Volibear,TOP,1,0.0
Zaahen,Xerath,MIDDLE,1,1.0
Zaahen,XinZhao,JUNGLE,3,0.3333333333333333
Zaahen,Yasuo,BOTTOM,1,1.0
Zaahen,Yasuo,TOP,2,1.0
Zaahen,Yone,MIDDLE,1,1.0
Zaahen,Yone,TOP,6,0.6666666666666666
Zaahen,Zac,TOP,1,1.0
Zaahen,Zed,MIDDLE,1,0.0
Zaahen,Zyra,JUNGLE,2,0.5
Zac,Aatrox,JUNGLE,1,1.0
Zac,Aatrox,TOP,1,1.0
Zac,Ahri,MIDDLE,1,1.0
Zac,Akali,TOP,1,1.0
Zac,Ambessa,TOP,1,0.0
Zac,Aurora,TOP,1,1.0
Zac,Azir,MIDDLE,1,1.0
Zac,Belveth,JUNGLE,1,0.0
Zac,Blitzcrank,SUPPORT,1,0.0
Zac,Brand,MIDDLE,1,1.0
Zac,Camille,TOP,2,0.5
Zac,DrMundo,TOP,1,1.0
Zac,Elise,JUNGLE,1,1.0
Zac,FiddleSticks,JUNGLE,1,0.0
Zac,Fiora,TOP,1,1.0
Zac,Fizz,JUNGLE,1,1.0
Zac,Gangplank,TOP,1,0.0
Zac,Gnar,TOP,1,0.0
Zac,Gragas,MIDDLE,1,1.0
Zac,Graves,JUNGLE,1,1.0
Zac,Hecarim,JUNGLE,2,0.5
Zac,Hwei,MIDDLE,1,0.0
Zac,Ivern,JUNGLE,2,0.0
Zac,Ivern,TOP,1,1.0
Zac,JarvanIV,JUNGLE,2,0.5
Zac,Karma,SUPPORT,1,0.0
Zac,Khazix,JUNGLE,3,0.3333333333333333
Zac,Kindred,JUNGLE,1,0.0
Zac,Kled,TOP,1,1.0
Zac,LeeSin,JUNGLE,3,0.3333333333333333
Zac,Lissandra,TOP,1,0.0
Zac,Locke,MIDDLE,3,0.3333333333333333
Zac,Lulu,SUPPORT,1,1.0
Zac,Malphite,TOP,2,1.0
Zac,MonkeyKing,JUNGLE,1,1.0
Zac,Morgana,JUNGLE,1,1.0
Zac,Nautilus,SUPPORT,2,0.5
Zac,Olaf,TOP,1,1.0
Zac,Pantheon,JUNGLE,2,0.5
Zac,Pantheon,MIDDLE,1,1.0
Zac,Pyke,SUPPORT,1,0.0
Zac,Qiyana,JUNGLE,3,0.6666666666666666
Zac,Qiyana,TOP,1,1.0
Zac,Quinn,TOP,1,1.0
Zac,RekSai,JUNGLE,2,1.0
Zac,Renata,SUPPORT,1,0.0
Zac,Rengar,JUNGLE,1,1.0
Zac,Ryze,MIDDLE,2,0.5
Zac,Sion,TOP,1,0.0
Zac,Syndra,MIDDLE,3,0.6666666666666666
Zac,Talon,MIDDLE,1,1.0
Zac,Thresh,SUPPORT,1,0.0
Zac,Tristana,TOP,1,1.0
Zac,Trundle,TOP,1,1.0
Zac,TwistedFate,MIDDLE,1,0.0
Zac,Udyr,JUNGLE,1,1.0
Zac,Veigar,MIDDLE,1,0.0
Zac,Vi,JUNGLE,1,1.0
Zac,Viego,JUNGLE,1,0.0
Zac,XinZhao,JUNGLE,1,1.0
Zac,Yone,MIDDLE,2,0.5
Zac,Zaahen,TOP,1,0.0
Zac,Zoe,MIDDLE,1,1.0
Zed,Ahri,MIDDLE,7,0.7142857142857143
Zed,Akali,MIDDLE,4,0.75
Zed,Akshan,MIDDLE,3,0.3333333333333333
Zed,Ambessa,JUNGLE,1,1.0
Zed,Ambessa,MIDDLE,2,0.5
Zed,Ambessa,TOP,1,0.0
Zed,Anivia,MIDDLE,7,0.8571428571428571
Zed,Annie,MIDDLE,3,0.0
Zed,AurelionSol,MIDDLE,2,1.0
Zed,Aurora,MIDDLE,7,0.42857142857142855
Zed,Aurora,TOP,2,0.5
Zed,Belveth,JUNGLE,2,0.0
Zed,Brand,MIDDLE,1,1.0
Zed,Camille,MIDDLE,1,1.0
Zed,Cassiopeia,MIDDLE,3,1.0
Zed,Chogath,MIDDLE,1,0.0
Zed,Corki,MIDDLE,3,0.3333333333333333
Zed,Diana,MIDDLE,1,1.0
Zed,Ekko,MIDDLE,6,0.3333333333333333
Zed,Ezreal,BOTTOM,1,1.0
Zed,Fiora,MIDDLE,1,0.0
Zed,Fizz,MIDDLE,1,0.0
Zed,Galio,MIDDLE,2,0.0
Zed,Garen,MIDDLE,1,0.0
Zed,Gragas,MIDDLE,1,1.0
Zed,Graves,JUNGLE,1,0.0
Zed,Gwen,MIDDLE,1,0.0
Zed,Hwei,MIDDLE,4,1.0
Zed,Irelia,MIDDLE,3,0.0
Zed,Irelia,TOP,2,0.5
Zed,JarvanIV,JUNGLE,1,0.0
Zed,Jayce,JUNGLE,1,0.0
Zed,Jayce,MIDDLE,2,0.5
Zed,Jayce,TOP,1,1.0
Zed,Jhin,BOTTOM,1,0.0
Zed,Jhin,JUNGLE,1,1.0
Zed,Jhin,MIDDLE,1,0.0
Zed,Karma,MIDDLE,2,1.0
Zed,Karma,SUPPORT,1,1.0
Zed,Karthus,JUNGLE,1,1.0
Zed,Kassadin,MIDDLE,2,0.5
Zed,Katarina,MIDDLE,3,0.0
Zed,Kayle,MIDDLE,2,0.5
Zed,Kayle,TOP,1,1.0
Zed,Khazix,JUNGLE,1,1.0
Zed,Kindred,JUNGLE,1,0.0
Zed,KogMaw,BOTTOM,1,0.0
Zed,Leblanc,MIDDLE,6,0.5
Zed,LeeSin,JUNGLE,2,0.5
Zed,Leona,SUPPORT,1,0.0
Zed,Lissandra,MIDDLE,5,0.6
Zed,Locke,MIDDLE,4,0.75
Zed,Lucian,MIDDLE,2,0.5
Zed,Lux,MIDDLE,2,1.0
Zed,Malphite,MIDDLE,1,0.0
Zed,Malphite,TOP,4,0.0
Zed,Malzahar,MIDDLE,2,0.5
Zed,Mel,MIDDLE,3,0.6666666666666666
Zed,Naafiri,JUNGLE,1,0.0
Zed,Neeko,MIDDLE,1,1.0
Zed,Nunu,MIDDLE,2,1.0
Zed,Orianna,BOTTOM,1,1.0
Zed,Orianna,MIDDLE,3,0.3333333333333333
Zed,Ornn,MIDDLE,1,0.0
Zed,Pantheon,JUNGLE,1,0.0
Zed,Pantheon,MIDDLE,1,1.0
Zed,Pyke,MIDDLE,1,1.0
Zed,Qiyana,JUNGLE,1,1.0
Zed,Qiyana,MIDDLE,4,0.25
Zed,Quinn,JUNGLE,1,0.0
Zed,Quinn,MIDDLE,3,0.6666666666666666
Zed,RekSai,MIDDLE,1,1.0
Zed,Renekton,TOP,1,0.0
Zed,Riven,MIDDLE,1,1.0
Zed,Rumble,MIDDLE,1,1.0
Zed,Ryze,MIDDLE,14,0.6428571428571429
Zed,Ryze,TOP,1,1.0
Zed,Shyvana,JUNGLE,1,0.0
Zed,Singed,MIDDLE,2,0.5
Zed,Skarner,JUNGLE,1,0.0
Zed,Sylas,JUNGLE,1,0.0
Zed,Sylas,MIDDLE,6,0.6666666666666666
Zed,Syndra,MIDDLE,10,0.6
Zed,TahmKench,TOP,1,1.0
Zed,Taliyah,MIDDLE,1,0.0
Zed,Talon,JUNGLE,1,1.0
Zed,Talon,MIDDLE,4,0.75
Zed,TwistedFate,MIDDLE,2,1.0
Zed,Veigar,MIDDLE,1,1.0
Zed,Vex,MIDDLE,1,0.0
Zed,Viktor,MIDDLE,3,0.6666666666666666
Zed,Vladimir,MIDDLE,4,0.25
Zed,Volibear,TOP,1,1.0
Zed,Warwick,TOP,1,0.0
Zed,Yasuo,MIDDLE,6,0.3333333333333333
Zed,Yasuo,TOP,1,1.0
Zed,Yone,MIDDLE,5,0.6
Zed,Zaahen,MIDDLE,1,1.0
Zed,Ziggs,MIDDLE,1,1.0
Zed,Zilean,MIDDLE,4,1.0
Zed,Zilean,TOP,1,0.0
Zed,Zoe,MIDDLE,8,0.5
Zeri,Akshan,BOTTOM,1,1.0
Zeri,Anivia,BOTTOM,1,0.0
Zeri,Anivia,MIDDLE,1,0.0
Zeri,Aphelios,BOTTOM,6,0.5
Zeri,Ashe,BOTTOM,1,0.0
Zeri,AurelionSol,BOTTOM,4,0.75
Zeri,Caitlyn,BOTTOM,7,0.5714285714285714
Zeri,Chogath,BOTTOM,1,0.0
Zeri,Corki,BOTTOM,5,0.0
Zeri,Draven,BOTTOM,6,0.5
Zeri,Ezreal,BOTTOM,15,0.4666666666666667
Zeri,Fiora,TOP,1,0.0
Zeri,Galio,MIDDLE,1,1.0
Zeri,Gangplank,MIDDLE,1,0.0
Zeri,Irelia,BOTTOM,1,1.0
Zeri,Jhin,BOTTOM,15,0.5333333333333333
Zeri,Jinx,BOTTOM,9,0.5555555555555556
Zeri,Kaisa,BOTTOM,11,0.5454545454545454
Zeri,Kalista,BOTTOM,7,0.5714285714285714
Zeri,Karthus,BOTTOM,4,0.25
Zeri,Lucian,BOTTOM,7,0.42857142857142855
Zeri,Lucian,MIDDLE,1,1.0
Zeri,Malphite,BOTTOM,1,1.0
Zeri,Mel,BOTTOM,2,0.5
Zeri,MissFortune,BOTTOM,1,1.0
Zeri,Nidalee,JUNGLE,1,0.0
Zeri,Nidalee,TOP,1,0.0
Zeri,Quinn,TOP,1,1.0
Zeri,Samira,BOTTOM,1,1.0
Zeri,Senna,BOTTOM,2,0.0
Zeri,Seraphine,BOTTOM,1,1.0
Zeri,Sett,BOTTOM,1,0.0
Zeri,Sivir,BOTTOM,5,0.4
Zeri,Smolder,BOTTOM,4,0.25
Zeri,Swain,BOTTOM,2,1.0
Zeri,Syndra,BOTTOM,2,1.0
Zeri,Taliyah,MIDDLE,1,0.0
Zeri,Tristana,BOTTOM,13,0.46153846153846156
Zeri,Twitch,BOTTOM,1,1.0
Zeri,Varus,BOTTOM,4,0.75
Zeri,Vayne,BOTTOM,1,1.0
Zeri,Velkoz,BOTTOM,1,1.0
Zeri,Vladimir,BOTTOM,1,0.0
Zeri,Xayah,BOTTOM,6,0.6666666666666666
Zeri,Xerath,BOTTOM,5,0.2
Zeri,Yasuo,BOTTOM,5,0.4
Zeri,Yone,BOTTOM,1,0.0
Zeri,Yone,TOP,1,0.0
Zeri,Yunara,BOTTOM,22,0.45454545454545453
Zeri,Ziggs,BOTTOM,1,1.0
Zeri,Zilean,BOTTOM,1,0.0
Zeri,Zoe,SUPPORT,1,1.0
Zeri,Zyra,BOTTOM,1,0.0
Ziggs,Ahri,MIDDLE,2,0.5
Ziggs,Aphelios,BOTTOM,4,0.75
Ziggs,Ashe,BOTTOM,7,0.2857142857142857
Ziggs,Aurora,MIDDLE,1,1.0
Ziggs,Azir,MIDDLE,2,0.0
Ziggs,Caitlyn,BOTTOM,14,0.6428571428571429
Ziggs,Cassiopeia,BOTTOM,2,0.5
Ziggs,Chogath,BOTTOM,2,0.5
Ziggs,Corki,BOTTOM,1,1.0
Ziggs,Draven,BOTTOM,6,0.8333333333333334
Ziggs,Ezreal,BOTTOM,3,0.6666666666666666
Ziggs,Galio,MIDDLE,1,0.0
Ziggs,Hwei,MIDDLE,1,1.0
Ziggs,Jhin,BOTTOM,11,0.8181818181818182
Ziggs,Jinx,BOTTOM,3,0.3333333333333333
Ziggs,KSante,MIDDLE,1,0.0
Ziggs,Kaisa,BOTTOM,10,0.5
Ziggs,Kalista,BOTTOM,1,0.0
Ziggs,Karma,SUPPORT,1,1.0
Ziggs,Kassadin,MIDDLE,1,1.0
Ziggs,Katarina,BOTTOM,1,1.0
Ziggs,KogMaw,BOTTOM,1,0.0
Ziggs,LeeSin,BOTTOM,1,1.0
Ziggs,Lucian,BOTTOM,7,0.5714285714285714
Ziggs,Lux,BOTTOM,1,1.0
Ziggs,Malphite,MIDDLE,1,1.0
Ziggs,Mel,BOTTOM,1,0.0
Ziggs,Orianna,MIDDLE,2,1.0
Ziggs,Ornn,MIDDLE,1,1.0
Ziggs,Ryze,MIDDLE,1,1.0
Ziggs,Senna,BOTTOM,1,1.0
Ziggs,Seraphine,BOTTOM,1,1.0
Ziggs,Sivir,BOTTOM,9,0.3333333333333333
Ziggs,Syndra,BOTTOM,2,0.0
Ziggs,Syndra,MIDDLE,1,0.0
Ziggs,Taliyah,BOTTOM,1,1.0
Ziggs,Teemo,BOTTOM,1,1.0
Ziggs,Tristana,MIDDLE,1,0.0
Ziggs,Varus,BOTTOM,5,0.4
Ziggs,Vayne,BOTTOM,2,0.5
Ziggs,Veigar,MIDDLE,1,0.0
Ziggs,Vex,BOTTOM,1,0.0
Ziggs,Viktor,BOTTOM,1,0.0
Ziggs,Viktor,MIDDLE,3,0.6666666666666666
Ziggs,Vladimir,BOTTOM,1,1.0
Ziggs,Xayah,BOTTOM,1,0.0
Ziggs,Xerath,BOTTOM,3,0.3333333333333333
Ziggs,Yasuo,BOTTOM,1,1.0
Ziggs,Yasuo,MIDDLE,1,0.0
Ziggs,Yone,MIDDLE,1,0.0
Ziggs,Yunara,BOTTOM,3,0.3333333333333333
Ziggs,Zed,MIDDLE,1,0.0
Ziggs,Zeri,BOTTOM,1,0.0
Zilean,Aatrox,TOP,1,1.0
Zilean,Ahri,MIDDLE,3,0.3333333333333333
Zilean,Akali,MIDDLE,1,0.0
Zilean,Alistar,SUPPORT,5,0.4
Zilean,Ambessa,TOP,2,1.0
Zilean,Anivia,MIDDLE,1,0.0
Zilean,Anivia,SUPPORT,2,0.5
Zilean,AurelionSol,MIDDLE,1,0.0
Zilean,Aurora,MIDDLE,1,0.0
Zilean,Aurora,TOP,1,1.0
Zilean,Azir,MIDDLE,1,1.0
Zilean,Bard,SUPPORT,7,0.42857142857142855
Zilean,Blitzcrank,SUPPORT,2,0.5
Zilean,Caitlyn,BOTTOM,1,0.0
Zilean,Camille,MIDDLE,1,1.0
Zilean,Camille,SUPPORT,1,1.0
Zilean,Camille,TOP,2,0.5
Zilean,Cassiopeia,TOP,1,0.0
Zilean,Darius,TOP,1,1.0
Zilean,Diana,TOP,1,0.0
Zilean,Draven,BOTTOM,1,0.0
Zilean,Ekko,MIDDLE,1,1.0
Zilean,Elise,SUPPORT,1,1.0
Zilean,Ezreal,BOTTOM,3,0.6666666666666666
Zilean,Gragas,MIDDLE,1,0.0
Zilean,Gragas,TOP,1,0.0
Zilean,Hwei,MIDDLE,1,1.0
Zilean,Janna,SUPPORT,2,1.0
Zilean,Jayce,TOP,1,1.0
Zilean,Jhin,BOTTOM,1,0.0
Zilean,Kalista,BOTTOM,1,1.0
Zilean,Karma,SUPPORT,2,1.0
Zilean,Kassadin,MIDDLE,1,1.0
Zilean,Kayle,MIDDLE,1,0.0
Zilean,Leona,SUPPORT,1,0.0
Zilean,Locke,MIDDLE,2,0.5
Zilean,Lulu,SUPPORT,6,0.5
Zilean,Malzahar,MIDDLE,1,1.0
Zilean,Mel,BOTTOM,1,1.0
Zilean,Milio,SUPPORT,3,0.3333333333333333
Zilean,Morgana,SUPPORT,1,0.0
Zilean,Nami,SUPPORT,4,0.75
Zilean,Nasus,TOP,2,0.5
Zilean,Nautilus,SUPPORT,7,0.14285714285714285
Zilean,Neeko,MIDDLE,1,1.0
Zilean,Neeko,SUPPORT,2,0.5
Zilean,Orianna,MIDDLE,1,1.0
Zilean,Pyke,SUPPORT,2,0.0
Zilean,Rakan,BOTTOM,1,0.0
Zilean,Rakan,SUPPORT,3,0.6666666666666666
Zilean,Rell,SUPPORT,3,1.0
Zilean,Riven,SUPPORT,1,1.0
Zilean,Riven,TOP,1,1.0
Zilean,Ryze,MIDDLE,1,1.0
Zilean,Senna,SUPPORT,1,0.0
Zilean,Seraphine,SUPPORT,3,0.6666666666666666
Zilean,Shen,SUPPORT,1,1.0
Zilean,Singed,SUPPORT,1,1.0
Zilean,Sion,TOP,1,1.0
Zilean,Sona,SUPPORT,3,0.3333333333333333
Zilean,Soraka,SUPPORT,1,0.0
Zilean,Sylas,BOTTOM,1,1.0
Zilean,Sylas,MIDDLE,3,0.6666666666666666
Zilean,Sylas,SUPPORT,1,0.0
Zilean,Thresh,SUPPORT,1,0.0
Zilean,Varus,TOP,2,0.5
Zilean,Veigar,MIDDLE,1,1.0
Zilean,Velkoz,BOTTOM,1,1.0
Zilean,Velkoz,MIDDLE,1,1.0
Zilean,Velkoz,SUPPORT,1,0.0
Zilean,Velkoz,TOP,1,1.0
Zilean,Vi,TOP,1,0.0
Zilean,Viktor,MIDDLE,2,1.0
Zilean,Vladimir,TOP,1,1.0
Zilean,Yasuo,MIDDLE,1,1.0
Zilean,Yasuo,TOP,1,0.0
Zilean,Yone,MIDDLE,1,0.0
Zilean,Yone,TOP,2,0.5
Zilean,Yunara,BOTTOM,4,0.5
Zilean,Yuumi,SUPPORT,1,0.0
Zilean,Zed,MIDDLE,4,0.0
Zilean,Zed,TOP,1,1.0
Zilean,Zeri,BOTTOM,1,1.0
Zilean,Zoe,BOTTOM,1,1.0
Zilean,Zoe,SUPPORT,4,0.75
Zoe,Ahri,MIDDLE,2,1.0
Zoe,Akali,MIDDLE,9,0.5555555555555556
Zoe,Akshan,MIDDLE,2,1.0
Zoe,Alistar,SUPPORT,2,0.5
Zoe,Anivia,MIDDLE,5,0.6
Zoe,Anivia,SUPPORT,2,0.5
Zoe,Annie,MIDDLE,7,0.5714285714285714
Zoe,Ashe,BOTTOM,2,0.5
Zoe,Ashe,SUPPORT,1,0.0
Zoe,AurelionSol,MIDDLE,2,0.0
Zoe,Aurora,MIDDLE,12,0.5833333333333334
Zoe,Azir,MIDDLE,6,1.0
Zoe,Bard,SUPPORT,4,0.5
Zoe,Blitzcrank,SUPPORT,1,1.0
Zoe,Braum,SUPPORT,1,0.0
Zoe,Camille,SUPPORT,1,0.0
Zoe,Cassiopeia,MIDDLE,2,0.5
Zoe,Diana,MIDDLE,1,1.0
Zoe,DrMundo,TOP,2,1.0
Zoe,Ekko,MIDDLE,3,0.6666666666666666
Zoe,Elise,SUPPORT,2,0.0
Zoe,FiddleSticks,MIDDLE,1,1.0
Zoe,Fizz,MIDDLE,4,0.5
Zoe,Galio,MIDDLE,7,0.42857142857142855
Zoe,Hwei,MIDDLE,6,0.3333333333333333
Zoe,Irelia,MIDDLE,1,1.0
Zoe,Janna,SUPPORT,2,0.5
Zoe,Jayce,MIDDLE,3,0.0
Zoe,KSante,MIDDLE,1,1.0
Zoe,KSante,SUPPORT,1,0.0
Zoe,KSante,TOP,1,0.0
Zoe,Karma,SUPPORT,4,1.0
Zoe,Kassadin,MIDDLE,3,0.3333333333333333
Zoe,Katarina,MIDDLE,2,1.0
Zoe,Kayle,MIDDLE,3,0.3333333333333333
Zoe,Kennen,MIDDLE,1,0.0
Zoe,Leblanc,MIDDLE,5,0.2
Zoe,Leblanc,SUPPORT,2,1.0
Zoe,LeeSin,MIDDLE,1,0.0
Zoe,Leona,SUPPORT,6,0.6666666666666666
Zoe,Lissandra,MIDDLE,1,0.0
Zoe,Locke,MIDDLE,8,0.5
Zoe,Lucian,MIDDLE,5,0.8
Zoe,Lulu,SUPPORT,1,1.0
Zoe,Lux,MIDDLE,3,1.0
Zoe,Lux,SUPPORT,1,1.0
Zoe,Malphite,TOP,1,0.0
Zoe,Malzahar,MIDDLE,2,0.0
Zoe,Maokai,SUPPORT,1,1.0
Zoe,Mel,MIDDLE,7,0.8571428571428571
Zoe,Mel,SUPPORT,1,1.0
Zoe,Milio,SUPPORT,1,1.0
Zoe,Morgana,MIDDLE,2,1.0
Zoe,Morgana,SUPPORT,2,1.0
Zoe,Nami,SUPPORT,5,0.6
Zoe,Nasus,MIDDLE,1,1.0
Zoe,Nautilus,SUPPORT,6,0.16666666666666666
Zoe,Neeko,MIDDLE,1,0.0
Zoe,Neeko,SUPPORT,1,0.0
Zoe,Olaf,TOP,1,1.0
Zoe,Orianna,MIDDLE,8,0.25
Zoe,Pantheon,SUPPORT,2,1.0
Zoe,Pyke,SUPPORT,6,0.0
Zoe,Qiyana,MIDDLE,3,0.3333333333333333
Zoe,Rakan,SUPPORT,4,0.25
Zoe,Rell,SUPPORT,6,0.8333333333333334
Zoe,Renata,SUPPORT,1,1.0
Zoe,Renekton,TOP,1,1.0
Zoe,Rumble,MIDDLE,1,0.0
Zoe,Ryze,MIDDLE,5,0.6
Zoe,Senna,SUPPORT,1,1.0
Zoe,Sett,TOP,1,1.0
Zoe,Shen,SUPPORT,1,0.0
Zoe,Sion,MIDDLE,1,1.0
Zoe,Sion,TOP,1,0.0
Zoe,Sivir,MIDDLE,1,0.0
Zoe,Skarner,SUPPORT,1,0.0
Zoe,Smolder,MIDDLE,2,0.0
Zoe,Sona,SUPPORT,4,0.25
Zoe,Soraka,SUPPORT,1,0.0
Zoe,Sylas,MIDDLE,7,0.7142857142857143
Zoe,Sylas,SUPPORT,1,1.0
Zoe,Syndra,BOTTOM,1,0.0
Zoe,Syndra,MIDDLE,8,0.5
Zoe,Taliyah,MIDDLE,3,0.3333333333333333
Zoe,Talon,MIDDLE,1,1.0
Zoe,Thresh,SUPPORT,3,1.0
Zoe,TwistedFate,MIDDLE,3,0.3333333333333333
Zoe,TwistedFate,SUPPORT,1,1.0
Zoe,Twitch,SUPPORT,1,1.0
Zoe,Varus,MIDDLE,1,1.0
Zoe,Varus,TOP,1,1.0
Zoe,Veigar,MIDDLE,2,0.5
Zoe,Vex,MIDDLE,1,0.0
Zoe,Viego,MIDDLE,2,1.0
Zoe,Viktor,BOTTOM,1,0.0
Zoe,Viktor,MIDDLE,4,0.5
Zoe,Vladimir,MIDDLE,1,1.0
Zoe,Volibear,TOP,1,0.0
Zoe,Xerath,MIDDLE,4,0.0
Zoe,Yasuo,BOTTOM,1,0.0
Zoe,Yasuo,MIDDLE,7,0.42857142857142855
Zoe,Yasuo,SUPPORT,1,1.0
Zoe,Yone,MIDDLE,10,0.2
Zoe,Yorick,TOP,1,0.0
Zoe,Yunara,BOTTOM,1,0.0
Zoe,Yuumi,SUPPORT,2,0.0
Zoe,Zac,MIDDLE,1,0.0
Zoe,Zed,MIDDLE,8,0.5
Zoe,Zeri,SUPPORT,1,0.0
Zoe,Zilean,BOTTOM,1,0.0
Zoe,Zilean,SUPPORT,4,0.25
Zyra,Akali,TOP,1,0.0
Zyra,Ambessa,JUNGLE,4,0.25
Zyra,Anivia,SUPPORT,1,0.0
Zyra,Ashe,BOTTOM,2,1.0
Zyra,AurelionSol,BOTTOM,1,0.0
Zyra,Azir,MIDDLE,1,1.0
Zyra,Bard,SUPPORT,1,0.0
Zyra,Belveth,JUNGLE,1,0.0
Zyra,Caitlyn,BOTTOM,3,0.6666666666666666
Zyra,Camille,SUPPORT,1,1.0
Zyra,Chogath,JUNGLE,1,0.0
Zyra,Diana,JUNGLE,1,0.0
Zyra,DrMundo,JUNGLE,2,1.0
Zyra,Ekko,JUNGLE,3,0.6666666666666666
Zyra,Elise,JUNGLE,1,0.0
Zyra,Evelynn,JUNGLE,1,0.0
Zyra,Ezreal,BOTTOM,6,0.5
Zyra,FiddleSticks,JUNGLE,3,0.3333333333333333
Zyra,Galio,MIDDLE,1,1.0
Zyra,Graves,JUNGLE,3,0.0
Zyra,Heimerdinger,BOTTOM,1,1.0
Zyra,Ivern,JUNGLE,1,0.0
Zyra,Janna,SUPPORT,2,0.5
Zyra,JarvanIV,JUNGLE,15,0.4666666666666667
Zyra,Jayce,JUNGLE,1,0.0
Zyra,Jayce,TOP,1,1.0
Zyra,Jhin,BOTTOM,2,0.5
Zyra,Jinx,BOTTOM,1,1.0
Zyra,Kaisa,BOTTOM,2,0.5
Zyra,Karma,SUPPORT,1,0.0
Zyra,Karthus,JUNGLE,2,1.0
Zyra,Kayn,JUNGLE,1,0.0
Zyra,Khazix,JUNGLE,3,1.0
Zyra,Kindred,JUNGLE,4,0.75
Zyra,LeeSin,JUNGLE,10,0.5
Zyra,Lillia,JUNGLE,2,1.0
Zyra,Locke,MIDDLE,1,0.0
Zyra,Lucian,BOTTOM,1,0.0
Zyra,MasterYi,JUNGLE,2,1.0
Zyra,Mel,BOTTOM,1,1.0
Zyra,MonkeyKing,JUNGLE,1,1.0
Zyra,Naafiri,JUNGLE,5,0.4
Zyra,Nasus,BOTTOM,1,0.0
Zyra,Nasus,JUNGLE,1,1.0
Zyra,Nautilus,SUPPORT,1,1.0
Zyra,Nidalee,JUNGLE,6,0.3333333333333333
Zyra,Nocturne,JUNGLE,3,0.3333333333333333
Zyra,Nunu,JUNGLE,1,0.0
Zyra,Pantheon,JUNGLE,1,0.0
Zyra,Poppy,JUNGLE,2,0.5
Zyra,Qiyana,JUNGLE,1,0.0
Zyra,Rakan,SUPPORT,2,0.5
Zyra,Rengar,JUNGLE,1,0.0
Zyra,Riven,MIDDLE,1,1.0
Zyra,Ryze,MIDDLE,1,0.0
Zyra,Senna,BOTTOM,1,1.0
Zyra,Seraphine,SUPPORT,1,0.0
Zyra,Sivir,BOTTOM,1,1.0
Zyra,Skarner,JUNGLE,2,1.0
Zyra,Skarner,SUPPORT,1,1.0
Zyra,Smolder,BOTTOM,1,0.0
Zyra,Sona,SUPPORT,2,0.0
Zyra,Soraka,SUPPORT,2,0.5
Zyra,Sylas,BOTTOM,1,1.0
Zyra,Sylas,JUNGLE,1,0.0
Zyra,Syndra,BOTTOM,1,0.0
Zyra,Taliyah,JUNGLE,2,0.0
Zyra,Talon,JUNGLE,5,0.4
Zyra,Vi,JUNGLE,2,0.5
Zyra,Viego,JUNGLE,3,0.6666666666666666
Zyra,Viktor,BOTTOM,2,0.5
Zyra,Viktor,MIDDLE,1,1.0
Zyra,Vladimir,BOTTOM,1,0.0
Zyra,Vladimir,MIDDLE,1,0.0
Zyra,Xerath,MIDDLE,1,1.0
Zyra,XinZhao,JUNGLE,2,0.5
Zyra,Yasuo,BOTTOM,2,1.0
Zyra,Yuumi,SUPPORT,2,0.5
Zyra,Zaahen,JUNGLE,2,0.5
Zyra,Zeri,BOTTOM,1,1.0
