source,target,games,wins,win_rate
Aatrox,Ahri,13,6,0.46153846153846156
Aatrox,Akali,16,8,0.5
Aatrox,Akshan,1,1,1.0
Aatrox,Alistar,10,3,0.3
Aatrox,Ambessa,12,5,0.4166666666666667
Aatrox,Anivia,19,10,0.5263157894736842
Aatrox,Annie,10,5,0.5
Aatrox,Aphelios,4,1,0.25
Aatrox,Ashe,13,7,0.5384615384615384
Aatrox,AurelionSol,6,2,0.3333333333333333
Aatrox,Aurora,14,7,0.5
Aatrox,Azir,5,1,0.2
Aatrox,Bard,30,16,0.5333333333333333
Aatrox,Belveth,1,0,0.0
Aatrox,Blitzcrank,1,1,1.0
Aatrox,Brand,1,1,1.0
Aatrox,Braum,3,2,0.6666666666666666
Aatrox,Caitlyn,30,14,0.4666666666666667
Aatrox,Camille,2,1,0.5
Aatrox,Cassiopeia,8,3,0.375
Aatrox,Chogath,2,0,0.0
Aatrox,Corki,11,4,0.36363636363636365
Aatrox,Darius,1,0,0.0
Aatrox,DrMundo,1,0,0.0
Aatrox,Draven,9,5,0.5555555555555556
Aatrox,Ekko,4,2,0.5
Aatrox,Elise,3,1,0.3333333333333333
Aatrox,Ezreal,34,20,0.5882352941176471
Aatrox,FiddleSticks,2,0,0.0
Aatrox,Fiora,3,1,0.3333333333333333
Aatrox,Fizz,2,0,0.0
Aatrox,Galio,6,2,0.3333333333333333
Aatrox,Gangplank,3,1,0.3333333333333333
Aatrox,Garen,2,1,0.5
Aatrox,Gnar,11,5,0.45454545454545453
Aatrox,Gragas,5,5,1.0
Aatrox,Graves,6,4,0.6666666666666666
Aatrox,Gwen,3,2,0.6666666666666666
Aatrox,Hecarim,1,0,0.0
Aatrox,Heimerdinger,2,1,0.5
Aatrox,Hwei,9,3,0.3333333333333333
Aatrox,Irelia,2,0,0.0
Aatrox,Ivern,1,1,1.0
Aatrox,Janna,6,3,0.5
Aatrox,JarvanIV,8,3,0.375
Aatrox,Jax,4,3,0.75
Aatrox,Jayce,24,13,0.5416666666666666
Aatrox,Jhin,18,11,0.6111111111111112
Aatrox,Jinx,8,6,0.75
Aatrox,KSante,6,4,0.6666666666666666
Aatrox,Kaisa,13,6,0.46153846153846156
Aatrox,Kalista,2,1,0.5
Aatrox,Karma,28,13,0.4642857142857143
Aatrox,Karthus,3,2,0.6666666666666666
Aatrox,Kassadin,2,1,0.5
Aatrox,Katarina,8,6,0.75
Aatrox,Kayn,1,0,0.0
Aatrox,Kindred,1,1,1.0
Aatrox,Kled,2,0,0.0
Aatrox,KogMaw,1,0,0.0
Aatrox,Leblanc,10,5,0.5
Aatrox,LeeSin,12,3,0.25
Aatrox,Leona,7,4,0.5714285714285714
Aatrox,Lillia,1,1,1.0
Aatrox,Lissandra,5,3,0.6
Aatrox,Lucian,13,4,0.3076923076923077
Aatrox,Lulu,16,9,0.5625
Aatrox,Lux,8,2,0.25
Aatrox,Malphite,2,1,0.5
Aatrox,Maokai,3,2,0.6666666666666666
Aatrox,Mel,9,3,0.3333333333333333
Aatrox,Milio,3,2,0.6666666666666666
Aatrox,MissFortune,4,2,0.5
Aatrox,MonkeyKing,1,0,0.0
Aatrox,Mordekaiser,2,1,0.5
Aatrox,Morgana,1,1,1.0
Aatrox,Naafiri,6,2,0.3333333333333333
Aatrox,Nami,11,5,0.45454545454545453
Aatrox,Nautilus,12,7,0.5833333333333334
Aatrox,Neeko,13,7,0.5384615384615384
Aatrox,Nidalee,5,2,0.4
Aatrox,Nocturne,3,2,0.6666666666666666
Aatrox,Nunu,2,2,1.0
Aatrox,Olaf,1,0,0.0
Aatrox,Orianna,13,5,0.38461538461538464
Aatrox,Ornn,9,7,0.7777777777777778
Aatrox,Pantheon,14,6,0.42857142857142855
Aatrox,Poppy,5,4,0.8
Aatrox,Pyke,13,3,0.23076923076923078
Aatrox,Qiyana,5,1,0.2
Aatrox,Quinn,4,2,0.5
Aatrox,Rakan,6,2,0.3333333333333333
Aatrox,RekSai,4,3,0.75
Aatrox,Rell,3,1,0.3333333333333333
Aatrox,Renata,1,0,0.0
Aatrox,Renekton,6,4,0.6666666666666666
Aatrox,Rengar,2,0,0.0
Aatrox,Riven,8,3,0.375
Aatrox,Rumble,4,3,0.75
Aatrox,Ryze,17,10,0.5882352941176471
Aatrox,Senna,11,5,0.45454545454545453
Aatrox,Seraphine,8,5,0.625
Aatrox,Sett,3,1,0.3333333333333333
Aatrox,Shaco,2,2,1.0
Aatrox,Shen,3,2,0.6666666666666666
Aatrox,Singed,4,3,0.75
Aatrox,Sion,5,3,0.6
Aatrox,Sivir,8,4,0.5
Aatrox,Skarner,3,1,0.3333333333333333
Aatrox,Smolder,2,2,1.0
Aatrox,Sona,13,7,0.5384615384615384
Aatrox,Soraka,7,4,0.5714285714285714
Aatrox,Swain,3,2,0.6666666666666666
Aatrox,Sylas,21,9,0.42857142857142855
Aatrox,Syndra,7,4,0.5714285714285714
Aatrox,TahmKench,1,1,1.0
Aatrox,Taliyah,7,5,0.7142857142857143
Aatrox,Talon,1,0,0.0
Aatrox,Taric,1,0,0.0
Aatrox,Teemo,6,4,0.6666666666666666
Aatrox,Thresh,8,5,0.625
Aatrox,Tristana,4,1,0.25
Aatrox,TwistedFate,10,8,0.8
Aatrox,Twitch,1,0,0.0
Aatrox,Udyr,2,0,0.0
Aatrox,Urgot,1,1,1.0
Aatrox,Varus,9,5,0.5555555555555556
Aatrox,Vayne,7,6,0.8571428571428571
Aatrox,Veigar,6,1,0.16666666666666666
Aatrox,Velkoz,2,0,0.0
Aatrox,Vi,3,0,0.0
Aatrox,Viego,3,3,1.0
Aatrox,Viktor,6,3,0.5
Aatrox,Vladimir,8,3,0.375
Aatrox,Xayah,4,2,0.5
Aatrox,Xerath,6,5,0.8333333333333334
Aatrox,XinZhao,5,2,0.4
Aatrox,Yasuo,6,4,0.6666666666666666
Aatrox,Yone,11,5,0.45454545454545453
Aatrox,Yorick,3,1,0.3333333333333333
Aatrox,Yunara,24,10,0.4166666666666667
Aatrox,Yuumi,3,1,0.3333333333333333
Aatrox,Zaahen,5,2,0.4
Aatrox,Zac,1,0,0.0
Aatrox,Zed,3,2,0.6666666666666666
Aatrox,Ziggs,3,1,0.3333333333333333
Aatrox,Zilean,5,3,0.6
Aatrox,Zoe,7,3,0.42857142857142855
Aatrox,Zyra,7,6,0.8571428571428571
Ahri,Akali,2,0,0.0
Ahri,Akshan,1,1,1.0
Ahri,Alistar,11,9,0.8181818181818182
Ahri,Ambessa,34,19,0.5588235294117647
Ahri,Amumu,2,0,0.0
Ahri,Anivia,26,12,0.46153846153846156
Ahri,Annie,1,0,0.0
Ahri,Aphelios,6,3,0.5
Ahri,Ashe,20,10,0.5
Ahri,AurelionSol,3,3,1.0
Ahri,Aurora,6,5,0.8333333333333334
Ahri,Bard,24,8,0.3333333333333333
Ahri,Belveth,5,5,1.0
Ahri,Blitzcrank,2,1,0.5
Ahri,Braum,3,2,0.6666666666666666
Ahri,Briar,5,1,0.2
Ahri,Caitlyn,29,8,0.27586206896551724
Ahri,Camille,4,2,0.5
Ahri,Cassiopeia,3,3,1.0
Ahri,Corki,17,10,0.5882352941176471
Ahri,Darius,5,1,0.2
Ahri,DrMundo,5,1,0.2
Ahri,Draven,3,3,1.0
Ahri,Ekko,3,2,0.6666666666666666
Ahri,Elise,3,1,0.3333333333333333
Ahri,Ezreal,48,26,0.5416666666666666
Ahri,FiddleSticks,2,1,0.5
Ahri,Fiora,6,3,0.5
Ahri,Gangplank,6,3,0.5
Ahri,Garen,8,4,0.5
Ahri,Gnar,17,12,0.7058823529411765
Ahri,Gragas,4,1,0.25
Ahri,Graves,12,8,0.6666666666666666
Ahri,Gwen,6,3,0.5
Ahri,Hecarim,3,2,0.6666666666666666
Ahri,Heimerdinger,2,2,1.0
Ahri,Hwei,4,3,0.75
Ahri,Irelia,5,2,0.4
Ahri,Ivern,3,1,0.3333333333333333
Ahri,Janna,7,2,0.2857142857142857
Ahri,JarvanIV,24,11,0.4583333333333333
Ahri,Jax,6,4,0.6666666666666666
Ahri,Jayce,34,14,0.4117647058823529
Ahri,Jhin,18,11,0.6111111111111112
Ahri,Jinx,6,2,0.3333333333333333
Ahri,KSante,10,5,0.5
Ahri,Kaisa,12,5,0.4166666666666667
Ahri,Kalista,5,2,0.4
Ahri,Karma,33,20,0.6060606060606061
Ahri,Karthus,3,1,0.3333333333333333
Ahri,Kayle,2,1,0.5
Ahri,Kayn,3,2,0.6666666666666666
Ahri,Kennen,3,1,0.3333333333333333
Ahri,Khazix,6,2,0.3333333333333333
Ahri,Kindred,4,3,0.75
Ahri,Kled,2,1,0.5
Ahri,KogMaw,5,4,0.8
Ahri,Leblanc,5,1,0.2
Ahri,LeeSin,39,19,0.48717948717948717
Ahri,Leona,9,5,0.5555555555555556
Ahri,Lillia,2,2,1.0
Ahri,Lissandra,2,1,0.5
Ahri,Lucian,22,9,0.4090909090909091
Ahri,Lulu,9,7,0.7777777777777778
Ahri,Lux,5,2,0.4
Ahri,Malphite,6,3,0.5
Ahri,Malzahar,1,1,1.0
Ahri,Maokai,3,3,1.0
Ahri,MasterYi,9,5,0.5555555555555556
Ahri,Mel,3,2,0.6666666666666666
Ahri,Milio,6,3,0.5
Ahri,MissFortune,9,7,0.7777777777777778
Ahri,MonkeyKing,4,2,0.5
Ahri,Mordekaiser,1,1,1.0
Ahri,Morgana,3,2,0.6666666666666666
Ahri,Naafiri,12,5,0.4166666666666667
Ahri,Nami,27,10,0.37037037037037035
Ahri,Nasus,1,1,1.0
Ahri,Nautilus,24,17,0.7083333333333334
Ahri,Neeko,9,7,0.7777777777777778
Ahri,Nidalee,4,2,0.5
Ahri,Nilah,1,0,0.0
Ahri,Nocturne,13,9,0.6923076923076923
Ahri,Nunu,4,2,0.5
Ahri,Olaf,3,1,0.3333333333333333
Ahri,Ornn,8,3,0.375
Ahri,Pantheon,15,11,0.7333333333333333
Ahri,Poppy,9,6,0.6666666666666666
Ahri,Pyke,17,6,0.35294117647058826
Ahri,Qiyana,5,4,0.8
Ahri,Quinn,2,2,1.0
Ahri,Rakan,16,9,0.5625
Ahri,RekSai,6,5,0.8333333333333334
Ahri,Rell,7,4,0.5714285714285714
Ahri,Renata,1,1,1.0
Ahri,Renekton,12,8,0.6666666666666666
Ahri,Rengar,11,6,0.5454545454545454
Ahri,Riven,9,3,0.3333333333333333
Ahri,Rumble,11,4,0.36363636363636365
Ahri,Ryze,2,1,0.5
Ahri,Sejuani,1,0,0.0
Ahri,Senna,11,5,0.45454545454545453
Ahri,Seraphine,15,8,0.5333333333333333
Ahri,Sett,4,2,0.5
Ahri,Shaco,2,1,0.5
Ahri,Shen,8,6,0.75
Ahri,Singed,6,3,0.5
Ahri,Sion,18,10,0.5555555555555556
Ahri,Sivir,11,8,0.7272727272727273
Ahri,Skarner,3,0,0.0
Ahri,Smolder,3,3,1.0
Ahri,Sona,10,5,0.5
Ahri,Soraka,6,5,0.8333333333333334
Ahri,Swain,3,2,0.6666666666666666
Ahri,Sylas,6,3,0.5
Ahri,Syndra,2,0,0.0
Ahri,TahmKench,1,1,1.0
Ahri,Taliyah,3,1,0.3333333333333333
Ahri,Talon,7,3,0.42857142857142855
Ahri,Taric,3,1,0.3333333333333333
Ahri,Teemo,5,2,0.4
Ahri,Thresh,8,2,0.25
Ahri,Tristana,4,3,0.75
Ahri,Trundle,3,2,0.6666666666666666
Ahri,Tryndamere,2,1,0.5
Ahri,TwistedFate,1,0,0.0
Ahri,Twitch,1,1,1.0
Ahri,Udyr,3,2,0.6666666666666666
Ahri,Varus,20,14,0.7
Ahri,Vayne,15,7,0.4666666666666667
Ahri,Veigar,2,0,0.0
Ahri,Velkoz,6,3,0.5
Ahri,Vi,42,21,0.5
Ahri,Viego,4,2,0.5
Ahri,Viktor,1,0,0.0
Ahri,Vladimir,1,1,1.0
Ahri,Volibear,1,1,1.0
Ahri,Warwick,1,0,0.0
Ahri,Xayah,5,4,0.8
Ahri,Xerath,2,1,0.5
Ahri,XinZhao,21,11,0.5238095238095238
Ahri,Yasuo,9,3,0.3333333333333333
Ahri,Yone,8,1,0.125
Ahri,Yorick,5,2,0.4
Ahri,Yunara,22,10,0.45454545454545453
Ahri,Yuumi,2,1,0.5
Ahri,Zaahen,8,5,0.625
Ahri,Zeri,3,2,0.6666666666666666
Ahri,Ziggs,2,2,1.0
Ahri,Zilean,3,3,1.0
Ahri,Zoe,2,1,0.5
Ahri,Zyra,1,1,1.0
Akali,Akshan,1,1,1.0
Akali,Alistar,21,13,0.6190476190476191
Akali,Ambessa,32,13,0.40625
Akali,Anivia,22,14,0.6363636363636364
Akali,Annie,2,0,0.0
Akali,Aphelios,7,0,0.0
Akali,Ashe,18,11,0.6111111111111112
Akali,AurelionSol,1,0,0.0
Akali,Aurora,9,5,0.5555555555555556
Akali,Bard,24,17,0.7083333333333334
Akali,Belveth,1,1,1.0
Akali,Blitzcrank,1,1,1.0
Akali,Braum,5,1,0.2
Akali,Briar,2,1,0.5
Akali,Caitlyn,24,11,0.4583333333333333
Akali,Camille,4,2,0.5
Akali,Cassiopeia,3,1,0.3333333333333333
Akali,Corki,10,6,0.6
Akali,Darius,2,0,0.0
Akali,Diana,1,1,1.0
Akali,DrMundo,2,1,0.5
Akali,Draven,5,2,0.4
Akali,Ekko,2,0,0.0
Akali,Elise,7,5,0.7142857142857143
Akali,Ezreal,45,20,0.4444444444444444
Akali,FiddleSticks,5,2,0.4
Akali,Fiora,3,2,0.6666666666666666
Akali,Galio,2,1,0.5
Akali,Gangplank,2,1,0.5
Akali,Garen,4,4,1.0
Akali,Gnar,12,5,0.4166666666666667
Akali,Gragas,3,3,1.0
Akali,Graves,11,7,0.6363636363636364
Akali,Gwen,5,2,0.4
Akali,Hecarim,3,1,0.3333333333333333
Akali,Heimerdinger,2,2,1.0
Akali,Illaoi,1,1,1.0
Akali,Irelia,8,3,0.375
Akali,Ivern,2,0,0.0
Akali,Janna,5,3,0.6
Akali,JarvanIV,27,17,0.6296296296296297
Akali,Jax,5,2,0.4
Akali,Jayce,26,14,0.5384615384615384
Akali,Jhin,29,17,0.5862068965517241
Akali,Jinx,4,1,0.25
Akali,KSante,10,6,0.6
Akali,Kaisa,13,10,0.7692307692307693
Akali,Kalista,4,1,0.25
Akali,Karma,36,15,0.4166666666666667
Akali,Karthus,3,2,0.6666666666666666
Akali,Katarina,2,1,0.5
Akali,Kayle,2,2,1.0
Akali,Kayn,3,0,0.0
Akali,Kennen,3,1,0.3333333333333333
Akali,Khazix,3,2,0.6666666666666666
Akali,Kindred,6,5,0.8333333333333334
Akali,Kled,2,1,0.5
Akali,KogMaw,1,0,0.0
Akali,Leblanc,2,2,1.0
Akali,LeeSin,30,16,0.5333333333333333
Akali,Leona,6,2,0.3333333333333333
Akali,Lillia,2,2,1.0
Akali,Lissandra,4,1,0.25
Akali,Lucian,19,14,0.7368421052631579
Akali,Lulu,13,10,0.7692307692307693
Akali,Lux,6,1,0.16666666666666666
Akali,Malphite,1,0,0.0
Akali,Maokai,2,1,0.5
Akali,MasterYi,4,2,0.5
Akali,Mel,7,0,0.0
Akali,Milio,2,2,1.0
Akali,MissFortune,3,2,0.6666666666666666
Akali,MonkeyKing,5,3,0.6
Akali,Morgana,1,0,0.0
Akali,Naafiri,19,12,0.631578947368421
Akali,Nami,15,10,0.6666666666666666
Akali,Nasus,5,1,0.2
Akali,Nautilus,22,15,0.6818181818181818
Akali,Neeko,18,12,0.6666666666666666
Akali,Nidalee,9,4,0.4444444444444444
Akali,Nilah,2,1,0.5
Akali,Nocturne,23,11,0.4782608695652174
Akali,Nunu,4,0,0.0
Akali,Olaf,4,1,0.25
Akali,Orianna,6,5,0.8333333333333334
Akali,Ornn,7,6,0.8571428571428571
Akali,Pantheon,29,11,0.3793103448275862
Akali,Poppy,5,3,0.6
Akali,Pyke,11,5,0.45454545454545453
Akali,Qiyana,12,7,0.5833333333333334
Akali,Quinn,2,1,0.5
Akali,Rakan,12,8,0.6666666666666666
Akali,Rammus,1,1,1.0
Akali,RekSai,4,2,0.5
Akali,Rell,7,6,0.8571428571428571
Akali,Renata,2,0,0.0
Akali,Renekton,9,5,0.5555555555555556
Akali,Rengar,6,2,0.3333333333333333
Akali,Riven,7,2,0.2857142857142857
Akali,Rumble,4,2,0.5
Akali,Ryze,5,2,0.4
Akali,Samira,1,0,0.0
Akali,Sejuani,2,1,0.5
Akali,Senna,11,4,0.36363636363636365
Akali,Seraphine,17,8,0.47058823529411764
Akali,Shaco,1,1,1.0
Akali,Shen,9,5,0.5555555555555556
Akali,Shyvana,1,0,0.0
Akali,Singed,1,0,0.0
Akali,Sion,13,10,0.7692307692307693
Akali,Sivir,9,5,0.5555555555555556
Akali,Skarner,9,4,0.4444444444444444
Akali,Smolder,7,4,0.5714285714285714
Akali,Sona,6,5,0.8333333333333334
Akali,Soraka,5,3,0.6
Akali,Swain,4,1,0.25
Akali,Sylas,11,3,0.2727272727272727
Akali,Syndra,3,3,1.0
Akali,Taliyah,3,3,1.0
Akali,Talon,12,5,0.4166666666666667
Akali,Thresh,7,1,0.14285714285714285
Akali,Tristana,6,5,0.8333333333333334
Akali,Trundle,1,0,0.0
Akali,Tryndamere,1,1,1.0
Akali,TwistedFate,3,3,1.0
Akali,Twitch,4,0,0.0
Akali,Udyr,3,0,0.0
Akali,Urgot,2,1,0.5
Akali,Varus,15,6,0.4
Akali,Vayne,23,15,0.6521739130434783
Akali,Veigar,1,0,0.0
Akali,Velkoz,1,0,0.0
Akali,Vi,12,8,0.6666666666666666
Akali,Viego,8,4,0.5
Akali,Viktor,2,1,0.5
Akali,Vladimir,4,2,0.5
Akali,Xayah,5,3,0.6
Akali,Xerath,2,0,0.0
Akali,XinZhao,16,13,0.8125
Akali,Yasuo,10,5,0.5
Akali,Yone,5,2,0.4
Akali,Yorick,3,1,0.3333333333333333
Akali,Yunara,29,24,0.8275862068965517
Akali,Yuumi,3,1,0.3333333333333333
Akali,Zaahen,5,4,0.8
Akali,Zed,4,2,0.5
Akali,Zeri,1,0,0.0
Akali,Ziggs,5,4,0.8
Akali,Zoe,2,2,1.0
Akali,Zyra,3,1,0.3333333333333333
Akshan,Alistar,2,2,1.0
Akshan,Ambessa,7,4,0.5714285714285714
Akshan,Amumu,1,0,0.0
Akshan,Anivia,6,2,0.3333333333333333
Akshan,Ashe,1,0,0.0
Akshan,AurelionSol,1,0,0.0
Akshan,Aurora,7,4,0.5714285714285714
Akshan,Bard,6,3,0.5
Akshan,Braum,3,2,0.6666666666666666
Akshan,Briar,1,1,1.0
Akshan,Caitlyn,9,6,0.6666666666666666
Akshan,Cassiopeia,3,1,0.3333333333333333
Akshan,Chogath,3,3,1.0
Akshan,Corki,3,0,0.0
Akshan,Darius,1,0,0.0
Akshan,Diana,3,3,1.0
Akshan,DrMundo,1,1,1.0
Akshan,Draven,3,1,0.3333333333333333
Akshan,Ekko,7,5,0.7142857142857143
Akshan,Elise,3,2,0.6666666666666666
Akshan,Evelynn,3,0,0.0
Akshan,Ezreal,13,9,0.6923076923076923
Akshan,Fiora,1,0,0.0
Akshan,Galio,1,0,0.0
Akshan,Gnar,4,2,0.5
Akshan,Gragas,1,0,0.0
Akshan,Graves,2,1,0.5
Akshan,Gwen,2,1,0.5
Akshan,Hecarim,1,0,0.0
Akshan,Heimerdinger,1,0,0.0
Akshan,Hwei,3,2,0.6666666666666666
Akshan,Irelia,1,0,0.0
Akshan,Ivern,2,2,1.0
Akshan,JarvanIV,4,4,1.0
Akshan,Jax,5,3,0.6
Akshan,Jayce,4,3,0.75
Akshan,Jhin,7,6,0.8571428571428571
Akshan,Jinx,1,0,0.0
Akshan,KSante,6,2,0.3333333333333333
Akshan,Kaisa,9,1,0.1111111111111111
Akshan,Kalista,2,1,0.5
Akshan,Karma,10,6,0.6
Akshan,Karthus,7,1,0.14285714285714285
Akshan,Kassadin,1,0,0.0
Akshan,Katarina,1,0,0.0
Akshan,Kayle,3,2,0.6666666666666666
Akshan,Kennen,2,1,0.5
Akshan,Khazix,1,1,1.0
Akshan,KogMaw,2,1,0.5
Akshan,Leblanc,3,2,0.6666666666666666
Akshan,LeeSin,6,3,0.5
Akshan,Leona,4,3,0.75
Akshan,Lillia,2,1,0.5
Akshan,Lissandra,1,1,1.0
Akshan,Lucian,5,2,0.4
Akshan,Lulu,2,1,0.5
Akshan,Lux,4,2,0.5
Akshan,Malphite,1,1,1.0
Akshan,Maokai,1,1,1.0
Akshan,MasterYi,1,1,1.0
Akshan,Mel,6,6,1.0
Akshan,Milio,1,1,1.0
Akshan,MonkeyKing,1,1,1.0
Akshan,Naafiri,3,2,0.6666666666666666
Akshan,Nami,10,4,0.4
Akshan,Nasus,1,0,0.0
Akshan,Nautilus,11,7,0.6363636363636364
Akshan,Neeko,3,1,0.3333333333333333
Akshan,Nidalee,3,1,0.3333333333333333
Akshan,Nocturne,2,1,0.5
Akshan,Nunu,1,0,0.0
Akshan,Olaf,2,2,1.0
Akshan,Orianna,2,1,0.5
Akshan,Ornn,3,2,0.6666666666666666
Akshan,Pantheon,6,4,0.6666666666666666
Akshan,Poppy,5,4,0.8
Akshan,Pyke,2,1,0.5
Akshan,Qiyana,2,1,0.5
Akshan,Quinn,1,1,1.0
Akshan,Rakan,2,1,0.5
Akshan,RekSai,1,0,0.0
Akshan,Rell,1,0,0.0
Akshan,Rengar,1,1,1.0
Akshan,Rumble,6,4,0.6666666666666666
Akshan,Ryze,1,0,0.0
Akshan,Senna,2,0,0.0
Akshan,Seraphine,4,1,0.25
Akshan,Shaco,2,1,0.5
Akshan,Shen,2,0,0.0
Akshan,Singed,4,1,0.25
Akshan,Sion,5,3,0.6
Akshan,Sivir,1,0,0.0
Akshan,Skarner,4,1,0.25
Akshan,Smolder,1,0,0.0
Akshan,Sona,3,1,0.3333333333333333
Akshan,Soraka,1,0,0.0
Akshan,Swain,2,1,0.5
Akshan,Sylas,5,1,0.2
Akshan,Syndra,3,1,0.3333333333333333
Akshan,TahmKench,1,1,1.0
Akshan,Taliyah,3,1,0.3333333333333333
Akshan,Talon,2,0,0.0
Akshan,Teemo,2,0,0.0
Akshan,Thresh,1,0,0.0
Akshan,Tristana,1,1,1.0
Akshan,Tryndamere,1,1,1.0
Akshan,Udyr,3,2,0.6666666666666666
Akshan,Urgot,1,0,0.0
Akshan,Varus,3,2,0.6666666666666666
Akshan,Vayne,4,1,0.25
Akshan,Veigar,3,2,0.6666666666666666
Akshan,Velkoz,1,0,0.0
Akshan,Vi,4,1,0.25
Akshan,Viego,1,1,1.0
Akshan,Vladimir,2,1,0.5
Akshan,Xerath,1,0,0.0
Akshan,XinZhao,4,2,0.5
Akshan,Yasuo,1,1,1.0
Akshan,Yone,1,1,1.0
Akshan,Yunara,1,1,1.0
Akshan,Yuumi,2,0,0.0
Akshan,Zac,2,1,0.5
Akshan,Zilean,1,1,1.0
Akshan,Zoe,3,2,0.6666666666666666
Akshan,Zyra,3,2,0.6666666666666666
Alistar,Ambessa,11,5,0.45454545454545453
Alistar,Anivia,17,10,0.5882352941176471
Alistar,Annie,3,1,0.3333333333333333
Alistar,Aphelios,1,0,0.0
Alistar,Ashe,7,3,0.42857142857142855
Alistar,AurelionSol,4,3,0.75
Alistar,Aurora,10,5,0.5
Alistar,Azir,5,1,0.2
Alistar,Belveth,2,1,0.5
Alistar,Briar,1,0,0.0
Alistar,Caitlyn,6,4,0.6666666666666666
Alistar,Camille,3,1,0.3333333333333333
Alistar,Cassiopeia,5,2,0.4
Alistar,Chogath,1,0,0.0
Alistar,Corki,10,8,0.8
Alistar,Darius,2,2,1.0
Alistar,DrMundo,2,2,1.0
Alistar,Draven,2,0,0.0
Alistar,Ekko,6,2,0.3333333333333333
Alistar,Elise,1,1,1.0
Alistar,Ezreal,25,10,0.4
Alistar,FiddleSticks,1,1,1.0
Alistar,Fiora,5,3,0.6
Alistar,Fizz,1,1,1.0
Alistar,Galio,2,2,1.0
Alistar,Gangplank,1,0,0.0
Alistar,Garen,1,1,1.0
Alistar,Gnar,10,5,0.5
Alistar,Gragas,4,2,0.5
Alistar,Graves,4,2,0.5
Alistar,Gwen,1,0,0.0
Alistar,Hecarim,1,0,0.0
Alistar,Hwei,4,1,0.25
Alistar,Illaoi,1,0,0.0
Alistar,Irelia,8,5,0.625
Alistar,Ivern,1,1,1.0
Alistar,JarvanIV,13,7,0.5384615384615384
Alistar,Jax,4,2,0.5
Alistar,Jayce,19,10,0.5263157894736842
Alistar,Jhin,20,14,0.7
Alistar,Jinx,2,2,1.0
Alistar,KSante,5,2,0.4
Alistar,Kaisa,7,4,0.5714285714285714
Alistar,Karma,1,1,1.0
Alistar,Karthus,7,7,1.0
Alistar,Kassadin,1,0,0.0
Alistar,Katarina,4,2,0.5
Alistar,Kayle,3,2,0.6666666666666666
Alistar,Kayn,3,1,0.3333333333333333
Alistar,Kennen,2,2,1.0
Alistar,Khazix,4,4,1.0
Alistar,Kindred,6,4,0.6666666666666666
Alistar,Kled,2,1,0.5
Alistar,Leblanc,4,3,0.75
Alistar,LeeSin,14,10,0.7142857142857143
Alistar,Lillia,4,1,0.25
Alistar,Lissandra,3,2,0.6666666666666666
Alistar,Lucian,5,2,0.4
Alistar,Lux,3,1,0.3333333333333333
Alistar,Malphite,2,1,0.5
Alistar,Malzahar,3,2,0.6666666666666666
Alistar,MasterYi,2,1,0.5
Alistar,Mel,8,5,0.625
Alistar,MissFortune,3,1,0.3333333333333333
Alistar,MonkeyKing,1,1,1.0
Alistar,Morgana,1,1,1.0
Alistar,Naafiri,8,5,0.625
Alistar,Nasus,2,1,0.5
Alistar,Neeko,2,2,1.0
Alistar,Nidalee,10,7,0.7
Alistar,Nilah,1,1,1.0
Alistar,Nocturne,12,8,0.6666666666666666
Alistar,Nunu,3,1,0.3333333333333333
Alistar,Olaf,4,3,0.75
Alistar,Orianna,10,5,0.5
Alistar,Pantheon,10,5,0.5
Alistar,Poppy,1,0,0.0
Alistar,Pyke,1,1,1.0
Alistar,Qiyana,7,5,0.7142857142857143
Alistar,Quinn,1,1,1.0
Alistar,Rammus,1,0,0.0
Alistar,Renekton,9,7,0.7777777777777778
Alistar,Rengar,3,1,0.3333333333333333
Alistar,Riven,2,2,1.0
Alistar,Rumble,4,2,0.5
Alistar,Ryze,10,3,0.3
Alistar,Sejuani,1,0,0.0
Alistar,Senna,7,4,0.5714285714285714
Alistar,Sett,2,1,0.5
Alistar,Shaco,2,1,0.5
Alistar,Shen,4,4,1.0
Alistar,Shyvana,2,0,0.0
Alistar,Singed,1,0,0.0
Alistar,Sion,7,5,0.7142857142857143
Alistar,Sivir,4,2,0.5
Alistar,Skarner,4,3,0.75
Alistar,Smolder,6,4,0.6666666666666666
Alistar,Soraka,1,0,0.0
Alistar,Swain,2,2,1.0
Alistar,Sylas,7,5,0.7142857142857143
Alistar,Syndra,6,3,0.5
Alistar,Taliyah,10,6,0.6
Alistar,Talon,4,3,0.75
Alistar,Teemo,2,1,0.5
Alistar,Tristana,1,1,1.0
Alistar,TwistedFate,3,2,0.6666666666666666
Alistar,Twitch,1,0,0.0
Alistar,Udyr,2,1,0.5
Alistar,Urgot,1,1,1.0
Alistar,Varus,14,8,0.5714285714285714
Alistar,Vayne,13,10,0.7692307692307693
Alistar,Veigar,3,2,0.6666666666666666
Alistar,Velkoz,4,2,0.5
Alistar,Vex,3,3,1.0
Alistar,Vi,5,3,0.6
Alistar,Viego,7,5,0.7142857142857143
Alistar,Viktor,3,2,0.6666666666666666
Alistar,Vladimir,3,2,0.6666666666666666
Alistar,Xayah,2,1,0.5
Alistar,Xerath,3,3,1.0
Alistar,XinZhao,8,4,0.5
Alistar,Yasuo,16,11,0.6875
Alistar,Yone,13,7,0.5384615384615384
Alistar,Yorick,2,1,0.5
Alistar,Yunara,10,3,0.3
Alistar,Zaahen,5,4,0.8
Alistar,Zed,3,2,0.6666666666666666
Alistar,Zeri,1,1,1.0
Alistar,Ziggs,3,1,0.3333333333333333
Alistar,Zilean,1,0,0.0
Alistar,Zoe,5,2,0.4
Alistar,Zyra,3,2,0.6666666666666666
Ambessa,Amumu,4,3,0.75
Ambessa,Anivia,67,37,0.5522388059701493
Ambessa,Annie,21,11,0.5238095238095238
Ambessa,Aphelios,8,3,0.375
Ambessa,Ashe,37,22,0.5945945945945946
Ambessa,AurelionSol,6,3,0.5
Ambessa,Aurora,32,9,0.28125
Ambessa,Azir,20,7,0.35
Ambessa,Bard,47,25,0.5319148936170213
Ambessa,Blitzcrank,3,2,0.6666666666666666
Ambessa,Brand,3,0,0.0
Ambessa,Braum,16,6,0.375
Ambessa,Briar,1,0,0.0
Ambessa,Caitlyn,41,21,0.5121951219512195
Ambessa,Camille,10,3,0.3
Ambessa,Cassiopeia,15,8,0.5333333333333333
Ambessa,Chogath,1,1,1.0
Ambessa,Corki,22,9,0.4090909090909091
Ambessa,Darius,4,1,0.25
Ambessa,Diana,6,2,0.3333333333333333
Ambessa,DrMundo,4,3,0.75
Ambessa,Draven,7,1,0.14285714285714285
Ambessa,Ekko,15,6,0.4
Ambessa,Elise,12,6,0.5
Ambessa,Evelynn,4,2,0.5
Ambessa,Ezreal,75,36,0.48
Ambessa,FiddleSticks,4,3,0.75
Ambessa,Fiora,3,2,0.6666666666666666
Ambessa,Fizz,2,1,0.5
Ambessa,Galio,14,8,0.5714285714285714
Ambessa,Gangplank,3,0,0.0
Ambessa,Garen,6,3,0.5
Ambessa,Gnar,18,9,0.5
Ambessa,Gragas,7,1,0.14285714285714285
Ambessa,Graves,10,7,0.7
Ambessa,Gwen,7,4,0.5714285714285714
Ambessa,Hecarim,3,1,0.3333333333333333
Ambessa,Heimerdinger,2,2,1.0
Ambessa,Hwei,12,6,0.5
Ambessa,Irelia,14,9,0.6428571428571429
Ambessa,Ivern,5,1,0.2
Ambessa,Janna,9,3,0.3333333333333333
Ambessa,JarvanIV,17,7,0.4117647058823529
Ambessa,Jax,12,8,0.6666666666666666
Ambessa,Jayce,24,11,0.4583333333333333
Ambessa,Jhin,56,28,0.5
Ambessa,Jinx,8,1,0.125
Ambessa,KSante,12,6,0.5
Ambessa,Kaisa,27,11,0.4074074074074074
Ambessa,Kalista,10,6,0.6
Ambessa,Karma,47,23,0.48936170212765956
Ambessa,Karthus,13,8,0.6153846153846154
Ambessa,Kassadin,5,2,0.4
Ambessa,Katarina,10,4,0.4
Ambessa,Kayle,5,4,0.8
Ambessa,Kayn,1,0,0.0
Ambessa,Kennen,5,1,0.2
Ambessa,Khazix,6,2,0.3333333333333333
Ambessa,Kindred,3,2,0.6666666666666666
Ambessa,Kled,4,3,0.75
Ambessa,KogMaw,4,1,0.25
Ambessa,Leblanc,11,3,0.2727272727272727
Ambessa,LeeSin,19,10,0.5263157894736842
Ambessa,Leona,10,4,0.4
Ambessa,Lillia,7,1,0.14285714285714285
Ambessa,Lissandra,19,11,0.5789473684210527
Ambessa,Lucian,28,16,0.5714285714285714
Ambessa,Lulu,21,8,0.38095238095238093
Ambessa,Lux,10,3,0.3
Ambessa,Malphite,10,6,0.6
Ambessa,Malzahar,4,2,0.5
Ambessa,Maokai,2,2,1.0
Ambessa,MasterYi,3,0,0.0
Ambessa,Mel,26,8,0.3076923076923077
Ambessa,Milio,1,1,1.0
Ambessa,MissFortune,5,3,0.6
Ambessa,MonkeyKing,3,1,0.3333333333333333
Ambessa,Mordekaiser,2,1,0.5
Ambessa,Morgana,5,3,0.6
Ambessa,Naafiri,10,3,0.3
Ambessa,Nami,32,14,0.4375
Ambessa,Nasus,2,1,0.5
Ambessa,Nautilus,45,20,0.4444444444444444
Ambessa,Neeko,26,8,0.3076923076923077
Ambessa,Nidalee,16,9,0.5625
Ambessa,Nilah,1,0,0.0
Ambessa,Nocturne,7,4,0.5714285714285714
Ambessa,Nunu,5,2,0.4
Ambessa,Olaf,2,0,0.0
Ambessa,Orianna,29,14,0.4827586206896552
Ambessa,Ornn,6,3,0.5
Ambessa,Pantheon,30,11,0.36666666666666664
Ambessa,Poppy,13,9,0.6923076923076923
Ambessa,Pyke,29,11,0.3793103448275862
Ambessa,Qiyana,8,4,0.5
Ambessa,Quinn,4,2,0.5
Ambessa,Rakan,14,8,0.5714285714285714
Ambessa,RekSai,3,1,0.3333333333333333
Ambessa,Rell,11,4,0.36363636363636365
Ambessa,Renekton,5,3,0.6
Ambessa,Rengar,6,5,0.8333333333333334
Ambessa,Riven,9,1,0.1111111111111111
Ambessa,Rumble,18,8,0.4444444444444444
Ambessa,Ryze,39,19,0.48717948717948717
Ambessa,Samira,3,1,0.3333333333333333
Ambessa,Sejuani,3,1,0.3333333333333333
Ambessa,Senna,18,8,0.4444444444444444
Ambessa,Seraphine,24,15,0.625
Ambessa,Sett,2,2,1.0
Ambessa,Shaco,4,2,0.5
Ambessa,Shen,10,4,0.4
Ambessa,Shyvana,1,0,0.0
Ambessa,Singed,9,5,0.5555555555555556
Ambessa,Sion,13,6,0.46153846153846156
Ambessa,Sivir,12,6,0.5
Ambessa,Skarner,6,2,0.3333333333333333
Ambessa,Smolder,6,2,0.3333333333333333
Ambessa,Sona,13,9,0.6923076923076923
Ambessa,Soraka,10,4,0.4
Ambessa,Swain,11,2,0.18181818181818182
Ambessa,Sylas,24,12,0.5
Ambessa,Syndra,8,4,0.5
Ambessa,TahmKench,1,1,1.0
Ambessa,Taliyah,14,6,0.42857142857142855
Ambessa,Talon,10,4,0.4
Ambessa,Taric,3,1,0.3333333333333333
Ambessa,Teemo,4,2,0.5
Ambessa,Thresh,12,3,0.25
Ambessa,Tristana,9,0,0.0
Ambessa,Tryndamere,1,0,0.0
Ambessa,TwistedFate,14,8,0.5714285714285714
Ambessa,Twitch,2,1,0.5
Ambessa,Udyr,4,2,0.5
Ambessa,Urgot,3,1,0.3333333333333333
Ambessa,Varus,25,10,0.4
Ambessa,Vayne,21,9,0.42857142857142855
Ambessa,Veigar,8,4,0.5
Ambessa,Velkoz,2,1,0.5
Ambessa,Vex,5,5,1.0
Ambessa,Vi,12,8,0.6666666666666666
Ambessa,Viego,10,3,0.3
Ambessa,Viktor,16,6,0.375
Ambessa,Vladimir,8,3,0.375
Ambessa,Volibear,1,1,1.0
Ambessa,Xayah,7,4,0.5714285714285714
Ambessa,Xerath,8,6,0.75
Ambessa,XinZhao,9,5,0.5555555555555556
Ambessa,Yasuo,14,7,0.5
Ambessa,Yone,15,8,0.5333333333333333
Ambessa,Yorick,9,5,0.5555555555555556
Ambessa,Yunara,42,17,0.40476190476190477
Ambessa,Yuumi,12,6,0.5
Ambessa,Zaahen,6,4,0.6666666666666666
Ambessa,Zac,1,1,1.0
Ambessa,Zed,6,1,0.16666666666666666
Ambessa,Zeri,2,0,0.0
Ambessa,Ziggs,11,6,0.5454545454545454
Ambessa,Zilean,7,5,0.7142857142857143
Ambessa,Zoe,10,4,0.4
Ambessa,Zyra,6,1,0.16666666666666666
Amumu,Anivia,3,2,0.6666666666666666
Amumu,Annie,1,1,1.0
Amumu,AurelionSol,1,1,1.0
Amumu,Aurora,1,0,0.0
Amumu,Bard,2,1,0.5
Amumu,Caitlyn,1,1,1.0
Amumu,Corki,1,0,0.0
Amumu,Draven,1,1,1.0
Amumu,Ekko,1,0,0.0
Amumu,Ezreal,1,0,0.0
Amumu,Fiora,1,0,0.0
Amumu,Galio,1,0,0.0
Amumu,Gangplank,1,1,1.0
Amumu,Garen,1,0,0.0
Amumu,Gnar,2,1,0.5
Amumu,Graves,1,0,0.0
Amumu,Gwen,1,1,1.0
Amumu,Hwei,2,1,0.5
Amumu,Ivern,1,0,0.0
Amumu,Jayce,4,2,0.5
Amumu,Jhin,3,1,0.3333333333333333
Amumu,Jinx,1,0,0.0
Amumu,Kaisa,1,0,0.0
Amumu,Karma,2,1,0.5
Amumu,Karthus,3,1,0.3333333333333333
Amumu,Kassadin,1,1,1.0
Amumu,Kayn,1,0,0.0
Amumu,Kindred,1,0,0.0
Amumu,Kled,1,1,1.0
Amumu,LeeSin,2,0,0.0
Amumu,Lucian,2,2,1.0
Amumu,Lux,1,0,0.0
Amumu,Mel,1,1,1.0
Amumu,Neeko,1,0,0.0
Amumu,Nunu,1,1,1.0
Amumu,Orianna,1,0,0.0
Amumu,Pantheon,1,1,1.0
Amumu,Renekton,1,0,0.0
Amumu,Rengar,1,0,0.0
Amumu,Riven,1,0,0.0
Amumu,Rumble,1,0,0.0
Amumu,Ryze,1,0,0.0
Amumu,Skarner,1,0,0.0
Amumu,Smolder,1,0,0.0
Amumu,Soraka,1,1,1.0
Amumu,Swain,1,0,0.0
Amumu,Sylas,2,2,1.0
Amumu,Teemo,1,0,0.0
Amumu,Thresh,1,0,0.0
Amumu,Vayne,2,1,0.5
Amumu,Vi,1,1,1.0
Amumu,XinZhao,3,2,0.6666666666666666
Amumu,Yone,1,1,1.0
Amumu,Yorick,1,0,0.0
Amumu,Ziggs,1,1,1.0
Amumu,Zilean,1,1,1.0
Amumu,Zoe,2,0,0.0
Anivia,Annie,17,11,0.6470588235294118
Anivia,Aphelios,4,1,0.25
Anivia,Ashe,39,20,0.5128205128205128
Anivia,AurelionSol,4,0,0.0
Anivia,Aurora,34,17,0.5
Anivia,Azir,2,0,0.0
Anivia,Bard,26,13,0.5
Anivia,Belveth,5,3,0.6
Anivia,Blitzcrank,3,0,0.0
Anivia,Brand,2,1,0.5
Anivia,Braum,13,6,0.46153846153846156
Anivia,Briar,4,1,0.25
Anivia,Caitlyn,60,23,0.38333333333333336
Anivia,Camille,9,3,0.3333333333333333
Anivia,Cassiopeia,6,3,0.5
Anivia,Chogath,3,3,1.0
Anivia,Corki,25,12,0.48
Anivia,Darius,4,1,0.25
Anivia,Diana,3,2,0.6666666666666666
Anivia,DrMundo,8,3,0.375
Anivia,Draven,5,2,0.4
Anivia,Ekko,10,4,0.4
Anivia,Elise,6,4,0.6666666666666666
Anivia,Evelynn,5,2,0.4
Anivia,Ezreal,104,55,0.5288461538461539
Anivia,FiddleSticks,7,3,0.42857142857142855
Anivia,Fiora,5,2,0.4
Anivia,Fizz,4,0,0.0
Anivia,Galio,14,9,0.6428571428571429
Anivia,Gangplank,9,3,0.3333333333333333
Anivia,Garen,8,3,0.375
Anivia,Gnar,26,11,0.4230769230769231
Anivia,Gragas,4,3,0.75
Anivia,Graves,26,11,0.4230769230769231
Anivia,Gwen,4,2,0.5
Anivia,Hecarim,9,4,0.4444444444444444
Anivia,Heimerdinger,1,1,1.0
Anivia,Hwei,8,3,0.375
Anivia,Illaoi,1,0,0.0
Anivia,Irelia,11,7,0.6363636363636364
Anivia,Ivern,2,0,0.0
Anivia,Janna,7,3,0.42857142857142855
Anivia,JarvanIV,42,20,0.47619047619047616
Anivia,Jax,16,8,0.5
Anivia,Jayce,62,22,0.3548387096774194
Anivia,Jhin,59,36,0.6101694915254238
Anivia,Jinx,9,2,0.2222222222222222
Anivia,KSante,17,9,0.5294117647058824
Anivia,Kaisa,24,10,0.4166666666666667
Anivia,Kalista,10,7,0.7
Anivia,Karma,41,21,0.5121951219512195
Anivia,Karthus,9,7,0.7777777777777778
Anivia,Kassadin,1,1,1.0
Anivia,Katarina,11,5,0.45454545454545453
Anivia,Kayle,3,1,0.3333333333333333
Anivia,Kayn,4,1,0.25
Anivia,Kennen,4,1,0.25
Anivia,Khazix,14,6,0.42857142857142855
Anivia,Kindred,10,8,0.8
Anivia,Kled,8,3,0.375
Anivia,Leblanc,18,7,0.3888888888888889
Anivia,LeeSin,63,32,0.5079365079365079
Anivia,Leona,8,3,0.375
Anivia,Lillia,4,2,0.5
Anivia,Lissandra,11,8,0.7272727272727273
Anivia,Lucian,27,16,0.5925925925925926
Anivia,Lulu,17,7,0.4117647058823529
Anivia,Lux,18,7,0.3888888888888889
Anivia,Malphite,5,3,0.6
Anivia,Malzahar,2,1,0.5
Anivia,Maokai,2,2,1.0
Anivia,MasterYi,2,0,0.0
Anivia,Mel,12,9,0.75
Anivia,Milio,2,1,0.5
Anivia,MissFortune,5,4,0.8
Anivia,MonkeyKing,7,2,0.2857142857142857
Anivia,Mordekaiser,2,0,0.0
Anivia,Morgana,1,0,0.0
Anivia,Naafiri,38,20,0.5263157894736842
Anivia,Nami,19,9,0.47368421052631576
Anivia,Nasus,2,1,0.5
Anivia,Nautilus,42,27,0.6428571428571429
Anivia,Neeko,21,10,0.47619047619047616
Anivia,Nidalee,12,7,0.5833333333333334
Anivia,Nocturne,15,8,0.5333333333333333
Anivia,Nunu,6,4,0.6666666666666666
Anivia,Olaf,5,3,0.6
Anivia,Orianna,24,14,0.5833333333333334
Anivia,Ornn,4,3,0.75
Anivia,Pantheon,38,20,0.5263157894736842
Anivia,Poppy,17,10,0.5882352941176471
Anivia,Pyke,17,8,0.47058823529411764
Anivia,Qiyana,10,4,0.4
Anivia,Quinn,4,4,1.0
Anivia,Rakan,13,6,0.46153846153846156
Anivia,Rammus,1,1,1.0
Anivia,RekSai,12,8,0.6666666666666666
Anivia,Rell,8,5,0.625
Anivia,Renekton,14,7,0.5
Anivia,Rengar,5,5,1.0
Anivia,Riven,15,3,0.2
Anivia,Rumble,16,6,0.375
Anivia,Ryze,28,8,0.2857142857142857
Anivia,Samira,3,2,0.6666666666666666
Anivia,Sejuani,5,4,0.8
Anivia,Senna,20,8,0.4
Anivia,Seraphine,14,6,0.42857142857142855
Anivia,Sett,5,4,0.8
Anivia,Shaco,5,2,0.4
Anivia,Shen,9,5,0.5555555555555556
Anivia,Shyvana,2,0,0.0
Anivia,Singed,9,3,0.3333333333333333
Anivia,Sion,26,14,0.5384615384615384
Anivia,Sivir,27,16,0.5925925925925926
Anivia,Skarner,12,5,0.4166666666666667
Anivia,Smolder,5,1,0.2
Anivia,Sona,7,6,0.8571428571428571
Anivia,Soraka,8,7,0.875
Anivia,Swain,2,1,0.5
Anivia,Sylas,23,9,0.391304347826087
Anivia,Syndra,12,7,0.5833333333333334
Anivia,TahmKench,2,2,1.0
Anivia,Taliyah,3,2,0.6666666666666666
Anivia,Talon,19,6,0.3157894736842105
Anivia,Taric,5,2,0.4
Anivia,Teemo,3,1,0.3333333333333333
Anivia,Thresh,12,6,0.5
Anivia,Tristana,9,2,0.2222222222222222
Anivia,Trundle,1,1,1.0
Anivia,TwistedFate,14,8,0.5714285714285714
Anivia,Udyr,8,2,0.25
Anivia,Urgot,2,0,0.0
Anivia,Varus,36,17,0.4722222222222222
Anivia,Vayne,27,14,0.5185185185185185
Anivia,Veigar,3,1,0.3333333333333333
Anivia,Velkoz,1,1,1.0
Anivia,Vi,30,12,0.4
Anivia,Viego,15,8,0.5333333333333333
Anivia,Viktor,8,5,0.625
Anivia,Vladimir,9,2,0.2222222222222222
Anivia,Volibear,3,1,0.3333333333333333
Anivia,Xayah,4,3,0.75
Anivia,Xerath,9,4,0.4444444444444444
Anivia,XinZhao,31,19,0.6129032258064516
Anivia,Yasuo,20,11,0.55
Anivia,Yone,26,16,0.6153846153846154
Anivia,Yorick,15,9,0.6
Anivia,Yunara,40,15,0.375
Anivia,Yuumi,7,3,0.42857142857142855
Anivia,Zaahen,20,11,0.55
Anivia,Zac,2,0,0.0
Anivia,Zed,9,3,0.3333333333333333
Anivia,Zeri,3,1,0.3333333333333333
Anivia,Ziggs,9,3,0.3333333333333333
Anivia,Zilean,6,4,0.6666666666666666
Anivia,Zoe,10,6,0.6
Anivia,Zyra,10,4,0.4
Annie,Aphelios,4,2,0.5
Annie,Ashe,15,7,0.4666666666666667
Annie,AurelionSol,1,1,1.0
Annie,Aurora,3,1,0.3333333333333333
Annie,Azir,2,2,1.0
Annie,Bard,20,14,0.7
Annie,Belveth,1,1,1.0
Annie,Brand,1,1,1.0
Annie,Braum,4,3,0.75
Annie,Briar,2,1,0.5
Annie,Caitlyn,10,2,0.2
Annie,Cassiopeia,2,1,0.5
Annie,Corki,8,4,0.5
Annie,Darius,3,0,0.0
Annie,DrMundo,3,2,0.6666666666666666
Annie,Draven,3,2,0.6666666666666666
Annie,Ekko,2,0,0.0
Annie,Elise,5,2,0.4
Annie,Evelynn,1,0,0.0
Annie,Ezreal,39,19,0.48717948717948717
Annie,Fiora,2,1,0.5
Annie,Galio,2,1,0.5
Annie,Gangplank,5,0,0.0
Annie,Garen,3,1,0.3333333333333333
Annie,Gnar,14,6,0.42857142857142855
Annie,Gragas,1,0,0.0
Annie,Graves,8,4,0.5
Annie,Gwen,5,3,0.6
Annie,Hecarim,2,2,1.0
Annie,Illaoi,1,0,0.0
Annie,Irelia,10,1,0.1
Annie,Janna,5,3,0.6
Annie,JarvanIV,16,9,0.5625
Annie,Jax,5,2,0.4
Annie,Jayce,22,15,0.6818181818181818
Annie,Jhin,18,12,0.6666666666666666
Annie,Jinx,4,4,1.0
Annie,KSante,5,1,0.2
Annie,Kaisa,12,8,0.6666666666666666
Annie,Kalista,2,0,0.0
Annie,Karma,18,9,0.5
Annie,Karthus,5,2,0.4
Annie,Katarina,2,2,1.0
Annie,Kayle,2,2,1.0
Annie,Kayn,2,1,0.5
Annie,Kennen,3,1,0.3333333333333333
Annie,Khazix,3,2,0.6666666666666666
Annie,Kindred,5,5,1.0
Annie,KogMaw,3,2,0.6666666666666666
Annie,LeeSin,21,14,0.6666666666666666
Annie,Leona,5,1,0.2
Annie,Lillia,3,2,0.6666666666666666
Annie,Lissandra,1,1,1.0
Annie,Lucian,6,3,0.5
Annie,Lulu,8,5,0.625
Annie,Lux,3,1,0.3333333333333333
Annie,MasterYi,2,1,0.5
Annie,Mel,5,1,0.2
Annie,MissFortune,1,1,1.0
Annie,MonkeyKing,3,3,1.0
Annie,Naafiri,7,2,0.2857142857142857
Annie,Nami,10,2,0.2
Annie,Nasus,2,2,1.0
Annie,Nautilus,12,5,0.4166666666666667
Annie,Neeko,8,4,0.5
Annie,Nidalee,6,5,0.8333333333333334
Annie,Nilah,1,0,0.0
Annie,Nocturne,6,4,0.6666666666666666
Annie,Nunu,1,1,1.0
Annie,Olaf,2,1,0.5
Annie,Pantheon,14,8,0.5714285714285714
Annie,Poppy,5,4,0.8
Annie,Pyke,10,5,0.5
Annie,Qiyana,6,1,0.16666666666666666
Annie,Rakan,6,5,0.8333333333333334
Annie,Rammus,1,0,0.0
Annie,RekSai,8,6,0.75
Annie,Rell,7,4,0.5714285714285714
Annie,Renata,1,0,0.0
Annie,Renekton,5,3,0.6
Annie,Rengar,3,1,0.3333333333333333
Annie,Riven,4,1,0.25
Annie,Rumble,8,5,0.625
Annie,Ryze,1,1,1.0
Annie,Senna,5,2,0.4
Annie,Seraphine,5,2,0.4
Annie,Shaco,3,1,0.3333333333333333
Annie,Shen,3,2,0.6666666666666666
Annie,Shyvana,1,0,0.0
Annie,Singed,2,0,0.0
Annie,Sion,10,6,0.6
Annie,Sivir,8,6,0.75
Annie,Skarner,4,2,0.5
Annie,Smolder,2,1,0.5
Annie,Sona,10,4,0.4
Annie,Soraka,3,2,0.6666666666666666
Annie,Swain,5,5,1.0
Annie,Sylas,3,1,0.3333333333333333
Annie,Taliyah,1,1,1.0
Annie,Talon,1,0,0.0
Annie,Teemo,4,4,1.0
Annie,Thresh,3,2,0.6666666666666666
Annie,Tristana,3,0,0.0
Annie,Trundle,4,2,0.5
Annie,TwistedFate,4,3,0.75
Annie,Varus,18,10,0.5555555555555556
Annie,Vayne,8,5,0.625
Annie,Veigar,1,1,1.0
Annie,Velkoz,4,0,0.0
Annie,Vi,10,2,0.2
Annie,Viego,13,3,0.23076923076923078
Annie,Viktor,2,1,0.5
Annie,Vladimir,2,1,0.5
Annie,Volibear,1,0,0.0
Annie,Xayah,1,0,0.0
Annie,Xerath,1,0,0.0
Annie,XinZhao,6,2,0.3333333333333333
Annie,Yasuo,6,4,0.6666666666666666
Annie,Yone,11,6,0.5454545454545454
Annie,Yorick,3,1,0.3333333333333333
Annie,Yunara,14,5,0.35714285714285715
Annie,Yuumi,4,2,0.5
Annie,Zaahen,6,4,0.6666666666666666
Annie,Zed,2,1,0.5
Annie,Zeri,1,0,0.0
Annie,Ziggs,3,3,1.0
Annie,Zilean,2,1,0.5
Annie,Zoe,3,1,0.3333333333333333
Annie,Zyra,1,1,1.0
Aphelios,Ashe,1,1,1.0
Aphelios,AurelionSol,1,0,0.0
Aphelios,Aurora,4,1,0.25
Aphelios,Azir,1,1,1.0
Aphelios,Bard,2,2,1.0
Aphelios,Belveth,1,1,1.0
Aphelios,Blitzcrank,2,0,0.0
Aphelios,Braum,3,0,0.0
Aphelios,Cassiopeia,1,1,1.0
Aphelios,Darius,3,1,0.3333333333333333
Aphelios,Diana,1,0,0.0
Aphelios,DrMundo,2,0,0.0
Aphelios,Ekko,3,0,0.0
Aphelios,Elise,1,1,1.0
Aphelios,Evelynn,2,0,0.0
Aphelios,FiddleSticks,1,0,0.0
Aphelios,Fiora,1,0,0.0
Aphelios,Fizz,1,0,0.0
Aphelios,Galio,2,0,0.0
Aphelios,Gangplank,1,0,0.0
Aphelios,Gnar,10,4,0.4
Aphelios,Graves,1,0,0.0
Aphelios,Gwen,2,1,0.5
Aphelios,Hecarim,2,1,0.5
Aphelios,Hwei,4,2,0.5
Aphelios,Irelia,2,2,1.0
Aphelios,Janna,2,0,0.0
Aphelios,JarvanIV,3,2,0.6666666666666666
Aphelios,Jax,4,0,0.0
Aphelios,Jayce,5,1,0.2
Aphelios,KSante,3,1,0.3333333333333333
Aphelios,Kalista,1,1,1.0
Aphelios,Karma,9,4,0.4444444444444444
Aphelios,Karthus,1,1,1.0
Aphelios,Katarina,3,1,0.3333333333333333
Aphelios,Kayn,1,1,1.0
Aphelios,Kennen,1,1,1.0
Aphelios,Kindred,1,1,1.0
Aphelios,Kled,2,1,0.5
Aphelios,Leblanc,1,1,1.0
Aphelios,LeeSin,10,3,0.3
Aphelios,Lillia,1,1,1.0
Aphelios,Lissandra,1,1,1.0
Aphelios,Lulu,13,3,0.23076923076923078
Aphelios,Lux,1,0,0.0
Aphelios,Malphite,1,0,0.0
Aphelios,MasterYi,1,0,0.0
Aphelios,Milio,1,0,0.0
Aphelios,Naafiri,4,1,0.25
Aphelios,Nasus,2,1,0.5
Aphelios,Nautilus,6,2,0.3333333333333333
Aphelios,Nidalee,3,1,0.3333333333333333
Aphelios,Nocturne,3,1,0.3333333333333333
Aphelios,Nunu,1,0,0.0
Aphelios,Orianna,7,4,0.5714285714285714
Aphelios,Pantheon,6,4,0.6666666666666666
Aphelios,Poppy,3,3,1.0
Aphelios,Pyke,3,3,1.0
Aphelios,Qiyana,4,4,1.0
Aphelios,Rakan,2,0,0.0
Aphelios,RekSai,1,1,1.0
Aphelios,Rell,2,1,0.5
Aphelios,Renekton,1,0,0.0
Aphelios,Rengar,1,0,0.0
Aphelios,Riven,4,1,0.25
Aphelios,Rumble,3,1,0.3333333333333333
Aphelios,Ryze,2,1,0.5
Aphelios,Sejuani,1,0,0.0
Aphelios,Seraphine,1,1,1.0
Aphelios,Sett,1,1,1.0
Aphelios,Shaco,2,1,0.5
Aphelios,Shen,2,1,0.5
Aphelios,Sion,2,1,0.5
Aphelios,Sivir,1,1,1.0
Aphelios,Skarner,1,1,1.0
Aphelios,Sona,3,2,0.6666666666666666
Aphelios,Soraka,1,0,0.0
Aphelios,Sylas,4,1,0.25
Aphelios,Syndra,2,0,0.0
Aphelios,Taliyah,2,1,0.5
Aphelios,Talon,3,1,0.3333333333333333
Aphelios,Taric,1,1,1.0
Aphelios,Teemo,1,1,1.0
Aphelios,Thresh,15,5,0.3333333333333333
Aphelios,TwistedFate,1,0,0.0
Aphelios,Udyr,1,0,0.0
Aphelios,Urgot,1,0,0.0
Aphelios,Varus,1,0,0.0
Aphelios,Vayne,4,3,0.75
Aphelios,Veigar,1,0,0.0
Aphelios,Velkoz,2,1,0.5
Aphelios,Vi,1,1,1.0
Aphelios,Viego,3,1,0.3333333333333333
Aphelios,Viktor,1,1,1.0
Aphelios,Vladimir,2,0,0.0
Aphelios,Volibear,1,1,1.0
Aphelios,Xerath,2,1,0.5
Aphelios,XinZhao,3,2,0.6666666666666666
Aphelios,Yasuo,5,0,0.0
Aphelios,Yone,2,1,0.5
Aphelios,Yorick,3,0,0.0
Aphelios,Zaahen,5,2,0.4
Aphelios,Zac,1,1,1.0
Aphelios,Zed,1,1,1.0
Aphelios,Zilean,1,1,1.0
Aphelios,Zoe,2,2,1.0
Ashe,AurelionSol,3,2,0.6666666666666666
Ashe,Aurora,28,19,0.6785714285714286
Ashe,Azir,3,2,0.6666666666666666
Ashe,Bard,13,9,0.6923076923076923
Ashe,Belveth,3,3,1.0
Ashe,Blitzcrank,4,0,0.0
Ashe,Brand,2,2,1.0
Ashe,Braum,9,6,0.6666666666666666
Ashe,Briar,2,1,0.5
Ashe,Camille,3,2,0.6666666666666666
Ashe,Cassiopeia,6,3,0.5
Ashe,Chogath,2,2,1.0
Ashe,Corki,1,0,0.0
Ashe,Darius,7,2,0.2857142857142857
Ashe,Diana,6,3,0.5
Ashe,DrMundo,5,4,0.8
Ashe,Draven,1,0,0.0
Ashe,Ekko,6,3,0.5
Ashe,Elise,3,2,0.6666666666666666
Ashe,Evelynn,4,2,0.5
Ashe,FiddleSticks,7,5,0.7142857142857143
Ashe,Fiora,5,4,0.8
Ashe,Fizz,1,1,1.0
Ashe,Galio,6,0,0.0
Ashe,Gangplank,10,6,0.6
Ashe,Garen,4,3,0.75
Ashe,Gnar,15,8,0.5333333333333333
Ashe,Gragas,3,1,0.3333333333333333
Ashe,Graves,13,10,0.7692307692307693
Ashe,Gwen,3,2,0.6666666666666666
Ashe,Hecarim,5,1,0.2
Ashe,Heimerdinger,1,1,1.0
Ashe,Hwei,10,3,0.3
Ashe,Irelia,9,6,0.6666666666666666
Ashe,Ivern,1,1,1.0
Ashe,Janna,3,2,0.6666666666666666
Ashe,JarvanIV,26,14,0.5384615384615384
Ashe,Jax,9,5,0.5555555555555556
Ashe,Jayce,26,15,0.5769230769230769
Ashe,KSante,5,1,0.2
Ashe,Kalista,1,0,0.0
Ashe,Karma,14,10,0.7142857142857143
Ashe,Karthus,5,1,0.2
Ashe,Kassadin,3,2,0.6666666666666666
Ashe,Katarina,4,2,0.5
Ashe,Kayle,3,3,1.0
Ashe,Kayn,3,1,0.3333333333333333
Ashe,Kennen,6,3,0.5
Ashe,Khazix,4,2,0.5
Ashe,Kindred,5,2,0.4
Ashe,Kled,2,2,1.0
Ashe,KogMaw,1,0,0.0
Ashe,Leblanc,8,5,0.625
Ashe,LeeSin,30,18,0.6
Ashe,Leona,6,3,0.5
Ashe,Lillia,6,5,0.8333333333333334
Ashe,Lissandra,9,6,0.6666666666666666
Ashe,Lucian,2,2,1.0
Ashe,Lulu,12,6,0.5
Ashe,Lux,3,0,0.0
Ashe,Malphite,2,2,1.0
Ashe,Malzahar,2,1,0.5
Ashe,Maokai,1,1,1.0
Ashe,MasterYi,6,3,0.5
Ashe,Mel,7,5,0.7142857142857143
Ashe,Milio,2,1,0.5
Ashe,MonkeyKing,3,2,0.6666666666666666
Ashe,Mordekaiser,2,0,0.0
Ashe,Naafiri,16,10,0.625
Ashe,Nami,4,2,0.5
Ashe,Nasus,4,1,0.25
Ashe,Nautilus,13,7,0.5384615384615384
Ashe,Neeko,3,0,0.0
Ashe,Nidalee,7,5,0.7142857142857143
Ashe,Nocturne,16,8,0.5
Ashe,Nunu,5,1,0.2
Ashe,Olaf,6,4,0.6666666666666666
Ashe,Orianna,15,9,0.6
Ashe,Ornn,5,2,0.4
Ashe,Pantheon,20,9,0.45
Ashe,Poppy,9,5,0.5555555555555556
Ashe,Pyke,8,3,0.375
Ashe,Qiyana,6,5,0.8333333333333334
Ashe,Quinn,5,3,0.6
Ashe,Rakan,6,3,0.5
Ashe,RekSai,4,3,0.75
Ashe,Rell,6,5,0.8333333333333334
Ashe,Renata,1,0,0.0
Ashe,Renekton,8,4,0.5
Ashe,Rengar,10,6,0.6
Ashe,Riven,8,4,0.5
Ashe,Rumble,18,6,0.3333333333333333
Ashe,Ryze,26,15,0.5769230769230769
Ashe,Sejuani,1,1,1.0
Ashe,Senna,3,3,1.0
Ashe,Seraphine,125,69,0.552
Ashe,Sett,4,4,1.0
Ashe,Shaco,2,0,0.0
Ashe,Shen,5,3,0.6
Ashe,Shyvana,2,2,1.0
Ashe,Singed,7,3,0.42857142857142855
Ashe,Sion,17,10,0.5882352941176471
Ashe,Skarner,8,5,0.625
Ashe,Smolder,1,1,1.0
Ashe,Sona,8,4,0.5
Ashe,Soraka,1,1,1.0
Ashe,Swain,1,0,0.0
Ashe,Sylas,16,5,0.3125
Ashe,Syndra,11,7,0.6363636363636364
Ashe,TahmKench,1,1,1.0
Ashe,Taliyah,8,4,0.5
Ashe,Talon,7,6,0.8571428571428571
Ashe,Taric,2,1,0.5
Ashe,Teemo,5,5,1.0
Ashe,Thresh,2,1,0.5
Ashe,Tristana,1,0,0.0
Ashe,Trundle,1,1,1.0
Ashe,Tryndamere,3,1,0.3333333333333333
Ashe,TwistedFate,8,5,0.625
Ashe,Udyr,3,3,1.0
Ashe,Urgot,2,1,0.5
Ashe,Varus,12,7,0.5833333333333334
Ashe,Vayne,14,4,0.2857142857142857
Ashe,Veigar,3,3,1.0
Ashe,Velkoz,1,1,1.0
Ashe,Vex,3,3,1.0
Ashe,Vi,16,10,0.625
Ashe,Viego,3,2,0.6666666666666666
Ashe,Viktor,9,4,0.4444444444444444
Ashe,Vladimir,8,4,0.5
Ashe,Warwick,1,0,0.0
Ashe,Xerath,5,4,0.8
Ashe,XinZhao,12,9,0.75
Ashe,Yasuo,6,4,0.6666666666666666
Ashe,Yone,16,7,0.4375
Ashe,Yorick,6,3,0.5
Ashe,Yuumi,1,0,0.0
Ashe,Zaahen,20,14,0.7
Ashe,Zed,5,3,0.6
Ashe,Ziggs,2,1,0.5
Ashe,Zilean,4,4,1.0
Ashe,Zoe,3,2,0.6666666666666666
Ashe,Zyra,6,3,0.5
AurelionSol,Aurora,1,1,1.0
AurelionSol,Bard,11,4,0.36363636363636365
AurelionSol,Belveth,1,0,0.0
AurelionSol,Blitzcrank,1,0,0.0
AurelionSol,Braum,3,1,0.3333333333333333
AurelionSol,Caitlyn,3,1,0.3333333333333333
AurelionSol,Camille,3,1,0.3333333333333333
AurelionSol,Cassiopeia,1,0,0.0
AurelionSol,Corki,3,3,1.0
AurelionSol,Darius,2,0,0.0
AurelionSol,DrMundo,1,1,1.0
AurelionSol,Draven,1,0,0.0
AurelionSol,Ekko,3,2,0.6666666666666666
AurelionSol,Elise,1,1,1.0
AurelionSol,Evelynn,1,0,0.0
AurelionSol,Ezreal,11,4,0.36363636363636365
AurelionSol,FiddleSticks,2,0,0.0
AurelionSol,Fiora,5,3,0.6
AurelionSol,Fizz,1,0,0.0
AurelionSol,Galio,2,1,0.5
AurelionSol,Gangplank,1,0,0.0
AurelionSol,Garen,5,3,0.6
AurelionSol,Gnar,3,1,0.3333333333333333
AurelionSol,Graves,2,2,1.0
AurelionSol,Hecarim,2,0,0.0
AurelionSol,Illaoi,1,1,1.0
AurelionSol,Irelia,3,0,0.0
AurelionSol,Janna,2,2,1.0
AurelionSol,JarvanIV,5,3,0.6
AurelionSol,Jax,2,1,0.5
AurelionSol,Jayce,9,3,0.3333333333333333
AurelionSol,Jhin,4,1,0.25
AurelionSol,Jinx,2,1,0.5
AurelionSol,KSante,1,1,1.0
AurelionSol,Kalista,1,0,0.0
AurelionSol,Karma,9,5,0.5555555555555556
AurelionSol,Karthus,1,1,1.0
AurelionSol,Katarina,3,1,0.3333333333333333
AurelionSol,Kayn,1,1,1.0
AurelionSol,Kennen,2,1,0.5
AurelionSol,Kindred,1,0,0.0
AurelionSol,Kled,1,1,1.0
AurelionSol,LeeSin,7,3,0.42857142857142855
AurelionSol,Leona,3,2,0.6666666666666666
AurelionSol,Lillia,2,0,0.0
AurelionSol,Lucian,3,2,0.6666666666666666
AurelionSol,Lulu,1,0,0.0
AurelionSol,Malzahar,1,0,0.0
AurelionSol,Maokai,1,1,1.0
AurelionSol,MasterYi,3,1,0.3333333333333333
AurelionSol,Mel,2,1,0.5
AurelionSol,Milio,1,0,0.0
AurelionSol,MissFortune,1,1,1.0
AurelionSol,MonkeyKing,1,1,1.0
AurelionSol,Mordekaiser,1,0,0.0
AurelionSol,Naafiri,4,2,0.5
AurelionSol,Nami,6,5,0.8333333333333334
AurelionSol,Nasus,1,1,1.0
AurelionSol,Nautilus,12,6,0.5
AurelionSol,Neeko,1,1,1.0
AurelionSol,Nidalee,2,0,0.0
AurelionSol,Nocturne,4,2,0.5
AurelionSol,Nunu,2,1,0.5
AurelionSol,Olaf,1,1,1.0
AurelionSol,Ornn,1,1,1.0
AurelionSol,Pantheon,5,3,0.6
AurelionSol,Pyke,1,0,0.0
AurelionSol,Qiyana,4,2,0.5
AurelionSol,Quinn,2,1,0.5
AurelionSol,Rakan,3,3,1.0
AurelionSol,RekSai,1,0,0.0
AurelionSol,Rell,1,0,0.0
AurelionSol,Renata,1,0,0.0
AurelionSol,Renekton,2,1,0.5
AurelionSol,Rengar,4,1,0.25
AurelionSol,Riven,2,0,0.0
AurelionSol,Ryze,4,3,0.75
AurelionSol,Senna,2,1,0.5
AurelionSol,Seraphine,3,3,1.0
AurelionSol,Sett,1,1,1.0
AurelionSol,Shaco,1,1,1.0
AurelionSol,Shen,3,0,0.0
AurelionSol,Shyvana,1,0,0.0
AurelionSol,Singed,4,1,0.25
AurelionSol,Sion,3,2,0.6666666666666666
AurelionSol,Sivir,4,2,0.5
AurelionSol,Skarner,2,1,0.5
AurelionSol,Smolder,1,1,1.0
AurelionSol,Sona,5,0,0.0
AurelionSol,Soraka,2,1,0.5
AurelionSol,Swain,1,0,0.0
AurelionSol,Sylas,7,5,0.7142857142857143
AurelionSol,TahmKench,1,0,0.0
AurelionSol,Talon,3,1,0.3333333333333333
AurelionSol,Teemo,1,0,0.0
AurelionSol,Thresh,2,0,0.0
AurelionSol,TwistedFate,1,0,0.0
AurelionSol,Twitch,1,0,0.0
AurelionSol,Udyr,1,1,1.0
AurelionSol,Varus,6,2,0.3333333333333333
AurelionSol,Vayne,4,2,0.5
AurelionSol,Vi,3,2,0.6666666666666666
AurelionSol,Viego,4,2,0.5
AurelionSol,Viktor,2,0,0.0
AurelionSol,Vladimir,1,0,0.0
AurelionSol,Xayah,1,1,1.0
AurelionSol,Xerath,2,1,0.5
AurelionSol,XinZhao,2,2,1.0
AurelionSol,Yasuo,2,1,0.5
AurelionSol,Yone,1,1,1.0
AurelionSol,Yunara,5,3,0.6
AurelionSol,Zaahen,5,1,0.2
AurelionSol,Zac,1,1,1.0
AurelionSol,Zed,2,1,0.5
AurelionSol,Zilean,2,1,0.5
AurelionSol,Zoe,3,1,0.3333333333333333
Aurora,Azir,2,0,0.0
Aurora,Bard,39,24,0.6153846153846154
Aurora,Belveth,2,1,0.5
Aurora,Blitzcrank,4,1,0.25
Aurora,Brand,4,2,0.5
Aurora,Braum,9,3,0.3333333333333333
Aurora,Briar,1,0,0.0
Aurora,Caitlyn,27,16,0.5925925925925926
Aurora,Camille,11,8,0.7272727272727273
Aurora,Cassiopeia,4,3,0.75
Aurora,Chogath,4,2,0.5
Aurora,Corki,19,12,0.631578947368421
Aurora,Darius,5,3,0.6
Aurora,Diana,2,0,0.0
Aurora,DrMundo,11,7,0.6363636363636364
Aurora,Draven,4,2,0.5
Aurora,Ekko,5,3,0.6
Aurora,Elise,10,7,0.7
Aurora,Evelynn,2,1,0.5
Aurora,Ezreal,73,32,0.4383561643835616
Aurora,FiddleSticks,4,2,0.5
Aurora,Fiora,3,2,0.6666666666666666
Aurora,Fizz,1,1,1.0
Aurora,Galio,3,1,0.3333333333333333
Aurora,Gangplank,6,3,0.5
Aurora,Garen,4,4,1.0
Aurora,Gnar,12,3,0.25
Aurora,Gragas,2,0,0.0
Aurora,Graves,16,8,0.5
Aurora,Gwen,2,0,0.0
Aurora,Hecarim,2,1,0.5
Aurora,Heimerdinger,2,0,0.0
Aurora,Hwei,1,0,0.0
Aurora,Irelia,8,2,0.25
Aurora,Ivern,7,3,0.42857142857142855
Aurora,Janna,12,8,0.6666666666666666
Aurora,JarvanIV,32,19,0.59375
Aurora,Jax,6,4,0.6666666666666666
Aurora,Jayce,38,19,0.5
Aurora,Jhin,30,12,0.4
Aurora,Jinx,7,5,0.7142857142857143
Aurora,KSante,7,4,0.5714285714285714
Aurora,Kaisa,19,7,0.3684210526315789
Aurora,Kalista,8,4,0.5
Aurora,Karma,51,26,0.5098039215686274
Aurora,Karthus,6,3,0.5
Aurora,Kassadin,3,0,0.0
Aurora,Katarina,2,1,0.5
Aurora,Kayle,1,1,1.0
Aurora,Kayn,4,0,0.0
Aurora,Kennen,1,0,0.0
Aurora,Khazix,6,2,0.3333333333333333
Aurora,Kindred,3,2,0.6666666666666666
Aurora,KogMaw,2,1,0.5
Aurora,Leblanc,2,1,0.5
Aurora,LeeSin,37,22,0.5945945945945946
Aurora,Leona,7,3,0.42857142857142855
Aurora,Lillia,2,0,0.0
Aurora,Lissandra,6,3,0.5
Aurora,Lucian,22,12,0.5454545454545454
Aurora,Lulu,24,15,0.625
Aurora,Lux,4,1,0.25
Aurora,Malphite,5,3,0.6
Aurora,Malzahar,1,0,0.0
Aurora,Maokai,3,2,0.6666666666666666
Aurora,MasterYi,4,3,0.75
Aurora,Mel,9,3,0.3333333333333333
Aurora,Milio,3,1,0.3333333333333333
Aurora,MissFortune,6,3,0.5
Aurora,MonkeyKing,4,2,0.5
Aurora,Morgana,1,0,0.0
Aurora,Naafiri,23,10,0.43478260869565216
Aurora,Nami,19,12,0.631578947368421
Aurora,Nasus,3,2,0.6666666666666666
Aurora,Nautilus,35,17,0.4857142857142857
Aurora,Neeko,23,10,0.43478260869565216
Aurora,Nidalee,7,4,0.5714285714285714
Aurora,Nilah,4,3,0.75
Aurora,Nocturne,22,12,0.5454545454545454
Aurora,Nunu,2,1,0.5
Aurora,Olaf,5,2,0.4
Aurora,Orianna,6,2,0.3333333333333333
Aurora,Ornn,7,4,0.5714285714285714
Aurora,Pantheon,30,13,0.43333333333333335
Aurora,Poppy,5,3,0.6
Aurora,Pyke,22,10,0.45454545454545453
Aurora,Qiyana,11,3,0.2727272727272727
Aurora,Quinn,6,3,0.5
Aurora,Rakan,10,2,0.2
Aurora,Rammus,4,2,0.5
Aurora,RekSai,9,4,0.4444444444444444
Aurora,Rell,12,6,0.5
Aurora,Renata,1,0,0.0
Aurora,Renekton,11,8,0.7272727272727273
Aurora,Rengar,7,4,0.5714285714285714
Aurora,Riven,14,6,0.42857142857142855
Aurora,Rumble,9,4,0.4444444444444444
Aurora,Ryze,14,9,0.6428571428571429
Aurora,Samira,1,1,1.0
Aurora,Senna,12,6,0.5
Aurora,Seraphine,22,12,0.5454545454545454
Aurora,Sett,2,2,1.0
Aurora,Shaco,2,2,1.0
Aurora,Shen,10,5,0.5
Aurora,Shyvana,2,2,1.0
Aurora,Singed,5,3,0.6
Aurora,Sion,23,10,0.43478260869565216
Aurora,Sivir,16,9,0.5625
Aurora,Skarner,10,7,0.7
Aurora,Smolder,6,2,0.3333333333333333
Aurora,Sona,11,6,0.5454545454545454
Aurora,Soraka,5,4,0.8
Aurora,Swain,2,2,1.0
Aurora,Sylas,9,6,0.6666666666666666
Aurora,Syndra,3,2,0.6666666666666666
Aurora,TahmKench,3,2,0.6666666666666666
Aurora,Taliyah,2,0,0.0
Aurora,Talon,12,8,0.6666666666666666
Aurora,Taric,4,2,0.5
Aurora,Teemo,7,4,0.5714285714285714
Aurora,Thresh,6,1,0.16666666666666666
Aurora,Tristana,6,5,0.8333333333333334
Aurora,Trundle,1,0,0.0
Aurora,Tryndamere,1,1,1.0
Aurora,TwistedFate,7,4,0.5714285714285714
Aurora,Twitch,1,1,1.0
Aurora,Udyr,5,2,0.4
Aurora,Urgot,1,0,0.0
Aurora,Varus,26,8,0.3076923076923077
Aurora,Vayne,22,11,0.5
Aurora,Veigar,3,1,0.3333333333333333
Aurora,Velkoz,2,0,0.0
Aurora,Vex,1,0,0.0
Aurora,Vi,25,12,0.48
Aurora,Viego,17,7,0.4117647058823529
Aurora,Viktor,1,0,0.0
Aurora,Vladimir,2,0,0.0
Aurora,Xayah,1,0,0.0
Aurora,XinZhao,21,10,0.47619047619047616
Aurora,Yasuo,11,7,0.6363636363636364
Aurora,Yone,12,6,0.5
Aurora,Yorick,7,2,0.2857142857142857
Aurora,Yunara,45,20,0.4444444444444444
Aurora,Yuumi,6,1,0.16666666666666666
Aurora,Zaahen,16,10,0.625
Aurora,Zac,3,1,0.3333333333333333
Aurora,Zed,8,5,0.625
Aurora,Zeri,3,1,0.3333333333333333
Aurora,Ziggs,6,2,0.3333333333333333
Aurora,Zoe,4,1,0.25
Aurora,Zyra,2,1,0.5
Azir,Bard,14,7,0.5
Azir,Belveth,2,2,1.0
Azir,Blitzcrank,3,2,0.6666666666666666
Azir,Braum,2,0,0.0
Azir,Caitlyn,12,4,0.3333333333333333
Azir,Camille,4,0,0.0
Azir,Cassiopeia,4,1,0.25
Azir,Chogath,1,0,0.0
Azir,Corki,6,2,0.3333333333333333
Azir,DrMundo,4,1,0.25
Azir,Draven,2,0,0.0
Azir,Ekko,3,3,1.0
Azir,Elise,2,0,0.0
Azir,Ezreal,16,7,0.4375
Azir,Fiora,4,0,0.0
Azir,Fizz,1,0,0.0
Azir,Gangplank,1,0,0.0
Azir,Gnar,5,1,0.2
Azir,Graves,5,3,0.6
Azir,Gwen,1,1,1.0
Azir,Hecarim,2,1,0.5
Azir,Heimerdinger,1,1,1.0
Azir,Hwei,2,0,0.0
Azir,Illaoi,1,0,0.0
Azir,Irelia,4,0,0.0
Azir,Ivern,2,0,0.0
Azir,JarvanIV,14,4,0.2857142857142857
Azir,Jax,2,1,0.5
Azir,Jayce,20,5,0.25
Azir,Jhin,6,0,0.0
Azir,Jinx,7,4,0.5714285714285714
Azir,KSante,3,1,0.3333333333333333
Azir,Kaisa,7,2,0.2857142857142857
Azir,Kalista,3,2,0.6666666666666666
Azir,Karma,16,5,0.3125
Azir,Karthus,1,0,0.0
Azir,Kayn,2,0,0.0
Azir,Kennen,1,0,0.0
Azir,Kindred,4,2,0.5
Azir,Kled,1,0,0.0
Azir,KogMaw,1,0,0.0
Azir,Leblanc,1,1,1.0
Azir,LeeSin,11,2,0.18181818181818182
Azir,Leona,3,0,0.0
Azir,Lissandra,2,2,1.0
Azir,Lucian,13,6,0.46153846153846156
Azir,Lulu,6,3,0.5
Azir,Lux,5,1,0.2
Azir,Malphite,2,1,0.5
Azir,Maokai,1,0,0.0
Azir,MasterYi,1,0,0.0
Azir,Mel,3,0,0.0
Azir,Milio,2,0,0.0
Azir,MissFortune,3,2,0.6666666666666666
Azir,MonkeyKing,3,0,0.0
Azir,Morgana,1,0,0.0
Azir,Naafiri,8,5,0.625
Azir,Nami,11,3,0.2727272727272727
Azir,Nautilus,10,5,0.5
Azir,Neeko,6,5,0.8333333333333334
Azir,Nidalee,5,2,0.4
Azir,Nocturne,5,2,0.4
Azir,Nunu,1,1,1.0
Azir,Olaf,3,1,0.3333333333333333
Azir,Ornn,2,1,0.5
Azir,Pantheon,10,2,0.2
Azir,Poppy,3,2,0.6666666666666666
Azir,Pyke,9,4,0.4444444444444444
Azir,Qiyana,3,2,0.6666666666666666
Azir,Quinn,2,1,0.5
Azir,Rakan,1,0,0.0
Azir,Rammus,1,0,0.0
Azir,RekSai,3,3,1.0
Azir,Rell,5,2,0.4
Azir,Renekton,11,6,0.5454545454545454
Azir,Rengar,5,2,0.4
Azir,Riven,2,2,1.0
Azir,Rumble,4,0,0.0
Azir,Samira,1,0,0.0
Azir,Sejuani,1,0,0.0
Azir,Senna,9,1,0.1111111111111111
Azir,Seraphine,3,2,0.6666666666666666
Azir,Sett,1,0,0.0
Azir,Shaco,2,2,1.0
Azir,Shen,3,1,0.3333333333333333
Azir,Singed,3,2,0.6666666666666666
Azir,Sion,9,5,0.5555555555555556
Azir,Sivir,1,1,1.0
Azir,Skarner,9,4,0.4444444444444444
Azir,Smolder,1,0,0.0
Azir,Sona,8,4,0.5
Azir,Soraka,3,2,0.6666666666666666
Azir,Sylas,2,0,0.0
Azir,Syndra,2,0,0.0
Azir,Taliyah,3,1,0.3333333333333333
Azir,Talon,2,2,1.0
Azir,Taric,1,1,1.0
Azir,Thresh,3,0,0.0
Azir,Tristana,1,0,0.0
Azir,Trundle,2,2,1.0
Azir,TwistedFate,1,0,0.0
Azir,Udyr,1,0,0.0
Azir,Urgot,1,0,0.0
Azir,Varus,16,9,0.5625
Azir,Vayne,7,4,0.5714285714285714
Azir,Veigar,1,1,1.0
Azir,Velkoz,2,1,0.5
Azir,Vi,5,2,0.4
Azir,Viego,3,1,0.3333333333333333
Azir,Viktor,2,1,0.5
Azir,Vladimir,1,0,0.0
Azir,Volibear,1,1,1.0
Azir,Xayah,4,1,0.25
Azir,Xerath,1,0,0.0
Azir,XinZhao,14,3,0.21428571428571427
Azir,Yasuo,2,1,0.5
Azir,Yone,2,0,0.0
Azir,Yorick,2,1,0.5
Azir,Yunara,16,7,0.4375
Azir,Yuumi,3,1,0.3333333333333333
Azir,Zaahen,7,4,0.5714285714285714
Azir,Zac,1,0,0.0
Azir,Zeri,1,0,0.0
Azir,Ziggs,2,1,0.5
Azir,Zilean,2,2,1.0
Azir,Zoe,1,0,0.0
Bard,Belveth,5,2,0.4
Bard,Brand,5,3,0.6
Bard,Briar,2,1,0.5
Bard,Caitlyn,113,64,0.5663716814159292
Bard,Camille,5,4,0.8
Bard,Cassiopeia,12,5,0.4166666666666667
Bard,Chogath,6,2,0.3333333333333333
Bard,Corki,13,7,0.5384615384615384
Bard,Darius,9,5,0.5555555555555556
Bard,Diana,5,1,0.2
Bard,DrMundo,13,10,0.7692307692307693
Bard,Draven,3,2,0.6666666666666666
Bard,Ekko,17,12,0.7058823529411765
Bard,Elise,4,2,0.5
Bard,Evelynn,4,0,0.0
Bard,Ezreal,95,50,0.5263157894736842
Bard,FiddleSticks,4,3,0.75
Bard,Fiora,5,2,0.4
Bard,Fizz,5,1,0.2
Bard,Galio,18,10,0.5555555555555556
Bard,Gangplank,8,7,0.875
Bard,Garen,5,3,0.6
Bard,Gnar,28,12,0.42857142857142855
Bard,Gragas,4,3,0.75
Bard,Graves,17,12,0.7058823529411765
Bard,Gwen,10,7,0.7
Bard,Hecarim,8,4,0.5
Bard,Hwei,18,9,0.5
Bard,Illaoi,2,2,1.0
Bard,Irelia,15,9,0.6
Bard,Ivern,4,0,0.0
Bard,JarvanIV,42,23,0.5476190476190477
Bard,Jax,15,12,0.8
Bard,Jayce,62,32,0.5161290322580645
Bard,Jhin,59,33,0.559322033898305
Bard,Jinx,12,9,0.75
Bard,KSante,19,11,0.5789473684210527
Bard,Kaisa,13,7,0.5384615384615384
Bard,Kalista,3,0,0.0
Bard,Karthus,9,2,0.2222222222222222
Bard,Kassadin,3,1,0.3333333333333333
Bard,Katarina,10,3,0.3
Bard,Kayle,4,2,0.5
Bard,Kayn,7,5,0.7142857142857143
Bard,Kennen,7,5,0.7142857142857143
Bard,Khazix,9,3,0.3333333333333333
Bard,Kindred,10,7,0.7
Bard,Kled,1,1,1.0
Bard,KogMaw,8,5,0.625
Bard,Leblanc,15,10,0.6666666666666666
Bard,LeeSin,55,42,0.7636363636363637
Bard,Lillia,8,5,0.625
Bard,Lissandra,14,7,0.5
Bard,Lucian,13,7,0.5384615384615384
Bard,Lux,2,1,0.5
Bard,Malphite,11,7,0.6363636363636364
Bard,Malzahar,2,1,0.5
Bard,Maokai,4,1,0.25
Bard,MasterYi,5,3,0.6
Bard,Mel,8,4,0.5
Bard,MissFortune,9,5,0.5555555555555556
Bard,MonkeyKing,8,3,0.375
Bard,Morgana,1,1,1.0
Bard,Naafiri,15,7,0.4666666666666667
Bard,Nasus,2,2,1.0
Bard,Neeko,2,2,1.0
Bard,Nidalee,14,10,0.7142857142857143
Bard,Nocturne,17,9,0.5294117647058824
Bard,Nunu,8,7,0.875
Bard,Olaf,6,3,0.5
Bard,Orianna,26,18,0.6923076923076923
Bard,Ornn,6,3,0.5
Bard,Pantheon,30,14,0.4666666666666667
Bard,Poppy,1,1,1.0
Bard,Pyke,1,0,0.0
Bard,Qiyana,21,14,0.6666666666666666
Bard,Quinn,8,6,0.75
Bard,Rammus,1,1,1.0
Bard,RekSai,7,3,0.42857142857142855
Bard,Rell,1,1,1.0
Bard,Renekton,21,12,0.5714285714285714
Bard,Rengar,9,6,0.6666666666666666
Bard,Riven,12,6,0.5
Bard,Rumble,18,9,0.5
Bard,Ryze,29,19,0.6551724137931034
Bard,Samira,2,1,0.5
Bard,Sejuani,5,4,0.8
Bard,Senna,6,3,0.5
Bard,Seraphine,1,0,0.0
Bard,Sett,8,5,0.625
Bard,Shaco,3,3,1.0
Bard,Shen,14,7,0.5
Bard,Shyvana,2,1,0.5
Bard,Singed,11,6,0.5454545454545454
Bard,Sion,26,13,0.5
Bard,Sivir,18,9,0.5
Bard,Skarner,9,5,0.5555555555555556
Bard,Smolder,6,4,0.6666666666666666
Bard,Swain,5,1,0.2
Bard,Sylas,30,18,0.6
Bard,Syndra,13,6,0.46153846153846156
Bard,Taliyah,14,7,0.5
Bard,Talon,19,7,0.3684210526315789
Bard,Teemo,6,5,0.8333333333333334
Bard,Tristana,10,3,0.3
Bard,Trundle,1,0,0.0
Bard,Tryndamere,1,1,1.0
Bard,TwistedFate,11,4,0.36363636363636365
Bard,Udyr,10,5,0.5
Bard,Urgot,5,2,0.4
Bard,Varus,36,20,0.5555555555555556
Bard,Vayne,35,20,0.5714285714285714
Bard,Veigar,6,2,0.3333333333333333
Bard,Velkoz,2,2,1.0
Bard,Vex,4,2,0.5
Bard,Vi,19,11,0.5789473684210527
Bard,Viego,13,3,0.23076923076923078
Bard,Viktor,13,5,0.38461538461538464
Bard,Vladimir,11,7,0.6363636363636364
Bard,Warwick,1,0,0.0
Bard,Xayah,5,2,0.4
Bard,Xerath,5,3,0.6
Bard,XinZhao,23,13,0.5652173913043478
Bard,Yasuo,9,5,0.5555555555555556
Bard,Yone,22,16,0.7272727272727273
Bard,Yorick,6,3,0.5
Bard,Yunara,25,15,0.6
Bard,Zaahen,12,6,0.5
Bard,Zac,1,0,0.0
Bard,Zed,12,4,0.3333333333333333
Bard,Zeri,1,1,1.0
Bard,Ziggs,6,2,0.3333333333333333
Bard,Zilean,3,2,0.6666666666666666
Bard,Zoe,9,5,0.5555555555555556
Bard,Zyra,6,3,0.5
Belveth,Blitzcrank,1,0,0.0
Belveth,Brand,1,0,0.0
Belveth,Braum,4,1,0.25
Belveth,Briar,1,1,1.0
Belveth,Caitlyn,5,2,0.4
Belveth,Camille,4,1,0.25
Belveth,Chogath,2,0,0.0
Belveth,Corki,3,2,0.6666666666666666
Belveth,Diana,2,1,0.5
Belveth,DrMundo,1,0,0.0
Belveth,Ekko,1,1,1.0
Belveth,Ezreal,4,2,0.5
Belveth,Fiora,2,1,0.5
Belveth,Fizz,2,1,0.5
Belveth,Galio,3,0,0.0
Belveth,Gangplank,2,2,1.0
Belveth,Gnar,4,1,0.25
Belveth,Gwen,2,2,1.0
Belveth,Hwei,2,2,1.0
Belveth,Irelia,2,1,0.5
Belveth,Jax,1,1,1.0
Belveth,Jayce,3,2,0.6666666666666666
Belveth,Jhin,3,2,0.6666666666666666
Belveth,Jinx,2,1,0.5
Belveth,Kaisa,4,2,0.5
Belveth,Kalista,1,0,0.0
Belveth,Karma,3,1,0.3333333333333333
Belveth,Karthus,1,1,1.0
Belveth,Kassadin,2,0,0.0
Belveth,Katarina,5,2,0.4
Belveth,Kayle,1,1,1.0
Belveth,Kled,1,1,1.0
Belveth,Leblanc,1,1,1.0
Belveth,LeeSin,1,0,0.0
Belveth,Leona,1,0,0.0
Belveth,Lissandra,2,0,0.0
Belveth,Lucian,2,2,1.0
Belveth,Lulu,5,4,0.8
Belveth,Mel,5,1,0.2
Belveth,MissFortune,2,2,1.0
Belveth,Morgana,1,0,0.0
Belveth,Nami,2,2,1.0
Belveth,Nasus,1,1,1.0
Belveth,Nautilus,3,3,1.0
Belveth,Neeko,4,3,0.75
Belveth,Orianna,2,1,0.5
Belveth,Ornn,3,2,0.6666666666666666
Belveth,Poppy,3,2,0.6666666666666666
Belveth,Pyke,2,1,0.5
Belveth,Qiyana,1,1,1.0
Belveth,Rakan,1,1,1.0
Belveth,Rell,3,2,0.6666666666666666
Belveth,Renata,1,0,0.0
Belveth,Renekton,2,1,0.5
Belveth,Rengar,1,1,1.0
Belveth,Riven,3,1,0.3333333333333333
Belveth,Rumble,4,2,0.5
Belveth,Ryze,5,2,0.4
Belveth,Senna,5,2,0.4
Belveth,Shen,1,1,1.0
Belveth,Singed,2,1,0.5
Belveth,Sion,3,1,0.3333333333333333
Belveth,Sivir,1,0,0.0
Belveth,Skarner,1,0,0.0
Belveth,Smolder,2,0,0.0
Belveth,Sona,4,4,1.0
Belveth,Soraka,2,1,0.5
Belveth,Sylas,5,2,0.4
Belveth,Syndra,2,2,1.0
Belveth,Taliyah,2,1,0.5
Belveth,Teemo,1,1,1.0
Belveth,Thresh,1,0,0.0
Belveth,Tristana,1,1,1.0
Belveth,Tryndamere,1,1,1.0
Belveth,Twitch,2,0,0.0
Belveth,Udyr,1,1,1.0
Belveth,Varus,2,1,0.5
Belveth,Veigar,2,1,0.5
Belveth,Viego,1,0,0.0
Belveth,Vladimir,3,1,0.3333333333333333
Belveth,Volibear,2,2,1.0
Belveth,Xerath,3,1,0.3333333333333333
Belveth,Yasuo,2,2,1.0
Belveth,Yorick,1,1,1.0
Belveth,Yunara,4,2,0.5
Belveth,Yuumi,1,0,0.0
Belveth,Zeri,1,0,0.0
Belveth,Ziggs,1,1,1.0
Belveth,Zilean,1,1,1.0
Belveth,Zoe,1,0,0.0
Belveth,Zyra,1,1,1.0
Blitzcrank,Caitlyn,4,2,0.5
Blitzcrank,Camille,2,1,0.5
Blitzcrank,Cassiopeia,2,0,0.0
Blitzcrank,Chogath,1,0,0.0
Blitzcrank,Corki,1,0,0.0
Blitzcrank,DrMundo,2,0,0.0
Blitzcrank,Draven,3,1,0.3333333333333333
Blitzcrank,Ekko,3,1,0.3333333333333333
Blitzcrank,Ezreal,10,4,0.4
Blitzcrank,Fiora,4,2,0.5
Blitzcrank,Galio,6,3,0.5
Blitzcrank,Gnar,4,1,0.25
Blitzcrank,Graves,5,1,0.2
Blitzcrank,Hwei,2,1,0.5
Blitzcrank,Irelia,2,1,0.5
Blitzcrank,JarvanIV,4,1,0.25
Blitzcrank,Jax,3,1,0.3333333333333333
Blitzcrank,Jayce,9,5,0.5555555555555556
Blitzcrank,Jhin,3,1,0.3333333333333333
Blitzcrank,Jinx,1,1,1.0
Blitzcrank,KSante,1,0,0.0
Blitzcrank,Kaisa,5,3,0.6
Blitzcrank,Kalista,2,0,0.0
Blitzcrank,Karma,1,0,0.0
Blitzcrank,Kassadin,2,1,0.5
Blitzcrank,Katarina,1,1,1.0
Blitzcrank,Kayn,1,1,1.0
Blitzcrank,Kennen,1,0,0.0
Blitzcrank,Khazix,2,2,1.0
Blitzcrank,Kled,2,1,0.5
Blitzcrank,Leblanc,1,0,0.0
Blitzcrank,LeeSin,3,1,0.3333333333333333
Blitzcrank,Lillia,1,0,0.0
Blitzcrank,Lissandra,1,1,1.0
Blitzcrank,Lucian,1,0,0.0
Blitzcrank,Malphite,1,1,1.0
Blitzcrank,Malzahar,1,0,0.0
Blitzcrank,Mel,1,1,1.0
Blitzcrank,MissFortune,1,1,1.0
Blitzcrank,Morgana,1,0,0.0
Blitzcrank,Naafiri,3,1,0.3333333333333333
Blitzcrank,Nasus,1,0,0.0
Blitzcrank,Neeko,1,1,1.0
Blitzcrank,Nidalee,3,2,0.6666666666666666
Blitzcrank,Nocturne,1,1,1.0
Blitzcrank,Orianna,2,1,0.5
Blitzcrank,Ornn,1,1,1.0
Blitzcrank,Pantheon,3,1,0.3333333333333333
Blitzcrank,Poppy,1,0,0.0
Blitzcrank,Qiyana,1,0,0.0
Blitzcrank,RekSai,2,0,0.0
Blitzcrank,Rell,1,0,0.0
Blitzcrank,Renekton,1,0,0.0
Blitzcrank,Rengar,3,1,0.3333333333333333
Blitzcrank,Rumble,2,0,0.0
Blitzcrank,Ryze,3,0,0.0
Blitzcrank,Samira,1,1,1.0
Blitzcrank,Singed,1,0,0.0
Blitzcrank,Sion,4,1,0.25
Blitzcrank,Sivir,2,1,0.5
Blitzcrank,Skarner,1,1,1.0
Blitzcrank,Smolder,1,1,1.0
Blitzcrank,Swain,1,1,1.0
Blitzcrank,Sylas,2,2,1.0
Blitzcrank,Talon,2,1,0.5
Blitzcrank,Tristana,1,0,0.0
Blitzcrank,TwistedFate,1,0,0.0
Blitzcrank,Urgot,1,0,0.0
Blitzcrank,Varus,1,0,0.0
Blitzcrank,Vayne,5,1,0.2
Blitzcrank,Velkoz,1,0,0.0
Blitzcrank,Vex,1,0,0.0
Blitzcrank,Vi,2,2,1.0
Blitzcrank,Viego,4,2,0.5
Blitzcrank,Viktor,5,2,0.4
Blitzcrank,Vladimir,3,2,0.6666666666666666
Blitzcrank,Xayah,1,1,1.0
Blitzcrank,Xerath,1,0,0.0
Blitzcrank,XinZhao,2,1,0.5
Blitzcrank,Yasuo,4,1,0.25
Blitzcrank,Yone,1,1,1.0
Blitzcrank,Yunara,3,3,1.0
Blitzcrank,Zaahen,2,0,0.0
Blitzcrank,Zed,1,1,1.0
Blitzcrank,Zeri,1,1,1.0
Blitzcrank,Zoe,3,2,0.6666666666666666
Blitzcrank,Zyra,2,1,0.5
Brand,Caitlyn,3,3,1.0
Brand,Camille,1,0,0.0
Brand,Cassiopeia,1,1,1.0
Brand,Corki,3,1,0.3333333333333333
Brand,Darius,2,2,1.0
Brand,DrMundo,1,0,0.0
Brand,Draven,1,0,0.0
Brand,Elise,1,1,1.0
Brand,Ezreal,5,1,0.2
Brand,FiddleSticks,1,1,1.0
Brand,Gnar,2,2,1.0
Brand,Graves,3,2,0.6666666666666666
Brand,Hecarim,3,1,0.3333333333333333
Brand,Hwei,2,2,1.0
Brand,Irelia,1,0,0.0
Brand,Janna,1,0,0.0
Brand,JarvanIV,1,1,1.0
Brand,Jax,2,1,0.5
Brand,Jayce,7,3,0.42857142857142855
Brand,Jhin,6,6,1.0
Brand,KSante,4,3,0.75
Brand,Kaisa,3,2,0.6666666666666666
Brand,Karma,1,1,1.0
Brand,Katarina,2,0,0.0
Brand,Kled,1,1,1.0
Brand,LeeSin,2,2,1.0
Brand,Leona,2,2,1.0
Brand,Lillia,2,1,0.5
Brand,Lissandra,1,1,1.0
Brand,Lucian,1,0,0.0
Brand,Lulu,1,0,0.0
Brand,Nami,7,4,0.5714285714285714
Brand,Nasus,1,0,0.0
Brand,Nautilus,3,2,0.6666666666666666
Brand,Neeko,2,0,0.0
Brand,Nidalee,1,1,1.0
Brand,Nocturne,3,2,0.6666666666666666
Brand,Nunu,1,0,0.0
Brand,Olaf,1,1,1.0
Brand,Ornn,3,0,0.0
Brand,Pantheon,3,2,0.6666666666666666
Brand,Pyke,1,0,0.0
Brand,Qiyana,3,0,0.0
Brand,Quinn,1,0,0.0
Brand,Rakan,3,2,0.6666666666666666
Brand,Rammus,1,1,1.0
Brand,Rell,1,0,0.0
Brand,Renekton,1,1,1.0
Brand,Rengar,1,1,1.0
Brand,Riven,4,3,0.75
Brand,Ryze,2,0,0.0
Brand,Senna,3,1,0.3333333333333333
Brand,Shen,2,0,0.0
Brand,Shyvana,1,0,0.0
Brand,Singed,1,0,0.0
Brand,Sion,2,1,0.5
Brand,Skarner,1,1,1.0
Brand,Sona,2,2,1.0
Brand,Swain,1,1,1.0
Brand,Sylas,1,0,0.0
Brand,Syndra,1,1,1.0
Brand,Taliyah,1,1,1.0
Brand,Talon,1,1,1.0
Brand,Teemo,2,2,1.0
Brand,Tristana,3,2,0.6666666666666666
Brand,Trundle,1,0,0.0
Brand,TwistedFate,1,0,0.0
Brand,Urgot,1,1,1.0
Brand,Varus,1,0,0.0
Brand,Vayne,4,2,0.5
Brand,Vex,2,2,1.0
Brand,Viego,1,0,0.0
Brand,Viktor,1,1,1.0
Brand,Vladimir,1,0,0.0
Brand,XinZhao,1,0,0.0
Brand,Yasuo,4,2,0.5
Brand,Yone,5,4,0.8
Brand,Yorick,1,0,0.0
Brand,Yunara,4,1,0.25
Brand,Yuumi,1,0,0.0
Brand,Zaahen,1,1,1.0
Brand,Zac,1,1,1.0
Brand,Zed,3,2,0.6666666666666666
Brand,Ziggs,1,1,1.0
Brand,Zilean,1,1,1.0
Brand,Zyra,1,1,1.0
Braum,Caitlyn,8,2,0.25
Braum,Camille,2,1,0.5
Braum,Cassiopeia,2,0,0.0
Braum,Chogath,2,1,0.5
Braum,Corki,4,0,0.0
Braum,Darius,2,0,0.0
Braum,Diana,5,3,0.6
Braum,DrMundo,1,1,1.0
Braum,Draven,1,1,1.0
Braum,Ekko,3,1,0.3333333333333333
Braum,Elise,1,0,0.0
Braum,Evelynn,1,1,1.0
Braum,Ezreal,10,5,0.5
Braum,FiddleSticks,1,1,1.0
Braum,Fiora,5,3,0.6
Braum,Fizz,1,0,0.0
Braum,Galio,4,2,0.5
Braum,Gangplank,1,0,0.0
Braum,Gnar,6,2,0.3333333333333333
Braum,Graves,8,3,0.375
Braum,Heimerdinger,2,1,0.5
Braum,Hwei,2,1,0.5
Braum,Irelia,3,2,0.6666666666666666
Braum,Ivern,2,1,0.5
Braum,JarvanIV,9,2,0.2222222222222222
Braum,Jax,1,0,0.0
Braum,Jayce,9,6,0.6666666666666666
Braum,Jhin,3,1,0.3333333333333333
Braum,Jinx,2,2,1.0
Braum,KSante,3,1,0.3333333333333333
Braum,Kaisa,2,2,1.0
Braum,Kalista,1,0,0.0
Braum,Karthus,1,1,1.0
Braum,Katarina,3,2,0.6666666666666666
Braum,Kayle,1,1,1.0
Braum,Kayn,2,1,0.5
Braum,Kennen,4,3,0.75
Braum,Khazix,1,0,0.0
Braum,Kindred,3,3,1.0
Braum,KogMaw,3,1,0.3333333333333333
Braum,Leblanc,2,0,0.0
Braum,LeeSin,12,5,0.4166666666666667
Braum,Lissandra,3,2,0.6666666666666666
Braum,Lucian,24,12,0.5
Braum,Lux,2,1,0.5
Braum,Malphite,2,2,1.0
Braum,MasterYi,3,2,0.6666666666666666
Braum,Mel,1,1,1.0
Braum,MissFortune,2,1,0.5
Braum,MonkeyKing,1,1,1.0
Braum,Naafiri,3,1,0.3333333333333333
Braum,Nidalee,1,1,1.0
Braum,Nocturne,6,4,0.6666666666666666
Braum,Olaf,1,1,1.0
Braum,Orianna,6,2,0.3333333333333333
Braum,Ornn,3,2,0.6666666666666666
Braum,Pantheon,6,4,0.6666666666666666
Braum,Poppy,1,0,0.0
Braum,Qiyana,3,0,0.0
Braum,Quinn,1,0,0.0
Braum,RekSai,1,1,1.0
Braum,Renekton,3,0,0.0
Braum,Rengar,5,1,0.2
Braum,Riven,1,0,0.0
Braum,Rumble,6,1,0.16666666666666666
Braum,Ryze,11,4,0.36363636363636365
Braum,Senna,5,2,0.4
Braum,Shaco,1,0,0.0
Braum,Shen,1,1,1.0
Braum,Singed,3,1,0.3333333333333333
Braum,Sion,3,0,0.0
Braum,Sivir,3,2,0.6666666666666666
Braum,Skarner,1,1,1.0
Braum,Smolder,1,0,0.0
Braum,Swain,1,1,1.0
Braum,Syndra,5,4,0.8
Braum,Taliyah,4,2,0.5
Braum,Talon,1,1,1.0
Braum,Teemo,3,2,0.6666666666666666
Braum,Tristana,2,1,0.5
Braum,Tryndamere,1,1,1.0
Braum,TwistedFate,3,2,0.6666666666666666
Braum,Varus,7,2,0.2857142857142857
Braum,Vayne,9,4,0.4444444444444444
Braum,Vi,1,0,0.0
Braum,Viego,4,3,0.75
Braum,Viktor,7,5,0.7142857142857143
Braum,Vladimir,4,1,0.25
Braum,Volibear,3,2,0.6666666666666666
Braum,Xayah,1,0,0.0
Braum,Xerath,3,3,1.0
Braum,XinZhao,4,0,0.0
Braum,Yasuo,2,2,1.0
Braum,Yone,4,4,1.0
Braum,Yorick,4,1,0.25
Braum,Yunara,12,6,0.5
Braum,Zaahen,4,2,0.5
Braum,Zac,1,1,1.0
Braum,Zilean,2,1,0.5
Braum,Zoe,3,1,0.3333333333333333
Braum,Zyra,3,1,0.3333333333333333
Briar,Caitlyn,1,0,0.0
Briar,Camille,2,1,0.5
Briar,Chogath,1,1,1.0
Briar,Corki,1,1,1.0
Briar,Draven,1,1,1.0
Briar,Ekko,1,0,0.0
Briar,Ezreal,5,1,0.2
Briar,FiddleSticks,1,0,0.0
Briar,Fiora,1,0,0.0
Briar,Galio,1,0,0.0
Briar,Gangplank,2,1,0.5
Briar,Garen,1,0,0.0
Briar,Gnar,3,2,0.6666666666666666
Briar,Gwen,1,1,1.0
Briar,Hwei,1,0,0.0
Briar,Jayce,4,2,0.5
Briar,Jinx,1,1,1.0
Briar,Kaisa,2,0,0.0
Briar,Karma,3,0,0.0
Briar,Karthus,1,1,1.0
Briar,KogMaw,2,0,0.0
Briar,Leblanc,2,0,0.0
Briar,LeeSin,1,0,0.0
Briar,Leona,1,0,0.0
Briar,Lissandra,1,0,0.0
Briar,Lulu,1,0,0.0
Briar,Lux,1,1,1.0
Briar,Malphite,1,0,0.0
Briar,Malzahar,1,1,1.0
Briar,Maokai,1,1,1.0
Briar,Mel,2,1,0.5
Briar,MissFortune,2,1,0.5
Briar,Morgana,1,0,0.0
Briar,Nami,5,4,0.8
Briar,Nautilus,2,1,0.5
Briar,Olaf,1,0,0.0
Briar,Orianna,2,1,0.5
Briar,Ornn,1,0,0.0
Briar,Pantheon,1,1,1.0
Briar,Poppy,1,0,0.0
Briar,Pyke,3,1,0.3333333333333333
Briar,Qiyana,1,1,1.0
Briar,Quinn,1,1,1.0
Briar,Rell,2,1,0.5
Briar,Riven,1,0,0.0
Briar,Ryze,1,0,0.0
Briar,Seraphine,2,1,0.5
Briar,Sett,1,0,0.0
Briar,Sivir,2,1,0.5
Briar,Sona,1,1,1.0
Briar,Soraka,1,0,0.0
Briar,Sylas,2,1,0.5
Briar,Syndra,4,2,0.5
Briar,Taric,1,0,0.0
Briar,Teemo,1,1,1.0
Briar,TwistedFate,1,1,1.0
Briar,Varus,4,4,1.0
Briar,Vayne,1,0,0.0
Briar,Veigar,1,0,0.0
Briar,Velkoz,1,0,0.0
Briar,Volibear,1,1,1.0
Briar,Warwick,1,1,1.0
Briar,Xayah,2,0,0.0
Briar,Xerath,1,1,1.0
Briar,Yone,1,0,0.0
Briar,Yunara,4,1,0.25
Briar,Yuumi,1,0,0.0
Briar,Zaahen,1,0,0.0
Briar,Zed,1,0,0.0
Briar,Zoe,4,2,0.5
Briar,Zyra,1,1,1.0
Caitlyn,Camille,6,6,1.0
Caitlyn,Cassiopeia,7,3,0.42857142857142855
Caitlyn,Chogath,8,3,0.375
Caitlyn,Corki,1,0,0.0
Caitlyn,Darius,6,2,0.3333333333333333
Caitlyn,Diana,4,2,0.5
Caitlyn,DrMundo,4,2,0.5
Caitlyn,Draven,2,1,0.5
Caitlyn,Ekko,19,7,0.3684210526315789
Caitlyn,Elise,20,9,0.45
Caitlyn,Evelynn,5,2,0.4
Caitlyn,Ezreal,5,3,0.6
Caitlyn,FiddleSticks,4,1,0.25
Caitlyn,Fiora,5,0,0.0
Caitlyn,Fizz,2,0,0.0
Caitlyn,Galio,16,7,0.4375
Caitlyn,Gangplank,8,3,0.375
Caitlyn,Garen,4,2,0.5
Caitlyn,Gnar,18,12,0.6666666666666666
Caitlyn,Gragas,5,4,0.8
Caitlyn,Graves,12,2,0.16666666666666666
Caitlyn,Gwen,10,4,0.4
Caitlyn,Hecarim,2,2,1.0
Caitlyn,Hwei,11,8,0.7272727272727273
Caitlyn,Illaoi,2,1,0.5
Caitlyn,Irelia,14,6,0.42857142857142855
Caitlyn,Ivern,3,1,0.3333333333333333
Caitlyn,Janna,4,0,0.0
Caitlyn,JarvanIV,49,23,0.46938775510204084
Caitlyn,Jax,12,9,0.75
Caitlyn,Jayce,46,17,0.3695652173913043
Caitlyn,KSante,13,5,0.38461538461538464
Caitlyn,Kaisa,3,3,1.0
Caitlyn,Kalista,1,0,0.0
Caitlyn,Karma,51,21,0.4117647058823529
Caitlyn,Karthus,7,4,0.5714285714285714
Caitlyn,Kassadin,3,0,0.0
Caitlyn,Katarina,3,1,0.3333333333333333
Caitlyn,Kayle,2,0,0.0
Caitlyn,Kayn,3,1,0.3333333333333333
Caitlyn,Kennen,4,0,0.0
Caitlyn,Khazix,7,1,0.14285714285714285
Caitlyn,Kindred,2,2,1.0
Caitlyn,Kled,2,1,0.5
Caitlyn,KogMaw,1,0,0.0
Caitlyn,Leblanc,17,6,0.35294117647058826
Caitlyn,LeeSin,36,17,0.4722222222222222
Caitlyn,Leona,4,3,0.75
Caitlyn,Lillia,7,4,0.5714285714285714
Caitlyn,Lissandra,10,5,0.5
Caitlyn,Lucian,1,0,0.0
Caitlyn,Lulu,4,3,0.75
Caitlyn,Lux,23,7,0.30434782608695654
Caitlyn,Malphite,11,5,0.45454545454545453
Caitlyn,Malzahar,3,0,0.0
Caitlyn,Maokai,3,1,0.3333333333333333
Caitlyn,MasterYi,4,1,0.25
Caitlyn,Mel,7,3,0.42857142857142855
Caitlyn,Milio,3,2,0.6666666666666666
Caitlyn,MonkeyKing,3,1,0.3333333333333333
Caitlyn,Mordekaiser,2,2,1.0
Caitlyn,Morgana,5,3,0.6
Caitlyn,Naafiri,21,9,0.42857142857142855
Caitlyn,Nami,13,8,0.6153846153846154
Caitlyn,Nasus,2,1,0.5
Caitlyn,Nautilus,13,4,0.3076923076923077
Caitlyn,Neeko,35,19,0.5428571428571428
Caitlyn,Nidalee,10,5,0.5
Caitlyn,Nocturne,11,7,0.6363636363636364
Caitlyn,Nunu,10,5,0.5
Caitlyn,Olaf,4,2,0.5
Caitlyn,Orianna,16,8,0.5
Caitlyn,Ornn,7,6,0.8571428571428571
Caitlyn,Pantheon,18,10,0.5555555555555556
Caitlyn,Poppy,6,1,0.16666666666666666
Caitlyn,Pyke,4,2,0.5
Caitlyn,Qiyana,15,7,0.4666666666666667
Caitlyn,Quinn,2,1,0.5
Caitlyn,Rakan,1,0,0.0
Caitlyn,Rammus,2,0,0.0
Caitlyn,RekSai,6,5,0.8333333333333334
Caitlyn,Rell,4,2,0.5
Caitlyn,Renekton,18,10,0.5555555555555556
Caitlyn,Rengar,3,2,0.6666666666666666
Caitlyn,Riven,12,2,0.16666666666666666
Caitlyn,Rumble,26,12,0.46153846153846156
Caitlyn,Ryze,23,10,0.43478260869565216
Caitlyn,Sejuani,5,4,0.8
Caitlyn,Senna,9,6,0.6666666666666666
Caitlyn,Seraphine,5,2,0.4
Caitlyn,Shaco,2,2,1.0
Caitlyn,Shen,8,5,0.625
Caitlyn,Shyvana,3,2,0.6666666666666666
Caitlyn,Singed,3,0,0.0
Caitlyn,Sion,20,8,0.4
Caitlyn,Skarner,14,7,0.5
Caitlyn,Smolder,1,0,0.0
Caitlyn,Sona,4,1,0.25
Caitlyn,Soraka,4,2,0.5
Caitlyn,Swain,2,0,0.0
Caitlyn,Sylas,25,11,0.44
Caitlyn,Syndra,9,7,0.7777777777777778
Caitlyn,TahmKench,3,1,0.3333333333333333
Caitlyn,Taliyah,13,6,0.46153846153846156
Caitlyn,Talon,11,3,0.2727272727272727
Caitlyn,Taric,1,0,0.0
Caitlyn,Teemo,12,4,0.3333333333333333
Caitlyn,Thresh,11,7,0.6363636363636364
Caitlyn,Trundle,3,1,0.3333333333333333
Caitlyn,Tryndamere,2,1,0.5
Caitlyn,TwistedFate,12,8,0.6666666666666666
Caitlyn,Udyr,7,2,0.2857142857142857
Caitlyn,Urgot,3,1,0.3333333333333333
Caitlyn,Varus,18,10,0.5555555555555556
Caitlyn,Vayne,17,7,0.4117647058823529
Caitlyn,Veigar,5,2,0.4
Caitlyn,Velkoz,1,0,0.0
Caitlyn,Vex,2,0,0.0
Caitlyn,Vi,24,11,0.4583333333333333
Caitlyn,Viego,12,4,0.3333333333333333
Caitlyn,Viktor,12,7,0.5833333333333334
Caitlyn,Vladimir,12,5,0.4166666666666667
Caitlyn,Volibear,1,0,0.0
Caitlyn,Xayah,1,1,1.0
Caitlyn,Xerath,6,2,0.3333333333333333
Caitlyn,XinZhao,24,15,0.625
Caitlyn,Yasuo,14,4,0.2857142857142857
Caitlyn,Yone,23,14,0.6086956521739131
Caitlyn,Yorick,10,5,0.5
Caitlyn,Zaahen,10,5,0.5
Caitlyn,Zed,7,3,0.42857142857142855
Caitlyn,Ziggs,2,0,0.0
Caitlyn,Zilean,2,2,1.0
Caitlyn,Zoe,8,3,0.375
Caitlyn,Zyra,6,3,0.5
Camille,Corki,7,2,0.2857142857142857
Camille,Diana,1,0,0.0
Camille,DrMundo,1,1,1.0
Camille,Draven,1,1,1.0
Camille,Ekko,5,1,0.2
Camille,Elise,1,1,1.0
Camille,Evelynn,1,0,0.0
Camille,Ezreal,15,4,0.26666666666666666
Camille,FiddleSticks,1,0,0.0
Camille,Galio,1,1,1.0
Camille,Garen,1,1,1.0
Camille,Graves,4,2,0.5
Camille,Heimerdinger,1,1,1.0
Camille,Hwei,3,0,0.0
Camille,Irelia,5,2,0.4
Camille,Ivern,3,2,0.6666666666666666
Camille,JarvanIV,6,3,0.5
Camille,Jax,2,1,0.5
Camille,Jayce,6,2,0.3333333333333333
Camille,Jhin,8,5,0.625
Camille,Jinx,1,0,0.0
Camille,Kaisa,10,2,0.2
Camille,Karma,3,1,0.3333333333333333
Camille,Karthus,4,4,1.0
Camille,Kassadin,1,0,0.0
Camille,Katarina,1,0,0.0
Camille,Kayn,1,0,0.0
Camille,Kennen,2,1,0.5
Camille,Khazix,2,1,0.5
Camille,Kindred,1,1,1.0
Camille,Leblanc,4,1,0.25
Camille,LeeSin,7,1,0.14285714285714285
Camille,Lillia,4,2,0.5
Camille,Lucian,5,2,0.4
Camille,Lulu,3,0,0.0
Camille,Malphite,1,0,0.0
Camille,MasterYi,1,0,0.0
Camille,Mel,2,1,0.5
Camille,Milio,2,1,0.5
Camille,MissFortune,2,2,1.0
Camille,Naafiri,1,0,0.0
Camille,Nami,4,1,0.25
Camille,Nautilus,7,4,0.5714285714285714
Camille,Neeko,2,2,1.0
Camille,Nidalee,3,2,0.6666666666666666
Camille,Nilah,2,0,0.0
Camille,Nocturne,3,3,1.0
Camille,Nunu,3,1,0.3333333333333333
Camille,Olaf,1,0,0.0
Camille,Orianna,5,2,0.4
Camille,Ornn,1,0,0.0
Camille,Pantheon,6,4,0.6666666666666666
Camille,Poppy,3,2,0.6666666666666666
Camille,Pyke,1,0,0.0
Camille,Qiyana,6,3,0.5
Camille,Rakan,1,1,1.0
Camille,Rell,2,0,0.0
Camille,Renata,1,1,1.0
Camille,Renekton,3,0,0.0
Camille,Riven,1,1,1.0
Camille,Rumble,1,1,1.0
Camille,Ryze,9,3,0.3333333333333333
Camille,Samira,1,1,1.0
Camille,Sejuani,1,0,0.0
Camille,Senna,3,0,0.0
Camille,Seraphine,1,0,0.0
Camille,Singed,1,0,0.0
Camille,Sion,2,0,0.0
Camille,Sivir,1,1,1.0
Camille,Smolder,1,1,1.0
Camille,Sona,4,2,0.5
Camille,Sylas,6,4,0.6666666666666666
Camille,Syndra,3,1,0.3333333333333333
Camille,TahmKench,1,1,1.0
Camille,Taliyah,5,2,0.4
Camille,Talon,2,1,0.5
Camille,Teemo,1,0,0.0
Camille,Thresh,2,0,0.0
Camille,Tristana,2,0,0.0
Camille,TwistedFate,5,4,0.8
Camille,Twitch,1,0,0.0
Camille,Varus,5,3,0.6
Camille,Vayne,1,0,0.0
Camille,Vex,1,1,1.0
Camille,Vi,6,2,0.3333333333333333
Camille,Viego,3,1,0.3333333333333333
Camille,Viktor,2,1,0.5
Camille,Vladimir,3,1,0.3333333333333333
Camille,Xayah,2,0,0.0
Camille,Xerath,1,0,0.0
Camille,Yasuo,2,0,0.0
Camille,Yone,3,1,0.3333333333333333
Camille,Yunara,7,2,0.2857142857142857
Camille,Yuumi,1,0,0.0
Camille,Zaahen,2,0,0.0
Camille,Zac,1,0,0.0
Camille,Ziggs,2,0,0.0
Camille,Zilean,3,3,1.0
Camille,Zoe,2,0,0.0
Camille,Zyra,3,1,0.3333333333333333
Cassiopeia,Chogath,1,0,0.0
Cassiopeia,Corki,4,3,0.75
Cassiopeia,Darius,2,0,0.0
Cassiopeia,Diana,1,0,0.0
Cassiopeia,DrMundo,1,0,0.0
Cassiopeia,Draven,1,1,1.0
Cassiopeia,Ekko,2,2,1.0
Cassiopeia,Elise,2,2,1.0
Cassiopeia,Evelynn,1,1,1.0
Cassiopeia,Ezreal,18,7,0.3888888888888889
Cassiopeia,FiddleSticks,2,2,1.0
Cassiopeia,Fiora,3,2,0.6666666666666666
Cassiopeia,Fizz,2,1,0.5
Cassiopeia,Galio,1,1,1.0
Cassiopeia,Garen,2,1,0.5
Cassiopeia,Gnar,7,4,0.5714285714285714
Cassiopeia,Graves,6,1,0.16666666666666666
Cassiopeia,Hecarim,2,0,0.0
Cassiopeia,Illaoi,1,1,1.0
Cassiopeia,Irelia,4,2,0.5
Cassiopeia,Ivern,1,0,0.0
Cassiopeia,Janna,1,0,0.0
Cassiopeia,JarvanIV,7,2,0.2857142857142857
Cassiopeia,Jax,3,2,0.6666666666666666
Cassiopeia,Jayce,14,5,0.35714285714285715
Cassiopeia,Jhin,5,3,0.6
Cassiopeia,Jinx,2,1,0.5
Cassiopeia,KSante,1,1,1.0
Cassiopeia,Kaisa,3,3,1.0
Cassiopeia,Kalista,2,1,0.5
Cassiopeia,Karma,9,4,0.4444444444444444
Cassiopeia,Karthus,3,1,0.3333333333333333
Cassiopeia,Kassadin,1,0,0.0
Cassiopeia,Katarina,2,1,0.5
Cassiopeia,Kayle,1,1,1.0
Cassiopeia,Khazix,3,1,0.3333333333333333
Cassiopeia,Kindred,3,3,1.0
Cassiopeia,Kled,2,1,0.5
Cassiopeia,KogMaw,1,1,1.0
Cassiopeia,LeeSin,12,8,0.6666666666666666
Cassiopeia,Leona,3,0,0.0
Cassiopeia,Lucian,7,6,0.8571428571428571
Cassiopeia,Lulu,4,1,0.25
Cassiopeia,Lux,1,1,1.0
Cassiopeia,Malphite,1,0,0.0
Cassiopeia,Maokai,1,1,1.0
Cassiopeia,MasterYi,1,0,0.0
Cassiopeia,Mel,2,1,0.5
Cassiopeia,Milio,1,1,1.0
Cassiopeia,Morgana,1,1,1.0
Cassiopeia,Naafiri,6,5,0.8333333333333334
Cassiopeia,Nami,3,1,0.3333333333333333
Cassiopeia,Nautilus,15,12,0.8
Cassiopeia,Neeko,5,2,0.4
Cassiopeia,Nidalee,3,1,0.3333333333333333
Cassiopeia,Nocturne,2,1,0.5
Cassiopeia,Olaf,1,1,1.0
Cassiopeia,Orianna,2,2,1.0
Cassiopeia,Ornn,2,2,1.0
Cassiopeia,Pantheon,13,5,0.38461538461538464
Cassiopeia,Poppy,5,3,0.6
Cassiopeia,Pyke,5,2,0.4
Cassiopeia,Qiyana,2,2,1.0
Cassiopeia,Quinn,1,0,0.0
Cassiopeia,RekSai,1,0,0.0
Cassiopeia,Rell,6,5,0.8333333333333334
Cassiopeia,Renata,1,0,0.0
Cassiopeia,Renekton,5,2,0.4
Cassiopeia,Rengar,4,4,1.0
Cassiopeia,Rumble,1,1,1.0
Cassiopeia,Ryze,7,2,0.2857142857142857
Cassiopeia,Sejuani,2,0,0.0
Cassiopeia,Senna,4,1,0.25
Cassiopeia,Seraphine,7,1,0.14285714285714285
Cassiopeia,Shaco,2,1,0.5
Cassiopeia,Shyvana,1,0,0.0
Cassiopeia,Singed,3,2,0.6666666666666666
Cassiopeia,Sion,5,4,0.8
Cassiopeia,Sivir,5,1,0.2
Cassiopeia,Skarner,1,1,1.0
Cassiopeia,Sona,8,8,1.0
Cassiopeia,Soraka,1,0,0.0
Cassiopeia,Sylas,6,1,0.16666666666666666
Cassiopeia,Taliyah,1,0,0.0
Cassiopeia,Talon,7,3,0.42857142857142855
Cassiopeia,Taric,2,1,0.5
Cassiopeia,Teemo,3,1,0.3333333333333333
Cassiopeia,Thresh,3,1,0.3333333333333333
Cassiopeia,Tristana,2,1,0.5
Cassiopeia,TwistedFate,3,2,0.6666666666666666
Cassiopeia,Udyr,1,0,0.0
Cassiopeia,Urgot,1,0,0.0
Cassiopeia,Varus,6,3,0.5
Cassiopeia,Vayne,8,5,0.625
Cassiopeia,Veigar,2,0,0.0
Cassiopeia,Vex,1,1,1.0
Cassiopeia,Vi,5,2,0.4
Cassiopeia,Viktor,1,0,0.0
Cassiopeia,Xayah,2,1,0.5
Cassiopeia,Xerath,2,2,1.0
Cassiopeia,XinZhao,8,5,0.625
Cassiopeia,Yasuo,2,1,0.5
Cassiopeia,Yone,2,2,1.0
Cassiopeia,Yorick,3,2,0.6666666666666666
Cassiopeia,Yunara,1,0,0.0
Cassiopeia,Zaahen,3,2,0.6666666666666666
Cassiopeia,Zed,2,1,0.5
Cassiopeia,Zeri,1,1,1.0
Cassiopeia,Ziggs,1,1,1.0
Cassiopeia,Zilean,1,0,0.0
Cassiopeia,Zoe,1,0,0.0
Chogath,Corki,2,2,1.0
Chogath,Diana,2,2,1.0
Chogath,Draven,1,1,1.0
Chogath,Ekko,1,0,0.0
Chogath,Ezreal,4,3,0.75
Chogath,Galio,2,0,0.0
Chogath,Gnar,2,1,0.5
Chogath,Graves,2,0,0.0
Chogath,Gwen,1,0,0.0
Chogath,Hecarim,1,1,1.0
Chogath,Hwei,2,0,0.0
Chogath,Irelia,1,0,0.0
Chogath,Janna,1,1,1.0
Chogath,JarvanIV,2,1,0.5
Chogath,Jayce,4,2,0.5
Chogath,Jinx,1,1,1.0
Chogath,KSante,2,0,0.0
Chogath,Kaisa,1,0,0.0
Chogath,Karma,1,1,1.0
Chogath,Karthus,2,1,0.5
Chogath,Katarina,2,1,0.5
Chogath,Kayn,1,0,0.0
Chogath,Kennen,1,0,0.0
Chogath,Khazix,1,0,0.0
Chogath,Kindred,1,0,0.0
Chogath,Leblanc,2,1,0.5
Chogath,LeeSin,3,1,0.3333333333333333
Chogath,Lucian,1,1,1.0
Chogath,Lulu,1,0,0.0
Chogath,Maokai,1,1,1.0
Chogath,Mel,2,0,0.0
Chogath,MissFortune,1,0,0.0
Chogath,Morgana,1,1,1.0
Chogath,Nami,1,1,1.0
Chogath,Nautilus,1,0,0.0
Chogath,Neeko,2,2,1.0
Chogath,Nocturne,2,1,0.5
Chogath,Orianna,1,1,1.0
Chogath,Pantheon,2,1,0.5
Chogath,Poppy,1,0,0.0
Chogath,Pyke,2,1,0.5
Chogath,Qiyana,2,1,0.5
Chogath,Renekton,1,1,1.0
Chogath,Riven,1,0,0.0
Chogath,Ryze,1,0,0.0
Chogath,Senna,2,0,0.0
Chogath,Sion,1,0,0.0
Chogath,Sona,2,1,0.5
Chogath,Sylas,2,1,0.5
Chogath,Talon,1,0,0.0
Chogath,Thresh,1,0,0.0
Chogath,Tristana,1,0,0.0
Chogath,Twitch,1,0,0.0
Chogath,Udyr,1,1,1.0
Chogath,Urgot,1,0,0.0
Chogath,Varus,3,1,0.3333333333333333
Chogath,Vi,2,1,0.5
Chogath,Viktor,2,2,1.0
Chogath,Yasuo,3,1,0.3333333333333333
Chogath,Yone,1,0,0.0
Chogath,Yorick,2,1,0.5
Chogath,Yuumi,2,1,0.5
Corki,Darius,4,2,0.5
Corki,Diana,1,0,0.0
Corki,DrMundo,3,3,1.0
Corki,Draven,2,1,0.5
Corki,Ekko,14,7,0.5
Corki,Elise,6,2,0.3333333333333333
Corki,Evelynn,3,1,0.3333333333333333
Corki,Ezreal,6,2,0.3333333333333333
Corki,FiddleSticks,8,2,0.25
Corki,Fiora,7,7,1.0
Corki,Fizz,1,1,1.0
Corki,Galio,5,1,0.2
Corki,Gangplank,3,2,0.6666666666666666
Corki,Garen,4,1,0.25
Corki,Gnar,13,7,0.5384615384615384
Corki,Gragas,2,1,0.5
Corki,Graves,10,6,0.6
Corki,Gwen,5,3,0.6
Corki,Hecarim,5,3,0.6
Corki,Heimerdinger,1,1,1.0
Corki,Hwei,11,4,0.36363636363636365
Corki,Illaoi,1,0,0.0
Corki,Irelia,3,0,0.0
Corki,Ivern,1,0,0.0
Corki,Janna,5,3,0.6
Corki,JarvanIV,17,8,0.47058823529411764
Corki,Jax,9,4,0.4444444444444444
Corki,Jayce,22,9,0.4090909090909091
Corki,Jhin,2,0,0.0
Corki,KSante,7,4,0.5714285714285714
Corki,Kaisa,2,0,0.0
Corki,Karma,15,10,0.6666666666666666
Corki,Karthus,4,2,0.5
Corki,Kassadin,2,2,1.0
Corki,Katarina,4,1,0.25
Corki,Kayle,2,2,1.0
Corki,Kayn,4,1,0.25
Corki,Kennen,2,0,0.0
Corki,Khazix,2,1,0.5
Corki,Kindred,1,1,1.0
Corki,Kled,4,2,0.5
Corki,KogMaw,1,0,0.0
Corki,Leblanc,17,8,0.47058823529411764
Corki,LeeSin,14,7,0.5
Corki,Leona,4,2,0.5
Corki,Lillia,5,2,0.4
Corki,Lissandra,8,1,0.125
Corki,Lucian,2,1,0.5
Corki,Lulu,2,0,0.0
Corki,Lux,6,2,0.3333333333333333
Corki,Malphite,5,4,0.8
Corki,Malzahar,1,1,1.0
Corki,Maokai,2,0,0.0
Corki,MasterYi,4,1,0.25
Corki,Mel,8,6,0.75
Corki,Milio,2,1,0.5
Corki,MonkeyKing,9,2,0.2222222222222222
Corki,Morgana,2,2,1.0
Corki,Naafiri,15,5,0.3333333333333333
Corki,Nami,73,37,0.5068493150684932
Corki,Nasus,1,1,1.0
Corki,Nautilus,22,14,0.6363636363636364
Corki,Neeko,12,8,0.6666666666666666
Corki,Nidalee,11,5,0.45454545454545453
Corki,Nocturne,8,5,0.625
Corki,Nunu,4,3,0.75
Corki,Olaf,3,2,0.6666666666666666
Corki,Orianna,9,6,0.6666666666666666
Corki,Ornn,5,2,0.4
Corki,Pantheon,16,7,0.4375
Corki,Poppy,8,5,0.625
Corki,Pyke,8,2,0.25
Corki,Qiyana,7,5,0.7142857142857143
Corki,Quinn,7,2,0.2857142857142857
Corki,Rakan,4,1,0.25
Corki,RekSai,7,5,0.7142857142857143
Corki,Rell,8,3,0.375
Corki,Renekton,10,8,0.8
Corki,Rengar,6,4,0.6666666666666666
Corki,Riven,4,3,0.75
Corki,Rumble,11,5,0.45454545454545453
Corki,Ryze,15,4,0.26666666666666666
Corki,Sejuani,1,0,0.0
Corki,Senna,5,1,0.2
Corki,Seraphine,3,1,0.3333333333333333
Corki,Sett,1,1,1.0
Corki,Shaco,3,1,0.3333333333333333
Corki,Shen,8,5,0.625
Corki,Shyvana,1,0,0.0
Corki,Singed,7,5,0.7142857142857143
Corki,Sion,15,7,0.4666666666666667
Corki,Sivir,1,1,1.0
Corki,Skarner,6,2,0.3333333333333333
Corki,Sona,10,4,0.4
Corki,Soraka,2,1,0.5
Corki,Swain,3,1,0.3333333333333333
Corki,Sylas,10,6,0.6
Corki,Syndra,4,3,0.75
Corki,Taliyah,6,2,0.3333333333333333
Corki,Talon,6,3,0.5
Corki,Taric,1,1,1.0
Corki,Teemo,1,1,1.0
Corki,Thresh,4,2,0.5
Corki,Tristana,4,1,0.25
Corki,TwistedFate,11,5,0.45454545454545453
Corki,Udyr,3,2,0.6666666666666666
Corki,Urgot,1,0,0.0
Corki,Varus,8,3,0.375
Corki,Vayne,12,4,0.3333333333333333
Corki,Veigar,3,3,1.0
Corki,Velkoz,1,1,1.0
Corki,Vex,4,4,1.0
Corki,Vi,12,8,0.6666666666666666
Corki,Viego,11,4,0.36363636363636365
Corki,Viktor,3,2,0.6666666666666666
Corki,Vladimir,1,0,0.0
Corki,Volibear,1,1,1.0
Corki,Warwick,2,2,1.0
Corki,Xerath,3,2,0.6666666666666666
Corki,XinZhao,8,3,0.375
Corki,Yasuo,6,4,0.6666666666666666
Corki,Yone,6,2,0.3333333333333333
Corki,Yorick,5,2,0.4
Corki,Yunara,2,1,0.5
Corki,Yuumi,1,1,1.0
Corki,Zaahen,8,4,0.5
Corki,Zac,3,1,0.3333333333333333
Corki,Zed,3,1,0.3333333333333333
Corki,Zilean,3,1,0.3333333333333333
Corki,Zoe,6,3,0.5
Corki,Zyra,7,2,0.2857142857142857
Darius,Diana,1,1,1.0
Darius,DrMundo,2,1,0.5
Darius,Draven,1,0,0.0
Darius,Ekko,2,2,1.0
Darius,Elise,4,2,0.5
Darius,Evelynn,1,0,0.0
Darius,Ezreal,11,6,0.5454545454545454
Darius,FiddleSticks,1,0,0.0
Darius,Galio,2,1,0.5
Darius,Gangplank,2,0,0.0
Darius,Gnar,2,1,0.5
Darius,Graves,5,1,0.2
Darius,Gwen,2,1,0.5
Darius,Hwei,3,2,0.6666666666666666
Darius,Irelia,2,0,0.0
Darius,JarvanIV,2,1,0.5
Darius,Jayce,2,1,0.5
Darius,Jhin,5,3,0.6
Darius,Jinx,2,1,0.5
Darius,Kaisa,4,2,0.5
Darius,Karma,7,5,0.7142857142857143
Darius,Karthus,6,3,0.5
Darius,Kassadin,1,0,0.0
Darius,Katarina,2,0,0.0
Darius,Kayn,2,2,1.0
Darius,Kindred,1,1,1.0
Darius,KogMaw,2,1,0.5
Darius,Leblanc,3,2,0.6666666666666666
Darius,LeeSin,3,0,0.0
Darius,Leona,2,1,0.5
Darius,Lillia,1,1,1.0
Darius,Lucian,3,2,0.6666666666666666
Darius,Lulu,4,2,0.5
Darius,Maokai,1,1,1.0
Darius,MasterYi,1,1,1.0
Darius,Mel,3,1,0.3333333333333333
Darius,Naafiri,2,0,0.0
Darius,Nami,5,3,0.6
Darius,Nautilus,1,0,0.0
Darius,Neeko,2,2,1.0
Darius,Nidalee,2,0,0.0
Darius,Nilah,1,0,0.0
Darius,Nocturne,9,7,0.7777777777777778
Darius,Orianna,7,4,0.5714285714285714
Darius,Pantheon,3,2,0.6666666666666666
Darius,Pyke,4,3,0.75
Darius,Qiyana,2,2,1.0
Darius,Quinn,1,0,0.0
Darius,RekSai,1,1,1.0
Darius,Rell,2,0,0.0
Darius,Rengar,1,0,0.0
Darius,Rumble,2,0,0.0
Darius,Ryze,4,2,0.5
Darius,Senna,3,2,0.6666666666666666
Darius,Seraphine,4,2,0.5
Darius,Shen,2,0,0.0
Darius,Shyvana,1,1,1.0
Darius,Singed,1,0,0.0
Darius,Sivir,2,1,0.5
Darius,Skarner,2,1,0.5
Darius,Smolder,1,0,0.0
Darius,Sona,6,3,0.5
Darius,Soraka,1,0,0.0
Darius,Swain,1,0,0.0
Darius,Sylas,1,0,0.0
Darius,Syndra,3,3,1.0
Darius,TahmKench,1,0,0.0
Darius,Taliyah,3,1,0.3333333333333333
Darius,Teemo,1,1,1.0
Darius,Thresh,2,1,0.5
Darius,Tristana,1,1,1.0
Darius,TwistedFate,2,2,1.0
Darius,Udyr,2,1,0.5
Darius,Varus,3,2,0.6666666666666666
Darius,Vi,1,1,1.0
Darius,Viego,4,3,0.75
Darius,Viktor,1,0,0.0
Darius,Vladimir,2,2,1.0
Darius,Xayah,1,0,0.0
Darius,Xerath,3,0,0.0
Darius,XinZhao,2,0,0.0
Darius,Yasuo,2,2,1.0
Darius,Yone,2,2,1.0
Darius,Yunara,2,1,0.5
Darius,Zaahen,2,0,0.0
Darius,Zed,3,2,0.6666666666666666
Darius,Ziggs,2,0,0.0
Darius,Zilean,3,3,1.0
Darius,Zoe,3,1,0.3333333333333333
Darius,Zyra,1,0,0.0
Diana,DrMundo,1,0,0.0
Diana,Draven,2,1,0.5
Diana,Ekko,2,1,0.5
Diana,Elise,1,0,0.0
Diana,Ezreal,6,4,0.6666666666666666
Diana,FiddleSticks,1,1,1.0
Diana,Fiora,1,1,1.0
Diana,Fizz,1,0,0.0
Diana,Garen,2,1,0.5
Diana,Gnar,3,2,0.6666666666666666
Diana,Graves,1,1,1.0
Diana,Irelia,2,2,1.0
Diana,Ivern,1,0,0.0
Diana,JarvanIV,1,0,0.0
Diana,Jax,2,0,0.0
Diana,Jayce,9,4,0.4444444444444444
Diana,Jhin,9,3,0.3333333333333333
Diana,Kaisa,7,3,0.42857142857142855
Diana,Kalista,2,0,0.0
Diana,Karma,5,4,0.8
Diana,Karthus,2,1,0.5
Diana,Kennen,1,0,0.0
Diana,LeeSin,2,2,1.0
Diana,Leona,1,1,1.0
Diana,Lissandra,1,1,1.0
Diana,Lucian,4,1,0.25
Diana,Lulu,3,3,1.0
Diana,Malphite,1,0,0.0
Diana,Malzahar,1,1,1.0
Diana,MasterYi,1,0,0.0
Diana,Mel,2,1,0.5
Diana,MissFortune,1,1,1.0
Diana,MonkeyKing,1,1,1.0
Diana,Mordekaiser,1,0,0.0
Diana,Naafiri,2,1,0.5
Diana,Nami,5,2,0.4
Diana,Nasus,1,1,1.0
Diana,Nautilus,7,3,0.42857142857142855
Diana,Neeko,4,1,0.25
Diana,Nidalee,1,0,0.0
Diana,Nocturne,1,0,0.0
Diana,Nunu,1,1,1.0
Diana,Orianna,1,1,1.0
Diana,Pantheon,5,0,0.0
Diana,Poppy,1,1,1.0
Diana,Pyke,5,1,0.2
Diana,Qiyana,3,2,0.6666666666666666
Diana,Rakan,4,2,0.5
Diana,Renekton,2,1,0.5
Diana,Rengar,1,0,0.0
Diana,Riven,1,0,0.0
Diana,Rumble,2,0,0.0
Diana,Senna,3,2,0.6666666666666666
Diana,Seraphine,1,0,0.0
Diana,Shen,2,0,0.0
Diana,Singed,1,1,1.0
Diana,Sion,3,0,0.0
Diana,Sivir,1,0,0.0
Diana,Skarner,1,1,1.0
Diana,Sona,2,1,0.5
Diana,Soraka,2,2,1.0
Diana,Sylas,1,1,1.0
Diana,Talon,1,1,1.0
Diana,Taric,1,0,0.0
Diana,Thresh,2,0,0.0
Diana,Tristana,1,0,0.0
Diana,Trundle,1,1,1.0
Diana,TwistedFate,2,2,1.0
Diana,Twitch,1,1,1.0
Diana,Udyr,1,0,0.0
Diana,Varus,4,0,0.0
Diana,Vayne,7,5,0.7142857142857143
Diana,Viego,2,1,0.5
Diana,Viktor,1,1,1.0
Diana,Vladimir,1,1,1.0
Diana,Xerath,2,1,0.5
Diana,XinZhao,2,1,0.5
Diana,Yasuo,9,8,0.8888888888888888
Diana,Yone,3,1,0.3333333333333333
Diana,Yorick,3,2,0.6666666666666666
Diana,Yunara,3,2,0.6666666666666666
Diana,Yuumi,1,0,0.0
Diana,Zac,1,1,1.0
Diana,Zeri,1,0,0.0
Diana,Zyra,1,0,0.0
DrMundo,Draven,1,1,1.0
DrMundo,Ekko,2,1,0.5
DrMundo,Elise,2,2,1.0
DrMundo,Evelynn,1,0,0.0
DrMundo,Ezreal,23,13,0.5652173913043478
DrMundo,Fiora,1,0,0.0
DrMundo,Galio,1,1,1.0
DrMundo,Garen,1,1,1.0
DrMundo,Gnar,3,1,0.3333333333333333
DrMundo,Gragas,2,0,0.0
DrMundo,Hecarim,1,1,1.0
DrMundo,Hwei,6,2,0.3333333333333333
DrMundo,Irelia,2,2,1.0
DrMundo,Janna,2,1,0.5
DrMundo,JarvanIV,1,0,0.0
DrMundo,Jax,1,0,0.0
DrMundo,Jayce,8,5,0.625
DrMundo,Jhin,6,4,0.6666666666666666
DrMundo,Jinx,1,0,0.0
DrMundo,KSante,3,1,0.3333333333333333
DrMundo,Kaisa,3,0,0.0
DrMundo,Kalista,2,1,0.5
DrMundo,Karma,17,11,0.6470588235294118
DrMundo,Karthus,1,0,0.0
DrMundo,Kassadin,2,2,1.0
DrMundo,Katarina,4,3,0.75
DrMundo,Kayle,1,1,1.0
DrMundo,Kayn,3,2,0.6666666666666666
DrMundo,Kennen,1,1,1.0
DrMundo,Kindred,1,1,1.0
DrMundo,Kled,2,0,0.0
DrMundo,KogMaw,1,1,1.0
DrMundo,Leblanc,2,2,1.0
DrMundo,LeeSin,2,1,0.5
DrMundo,Leona,3,0,0.0
DrMundo,Lucian,7,3,0.42857142857142855
DrMundo,Lulu,5,2,0.4
DrMundo,Malphite,1,1,1.0
DrMundo,Malzahar,1,1,1.0
DrMundo,Maokai,1,1,1.0
DrMundo,Mel,7,2,0.2857142857142857
DrMundo,MissFortune,1,0,0.0
DrMundo,MonkeyKing,3,3,1.0
DrMundo,Morgana,1,0,0.0
DrMundo,Naafiri,4,2,0.5
DrMundo,Nami,5,2,0.4
DrMundo,Nasus,1,1,1.0
DrMundo,Nautilus,5,1,0.2
DrMundo,Neeko,2,1,0.5
DrMundo,Olaf,2,1,0.5
DrMundo,Orianna,3,3,1.0
DrMundo,Pantheon,1,0,0.0
DrMundo,Pyke,3,1,0.3333333333333333
DrMundo,Qiyana,3,2,0.6666666666666666
DrMundo,Quinn,4,2,0.5
DrMundo,Rakan,1,0,0.0
DrMundo,Rell,2,1,0.5
DrMundo,Renata,1,1,1.0
DrMundo,Renekton,1,0,0.0
DrMundo,Rengar,1,1,1.0
DrMundo,Riven,3,0,0.0
DrMundo,Rumble,2,0,0.0
DrMundo,Ryze,6,3,0.5
DrMundo,Sejuani,1,1,1.0
DrMundo,Senna,3,2,0.6666666666666666
DrMundo,Seraphine,4,2,0.5
DrMundo,Singed,1,0,0.0
DrMundo,Sion,3,1,0.3333333333333333
DrMundo,Sivir,4,2,0.5
DrMundo,Smolder,1,0,0.0
DrMundo,Sona,5,1,0.2
DrMundo,Swain,3,1,0.3333333333333333
DrMundo,Sylas,4,2,0.5
DrMundo,Syndra,2,2,1.0
DrMundo,TahmKench,1,1,1.0
DrMundo,Taliyah,3,2,0.6666666666666666
DrMundo,Talon,3,2,0.6666666666666666
DrMundo,Taric,1,1,1.0
DrMundo,Thresh,5,2,0.4
DrMundo,Tristana,2,1,0.5
DrMundo,TwistedFate,3,1,0.3333333333333333
DrMundo,Twitch,2,1,0.5
DrMundo,Udyr,1,0,0.0
DrMundo,Varus,10,5,0.5
DrMundo,Vayne,1,1,1.0
DrMundo,Veigar,1,0,0.0
DrMundo,Vex,1,0,0.0
DrMundo,Vi,1,0,0.0
DrMundo,Viego,2,0,0.0
DrMundo,Vladimir,1,0,0.0
DrMundo,Xayah,1,1,1.0
DrMundo,Xerath,2,0,0.0
DrMundo,XinZhao,2,1,0.5
DrMundo,Yasuo,7,2,0.2857142857142857
DrMundo,Yone,4,3,0.75
DrMundo,Yorick,1,0,0.0
DrMundo,Yunara,8,5,0.625
DrMundo,Zac,1,1,1.0
DrMundo,Zed,1,0,0.0
DrMundo,Zeri,2,0,0.0
DrMundo,Ziggs,1,0,0.0
DrMundo,Zilean,1,0,0.0
DrMundo,Zoe,3,3,1.0
Draven,Ekko,5,2,0.4
Draven,Elise,2,2,1.0
Draven,Ezreal,2,2,1.0
Draven,Fiora,2,1,0.5
Draven,Galio,1,1,1.0
Draven,Gangplank,1,1,1.0
Draven,Garen,3,1,0.3333333333333333
Draven,Gnar,3,0,0.0
Draven,Gragas,1,1,1.0
Draven,Graves,3,1,0.3333333333333333
Draven,Gwen,1,0,0.0
Draven,Hecarim,2,1,0.5
Draven,Hwei,2,1,0.5
Draven,Irelia,2,1,0.5
Draven,Ivern,1,1,1.0
Draven,Janna,2,0,0.0
Draven,JarvanIV,5,2,0.4
Draven,Jax,3,2,0.6666666666666666
Draven,Jayce,6,4,0.6666666666666666
Draven,KSante,1,0,0.0
Draven,Karma,2,2,1.0
Draven,Karthus,1,1,1.0
Draven,Kassadin,1,1,1.0
Draven,Katarina,4,1,0.25
Draven,Kayn,2,0,0.0
Draven,Kennen,1,1,1.0
Draven,Kindred,1,1,1.0
Draven,Leblanc,2,0,0.0
Draven,LeeSin,7,2,0.2857142857142857
Draven,Leona,3,1,0.3333333333333333
Draven,Lillia,3,1,0.3333333333333333
Draven,Lissandra,2,0,0.0
Draven,Lucian,1,0,0.0
Draven,Lulu,2,1,0.5
Draven,Malphite,1,1,1.0
Draven,Mel,3,2,0.6666666666666666
Draven,Milio,2,1,0.5
Draven,Mordekaiser,2,1,0.5
Draven,Morgana,1,0,0.0
Draven,Naafiri,2,0,0.0
Draven,Nami,6,2,0.3333333333333333
Draven,Nasus,3,2,0.6666666666666666
Draven,Nautilus,8,4,0.5
Draven,Neeko,5,2,0.4
Draven,Nidalee,3,0,0.0
Draven,Nocturne,2,0,0.0
Draven,Nunu,4,4,1.0
Draven,Olaf,2,0,0.0
Draven,Orianna,2,1,0.5
Draven,Ornn,1,1,1.0
Draven,Pantheon,7,1,0.14285714285714285
Draven,Poppy,1,1,1.0
Draven,Pyke,8,4,0.5
Draven,Qiyana,5,1,0.2
Draven,Quinn,1,1,1.0
Draven,Rell,4,2,0.5
Draven,Renata,1,1,1.0
Draven,Renekton,3,1,0.3333333333333333
Draven,Rengar,2,1,0.5
Draven,Riven,1,1,1.0
Draven,Rumble,4,1,0.25
Draven,Ryze,6,1,0.16666666666666666
Draven,Senna,3,2,0.6666666666666666
Draven,Seraphine,2,1,0.5
Draven,Sett,1,1,1.0
Draven,Shen,4,2,0.5
Draven,Shyvana,1,1,1.0
Draven,Singed,1,0,0.0
Draven,Sion,4,3,0.75
Draven,Skarner,1,0,0.0
Draven,Soraka,1,0,0.0
Draven,Sylas,6,3,0.5
Draven,Syndra,2,1,0.5
Draven,Taliyah,2,1,0.5
Draven,Talon,2,2,1.0
Draven,Taric,1,1,1.0
Draven,Thresh,5,1,0.2
Draven,Tristana,1,1,1.0
Draven,TwistedFate,3,3,1.0
Draven,Urgot,2,2,1.0
Draven,Varus,4,1,0.25
Draven,Vayne,1,1,1.0
Draven,Veigar,2,2,1.0
Draven,Vi,4,2,0.5
Draven,Viego,1,1,1.0
Draven,Viktor,3,1,0.3333333333333333
Draven,Vladimir,2,1,0.5
Draven,Volibear,1,1,1.0
Draven,Xerath,1,1,1.0
Draven,XinZhao,2,2,1.0
Draven,Yasuo,5,3,0.6
Draven,Yone,4,1,0.25
Draven,Yorick,1,1,1.0
Draven,Yuumi,1,1,1.0
Draven,Zaahen,1,0,0.0
Draven,Zac,1,0,0.0
Draven,Zed,1,1,1.0
Draven,Zilean,3,1,0.3333333333333333
Draven,Zoe,2,1,0.5
Draven,Zyra,2,1,0.5
Ekko,Ezreal,34,20,0.5882352941176471
Ekko,FiddleSticks,1,0,0.0
Ekko,Fiora,1,0,0.0
Ekko,Galio,3,1,0.3333333333333333
Ekko,Gangplank,3,1,0.3333333333333333
Ekko,Garen,6,3,0.5
Ekko,Gnar,8,1,0.125
Ekko,Gragas,1,0,0.0
Ekko,Graves,5,5,1.0
Ekko,Hecarim,5,2,0.4
Ekko,Heimerdinger,2,0,0.0
Ekko,Hwei,4,0,0.0
Ekko,Illaoi,1,1,1.0
Ekko,Irelia,4,4,1.0
Ekko,Ivern,2,1,0.5
Ekko,Janna,6,2,0.3333333333333333
Ekko,JarvanIV,9,1,0.1111111111111111
Ekko,Jax,10,5,0.5
Ekko,Jayce,16,9,0.5625
Ekko,Jhin,20,12,0.6
Ekko,Jinx,3,1,0.3333333333333333
Ekko,KSante,6,5,0.8333333333333334
Ekko,Kaisa,9,4,0.4444444444444444
Ekko,Kalista,3,3,1.0
Ekko,Karma,23,11,0.4782608695652174
Ekko,Karthus,2,1,0.5
Ekko,Katarina,1,0,0.0
Ekko,Kayle,1,1,1.0
Ekko,Kayn,2,2,1.0
Ekko,Khazix,1,1,1.0
Ekko,Kled,2,1,0.5
Ekko,Leblanc,4,2,0.5
Ekko,LeeSin,9,6,0.6666666666666666
Ekko,Leona,4,2,0.5
Ekko,Lillia,2,0,0.0
Ekko,Lissandra,3,2,0.6666666666666666
Ekko,Lucian,10,7,0.7
Ekko,Lulu,5,2,0.4
Ekko,Lux,4,2,0.5
Ekko,Malphite,5,3,0.6
Ekko,Malzahar,1,1,1.0
Ekko,Maokai,1,1,1.0
Ekko,MasterYi,2,1,0.5
Ekko,Mel,6,1,0.16666666666666666
Ekko,Milio,1,0,0.0
Ekko,MonkeyKing,1,1,1.0
Ekko,Naafiri,11,7,0.6363636363636364
Ekko,Nami,19,13,0.6842105263157895
Ekko,Nasus,3,2,0.6666666666666666
Ekko,Nautilus,19,9,0.47368421052631576
Ekko,Neeko,9,5,0.5555555555555556
Ekko,Nidalee,1,0,0.0
Ekko,Nocturne,6,2,0.3333333333333333
Ekko,Nunu,1,0,0.0
Ekko,Olaf,2,0,0.0
Ekko,Orianna,2,1,0.5
Ekko,Ornn,3,1,0.3333333333333333
Ekko,Pantheon,12,8,0.6666666666666666
Ekko,Poppy,2,2,1.0
Ekko,Pyke,2,0,0.0
Ekko,Qiyana,10,3,0.3
Ekko,Quinn,2,1,0.5
Ekko,Rakan,3,2,0.6666666666666666
Ekko,RekSai,2,2,1.0
Ekko,Rell,4,2,0.5
Ekko,Renata,1,1,1.0
Ekko,Renekton,4,3,0.75
Ekko,Rengar,1,1,1.0
Ekko,Riven,3,1,0.3333333333333333
Ekko,Rumble,4,1,0.25
Ekko,Ryze,4,3,0.75
Ekko,Sejuani,1,1,1.0
Ekko,Senna,7,5,0.7142857142857143
Ekko,Seraphine,2,1,0.5
Ekko,Sett,3,3,1.0
Ekko,Shaco,1,1,1.0
Ekko,Shen,8,4,0.5
Ekko,Sion,12,8,0.6666666666666666
Ekko,Sivir,4,1,0.25
Ekko,Skarner,1,0,0.0
Ekko,Smolder,3,2,0.6666666666666666
Ekko,Sona,5,1,0.2
Ekko,Soraka,5,2,0.4
Ekko,Swain,3,1,0.3333333333333333
Ekko,Sylas,4,4,1.0
Ekko,Syndra,1,1,1.0
Ekko,Taliyah,2,2,1.0
Ekko,Talon,3,1,0.3333333333333333
Ekko,Teemo,1,1,1.0
Ekko,Tristana,1,0,0.0
Ekko,Trundle,2,2,1.0
Ekko,TwistedFate,4,3,0.75
Ekko,Udyr,1,0,0.0
Ekko,Urgot,1,1,1.0
Ekko,Varus,12,4,0.3333333333333333
Ekko,Vayne,14,5,0.35714285714285715
Ekko,Veigar,3,2,0.6666666666666666
Ekko,Velkoz,1,1,1.0
Ekko,Vi,3,1,0.3333333333333333
Ekko,Viego,3,0,0.0
Ekko,Viktor,1,1,1.0
Ekko,Vladimir,1,1,1.0
Ekko,Xayah,2,2,1.0
Ekko,XinZhao,5,2,0.4
Ekko,Yasuo,15,8,0.5333333333333333
Ekko,Yone,9,5,0.5555555555555556
Ekko,Yorick,4,2,0.5
Ekko,Yunara,9,7,0.7777777777777778
Ekko,Yuumi,5,2,0.4
Ekko,Zaahen,7,3,0.42857142857142855
Ekko,Zac,1,0,0.0
Ekko,Zed,6,2,0.3333333333333333
Ekko,Zeri,2,1,0.5
Ekko,Ziggs,1,1,1.0
Ekko,Zilean,5,3,0.6
Ekko,Zoe,2,1,0.5
Ekko,Zyra,1,0,0.0
Elise,Evelynn,2,0,0.0
Elise,Ezreal,16,9,0.5625
Elise,FiddleSticks,4,0,0.0
Elise,Fiora,3,1,0.3333333333333333
Elise,Fizz,1,0,0.0
Elise,Galio,1,0,0.0
Elise,Gangplank,1,0,0.0
Elise,Garen,1,0,0.0
Elise,Gnar,2,1,0.5
Elise,Graves,7,6,0.8571428571428571
Elise,Gwen,1,0,0.0
Elise,Hecarim,1,1,1.0
Elise,Hwei,3,3,1.0
Elise,Irelia,8,5,0.625
Elise,Ivern,1,1,1.0
Elise,Janna,2,0,0.0
Elise,JarvanIV,6,3,0.5
Elise,Jax,3,1,0.3333333333333333
Elise,Jayce,14,8,0.5714285714285714
Elise,Jhin,13,9,0.6923076923076923
Elise,Jinx,2,1,0.5
Elise,KSante,10,4,0.4
Elise,Kaisa,10,5,0.5
Elise,Kalista,2,0,0.0
Elise,Karma,2,0,0.0
Elise,Karthus,3,1,0.3333333333333333
Elise,Katarina,2,2,1.0
Elise,Kayle,2,1,0.5
Elise,Kayn,2,1,0.5
Elise,Kennen,1,1,1.0
Elise,Khazix,2,1,0.5
Elise,Kindred,1,1,1.0
Elise,Kled,1,0,0.0
Elise,KogMaw,1,0,0.0
Elise,Leblanc,1,0,0.0
Elise,LeeSin,4,1,0.25
Elise,Leona,2,1,0.5
Elise,Lillia,2,1,0.5
Elise,Lissandra,1,1,1.0
Elise,Lucian,7,4,0.5714285714285714
Elise,Lulu,1,0,0.0
Elise,Malphite,4,2,0.5
Elise,MasterYi,4,3,0.75
Elise,Mel,5,1,0.2
Elise,Milio,1,1,1.0
Elise,MissFortune,1,1,1.0
Elise,Mordekaiser,1,1,1.0
Elise,Naafiri,9,8,0.8888888888888888
Elise,Nami,3,2,0.6666666666666666
Elise,Nautilus,3,2,0.6666666666666666
Elise,Neeko,3,2,0.6666666666666666
Elise,Nidalee,6,4,0.6666666666666666
Elise,Nunu,1,1,1.0
Elise,Olaf,2,2,1.0
Elise,Orianna,8,4,0.5
Elise,Ornn,3,2,0.6666666666666666
Elise,Pantheon,7,4,0.5714285714285714
Elise,Poppy,2,2,1.0
Elise,Pyke,2,0,0.0
Elise,Qiyana,8,3,0.375
Elise,Quinn,3,2,0.6666666666666666
Elise,Rakan,1,0,0.0
Elise,Rammus,1,0,0.0
Elise,RekSai,2,2,1.0
Elise,Rell,2,0,0.0
Elise,Renekton,4,1,0.25
Elise,Riven,5,2,0.4
Elise,Rumble,1,1,1.0
Elise,Ryze,10,6,0.6
Elise,Samira,1,1,1.0
Elise,Senna,4,2,0.5
Elise,Seraphine,1,1,1.0
Elise,Shen,4,4,1.0
Elise,Singed,2,0,0.0
Elise,Sion,8,5,0.625
Elise,Sivir,2,2,1.0
Elise,Skarner,3,1,0.3333333333333333
Elise,Smolder,2,0,0.0
Elise,Sona,1,0,0.0
Elise,Swain,2,0,0.0
Elise,Sylas,8,4,0.5
Elise,Syndra,1,1,1.0
Elise,TahmKench,2,2,1.0
Elise,Talon,6,4,0.6666666666666666
Elise,Teemo,3,1,0.3333333333333333
Elise,Tristana,2,0,0.0
Elise,Trundle,3,2,0.6666666666666666
Elise,TwistedFate,1,1,1.0
Elise,Twitch,1,1,1.0
Elise,Udyr,1,0,0.0
Elise,Varus,8,1,0.125
Elise,Vayne,7,5,0.7142857142857143
Elise,Veigar,1,1,1.0
Elise,Velkoz,1,1,1.0
Elise,Vex,1,1,1.0
Elise,Vi,5,4,0.8
Elise,Viego,4,3,0.75
Elise,Viktor,2,1,0.5
Elise,Vladimir,2,2,1.0
Elise,Volibear,1,1,1.0
Elise,Xayah,3,1,0.3333333333333333
Elise,Xerath,1,1,1.0
Elise,XinZhao,4,3,0.75
Elise,Yasuo,3,0,0.0
Elise,Yone,9,6,0.6666666666666666
Elise,Yorick,2,1,0.5
Elise,Yunara,8,5,0.625
Elise,Zaahen,2,1,0.5
Elise,Zac,1,1,1.0
Elise,Zed,6,5,0.8333333333333334
Elise,Zeri,1,0,0.0
Elise,Ziggs,3,2,0.6666666666666666
Elise,Zoe,2,1,0.5
Elise,Zyra,1,0,0.0
Evelynn,Ezreal,8,0,0.0
Evelynn,Galio,1,1,1.0
Evelynn,Gangplank,2,1,0.5
Evelynn,Garen,2,2,1.0
Evelynn,Gnar,3,1,0.3333333333333333
Evelynn,Gragas,1,1,1.0
Evelynn,Graves,1,0,0.0
Evelynn,Irelia,2,2,1.0
Evelynn,Jax,2,1,0.5
Evelynn,Jayce,6,1,0.16666666666666666
Evelynn,Jhin,4,0,0.0
Evelynn,Jinx,1,0,0.0
Evelynn,KSante,2,0,0.0
Evelynn,Kaisa,5,2,0.4
Evelynn,Karma,8,1,0.125
Evelynn,Kassadin,1,1,1.0
Evelynn,Kled,1,0,0.0
Evelynn,Leblanc,2,0,0.0
Evelynn,LeeSin,1,0,0.0
Evelynn,Leona,1,0,0.0
Evelynn,Lissandra,2,0,0.0
Evelynn,Lulu,4,1,0.25
Evelynn,Lux,1,1,1.0
Evelynn,Malphite,2,2,1.0
Evelynn,Mel,2,1,0.5
Evelynn,Milio,1,1,1.0
Evelynn,MissFortune,2,2,1.0
Evelynn,Mordekaiser,1,1,1.0
Evelynn,Naafiri,1,1,1.0
Evelynn,Nami,2,0,0.0
Evelynn,Nautilus,2,1,0.5
Evelynn,Nunu,1,0,0.0
Evelynn,Olaf,1,0,0.0
Evelynn,Ornn,3,1,0.3333333333333333
Evelynn,Poppy,1,0,0.0
Evelynn,Pyke,1,0,0.0
Evelynn,Qiyana,2,2,1.0
Evelynn,Quinn,1,0,0.0
Evelynn,Rell,2,1,0.5
Evelynn,Renekton,1,0,0.0
Evelynn,Riven,5,2,0.4
Evelynn,Ryze,1,0,0.0
Evelynn,Samira,1,0,0.0
Evelynn,Senna,2,2,1.0
Evelynn,Seraphine,2,2,1.0
Evelynn,Sett,1,0,0.0
Evelynn,Shen,1,0,0.0
Evelynn,Sion,2,0,0.0
Evelynn,Sivir,2,2,1.0
Evelynn,Sona,1,1,1.0
Evelynn,Soraka,1,1,1.0
Evelynn,Sylas,1,0,0.0
Evelynn,Talon,3,1,0.3333333333333333
Evelynn,TwistedFate,2,0,0.0
Evelynn,Varus,2,0,0.0
Evelynn,Vayne,2,0,0.0
Evelynn,Viego,1,0,0.0
Evelynn,Xerath,1,0,0.0
Evelynn,Yasuo,5,3,0.6
Evelynn,Yone,6,3,0.5
Evelynn,Yunara,2,0,0.0
Evelynn,Zaahen,1,0,0.0
Evelynn,Zed,2,2,1.0
Evelynn,Zoe,1,0,0.0
Ezreal,FiddleSticks,10,4,0.4
Ezreal,Fiora,8,4,0.5
Ezreal,Fizz,8,2,0.25
Ezreal,Galio,29,15,0.5172413793103449
Ezreal,Gangplank,8,2,0.25
Ezreal,Garen,13,5,0.38461538461538464
Ezreal,Gnar,37,16,0.43243243243243246
Ezreal,Gragas,9,3,0.3333333333333333
Ezreal,Graves,43,23,0.5348837209302325
Ezreal,Gwen,9,7,0.7777777777777778
Ezreal,Hecarim,9,6,0.6666666666666666
Ezreal,Heimerdinger,2,2,1.0
Ezreal,Hwei,12,6,0.5
Ezreal,Irelia,26,14,0.5384615384615384
Ezreal,Ivern,6,2,0.3333333333333333
Ezreal,Janna,22,19,0.8636363636363636
Ezreal,JarvanIV,61,27,0.4426229508196721
Ezreal,Jax,25,14,0.56
Ezreal,Jayce,103,52,0.5048543689320388
Ezreal,Jhin,5,2,0.4
Ezreal,KSante,28,12,0.42857142857142855
Ezreal,Kaisa,3,0,0.0
Ezreal,Karma,203,96,0.4729064039408867
Ezreal,Karthus,10,4,0.4
Ezreal,Kassadin,6,3,0.5
Ezreal,Katarina,8,4,0.5
Ezreal,Kayle,7,3,0.42857142857142855
Ezreal,Kayn,8,4,0.5
Ezreal,Kennen,7,4,0.5714285714285714
Ezreal,Khazix,18,7,0.3888888888888889
Ezreal,Kindred,7,5,0.7142857142857143
Ezreal,Kled,3,2,0.6666666666666666
Ezreal,KogMaw,3,1,0.3333333333333333
Ezreal,Leblanc,27,13,0.48148148148148145
Ezreal,LeeSin,79,36,0.45569620253164556
Ezreal,Leona,33,16,0.48484848484848486
Ezreal,Lillia,11,5,0.45454545454545453
Ezreal,Lissandra,22,12,0.5454545454545454
Ezreal,Lucian,6,3,0.5
Ezreal,Lulu,1,1,1.0
Ezreal,Lux,10,4,0.4
Ezreal,Malphite,17,8,0.47058823529411764
Ezreal,Malzahar,9,3,0.3333333333333333
Ezreal,Maokai,3,3,1.0
Ezreal,MasterYi,10,3,0.3
Ezreal,Mel,23,6,0.2608695652173913
Ezreal,Milio,2,1,0.5
Ezreal,MonkeyKing,6,5,0.8333333333333334
Ezreal,Mordekaiser,2,1,0.5
Ezreal,Morgana,4,1,0.25
Ezreal,Naafiri,40,21,0.525
Ezreal,Nami,32,19,0.59375
Ezreal,Nasus,5,1,0.2
Ezreal,Nautilus,29,20,0.6896551724137931
Ezreal,Neeko,41,20,0.4878048780487805
Ezreal,Nidalee,19,11,0.5789473684210527
Ezreal,Nocturne,36,12,0.3333333333333333
Ezreal,Nunu,16,5,0.3125
Ezreal,Olaf,8,2,0.25
Ezreal,Orianna,55,34,0.6181818181818182
Ezreal,Ornn,12,8,0.6666666666666666
Ezreal,Pantheon,62,27,0.43548387096774194
Ezreal,Poppy,17,13,0.7647058823529411
Ezreal,Pyke,32,10,0.3125
Ezreal,Qiyana,29,10,0.3448275862068966
Ezreal,Quinn,10,8,0.8
Ezreal,Rakan,13,5,0.38461538461538464
Ezreal,Rammus,2,1,0.5
Ezreal,RekSai,17,11,0.6470588235294118
Ezreal,Rell,17,5,0.29411764705882354
Ezreal,Renekton,16,10,0.625
Ezreal,Rengar,14,10,0.7142857142857143
Ezreal,Riven,23,8,0.34782608695652173
Ezreal,Rumble,31,19,0.6129032258064516
Ezreal,Ryze,65,27,0.4153846153846154
Ezreal,Sejuani,6,3,0.5
Ezreal,Senna,10,7,0.7
Ezreal,Seraphine,12,9,0.75
Ezreal,Sett,3,2,0.6666666666666666
Ezreal,Shaco,8,5,0.625
Ezreal,Shen,17,7,0.4117647058823529
Ezreal,Shyvana,7,2,0.2857142857142857
Ezreal,Singed,10,2,0.2
Ezreal,Sion,54,31,0.5740740740740741
Ezreal,Skarner,17,8,0.47058823529411764
Ezreal,Smolder,3,2,0.6666666666666666
Ezreal,Sona,25,13,0.52
Ezreal,Soraka,13,5,0.38461538461538464
Ezreal,Swain,6,3,0.5
Ezreal,Sylas,53,35,0.660377358490566
Ezreal,Syndra,21,7,0.3333333333333333
Ezreal,TahmKench,2,2,1.0
Ezreal,Taliyah,23,12,0.5217391304347826
Ezreal,Talon,27,16,0.5925925925925926
Ezreal,Taric,4,1,0.25
Ezreal,Teemo,13,7,0.5384615384615384
Ezreal,Thresh,7,3,0.42857142857142855
Ezreal,Tristana,1,0,0.0
Ezreal,Trundle,2,2,1.0
Ezreal,Tryndamere,4,3,0.75
Ezreal,TwistedFate,18,13,0.7222222222222222
Ezreal,Udyr,12,3,0.25
Ezreal,Urgot,2,0,0.0
Ezreal,Varus,31,10,0.3225806451612903
Ezreal,Vayne,42,16,0.38095238095238093
Ezreal,Veigar,6,2,0.3333333333333333
Ezreal,Velkoz,3,1,0.3333333333333333
Ezreal,Vex,6,3,0.5
Ezreal,Vi,29,12,0.41379310344827586
Ezreal,Viego,17,6,0.35294117647058826
Ezreal,Viktor,24,9,0.375
Ezreal,Vladimir,7,1,0.14285714285714285
Ezreal,Xerath,14,6,0.42857142857142855
Ezreal,XinZhao,36,22,0.6111111111111112
Ezreal,Yasuo,18,9,0.5
Ezreal,Yone,34,14,0.4117647058823529
Ezreal,Yorick,21,9,0.42857142857142855
Ezreal,Yunara,3,1,0.3333333333333333
Ezreal,Yuumi,5,2,0.4
Ezreal,Zaahen,27,14,0.5185185185185185
Ezreal,Zac,3,2,0.6666666666666666
Ezreal,Zed,18,11,0.6111111111111112
Ezreal,Ziggs,3,0,0.0
Ezreal,Zilean,6,3,0.5
Ezreal,Zoe,22,10,0.45454545454545453
Ezreal,Zyra,10,4,0.4
FiddleSticks,Fiora,6,1,0.16666666666666666
FiddleSticks,Fizz,3,0,0.0
FiddleSticks,Galio,1,1,1.0
FiddleSticks,Garen,3,1,0.3333333333333333
FiddleSticks,Gnar,2,0,0.0
FiddleSticks,Hecarim,3,2,0.6666666666666666
FiddleSticks,Hwei,2,1,0.5
FiddleSticks,Irelia,4,2,0.5
FiddleSticks,Ivern,1,1,1.0
FiddleSticks,Janna,1,0,0.0
FiddleSticks,JarvanIV,3,2,0.6666666666666666
FiddleSticks,Jax,1,1,1.0
FiddleSticks,Jayce,9,4,0.4444444444444444
FiddleSticks,Jhin,5,1,0.2
FiddleSticks,Jinx,5,3,0.6
FiddleSticks,KSante,3,2,0.6666666666666666
FiddleSticks,Kaisa,5,2,0.4
FiddleSticks,Kalista,1,1,1.0
FiddleSticks,Karma,7,1,0.14285714285714285
FiddleSticks,Katarina,1,0,0.0
FiddleSticks,Kayle,1,1,1.0
FiddleSticks,Kindred,1,0,0.0
FiddleSticks,LeeSin,2,1,0.5
FiddleSticks,Lissandra,2,0,0.0
FiddleSticks,Lucian,2,2,1.0
FiddleSticks,Lulu,5,3,0.6
FiddleSticks,Lux,4,2,0.5
FiddleSticks,Malphite,2,1,0.5
FiddleSticks,Malzahar,1,0,0.0
FiddleSticks,Mel,2,0,0.0
FiddleSticks,Mordekaiser,1,0,0.0
FiddleSticks,Naafiri,2,1,0.5
FiddleSticks,Nami,2,0,0.0
FiddleSticks,Nautilus,5,4,0.8
FiddleSticks,Neeko,1,0,0.0
FiddleSticks,Nilah,1,1,1.0
FiddleSticks,Orianna,3,1,0.3333333333333333
FiddleSticks,Ornn,4,3,0.75
FiddleSticks,Pantheon,6,3,0.5
FiddleSticks,Poppy,2,2,1.0
FiddleSticks,Pyke,4,2,0.5
FiddleSticks,Qiyana,5,2,0.4
FiddleSticks,Rakan,6,3,0.5
FiddleSticks,Rell,5,1,0.2
FiddleSticks,Renata,1,0,0.0
FiddleSticks,Renekton,4,1,0.25
FiddleSticks,Rengar,2,2,1.0
FiddleSticks,Riven,2,1,0.5
FiddleSticks,Rumble,1,1,1.0
FiddleSticks,Ryze,3,1,0.3333333333333333
FiddleSticks,Sejuani,1,1,1.0
FiddleSticks,Senna,3,2,0.6666666666666666
FiddleSticks,Shen,1,0,0.0
FiddleSticks,Shyvana,1,0,0.0
FiddleSticks,Singed,4,1,0.25
FiddleSticks,Sion,1,0,0.0
FiddleSticks,Sivir,2,1,0.5
FiddleSticks,Smolder,1,0,0.0
FiddleSticks,Sona,2,0,0.0
FiddleSticks,Sylas,5,1,0.2
FiddleSticks,Syndra,1,1,1.0
FiddleSticks,Taliyah,1,0,0.0
FiddleSticks,Talon,2,1,0.5
FiddleSticks,Taric,2,2,1.0
FiddleSticks,Teemo,1,0,0.0
FiddleSticks,Thresh,3,0,0.0
FiddleSticks,Tristana,9,5,0.5555555555555556
FiddleSticks,Tryndamere,1,1,1.0
FiddleSticks,TwistedFate,1,1,1.0
FiddleSticks,Varus,7,3,0.42857142857142855
FiddleSticks,Vayne,12,3,0.25
FiddleSticks,Vex,1,1,1.0
FiddleSticks,Viego,2,1,0.5
FiddleSticks,Vladimir,1,1,1.0
FiddleSticks,Volibear,3,3,1.0
FiddleSticks,Xayah,3,0,0.0
FiddleSticks,Xerath,3,2,0.6666666666666666
FiddleSticks,XinZhao,2,0,0.0
FiddleSticks,Yasuo,5,3,0.6
FiddleSticks,Yone,10,4,0.4
FiddleSticks,Yorick,2,2,1.0
FiddleSticks,Yunara,8,5,0.625
FiddleSticks,Zaahen,6,2,0.3333333333333333
FiddleSticks,Zed,3,2,0.6666666666666666
FiddleSticks,Zeri,1,0,0.0
FiddleSticks,Ziggs,1,0,0.0
FiddleSticks,Zilean,1,0,0.0
FiddleSticks,Zoe,5,2,0.4
Fiora,Fizz,1,1,1.0
Fiora,Galio,5,0,0.0
Fiora,Gragas,1,1,1.0
Fiora,Graves,2,2,1.0
Fiora,Hecarim,1,1,1.0
Fiora,Hwei,1,0,0.0
Fiora,Irelia,2,0,0.0
Fiora,Janna,1,1,1.0
Fiora,JarvanIV,9,3,0.3333333333333333
Fiora,Jayce,2,0,0.0
Fiora,Jhin,9,1,0.1111111111111111
Fiora,Kaisa,4,1,0.25
Fiora,Karma,8,2,0.25
Fiora,Karthus,2,2,1.0
Fiora,Katarina,2,1,0.5
Fiora,Kayn,2,1,0.5
Fiora,Khazix,2,1,0.5
Fiora,Kindred,3,0,0.0
Fiora,Leblanc,1,1,1.0
Fiora,LeeSin,15,7,0.4666666666666667
Fiora,Leona,5,2,0.4
Fiora,Lissandra,2,1,0.5
Fiora,Lucian,6,4,0.6666666666666666
Fiora,Lux,3,1,0.3333333333333333
Fiora,Malzahar,2,0,0.0
Fiora,MasterYi,1,0,0.0
Fiora,Mel,3,0,0.0
Fiora,MissFortune,3,2,0.6666666666666666
Fiora,MonkeyKing,1,0,0.0
Fiora,Morgana,1,0,0.0
Fiora,Naafiri,1,0,0.0
Fiora,Nami,3,2,0.6666666666666666
Fiora,Nautilus,10,4,0.4
Fiora,Neeko,2,0,0.0
Fiora,Nidalee,2,2,1.0
Fiora,Nocturne,3,0,0.0
Fiora,Orianna,7,4,0.5714285714285714
Fiora,Pantheon,7,3,0.42857142857142855
Fiora,Poppy,2,2,1.0
Fiora,Pyke,5,2,0.4
Fiora,Qiyana,3,1,0.3333333333333333
Fiora,Rakan,4,2,0.5
Fiora,RekSai,1,0,0.0
Fiora,Rell,3,1,0.3333333333333333
Fiora,Renata,1,0,0.0
Fiora,Rengar,3,1,0.3333333333333333
Fiora,Riven,2,0,0.0
Fiora,Rumble,1,1,1.0
Fiora,Ryze,9,3,0.3333333333333333
Fiora,Senna,6,3,0.5
Fiora,Seraphine,1,0,0.0
Fiora,Shen,3,3,1.0
Fiora,Sion,1,1,1.0
Fiora,Sivir,3,1,0.3333333333333333
Fiora,Skarner,1,0,0.0
Fiora,Smolder,1,0,0.0
Fiora,Sona,7,3,0.42857142857142855
Fiora,Swain,4,2,0.5
Fiora,Sylas,5,2,0.4
Fiora,Syndra,3,1,0.3333333333333333
Fiora,Taliyah,2,1,0.5
Fiora,Talon,6,4,0.6666666666666666
Fiora,Teemo,1,0,0.0
Fiora,Thresh,1,0,0.0
Fiora,Tristana,3,1,0.3333333333333333
Fiora,TwistedFate,2,1,0.5
Fiora,Udyr,1,1,1.0
Fiora,Varus,4,2,0.5
Fiora,Veigar,1,0,0.0
Fiora,Velkoz,2,1,0.5
Fiora,Vi,2,0,0.0
Fiora,Viego,1,1,1.0
Fiora,Viktor,3,2,0.6666666666666666
Fiora,Vladimir,2,1,0.5
Fiora,Xayah,1,0,0.0
Fiora,Xerath,1,1,1.0
Fiora,XinZhao,2,1,0.5
Fiora,Yasuo,5,4,0.8
Fiora,Yone,1,1,1.0
Fiora,Yunara,2,0,0.0
Fiora,Yuumi,1,0,0.0
Fiora,Zed,2,1,0.5
Fiora,Zeri,1,0,0.0
Fiora,Ziggs,2,2,1.0
Fiora,Zoe,6,2,0.3333333333333333
Fiora,Zyra,4,1,0.25
Fizz,Gangplank,1,0,0.0
Fizz,Gnar,2,0,0.0
Fizz,Graves,3,1,0.3333333333333333
Fizz,Gwen,1,1,1.0
Fizz,Hecarim,1,1,1.0
Fizz,Irelia,3,1,0.3333333333333333
Fizz,Janna,1,1,1.0
Fizz,JarvanIV,4,1,0.25
Fizz,Jax,1,1,1.0
Fizz,Jayce,4,0,0.0
Fizz,Jhin,4,1,0.25
Fizz,Jinx,3,2,0.6666666666666666
Fizz,KSante,1,0,0.0
Fizz,Kaisa,5,1,0.2
Fizz,Karma,3,1,0.3333333333333333
Fizz,Katarina,1,0,0.0
Fizz,Khazix,1,0,0.0
Fizz,Kindred,1,1,1.0
Fizz,LeeSin,6,2,0.3333333333333333
Fizz,Leona,1,0,0.0
Fizz,Lissandra,4,2,0.5
Fizz,Lucian,4,1,0.25
Fizz,Lulu,2,0,0.0
Fizz,Mel,2,0,0.0
Fizz,MonkeyKing,2,0,0.0
Fizz,Naafiri,2,0,0.0
Fizz,Nami,6,2,0.3333333333333333
Fizz,Nasus,2,1,0.5
Fizz,Nautilus,5,3,0.6
Fizz,Neeko,2,1,0.5
Fizz,Nidalee,2,2,1.0
Fizz,Nocturne,3,1,0.3333333333333333
Fizz,Olaf,1,0,0.0
Fizz,Ornn,3,1,0.3333333333333333
Fizz,Pantheon,2,1,0.5
Fizz,Poppy,2,0,0.0
Fizz,Pyke,3,1,0.3333333333333333
Fizz,Quinn,1,0,0.0
Fizz,Rakan,2,0,0.0
Fizz,RekSai,2,1,0.5
Fizz,Renekton,2,0,0.0
Fizz,Rengar,2,1,0.5
Fizz,Rumble,1,1,1.0
Fizz,Senna,1,1,1.0
Fizz,Sett,1,0,0.0
Fizz,Shen,2,1,0.5
Fizz,Sion,2,0,0.0
Fizz,Sivir,2,1,0.5
Fizz,Skarner,1,0,0.0
Fizz,Smolder,5,2,0.4
Fizz,Sona,3,2,0.6666666666666666
Fizz,Soraka,1,0,0.0
Fizz,Swain,2,1,0.5
Fizz,Sylas,2,2,1.0
Fizz,Taliyah,2,1,0.5
Fizz,Talon,1,1,1.0
Fizz,Thresh,1,1,1.0
Fizz,Tristana,1,0,0.0
Fizz,Varus,4,3,0.75
Fizz,Vayne,4,0,0.0
Fizz,Veigar,1,1,1.0
Fizz,Vi,1,0,0.0
Fizz,Viego,3,0,0.0
Fizz,Warwick,2,1,0.5
Fizz,Xayah,1,0,0.0
Fizz,XinZhao,2,1,0.5
Fizz,Yone,2,1,0.5
Fizz,Yorick,1,0,0.0
Fizz,Yunara,5,3,0.6
Fizz,Yuumi,2,0,0.0
Fizz,Zac,1,0,0.0
Fizz,Zed,2,0,0.0
Fizz,Zoe,1,0,0.0
Galio,Gangplank,1,0,0.0
Galio,Garen,1,0,0.0
Galio,Gnar,9,4,0.4444444444444444
Galio,Graves,9,3,0.3333333333333333
Galio,Gwen,2,2,1.0
Galio,Heimerdinger,1,1,1.0
Galio,Hwei,2,1,0.5
Galio,Irelia,3,1,0.3333333333333333
Galio,Janna,3,0,0.0
Galio,JarvanIV,9,4,0.4444444444444444
Galio,Jax,4,3,0.75
Galio,Jayce,15,7,0.4666666666666667
Galio,Jhin,3,2,0.6666666666666666
Galio,Jinx,3,1,0.3333333333333333
Galio,KSante,6,2,0.3333333333333333
Galio,Kaisa,10,7,0.7
Galio,Kalista,1,0,0.0
Galio,Karma,14,6,0.42857142857142855
Galio,Karthus,3,0,0.0
Galio,Kayn,4,0,0.0
Galio,Kennen,2,2,1.0
Galio,Khazix,4,1,0.25
Galio,Kindred,6,3,0.5
Galio,KogMaw,1,0,0.0
Galio,Leblanc,1,1,1.0
Galio,LeeSin,11,5,0.45454545454545453
Galio,Leona,1,0,0.0
Galio,Lillia,1,1,1.0
Galio,Lissandra,2,0,0.0
Galio,Lucian,11,5,0.45454545454545453
Galio,Lulu,5,2,0.4
Galio,Lux,1,0,0.0
Galio,Malphite,2,1,0.5
Galio,Maokai,2,2,1.0
Galio,MasterYi,3,0,0.0
Galio,Mel,2,0,0.0
Galio,MissFortune,2,0,0.0
Galio,MonkeyKing,3,2,0.6666666666666666
Galio,Morgana,1,0,0.0
Galio,Naafiri,7,3,0.42857142857142855
Galio,Nami,7,4,0.5714285714285714
Galio,Nautilus,7,2,0.2857142857142857
Galio,Neeko,5,3,0.6
Galio,Nidalee,4,2,0.5
Galio,Nocturne,8,3,0.375
Galio,Nunu,2,1,0.5
Galio,Olaf,1,1,1.0
Galio,Pantheon,7,5,0.7142857142857143
Galio,Poppy,2,1,0.5
Galio,Pyke,2,2,1.0
Galio,Qiyana,4,2,0.5
Galio,Quinn,1,1,1.0
Galio,Rakan,4,2,0.5
Galio,RekSai,3,2,0.6666666666666666
Galio,Rell,3,2,0.6666666666666666
Galio,Renata,1,0,0.0
Galio,Renekton,2,1,0.5
Galio,Rengar,2,1,0.5
Galio,Riven,4,2,0.5
Galio,Rumble,4,2,0.5
Galio,Senna,7,3,0.42857142857142855
Galio,Seraphine,5,2,0.4
Galio,Shen,7,3,0.42857142857142855
Galio,Sion,7,3,0.42857142857142855
Galio,Sivir,6,4,0.6666666666666666
Galio,Skarner,4,1,0.25
Galio,Smolder,2,1,0.5
Galio,Sona,1,0,0.0
Galio,Sylas,5,3,0.6
Galio,Syndra,2,1,0.5
Galio,Taliyah,3,2,0.6666666666666666
Galio,Talon,4,2,0.5
Galio,Taric,3,1,0.3333333333333333
Galio,Thresh,6,1,0.16666666666666666
Galio,Tristana,3,3,1.0
Galio,Tryndamere,2,1,0.5
Galio,Udyr,2,1,0.5
Galio,Varus,8,1,0.125
Galio,Vayne,9,3,0.3333333333333333
Galio,Veigar,3,1,0.3333333333333333
Galio,Velkoz,3,1,0.3333333333333333
Galio,Vi,6,5,0.8333333333333334
Galio,Viego,5,3,0.6
Galio,Viktor,1,0,0.0
Galio,Vladimir,3,2,0.6666666666666666
Galio,Xayah,2,1,0.5
Galio,Xerath,1,1,1.0
Galio,XinZhao,6,4,0.6666666666666666
Galio,Yasuo,3,0,0.0
Galio,Yone,2,1,0.5
Galio,Yorick,4,2,0.5
Galio,Yunara,9,6,0.6666666666666666
Galio,Yuumi,5,3,0.6
Galio,Zaahen,1,0,0.0
Galio,Zeri,2,0,0.0
Galio,Zyra,2,0,0.0
Gangplank,Gragas,1,0,0.0
Gangplank,Graves,3,0,0.0
Gangplank,Gwen,1,0,0.0
Gangplank,Irelia,1,1,1.0
Gangplank,Ivern,3,0,0.0
Gangplank,Janna,3,0,0.0
Gangplank,JarvanIV,4,3,0.75
Gangplank,Jayce,4,1,0.25
Gangplank,Jhin,8,3,0.375
Gangplank,Jinx,3,1,0.3333333333333333
Gangplank,Kaisa,1,0,0.0
Gangplank,Kalista,1,0,0.0
Gangplank,Karma,6,2,0.3333333333333333
Gangplank,Katarina,1,0,0.0
Gangplank,Kayn,1,1,1.0
Gangplank,Khazix,1,0,0.0
Gangplank,Kindred,1,0,0.0
Gangplank,Kled,1,1,1.0
Gangplank,KogMaw,2,1,0.5
Gangplank,Leblanc,1,0,0.0
Gangplank,LeeSin,13,8,0.6153846153846154
Gangplank,Leona,3,2,0.6666666666666666
Gangplank,Lillia,3,2,0.6666666666666666
Gangplank,Lucian,4,2,0.5
Gangplank,Lulu,1,1,1.0
Gangplank,Lux,3,2,0.6666666666666666
Gangplank,Malphite,1,0,0.0
Gangplank,MasterYi,2,2,1.0
Gangplank,Mel,4,2,0.5
Gangplank,Milio,2,1,0.5
Gangplank,MissFortune,1,1,1.0
Gangplank,Naafiri,3,0,0.0
Gangplank,Nami,7,5,0.7142857142857143
Gangplank,Nasus,1,0,0.0
Gangplank,Nautilus,2,0,0.0
Gangplank,Neeko,5,1,0.2
Gangplank,Nidalee,2,1,0.5
Gangplank,Nocturne,1,0,0.0
Gangplank,Nunu,3,3,1.0
Gangplank,Orianna,5,1,0.2
Gangplank,Pantheon,3,3,1.0
Gangplank,Poppy,1,1,1.0
Gangplank,Pyke,2,1,0.5
Gangplank,Qiyana,1,0,0.0
Gangplank,Quinn,1,1,1.0
Gangplank,Rakan,2,1,0.5
Gangplank,RekSai,1,0,0.0
Gangplank,Rell,4,2,0.5
Gangplank,Rengar,2,0,0.0
Gangplank,Rumble,1,0,0.0
Gangplank,Ryze,10,5,0.5
Gangplank,Samira,1,1,1.0
Gangplank,Senna,1,0,0.0
Gangplank,Seraphine,3,2,0.6666666666666666
Gangplank,Sivir,2,2,1.0
Gangplank,Skarner,3,2,0.6666666666666666
Gangplank,Smolder,1,0,0.0
Gangplank,Sona,3,2,0.6666666666666666
Gangplank,Soraka,2,2,1.0
Gangplank,Swain,1,1,1.0
Gangplank,Sylas,3,1,0.3333333333333333
Gangplank,Syndra,3,2,0.6666666666666666
Gangplank,TahmKench,1,0,0.0
Gangplank,Talon,1,1,1.0
Gangplank,Thresh,1,1,1.0
Gangplank,Tristana,2,1,0.5
Gangplank,TwistedFate,3,3,1.0
Gangplank,Varus,4,2,0.5
Gangplank,Vayne,2,0,0.0
Gangplank,Veigar,1,1,1.0
Gangplank,Velkoz,3,0,0.0
Gangplank,Vi,5,2,0.4
Gangplank,Viego,2,1,0.5
Gangplank,Viktor,3,2,0.6666666666666666
Gangplank,Vladimir,1,0,0.0
Gangplank,Xayah,1,1,1.0
Gangplank,Xerath,3,1,0.3333333333333333
Gangplank,XinZhao,3,2,0.6666666666666666
Gangplank,Yasuo,2,0,0.0
Gangplank,Yone,3,2,0.6666666666666666
Gangplank,Yunara,8,4,0.5
Gangplank,Zaahen,2,1,0.5
Gangplank,Zed,3,2,0.6666666666666666
Gangplank,Zilean,2,0,0.0
Gangplank,Zoe,4,2,0.5
Garen,Graves,1,1,1.0
Garen,Hecarim,1,1,1.0
Garen,Irelia,2,1,0.5
Garen,Ivern,1,0,0.0
Garen,Janna,3,1,0.3333333333333333
Garen,JarvanIV,5,5,1.0
Garen,Jax,1,0,0.0
Garen,Jayce,2,1,0.5
Garen,Jhin,3,3,1.0
Garen,Jinx,1,1,1.0
Garen,Kaisa,4,2,0.5
Garen,Karma,4,3,0.75
Garen,Karthus,2,1,0.5
Garen,Katarina,2,1,0.5
Garen,Kayn,1,1,1.0
Garen,Kindred,1,1,1.0
Garen,Leblanc,2,1,0.5
Garen,LeeSin,7,4,0.5714285714285714
Garen,Leona,5,2,0.4
Garen,Lillia,1,1,1.0
Garen,Lissandra,2,1,0.5
Garen,Lucian,3,3,1.0
Garen,Lulu,3,1,0.3333333333333333
Garen,Lux,5,2,0.4
Garen,Malphite,2,0,0.0
Garen,Maokai,1,1,1.0
Garen,MasterYi,2,0,0.0
Garen,Mel,3,2,0.6666666666666666
Garen,Milio,1,1,1.0
Garen,MissFortune,2,1,0.5
Garen,Morgana,1,0,0.0
Garen,Naafiri,3,2,0.6666666666666666
Garen,Nami,8,7,0.875
Garen,Nautilus,5,3,0.6
Garen,Neeko,1,0,0.0
Garen,Nidalee,2,1,0.5
Garen,Nocturne,4,3,0.75
Garen,Nunu,2,0,0.0
Garen,Olaf,1,1,1.0
Garen,Orianna,2,1,0.5
Garen,Pantheon,6,2,0.3333333333333333
Garen,Poppy,1,1,1.0
Garen,Pyke,3,0,0.0
Garen,Qiyana,1,1,1.0
Garen,Rakan,2,0,0.0
Garen,RekSai,2,0,0.0
Garen,Rell,3,2,0.6666666666666666
Garen,Renata,1,1,1.0
Garen,Rengar,3,0,0.0
Garen,Riven,1,1,1.0
Garen,Rumble,1,1,1.0
Garen,Ryze,2,0,0.0
Garen,Senna,3,3,1.0
Garen,Seraphine,3,3,1.0
Garen,Shaco,3,2,0.6666666666666666
Garen,Shen,1,0,0.0
Garen,Shyvana,1,0,0.0
Garen,Sivir,1,0,0.0
Garen,Skarner,3,3,1.0
Garen,Smolder,3,1,0.3333333333333333
Garen,Sona,5,1,0.2
Garen,Soraka,3,3,1.0
Garen,Swain,1,0,0.0
Garen,Sylas,6,3,0.5
Garen,Syndra,3,2,0.6666666666666666
Garen,TahmKench,1,1,1.0
Garen,Taliyah,1,1,1.0
Garen,Talon,3,0,0.0
Garen,Thresh,3,1,0.3333333333333333
Garen,Tristana,2,0,0.0
Garen,TwistedFate,2,1,0.5
Garen,Udyr,3,1,0.3333333333333333
Garen,Varus,2,1,0.5
Garen,Vayne,1,0,0.0
Garen,Veigar,4,1,0.25
Garen,Velkoz,1,0,0.0
Garen,Vi,3,0,0.0
Garen,Viego,2,2,1.0
Garen,Viktor,4,1,0.25
Garen,Vladimir,4,2,0.5
Garen,Xayah,2,2,1.0
Garen,XinZhao,1,1,1.0
Garen,Yasuo,3,2,0.6666666666666666
Garen,Yone,5,3,0.6
Garen,Yorick,1,0,0.0
Garen,Yunara,3,1,0.3333333333333333
Garen,Zed,1,1,1.0
Garen,Zoe,3,1,0.3333333333333333
Garen,Zyra,2,1,0.5
Gnar,Gragas,2,0,0.0
Gnar,Graves,6,5,0.8333333333333334
Gnar,Gwen,1,0,0.0
Gnar,Hecarim,3,1,0.3333333333333333
Gnar,Heimerdinger,1,0,0.0
Gnar,Hwei,12,7,0.5833333333333334
Gnar,Irelia,3,3,1.0
Gnar,Janna,3,1,0.3333333333333333
Gnar,JarvanIV,25,10,0.4
Gnar,Jayce,5,2,0.4
Gnar,Jhin,17,7,0.4117647058823529
Gnar,Jinx,6,2,0.3333333333333333
Gnar,KSante,2,1,0.5
Gnar,Kaisa,15,8,0.5333333333333333
Gnar,Kalista,2,0,0.0
Gnar,Karma,33,13,0.3939393939393939
Gnar,Karthus,10,4,0.4
Gnar,Kassadin,4,3,0.75
Gnar,Katarina,1,1,1.0
Gnar,Kayn,7,2,0.2857142857142857
Gnar,Khazix,3,1,0.3333333333333333
Gnar,Kindred,3,3,1.0
Gnar,KogMaw,2,1,0.5
Gnar,Leblanc,8,4,0.5
Gnar,LeeSin,21,8,0.38095238095238093
Gnar,Leona,10,2,0.2
Gnar,Lillia,6,4,0.6666666666666666
Gnar,Lissandra,5,3,0.6
Gnar,Lucian,14,3,0.21428571428571427
Gnar,Lulu,18,10,0.5555555555555556
Gnar,Lux,4,3,0.75
Gnar,Malzahar,2,2,1.0
Gnar,Maokai,2,1,0.5
Gnar,MasterYi,5,2,0.4
Gnar,Mel,13,7,0.5384615384615384
Gnar,Milio,2,0,0.0
Gnar,MissFortune,5,4,0.8
Gnar,MonkeyKing,1,1,1.0
Gnar,Naafiri,6,5,0.8333333333333334
Gnar,Nami,20,11,0.55
Gnar,Nasus,2,2,1.0
Gnar,Nautilus,17,9,0.5294117647058824
Gnar,Neeko,11,7,0.6363636363636364
Gnar,Nidalee,6,2,0.3333333333333333
Gnar,Nocturne,11,3,0.2727272727272727
Gnar,Nunu,3,2,0.6666666666666666
Gnar,Olaf,1,0,0.0
Gnar,Orianna,11,3,0.2727272727272727
Gnar,Ornn,1,1,1.0
Gnar,Pantheon,18,9,0.5
Gnar,Poppy,6,5,0.8333333333333334
Gnar,Pyke,12,3,0.25
Gnar,Qiyana,10,6,0.6
Gnar,Quinn,1,0,0.0
Gnar,Rakan,11,5,0.45454545454545453
Gnar,Rammus,1,1,1.0
Gnar,RekSai,5,2,0.4
Gnar,Rell,6,5,0.8333333333333334
Gnar,Renata,1,1,1.0
Gnar,Renekton,1,1,1.0
Gnar,Rengar,5,3,0.6
Gnar,Riven,1,0,0.0
Gnar,Rumble,3,1,0.3333333333333333
Gnar,Ryze,20,8,0.4
Gnar,Samira,1,0,0.0
Gnar,Sejuani,1,1,1.0
Gnar,Senna,7,4,0.5714285714285714
Gnar,Seraphine,13,8,0.6153846153846154
Gnar,Shaco,2,1,0.5
Gnar,Shen,2,1,0.5
Gnar,Shyvana,1,1,1.0
Gnar,Sion,1,0,0.0
Gnar,Sivir,4,3,0.75
Gnar,Skarner,5,1,0.2
Gnar,Smolder,7,2,0.2857142857142857
Gnar,Sona,7,5,0.7142857142857143
Gnar,Soraka,3,0,0.0
Gnar,Swain,6,4,0.6666666666666666
Gnar,Sylas,17,7,0.4117647058823529
Gnar,Syndra,7,2,0.2857142857142857
Gnar,Taliyah,7,3,0.42857142857142855
Gnar,Talon,5,2,0.4
Gnar,Taric,2,0,0.0
Gnar,Teemo,1,1,1.0
Gnar,Thresh,6,1,0.16666666666666666
Gnar,Tristana,4,3,0.75
Gnar,TwistedFate,7,2,0.2857142857142857
Gnar,Twitch,1,0,0.0
Gnar,Udyr,4,1,0.25
Gnar,Varus,12,6,0.5
Gnar,Vayne,4,2,0.5
Gnar,Veigar,5,2,0.4
Gnar,Velkoz,2,0,0.0
Gnar,Vex,3,1,0.3333333333333333
Gnar,Vi,12,5,0.4166666666666667
Gnar,Viego,8,1,0.125
Gnar,Viktor,8,5,0.625
Gnar,Vladimir,9,3,0.3333333333333333
Gnar,Volibear,1,0,0.0
Gnar,Warwick,2,1,0.5
Gnar,Xayah,1,0,0.0
Gnar,Xerath,7,5,0.7142857142857143
Gnar,XinZhao,11,4,0.36363636363636365
Gnar,Yasuo,10,3,0.3
Gnar,Yone,7,4,0.5714285714285714
Gnar,Yorick,1,0,0.0
Gnar,Yunara,33,15,0.45454545454545453
Gnar,Yuumi,3,0,0.0
Gnar,Zaahen,7,4,0.5714285714285714
Gnar,Zac,1,0,0.0
Gnar,Zed,3,1,0.3333333333333333
Gnar,Zeri,2,0,0.0
Gnar,Ziggs,9,3,0.3333333333333333
Gnar,Zilean,2,1,0.5
Gnar,Zoe,10,3,0.3
Gnar,Zyra,2,2,1.0
Gragas,Graves,2,0,0.0
Gragas,Hecarim,2,1,0.5
Gragas,Hwei,2,0,0.0
Gragas,Ivern,1,1,1.0
Gragas,Janna,1,0,0.0
Gragas,JarvanIV,4,3,0.75
Gragas,Jayce,3,0,0.0
Gragas,Jhin,5,2,0.4
Gragas,Jinx,1,1,1.0
Gragas,Kaisa,5,2,0.4
Gragas,Kalista,4,2,0.5
Gragas,Karma,7,3,0.42857142857142855
Gragas,Karthus,1,1,1.0
Gragas,Katarina,1,1,1.0
Gragas,Khazix,2,1,0.5
Gragas,Kindred,1,1,1.0
Gragas,KogMaw,2,0,0.0
Gragas,LeeSin,3,3,1.0
Gragas,Leona,2,1,0.5
Gragas,Lillia,1,0,0.0
Gragas,Lissandra,1,1,1.0
Gragas,Lucian,5,2,0.4
Gragas,Lulu,4,1,0.25
Gragas,Lux,1,0,0.0
Gragas,Malphite,2,1,0.5
Gragas,MasterYi,3,3,1.0
Gragas,Mel,2,1,0.5
Gragas,Milio,1,0,0.0
Gragas,MissFortune,2,1,0.5
Gragas,MonkeyKing,2,1,0.5
Gragas,Naafiri,4,2,0.5
Gragas,Nami,7,3,0.42857142857142855
Gragas,Nasus,1,0,0.0
Gragas,Nautilus,4,3,0.75
Gragas,Neeko,2,1,0.5
Gragas,Nidalee,1,1,1.0
Gragas,Nocturne,1,1,1.0
Gragas,Nunu,1,0,0.0
Gragas,Olaf,1,0,0.0
Gragas,Orianna,4,3,0.75
Gragas,Pantheon,5,2,0.4
Gragas,Poppy,1,0,0.0
Gragas,Pyke,8,3,0.375
Gragas,Qiyana,3,1,0.3333333333333333
Gragas,Quinn,1,1,1.0
Gragas,Rakan,5,0,0.0
Gragas,RekSai,1,0,0.0
Gragas,Rell,1,1,1.0
Gragas,Renata,2,2,1.0
Gragas,Renekton,3,2,0.6666666666666666
Gragas,Riven,5,2,0.4
Gragas,Rumble,2,2,1.0
Gragas,Ryze,1,1,1.0
Gragas,Senna,4,3,0.75
Gragas,Seraphine,1,0,0.0
Gragas,Shen,1,0,0.0
Gragas,Sion,2,1,0.5
Gragas,Sivir,1,1,1.0
Gragas,Skarner,1,0,0.0
Gragas,Smolder,1,0,0.0
Gragas,Soraka,1,0,0.0
Gragas,Swain,2,1,0.5
Gragas,Sylas,3,3,1.0
Gragas,Syndra,1,0,0.0
Gragas,TahmKench,1,0,0.0
Gragas,Taliyah,4,2,0.5
Gragas,Talon,4,3,0.75
Gragas,Teemo,1,1,1.0
Gragas,Tryndamere,1,0,0.0
Gragas,TwistedFate,1,0,0.0
Gragas,Varus,5,2,0.4
Gragas,Vayne,4,1,0.25
Gragas,Velkoz,1,1,1.0
Gragas,Vex,1,0,0.0
Gragas,Vi,1,1,1.0
Gragas,Viego,4,1,0.25
Gragas,Viktor,1,0,0.0
Gragas,Vladimir,1,1,1.0
Gragas,XinZhao,5,1,0.2
Gragas,Yasuo,10,3,0.3
Gragas,Yone,1,1,1.0
Gragas,Yunara,4,0,0.0
Gragas,Zed,1,1,1.0
Gragas,Ziggs,1,1,1.0
Gragas,Zoe,1,0,0.0
Gragas,Zyra,1,0,0.0
Graves,Gwen,5,5,1.0
Graves,Heimerdinger,2,1,0.5
Graves,Hwei,7,6,0.8571428571428571
Graves,Illaoi,3,1,0.3333333333333333
Graves,Irelia,5,4,0.8
Graves,Janna,5,3,0.6
Graves,Jax,6,3,0.5
Graves,Jayce,21,15,0.7142857142857143
Graves,Jhin,13,10,0.7692307692307693
Graves,Jinx,4,2,0.5
Graves,KSante,5,3,0.6
Graves,Kaisa,9,4,0.4444444444444444
Graves,Kalista,5,1,0.2
Graves,Karma,30,14,0.4666666666666667
Graves,Karthus,3,0,0.0
Graves,Kassadin,3,1,0.3333333333333333
Graves,Katarina,3,3,1.0
Graves,Kayle,1,1,1.0
Graves,Kennen,3,1,0.3333333333333333
Graves,Kindred,1,0,0.0
Graves,Leblanc,10,4,0.4
Graves,LeeSin,1,0,0.0
Graves,Leona,4,1,0.25
Graves,Lissandra,5,1,0.2
Graves,Lucian,9,4,0.4444444444444444
Graves,Lulu,12,4,0.3333333333333333
Graves,Lux,7,4,0.5714285714285714
Graves,Malphite,7,2,0.2857142857142857
Graves,Malzahar,1,0,0.0
Graves,Maokai,2,2,1.0
Graves,MasterYi,2,1,0.5
Graves,Mel,13,4,0.3076923076923077
Graves,Milio,2,2,1.0
Graves,MissFortune,2,0,0.0
Graves,MonkeyKing,1,1,1.0
Graves,Morgana,1,0,0.0
Graves,Naafiri,3,3,1.0
Graves,Nami,16,9,0.5625
Graves,Nasus,1,1,1.0
Graves,Nautilus,18,13,0.7222222222222222
Graves,Neeko,4,2,0.5
Graves,Nidalee,3,2,0.6666666666666666
Graves,Nilah,1,0,0.0
Graves,Nunu,1,1,1.0
Graves,Olaf,2,1,0.5
Graves,Orianna,5,3,0.6
Graves,Ornn,2,2,1.0
Graves,Pantheon,9,6,0.6666666666666666
Graves,Poppy,5,2,0.4
Graves,Pyke,5,3,0.6
Graves,Qiyana,1,0,0.0
Graves,Quinn,2,1,0.5
Graves,Rakan,6,1,0.16666666666666666
Graves,Rell,9,4,0.4444444444444444
Graves,Renata,2,1,0.5
Graves,Renekton,5,2,0.4
Graves,Rengar,1,1,1.0
Graves,Riven,2,2,1.0
Graves,Rumble,11,6,0.5454545454545454
Graves,Ryze,17,10,0.5882352941176471
Graves,Samira,1,0,0.0
Graves,Sejuani,1,1,1.0
Graves,Senna,10,5,0.5
Graves,Seraphine,14,7,0.5
Graves,Shen,7,2,0.2857142857142857
Graves,Singed,4,2,0.5
Graves,Sion,16,9,0.5625
Graves,Sivir,7,2,0.2857142857142857
Graves,Skarner,3,1,0.3333333333333333
Graves,Smolder,5,5,1.0
Graves,Sona,6,4,0.6666666666666666
Graves,Soraka,6,4,0.6666666666666666
Graves,Swain,6,2,0.3333333333333333
Graves,Sylas,20,12,0.6
Graves,Syndra,8,5,0.625
Graves,TahmKench,1,0,0.0
Graves,Taliyah,7,1,0.14285714285714285
Graves,Taric,3,2,0.6666666666666666
Graves,Teemo,7,6,0.8571428571428571
Graves,Thresh,5,2,0.4
Graves,Tristana,3,2,0.6666666666666666
Graves,Trundle,2,2,1.0
Graves,Tryndamere,1,1,1.0
Graves,TwistedFate,10,7,0.7
Graves,Udyr,1,1,1.0
Graves,Urgot,3,0,0.0
Graves,Varus,20,12,0.6
Graves,Vayne,14,8,0.5714285714285714
Graves,Veigar,3,2,0.6666666666666666
Graves,Velkoz,4,2,0.5
Graves,Vex,1,0,0.0
Graves,Viktor,6,3,0.5
Graves,Vladimir,7,1,0.14285714285714285
Graves,Xayah,3,0,0.0
Graves,Xerath,5,2,0.4
Graves,Yasuo,9,3,0.3333333333333333
Graves,Yone,13,7,0.5384615384615384
Graves,Yorick,10,4,0.4
Graves,Yunara,16,9,0.5625
Graves,Zaahen,5,4,0.8
Graves,Zed,1,0,0.0
Graves,Zeri,1,1,1.0
Graves,Ziggs,4,2,0.5
Graves,Zilean,4,2,0.5
Graves,Zoe,7,2,0.2857142857142857
Graves,Zyra,3,2,0.6666666666666666
Gwen,Hwei,1,1,1.0
Gwen,Irelia,1,1,1.0
Gwen,JarvanIV,5,2,0.4
Gwen,Jax,1,1,1.0
Gwen,Jayce,5,3,0.6
Gwen,Jhin,10,7,0.7
Gwen,Jinx,1,1,1.0
Gwen,Kaisa,4,3,0.75
Gwen,Kalista,2,0,0.0
Gwen,Karma,11,7,0.6363636363636364
Gwen,Karthus,1,1,1.0
Gwen,Kayn,1,0,0.0
Gwen,Khazix,1,0,0.0
Gwen,Kindred,2,2,1.0
Gwen,KogMaw,1,0,0.0
Gwen,Leblanc,4,1,0.25
Gwen,LeeSin,4,2,0.5
Gwen,Leona,1,0,0.0
Gwen,Lillia,1,1,1.0
Gwen,Lissandra,2,1,0.5
Gwen,Lucian,7,5,0.7142857142857143
Gwen,Lulu,3,0,0.0
Gwen,MasterYi,1,0,0.0
Gwen,Milio,1,1,1.0
Gwen,MissFortune,1,1,1.0
Gwen,Naafiri,4,4,1.0
Gwen,Nami,6,4,0.6666666666666666
Gwen,Nautilus,7,2,0.2857142857142857
Gwen,Neeko,4,3,0.75
Gwen,Nidalee,3,3,1.0
Gwen,Nocturne,2,0,0.0
Gwen,Nunu,1,1,1.0
Gwen,Orianna,2,1,0.5
Gwen,Ornn,1,1,1.0
Gwen,Pantheon,11,8,0.7272727272727273
Gwen,Poppy,1,1,1.0
Gwen,Pyke,3,3,1.0
Gwen,Qiyana,2,1,0.5
Gwen,Quinn,2,2,1.0
Gwen,Rakan,2,1,0.5
Gwen,Renekton,1,1,1.0
Gwen,Rengar,3,3,1.0
Gwen,Riven,2,0,0.0
Gwen,Ryze,3,1,0.3333333333333333
Gwen,Sejuani,2,2,1.0
Gwen,Senna,6,4,0.6666666666666666
Gwen,Seraphine,2,1,0.5
Gwen,Singed,2,0,0.0
Gwen,Sion,3,2,0.6666666666666666
Gwen,Sivir,3,2,0.6666666666666666
Gwen,Skarner,3,0,0.0
Gwen,Smolder,1,1,1.0
Gwen,Sona,3,3,1.0
Gwen,Soraka,2,2,1.0
Gwen,Swain,1,1,1.0
Gwen,Sylas,3,3,1.0
Gwen,Taliyah,1,0,0.0
Gwen,Talon,3,2,0.6666666666666666
Gwen,Teemo,1,1,1.0
Gwen,Thresh,2,1,0.5
Gwen,Tristana,1,0,0.0
Gwen,Twitch,1,0,0.0
Gwen,Varus,4,3,0.75
Gwen,Vayne,2,0,0.0
Gwen,Veigar,1,0,0.0
Gwen,Vi,2,1,0.5
Gwen,Viego,1,0,0.0
Gwen,Viktor,2,2,1.0
Gwen,Vladimir,1,0,0.0
Gwen,Xayah,1,1,1.0
Gwen,Xerath,1,0,0.0
Gwen,XinZhao,7,4,0.5714285714285714
Gwen,Yasuo,3,1,0.3333333333333333
Gwen,Yone,4,3,0.75
Gwen,Yunara,4,2,0.5
Gwen,Yuumi,1,1,1.0
Gwen,Zaahen,1,0,0.0
Gwen,Zed,1,1,1.0
Gwen,Zeri,1,1,1.0
Gwen,Zoe,3,2,0.6666666666666666
Gwen,Zyra,2,1,0.5
Hecarim,Heimerdinger,1,0,0.0
Hecarim,Hwei,6,4,0.6666666666666666
Hecarim,Irelia,2,0,0.0
Hecarim,Janna,3,1,0.3333333333333333
Hecarim,Jax,4,3,0.75
Hecarim,Jayce,9,5,0.5555555555555556
Hecarim,Jhin,4,2,0.5
Hecarim,Jinx,3,1,0.3333333333333333
Hecarim,KSante,2,1,0.5
Hecarim,Kaisa,3,2,0.6666666666666666
Hecarim,Kalista,2,1,0.5
Hecarim,Karma,7,3,0.42857142857142855
Hecarim,Katarina,4,2,0.5
Hecarim,Kennen,1,1,1.0
Hecarim,Kled,1,1,1.0
Hecarim,KogMaw,1,0,0.0
Hecarim,Leona,1,0,0.0
Hecarim,Lissandra,4,1,0.25
Hecarim,Lucian,6,3,0.5
Hecarim,Lulu,7,2,0.2857142857142857
Hecarim,Malphite,2,2,1.0
Hecarim,Malzahar,1,0,0.0
Hecarim,Mel,3,0,0.0
Hecarim,Milio,1,0,0.0
Hecarim,MissFortune,1,1,1.0
Hecarim,Naafiri,1,1,1.0
Hecarim,Nami,6,4,0.6666666666666666
Hecarim,Nautilus,4,3,0.75
Hecarim,Neeko,2,1,0.5
Hecarim,Nidalee,2,1,0.5
Hecarim,Orianna,4,3,0.75
Hecarim,Ornn,4,3,0.75
Hecarim,Pantheon,5,1,0.2
Hecarim,Poppy,2,2,1.0
Hecarim,Pyke,3,2,0.6666666666666666
Hecarim,Quinn,3,2,0.6666666666666666
Hecarim,Rakan,2,1,0.5
Hecarim,Rammus,1,1,1.0
Hecarim,Rell,3,2,0.6666666666666666
Hecarim,Renata,1,1,1.0
Hecarim,Renekton,2,1,0.5
Hecarim,Rengar,1,1,1.0
Hecarim,Riven,2,0,0.0
Hecarim,Rumble,1,0,0.0
Hecarim,Ryze,3,2,0.6666666666666666
Hecarim,Senna,1,0,0.0
Hecarim,Seraphine,4,3,0.75
Hecarim,Sett,1,1,1.0
Hecarim,Singed,6,3,0.5
Hecarim,Sion,5,3,0.6
Hecarim,Sivir,2,0,0.0
Hecarim,Sona,4,1,0.25
Hecarim,Soraka,2,2,1.0
Hecarim,Swain,1,1,1.0
Hecarim,Sylas,11,6,0.5454545454545454
Hecarim,Thresh,2,1,0.5
Hecarim,Tristana,1,0,0.0
Hecarim,Trundle,1,0,0.0
Hecarim,TwistedFate,3,3,1.0
Hecarim,Twitch,3,0,0.0
Hecarim,Urgot,2,0,0.0
Hecarim,Varus,7,5,0.7142857142857143
Hecarim,Vayne,4,1,0.25
Hecarim,Veigar,2,1,0.5
Hecarim,Velkoz,1,1,1.0
Hecarim,Vex,7,6,0.8571428571428571
Hecarim,Viktor,1,0,0.0
Hecarim,Vladimir,4,0,0.0
Hecarim,Xayah,2,2,1.0
Hecarim,Xerath,4,1,0.25
Hecarim,XinZhao,1,0,0.0
Hecarim,Yasuo,4,1,0.25
Hecarim,Yone,4,2,0.5
Hecarim,Yorick,1,1,1.0
Hecarim,Yunara,3,0,0.0
Hecarim,Yuumi,2,2,1.0
Hecarim,Zaahen,2,1,0.5
Hecarim,Zed,1,1,1.0
Hecarim,Zilean,6,2,0.3333333333333333
Hecarim,Zoe,2,2,1.0
Heimerdinger,Illaoi,1,1,1.0
Heimerdinger,Irelia,1,0,0.0
Heimerdinger,JarvanIV,1,0,0.0
Heimerdinger,Jayce,2,2,1.0
Heimerdinger,Jhin,2,0,0.0
Heimerdinger,Kaisa,1,0,0.0
Heimerdinger,Kalista,1,0,0.0
Heimerdinger,Karthus,1,0,0.0
Heimerdinger,Katarina,1,1,1.0
Heimerdinger,Leblanc,1,1,1.0
Heimerdinger,LeeSin,1,1,1.0
Heimerdinger,MissFortune,1,1,1.0
Heimerdinger,Morgana,1,1,1.0
Heimerdinger,Nautilus,1,1,1.0
Heimerdinger,Neeko,1,1,1.0
Heimerdinger,Nunu,1,1,1.0
Heimerdinger,Orianna,2,1,0.5
Heimerdinger,Pyke,3,3,1.0
Heimerdinger,Qiyana,2,1,0.5
Heimerdinger,Quinn,2,2,1.0
Heimerdinger,Riven,1,0,0.0
Heimerdinger,Senna,1,0,0.0
Heimerdinger,Skarner,1,0,0.0
Heimerdinger,Smolder,1,1,1.0
Heimerdinger,Soraka,5,1,0.2
Heimerdinger,Sylas,1,0,0.0
Heimerdinger,Thresh,1,0,0.0
Heimerdinger,Udyr,1,0,0.0
Heimerdinger,Varus,1,0,0.0
Heimerdinger,Vayne,1,1,1.0
Heimerdinger,Vex,1,1,1.0
Heimerdinger,Vi,2,2,1.0
Heimerdinger,Viego,1,1,1.0
Heimerdinger,Viktor,1,1,1.0
Heimerdinger,Xerath,1,0,0.0
Heimerdinger,XinZhao,2,1,0.5
Heimerdinger,Yasuo,1,0,0.0
Heimerdinger,Yone,1,1,1.0
Heimerdinger,Yunara,1,0,0.0
Heimerdinger,Zaahen,4,3,0.75
Heimerdinger,Zac,1,0,0.0
Heimerdinger,Zed,1,1,1.0
Heimerdinger,Ziggs,1,1,1.0
Heimerdinger,Zilean,1,1,1.0
Heimerdinger,Zyra,1,1,1.0
Hwei,Irelia,1,0,0.0
Hwei,Ivern,1,0,0.0
Hwei,Janna,2,1,0.5
Hwei,JarvanIV,10,4,0.4
Hwei,Jax,6,2,0.3333333333333333
Hwei,Jayce,17,11,0.6470588235294118
Hwei,Jhin,15,6,0.4
Hwei,Jinx,4,2,0.5
Hwei,KSante,5,4,0.8
Hwei,Kaisa,4,2,0.5
Hwei,Kalista,3,2,0.6666666666666666
Hwei,Karma,15,10,0.6666666666666666
Hwei,Karthus,1,0,0.0
Hwei,Kassadin,1,0,0.0
Hwei,Katarina,2,1,0.5
Hwei,Kayle,1,1,1.0
Hwei,Kayn,1,0,0.0
Hwei,Kennen,2,2,1.0
Hwei,Kindred,3,3,1.0
Hwei,Kled,2,1,0.5
Hwei,KogMaw,3,0,0.0
Hwei,Leblanc,2,2,1.0
Hwei,LeeSin,23,12,0.5217391304347826
Hwei,Leona,6,4,0.6666666666666666
Hwei,Lissandra,3,2,0.6666666666666666
Hwei,Lucian,5,1,0.2
Hwei,Lulu,6,3,0.5
Hwei,Malphite,6,1,0.16666666666666666
Hwei,Maokai,1,0,0.0
Hwei,MasterYi,5,1,0.2
Hwei,Mel,2,2,1.0
Hwei,Milio,1,0,0.0
Hwei,MissFortune,3,3,1.0
Hwei,MonkeyKing,1,0,0.0
Hwei,Naafiri,10,3,0.3
Hwei,Nami,16,8,0.5
Hwei,Nautilus,14,9,0.6428571428571429
Hwei,Neeko,7,2,0.2857142857142857
Hwei,Nidalee,4,1,0.25
Hwei,Nilah,1,1,1.0
Hwei,Nocturne,6,1,0.16666666666666666
Hwei,Nunu,2,1,0.5
Hwei,Olaf,1,0,0.0
Hwei,Orianna,1,0,0.0
Hwei,Ornn,3,0,0.0
Hwei,Pantheon,12,8,0.6666666666666666
Hwei,Pyke,10,3,0.3
Hwei,Qiyana,7,5,0.7142857142857143
Hwei,Rakan,4,2,0.5
Hwei,RekSai,5,3,0.6
Hwei,Rell,4,2,0.5
Hwei,Renata,1,1,1.0
Hwei,Renekton,7,3,0.42857142857142855
Hwei,Rengar,2,1,0.5
Hwei,Riven,2,2,1.0
Hwei,Rumble,3,1,0.3333333333333333
Hwei,Ryze,6,4,0.6666666666666666
Hwei,Samira,1,1,1.0
Hwei,Senna,6,4,0.6666666666666666
Hwei,Seraphine,4,1,0.25
Hwei,Sett,2,1,0.5
Hwei,Shaco,3,1,0.3333333333333333
Hwei,Shen,7,6,0.8571428571428571
Hwei,Shyvana,2,1,0.5
Hwei,Singed,4,2,0.5
Hwei,Sion,13,6,0.46153846153846156
Hwei,Sivir,5,0,0.0
Hwei,Skarner,5,2,0.4
Hwei,Smolder,1,1,1.0
Hwei,Sona,8,4,0.5
Hwei,Soraka,8,4,0.5
Hwei,Swain,2,2,1.0
Hwei,Sylas,4,3,0.75
Hwei,Syndra,2,1,0.5
Hwei,Talon,4,3,0.75
Hwei,Taric,1,1,1.0
Hwei,Teemo,3,3,1.0
Hwei,Thresh,3,2,0.6666666666666666
Hwei,Tristana,8,1,0.125
Hwei,Tryndamere,1,1,1.0
Hwei,TwistedFate,3,1,0.3333333333333333
Hwei,Udyr,2,1,0.5
Hwei,Urgot,2,0,0.0
Hwei,Varus,14,8,0.5714285714285714
Hwei,Vayne,14,7,0.5
Hwei,Veigar,1,0,0.0
Hwei,Vi,10,3,0.3
Hwei,Viego,5,4,0.8
Hwei,Vladimir,3,2,0.6666666666666666
Hwei,Xayah,1,0,0.0
Hwei,XinZhao,15,9,0.6
Hwei,Yasuo,8,2,0.25
Hwei,Yone,6,1,0.16666666666666666
Hwei,Yorick,4,3,0.75
Hwei,Yunara,7,4,0.5714285714285714
Hwei,Yuumi,2,0,0.0
Hwei,Zaahen,5,3,0.6
Hwei,Zed,1,1,1.0
Hwei,Zeri,2,1,0.5
Hwei,Ziggs,1,1,1.0
Hwei,Zilean,1,1,1.0
Hwei,Zyra,1,0,0.0
Illaoi,JarvanIV,1,0,0.0
Illaoi,Jayce,1,1,1.0
Illaoi,Jinx,1,0,0.0
Illaoi,Kaisa,2,1,0.5
Illaoi,Karma,1,0,0.0
Illaoi,Karthus,1,1,1.0
Illaoi,Leblanc,1,1,1.0
Illaoi,LeeSin,2,0,0.0
Illaoi,Lissandra,1,1,1.0
Illaoi,Lulu,1,1,1.0
Illaoi,Lux,1,0,0.0
Illaoi,Malphite,1,0,0.0
Illaoi,Mel,2,1,0.5
Illaoi,MonkeyKing,1,0,0.0
Illaoi,Naafiri,1,0,0.0
Illaoi,Nami,2,1,0.5
Illaoi,Nautilus,2,2,1.0
Illaoi,Neeko,2,0,0.0
Illaoi,Pantheon,1,0,0.0
Illaoi,Pyke,2,1,0.5
Illaoi,Qiyana,1,1,1.0
Illaoi,Rengar,1,1,1.0
Illaoi,Ryze,2,0,0.0
Illaoi,Sett,1,1,1.0
Illaoi,Singed,1,1,1.0
Illaoi,Sion,1,0,0.0
Illaoi,Skarner,1,0,0.0
Illaoi,Smolder,1,1,1.0
Illaoi,Soraka,1,1,1.0
Illaoi,Sylas,1,1,1.0
Illaoi,TwistedFate,1,0,0.0
Illaoi,Varus,2,1,0.5
Illaoi,Velkoz,1,0,0.0
Illaoi,Vi,1,1,1.0
Illaoi,Viego,1,0,0.0
Illaoi,XinZhao,1,1,1.0
Illaoi,Yunara,2,1,0.5
Illaoi,Zed,1,1,1.0
Illaoi,Zoe,3,0,0.0
Irelia,Ivern,1,0,0.0
Irelia,Janna,3,1,0.3333333333333333
Irelia,JarvanIV,15,10,0.6666666666666666
Irelia,Jax,2,1,0.5
Irelia,Jayce,9,6,0.6666666666666666
Irelia,Jhin,8,5,0.625
Irelia,Jinx,5,3,0.6
Irelia,KSante,1,0,0.0
Irelia,Kaisa,3,1,0.3333333333333333
Irelia,Kalista,3,2,0.6666666666666666
Irelia,Karma,15,8,0.5333333333333333
Irelia,Karthus,5,2,0.4
Irelia,Kassadin,1,0,0.0
Irelia,Katarina,5,4,0.8
Irelia,Kayn,2,0,0.0
Irelia,Kindred,2,1,0.5
Irelia,Leblanc,2,0,0.0
Irelia,LeeSin,10,3,0.3
Irelia,Leona,3,1,0.3333333333333333
Irelia,Lillia,5,3,0.6
Irelia,Lissandra,2,2,1.0
Irelia,Lucian,10,5,0.5
Irelia,Lulu,9,6,0.6666666666666666
Irelia,Lux,5,3,0.6
Irelia,MasterYi,3,1,0.3333333333333333
Irelia,Mel,4,2,0.5
Irelia,MissFortune,3,2,0.6666666666666666
Irelia,MonkeyKing,2,0,0.0
Irelia,Morgana,2,2,1.0
Irelia,Naafiri,10,3,0.3
Irelia,Nami,13,5,0.38461538461538464
Irelia,Nautilus,10,7,0.7
Irelia,Neeko,11,5,0.45454545454545453
Irelia,Nidalee,7,4,0.5714285714285714
Irelia,Nilah,2,0,0.0
Irelia,Nocturne,7,2,0.2857142857142857
Irelia,Nunu,8,4,0.5
Irelia,Olaf,1,1,1.0
Irelia,Orianna,6,1,0.16666666666666666
Irelia,Pantheon,8,3,0.375
Irelia,Poppy,3,3,1.0
Irelia,Pyke,9,2,0.2222222222222222
Irelia,Qiyana,7,4,0.5714285714285714
Irelia,Quinn,2,2,1.0
Irelia,Rakan,3,1,0.3333333333333333
Irelia,RekSai,2,2,1.0
Irelia,Rell,5,2,0.4
Irelia,Renekton,1,1,1.0
Irelia,Rengar,4,2,0.5
Irelia,Riven,1,1,1.0
Irelia,Rumble,2,1,0.5
Irelia,Ryze,12,7,0.5833333333333334
Irelia,Samira,2,1,0.5
Irelia,Sejuani,1,0,0.0
Irelia,Senna,7,5,0.7142857142857143
Irelia,Seraphine,6,4,0.6666666666666666
Irelia,Sett,1,1,1.0
Irelia,Shaco,1,1,1.0
Irelia,Shen,4,3,0.75
Irelia,Shyvana,5,4,0.8
Irelia,Singed,1,0,0.0
Irelia,Sion,3,1,0.3333333333333333
Irelia,Sivir,2,0,0.0
Irelia,Skarner,3,1,0.3333333333333333
Irelia,Smolder,3,1,0.3333333333333333
Irelia,Sona,9,5,0.5555555555555556
Irelia,Soraka,6,4,0.6666666666666666
Irelia,Swain,4,3,0.75
Irelia,Sylas,9,2,0.2222222222222222
Irelia,Syndra,3,3,1.0
Irelia,Taliyah,7,4,0.5714285714285714
Irelia,Talon,4,3,0.75
Irelia,Taric,1,0,0.0
Irelia,Thresh,3,1,0.3333333333333333
Irelia,Tristana,2,1,0.5
Irelia,TwistedFate,6,5,0.8333333333333334
Irelia,Twitch,1,1,1.0
Irelia,Udyr,2,1,0.5
Irelia,Urgot,1,1,1.0
Irelia,Varus,7,4,0.5714285714285714
Irelia,Vayne,2,2,1.0
Irelia,Veigar,3,3,1.0
Irelia,Velkoz,2,1,0.5
Irelia,Vex,1,1,1.0
Irelia,Vi,8,3,0.375
Irelia,Viego,4,2,0.5
Irelia,Viktor,1,1,1.0
Irelia,Vladimir,5,1,0.2
Irelia,Volibear,1,1,1.0
Irelia,Xayah,1,0,0.0
Irelia,Xerath,1,1,1.0
Irelia,XinZhao,5,2,0.4
Irelia,Yasuo,3,2,0.6666666666666666
Irelia,Yone,6,4,0.6666666666666666
Irelia,Yorick,1,1,1.0
Irelia,Yunara,13,6,0.46153846153846156
Irelia,Zaahen,1,1,1.0
Irelia,Zed,3,2,0.6666666666666666
Irelia,Ziggs,5,1,0.2
Irelia,Zilean,3,3,1.0
Irelia,Zoe,5,1,0.2
Irelia,Zyra,5,4,0.8
Ivern,Janna,1,0,0.0
Ivern,JarvanIV,1,0,0.0
Ivern,Jax,1,1,1.0
Ivern,Jayce,2,0,0.0
Ivern,Jhin,3,2,0.6666666666666666
Ivern,Jinx,2,0,0.0
Ivern,KSante,2,1,0.5
Ivern,Kaisa,1,0,0.0
Ivern,Karma,2,2,1.0
Ivern,Katarina,1,1,1.0
Ivern,Kayn,1,1,1.0
Ivern,LeeSin,1,0,0.0
Ivern,Lissandra,2,0,0.0
Ivern,Lucian,9,3,0.3333333333333333
Ivern,Lulu,3,0,0.0
Ivern,Lux,2,0,0.0
Ivern,Malphite,2,0,0.0
Ivern,Malzahar,1,0,0.0
Ivern,MasterYi,1,0,0.0
Ivern,Mel,1,0,0.0
Ivern,Milio,3,1,0.3333333333333333
Ivern,MissFortune,1,1,1.0
Ivern,Naafiri,2,1,0.5
Ivern,Nami,4,1,0.25
Ivern,Nasus,1,1,1.0
Ivern,Nautilus,7,3,0.42857142857142855
Ivern,Nidalee,3,2,0.6666666666666666
Ivern,Nocturne,1,1,1.0
Ivern,Nunu,1,0,0.0
Ivern,Orianna,2,1,0.5
Ivern,Ornn,2,2,1.0
Ivern,Pantheon,2,0,0.0
Ivern,Poppy,2,1,0.5
Ivern,Pyke,6,3,0.5
Ivern,Qiyana,2,0,0.0
Ivern,Quinn,1,1,1.0
Ivern,Rell,1,0,0.0
Ivern,Renekton,1,0,0.0
Ivern,Rengar,3,1,0.3333333333333333
Ivern,Riven,2,0,0.0
Ivern,Rumble,3,2,0.6666666666666666
Ivern,Ryze,1,0,0.0
Ivern,Senna,3,1,0.3333333333333333
Ivern,Seraphine,2,1,0.5
Ivern,Sett,2,1,0.5
Ivern,Shen,2,0,0.0
Ivern,Singed,1,0,0.0
Ivern,Sion,2,0,0.0
Ivern,Sivir,1,1,1.0
Ivern,Skarner,1,1,1.0
Ivern,Swain,2,1,0.5
Ivern,Sylas,1,1,1.0
Ivern,Taliyah,2,1,0.5
Ivern,Taric,2,1,0.5
Ivern,Tristana,5,1,0.2
Ivern,Tryndamere,1,1,1.0
Ivern,TwistedFate,1,1,1.0
Ivern,Udyr,1,0,0.0
Ivern,Urgot,2,1,0.5
Ivern,Varus,5,0,0.0
Ivern,Vayne,4,0,0.0
Ivern,Veigar,2,1,0.5
Ivern,Vi,1,0,0.0
Ivern,Viego,1,1,1.0
Ivern,Viktor,2,0,0.0
Ivern,Vladimir,4,1,0.25
Ivern,Xayah,1,0,0.0
Ivern,Yasuo,7,2,0.2857142857142857
Ivern,Yone,6,3,0.5
Ivern,Yunara,3,1,0.3333333333333333
Ivern,Zac,1,0,0.0
Ivern,Zed,1,0,0.0
Ivern,Zoe,1,0,0.0
Janna,JarvanIV,3,3,1.0
Janna,Jax,3,2,0.6666666666666666
Janna,Jayce,9,4,0.4444444444444444
Janna,Jhin,3,1,0.3333333333333333
Janna,Jinx,1,1,1.0
Janna,KSante,1,0,0.0
Janna,Kaisa,1,1,1.0
Janna,Karthus,1,0,0.0
Janna,Katarina,2,1,0.5
Janna,Kayle,1,1,1.0
Janna,Kayn,1,0,0.0
Janna,Kennen,1,0,0.0
Janna,Khazix,1,0,0.0
Janna,Leblanc,4,2,0.5
Janna,LeeSin,7,3,0.42857142857142855
Janna,Lissandra,2,1,0.5
Janna,Lucian,1,1,1.0
Janna,Lux,3,0,0.0
Janna,Malphite,1,0,0.0
Janna,Malzahar,1,0,0.0
Janna,MasterYi,3,1,0.3333333333333333
Janna,Mel,2,0,0.0
Janna,MissFortune,2,1,0.5
Janna,MonkeyKing,2,2,1.0
Janna,Naafiri,4,2,0.5
Janna,Nocturne,2,2,1.0
Janna,Nunu,1,0,0.0
Janna,Olaf,1,1,1.0
Janna,Orianna,4,2,0.5
Janna,Ornn,2,1,0.5
Janna,Pantheon,2,1,0.5
Janna,Qiyana,1,0,0.0
Janna,RekSai,6,4,0.6666666666666666
Janna,Renekton,2,0,0.0
Janna,Rengar,1,1,1.0
Janna,Riven,3,1,0.3333333333333333
Janna,Rumble,2,0,0.0
Janna,Ryze,5,3,0.6
Janna,Samira,1,0,0.0
Janna,Senna,1,0,0.0
Janna,Shaco,1,1,1.0
Janna,Shen,1,1,1.0
Janna,Shyvana,1,0,0.0
Janna,Singed,1,0,0.0
Janna,Sion,1,0,0.0
Janna,Sivir,3,2,0.6666666666666666
Janna,Skarner,3,3,1.0
Janna,Smolder,2,1,0.5
Janna,Soraka,1,1,1.0
Janna,Swain,3,1,0.3333333333333333
Janna,Sylas,3,2,0.6666666666666666
Janna,Syndra,2,2,1.0
Janna,Taliyah,1,0,0.0
Janna,Talon,2,1,0.5
Janna,Teemo,3,2,0.6666666666666666
Janna,Tristana,1,0,0.0
Janna,TwistedFate,2,1,0.5
Janna,Udyr,1,0,0.0
Janna,Varus,3,1,0.3333333333333333
Janna,Vayne,4,3,0.75
Janna,Veigar,3,3,1.0
Janna,Vex,1,0,0.0
Janna,Vi,6,2,0.3333333333333333
Janna,Viego,3,1,0.3333333333333333
Janna,Viktor,2,0,0.0
Janna,Vladimir,2,1,0.5
Janna,XinZhao,1,0,0.0
Janna,Yasuo,8,3,0.375
Janna,Yone,3,2,0.6666666666666666
Janna,Yorick,4,3,0.75
Janna,Yunara,3,0,0.0
Janna,Zaahen,3,1,0.3333333333333333
Janna,Zeri,1,1,1.0
Janna,Zoe,1,1,1.0
JarvanIV,Jax,14,8,0.5714285714285714
JarvanIV,Jayce,54,29,0.5370370370370371
JarvanIV,Jhin,35,20,0.5714285714285714
JarvanIV,Jinx,6,4,0.6666666666666666
JarvanIV,KSante,9,6,0.6666666666666666
JarvanIV,Kaisa,21,9,0.42857142857142855
JarvanIV,Kalista,7,3,0.42857142857142855
JarvanIV,Karma,55,23,0.41818181818181815
JarvanIV,Karthus,7,5,0.7142857142857143
JarvanIV,Kassadin,4,2,0.5
JarvanIV,Katarina,11,7,0.6363636363636364
JarvanIV,Kayle,3,3,1.0
JarvanIV,Kennen,10,6,0.6
JarvanIV,Kindred,1,0,0.0
JarvanIV,Kled,2,0,0.0
JarvanIV,KogMaw,3,2,0.6666666666666666
JarvanIV,Leblanc,11,4,0.36363636363636365
JarvanIV,LeeSin,2,1,0.5
JarvanIV,Leona,10,8,0.8
JarvanIV,Lissandra,14,6,0.42857142857142855
JarvanIV,Lucian,18,7,0.3888888888888889
JarvanIV,Lulu,24,13,0.5416666666666666
JarvanIV,Lux,15,6,0.4
JarvanIV,Malphite,4,4,1.0
JarvanIV,Malzahar,2,0,0.0
JarvanIV,Maokai,2,2,1.0
JarvanIV,MasterYi,1,1,1.0
JarvanIV,Mel,24,9,0.375
JarvanIV,Milio,3,2,0.6666666666666666
JarvanIV,MissFortune,8,4,0.5
JarvanIV,Naafiri,2,1,0.5
JarvanIV,Nami,29,15,0.5172413793103449
JarvanIV,Nasus,1,0,0.0
JarvanIV,Nautilus,32,19,0.59375
JarvanIV,Neeko,22,12,0.5454545454545454
JarvanIV,Nidalee,3,2,0.6666666666666666
JarvanIV,Olaf,2,0,0.0
JarvanIV,Orianna,33,19,0.5757575757575758
JarvanIV,Ornn,8,5,0.625
JarvanIV,Pantheon,17,9,0.5294117647058824
JarvanIV,Poppy,6,3,0.5
JarvanIV,Pyke,10,2,0.2
JarvanIV,Qiyana,6,4,0.6666666666666666
JarvanIV,Quinn,2,1,0.5
JarvanIV,Rakan,11,4,0.36363636363636365
JarvanIV,RekSai,2,2,1.0
JarvanIV,Rell,10,3,0.3
JarvanIV,Renata,3,1,0.3333333333333333
JarvanIV,Renekton,18,9,0.5
JarvanIV,Rengar,1,1,1.0
JarvanIV,Riven,14,5,0.35714285714285715
JarvanIV,Rumble,24,11,0.4583333333333333
JarvanIV,Ryze,36,14,0.3888888888888889
JarvanIV,Sejuani,1,0,0.0
JarvanIV,Senna,13,7,0.5384615384615384
JarvanIV,Seraphine,13,7,0.5384615384615384
JarvanIV,Shen,5,4,0.8
JarvanIV,Shyvana,1,0,0.0
JarvanIV,Singed,10,3,0.3
JarvanIV,Sion,19,8,0.42105263157894735
JarvanIV,Sivir,12,5,0.4166666666666667
JarvanIV,Skarner,4,2,0.5
JarvanIV,Smolder,2,2,1.0
JarvanIV,Sona,16,8,0.5
JarvanIV,Soraka,8,7,0.875
JarvanIV,Swain,4,2,0.5
JarvanIV,Sylas,20,10,0.5
JarvanIV,Syndra,10,4,0.4
JarvanIV,TahmKench,2,0,0.0
JarvanIV,Taliyah,8,6,0.75
JarvanIV,Talon,1,0,0.0
JarvanIV,Taric,1,1,1.0
JarvanIV,Teemo,6,3,0.5
JarvanIV,Thresh,9,6,0.6666666666666666
JarvanIV,Tristana,13,8,0.6153846153846154
JarvanIV,Tryndamere,3,2,0.6666666666666666
JarvanIV,TwistedFate,12,8,0.6666666666666666
JarvanIV,Twitch,1,0,0.0
JarvanIV,Udyr,2,0,0.0
JarvanIV,Urgot,3,1,0.3333333333333333
JarvanIV,Varus,28,12,0.42857142857142855
JarvanIV,Vayne,23,13,0.5652173913043478
JarvanIV,Veigar,6,4,0.6666666666666666
JarvanIV,Velkoz,6,2,0.3333333333333333
JarvanIV,Vex,3,1,0.3333333333333333
JarvanIV,Viego,1,0,0.0
JarvanIV,Viktor,17,9,0.5294117647058824
JarvanIV,Vladimir,8,3,0.375
JarvanIV,Volibear,3,1,0.3333333333333333
JarvanIV,Xayah,3,2,0.6666666666666666
JarvanIV,Xerath,13,7,0.5384615384615384
JarvanIV,Yasuo,20,10,0.5
JarvanIV,Yone,9,4,0.4444444444444444
JarvanIV,Yorick,6,1,0.16666666666666666
JarvanIV,Yunara,39,20,0.5128205128205128
JarvanIV,Yuumi,3,1,0.3333333333333333
JarvanIV,Zaahen,6,3,0.5
JarvanIV,Zac,2,1,0.5
JarvanIV,Zed,4,2,0.5
JarvanIV,Zeri,4,1,0.25
JarvanIV,Ziggs,13,5,0.38461538461538464
JarvanIV,Zilean,2,0,0.0
JarvanIV,Zoe,17,10,0.5882352941176471
JarvanIV,Zyra,1,0,0.0
Jax,Jayce,6,4,0.6666666666666666
Jax,Jhin,15,9,0.6
Jax,Jinx,1,0,0.0
Jax,KSante,1,0,0.0
Jax,Kaisa,6,2,0.3333333333333333
Jax,Kalista,2,0,0.0
Jax,Karma,11,4,0.36363636363636365
Jax,Karthus,2,1,0.5
Jax,Kassadin,1,1,1.0
Jax,Katarina,1,0,0.0
Jax,Khazix,1,0,0.0
Jax,Kindred,2,1,0.5
Jax,Leblanc,2,1,0.5
Jax,LeeSin,13,8,0.6153846153846154
Jax,Leona,3,1,0.3333333333333333
Jax,Lillia,2,1,0.5
Jax,Lissandra,4,2,0.5
Jax,Lucian,7,3,0.42857142857142855
Jax,Lulu,6,3,0.5
Jax,Lux,1,0,0.0
Jax,Malphite,1,1,1.0
Jax,Malzahar,3,1,0.3333333333333333
Jax,Maokai,2,2,1.0
Jax,MasterYi,1,0,0.0
Jax,Mel,7,5,0.7142857142857143
Jax,Milio,3,1,0.3333333333333333
Jax,MissFortune,3,2,0.6666666666666666
Jax,MonkeyKing,1,1,1.0
Jax,Morgana,2,0,0.0
Jax,Naafiri,8,4,0.5
Jax,Nami,10,5,0.5
Jax,Nasus,1,0,0.0
Jax,Nautilus,10,5,0.5
Jax,Neeko,5,3,0.6
Jax,Nidalee,4,3,0.75
Jax,Nocturne,3,1,0.3333333333333333
Jax,Nunu,2,1,0.5
Jax,Olaf,1,0,0.0
Jax,Orianna,8,3,0.375
Jax,Ornn,1,1,1.0
Jax,Pantheon,7,4,0.5714285714285714
Jax,Poppy,6,3,0.5
Jax,Pyke,6,4,0.6666666666666666
Jax,Qiyana,4,2,0.5
Jax,Rakan,4,1,0.25
Jax,RekSai,2,1,0.5
Jax,Rell,10,5,0.5
Jax,Rengar,4,3,0.75
Jax,Riven,3,2,0.6666666666666666
Jax,Rumble,2,0,0.0
Jax,Ryze,12,8,0.6666666666666666
Jax,Sejuani,1,1,1.0
Jax,Senna,3,3,1.0
Jax,Seraphine,6,4,0.6666666666666666
Jax,Sett,1,1,1.0
Jax,Shen,2,1,0.5
Jax,Shyvana,1,1,1.0
Jax,Singed,1,1,1.0
Jax,Sion,2,2,1.0
Jax,Sivir,7,3,0.42857142857142855
Jax,Skarner,1,0,0.0
Jax,Sona,4,3,0.75
Jax,Soraka,2,1,0.5
Jax,Swain,2,2,1.0
Jax,Sylas,9,8,0.8888888888888888
Jax,Syndra,7,4,0.5714285714285714
Jax,Taliyah,1,0,0.0
Jax,Talon,3,1,0.3333333333333333
Jax,Thresh,3,1,0.3333333333333333
Jax,Tristana,1,1,1.0
Jax,TwistedFate,6,6,1.0
Jax,Twitch,1,0,0.0
Jax,Udyr,1,1,1.0
Jax,Varus,6,4,0.6666666666666666
Jax,Vayne,6,1,0.16666666666666666
Jax,Veigar,1,1,1.0
Jax,Velkoz,1,1,1.0
Jax,Vex,3,2,0.6666666666666666
Jax,Vi,3,2,0.6666666666666666
Jax,Viego,3,1,0.3333333333333333
Jax,Viktor,6,3,0.5
Jax,Vladimir,5,3,0.6
Jax,Xayah,2,1,0.5
Jax,Xerath,2,2,1.0
Jax,XinZhao,9,6,0.6666666666666666
Jax,Yasuo,1,1,1.0
Jax,Yone,3,3,1.0
Jax,Yunara,7,4,0.5714285714285714
Jax,Yuumi,2,2,1.0
Jax,Zaahen,3,2,0.6666666666666666
Jax,Zeri,1,1,1.0
Jax,Ziggs,7,3,0.42857142857142855
Jax,Zilean,2,1,0.5
Jax,Zoe,3,2,0.6666666666666666
Jax,Zyra,2,1,0.5
Jayce,Jhin,40,23,0.575
Jayce,Jinx,8,4,0.5
Jayce,KSante,4,1,0.25
Jayce,Kaisa,28,13,0.4642857142857143
Jayce,Kalista,8,4,0.5
Jayce,Karma,60,32,0.5333333333333333
Jayce,Karthus,14,7,0.5
Jayce,Kassadin,5,1,0.2
Jayce,Katarina,15,8,0.5333333333333333
Jayce,Kayle,2,0,0.0
Jayce,Kayn,7,1,0.14285714285714285
Jayce,Kennen,2,1,0.5
Jayce,Khazix,4,0,0.0
Jayce,Kindred,8,3,0.375
Jayce,Kled,7,5,0.7142857142857143
Jayce,KogMaw,9,6,0.6666666666666666
Jayce,Leblanc,25,12,0.48
Jayce,LeeSin,42,23,0.5476190476190477
Jayce,Leona,21,7,0.3333333333333333
Jayce,Lillia,12,3,0.25
Jayce,Lissandra,14,4,0.2857142857142857
Jayce,Lucian,30,14,0.4666666666666667
Jayce,Lulu,29,15,0.5172413793103449
Jayce,Lux,11,3,0.2727272727272727
Jayce,Malphite,3,2,0.6666666666666666
Jayce,Malzahar,3,0,0.0
Jayce,Maokai,4,1,0.25
Jayce,MasterYi,12,5,0.4166666666666667
Jayce,Mel,26,13,0.5
Jayce,Milio,3,2,0.6666666666666666
Jayce,MissFortune,11,6,0.5454545454545454
Jayce,MonkeyKing,5,2,0.4
Jayce,Morgana,3,2,0.6666666666666666
Jayce,Naafiri,18,7,0.3888888888888889
Jayce,Nami,33,14,0.42424242424242425
Jayce,Nasus,5,1,0.2
Jayce,Nautilus,67,28,0.417910447761194
Jayce,Neeko,26,15,0.5769230769230769
Jayce,Nidalee,26,13,0.5
Jayce,Nilah,2,2,1.0
Jayce,Nocturne,20,7,0.35
Jayce,Nunu,7,5,0.7142857142857143
Jayce,Olaf,4,3,0.75
Jayce,Orianna,31,18,0.5806451612903226
Jayce,Ornn,2,1,0.5
Jayce,Pantheon,37,16,0.43243243243243246
Jayce,Poppy,9,4,0.4444444444444444
Jayce,Pyke,18,6,0.3333333333333333
Jayce,Qiyana,17,10,0.5882352941176471
Jayce,Quinn,5,3,0.6
Jayce,Rakan,14,8,0.5714285714285714
Jayce,Rammus,2,1,0.5
Jayce,RekSai,5,2,0.4
Jayce,Rell,19,9,0.47368421052631576
Jayce,Renata,1,1,1.0
Jayce,Renekton,6,2,0.3333333333333333
Jayce,Rengar,8,6,0.75
Jayce,Riven,4,1,0.25
Jayce,Rumble,11,8,0.7272727272727273
Jayce,Ryze,42,21,0.5
Jayce,Samira,1,0,0.0
Jayce,Sejuani,3,1,0.3333333333333333
Jayce,Senna,23,11,0.4782608695652174
Jayce,Seraphine,22,14,0.6363636363636364
Jayce,Sett,2,1,0.5
Jayce,Shaco,3,2,0.6666666666666666
Jayce,Shen,3,1,0.3333333333333333
Jayce,Shyvana,1,1,1.0
Jayce,Singed,1,1,1.0
Jayce,Sion,7,1,0.14285714285714285
Jayce,Sivir,18,9,0.5
Jayce,Skarner,7,4,0.5714285714285714
Jayce,Smolder,4,2,0.5
Jayce,Sona,20,9,0.45
Jayce,Soraka,12,11,0.9166666666666666
Jayce,Swain,13,9,0.6923076923076923
Jayce,Sylas,35,19,0.5428571428571428
Jayce,Syndra,21,11,0.5238095238095238
Jayce,TahmKench,1,1,1.0
Jayce,Taliyah,11,5,0.45454545454545453
Jayce,Talon,12,6,0.5
Jayce,Taric,3,1,0.3333333333333333
Jayce,Teemo,2,2,1.0
Jayce,Thresh,12,6,0.5
Jayce,Tristana,7,6,0.8571428571428571
Jayce,TwistedFate,12,5,0.4166666666666667
Jayce,Twitch,2,1,0.5
Jayce,Udyr,5,2,0.4
Jayce,Urgot,2,0,0.0
Jayce,Varus,27,9,0.3333333333333333
Jayce,Vayne,13,7,0.5384615384615384
Jayce,Veigar,7,3,0.42857142857142855
Jayce,Velkoz,12,5,0.4166666666666667
Jayce,Vex,6,3,0.5
Jayce,Vi,31,17,0.5483870967741935
Jayce,Viego,18,7,0.3888888888888889
Jayce,Viktor,12,4,0.3333333333333333
Jayce,Vladimir,18,10,0.5555555555555556
Jayce,Volibear,2,2,1.0
Jayce,Xayah,11,5,0.45454545454545453
Jayce,Xerath,10,6,0.6
Jayce,XinZhao,18,9,0.5
Jayce,Yasuo,10,7,0.7
Jayce,Yone,14,3,0.21428571428571427
Jayce,Yunara,54,24,0.4444444444444444
Jayce,Yuumi,6,1,0.16666666666666666
Jayce,Zaahen,6,4,0.6666666666666666
Jayce,Zac,5,2,0.4
Jayce,Zed,7,2,0.2857142857142857
Jayce,Zeri,4,2,0.5
Jayce,Ziggs,8,4,0.5
Jayce,Zilean,5,2,0.4
Jayce,Zoe,15,6,0.4
Jayce,Zyra,16,8,0.5
Jhin,KSante,14,10,0.7142857142857143
Jhin,Kaisa,2,0,0.0
Jhin,Kalista,2,0,0.0
Jhin,Karma,54,24,0.4444444444444444
Jhin,Karthus,4,1,0.25
Jhin,Kassadin,1,0,0.0
Jhin,Katarina,4,3,0.75
Jhin,Kayle,2,0,0.0
Jhin,Kayn,7,3,0.42857142857142855
Jhin,Kennen,10,6,0.6
Jhin,Khazix,4,2,0.5
Jhin,Kindred,9,5,0.5555555555555556
Jhin,Kled,3,2,0.6666666666666666
Jhin,Leblanc,19,12,0.631578947368421
Jhin,LeeSin,42,21,0.5
Jhin,Leona,13,6,0.46153846153846156
Jhin,Lillia,12,5,0.4166666666666667
Jhin,Lissandra,12,5,0.4166666666666667
Jhin,Lucian,4,0,0.0
Jhin,Lulu,5,2,0.4
Jhin,Lux,7,3,0.42857142857142855
Jhin,Malphite,10,4,0.4
Jhin,Malzahar,1,0,0.0
Jhin,Maokai,5,1,0.2
Jhin,MasterYi,5,2,0.4
Jhin,Mel,3,2,0.6666666666666666
Jhin,Milio,2,2,1.0
Jhin,MissFortune,1,0,0.0
Jhin,Mordekaiser,1,1,1.0
Jhin,Morgana,1,1,1.0
Jhin,Naafiri,20,11,0.55
Jhin,Nami,5,1,0.2
Jhin,Nasus,6,2,0.3333333333333333
Jhin,Nautilus,20,11,0.55
Jhin,Neeko,21,12,0.5714285714285714
Jhin,Nidalee,17,12,0.7058823529411765
Jhin,Nocturne,20,9,0.45
Jhin,Nunu,4,4,1.0
Jhin,Olaf,5,2,0.4
Jhin,Orianna,28,16,0.5714285714285714
Jhin,Ornn,5,3,0.6
Jhin,Pantheon,35,20,0.5714285714285714
Jhin,Poppy,9,5,0.5555555555555556
Jhin,Pyke,19,10,0.5263157894736842
Jhin,Qiyana,14,10,0.7142857142857143
Jhin,Quinn,7,5,0.7142857142857143
Jhin,Rakan,10,6,0.6
Jhin,Rammus,1,1,1.0
Jhin,RekSai,6,1,0.16666666666666666
Jhin,Rell,10,3,0.3
Jhin,Renata,1,1,1.0
Jhin,Renekton,18,11,0.6111111111111112
Jhin,Rengar,3,3,1.0
Jhin,Riven,13,3,0.23076923076923078
Jhin,Rumble,25,12,0.48
Jhin,Ryze,30,17,0.5666666666666667
Jhin,Sejuani,5,3,0.6
Jhin,Senna,6,4,0.6666666666666666
Jhin,Seraphine,4,3,0.75
Jhin,Sett,1,1,1.0
Jhin,Shaco,3,2,0.6666666666666666
Jhin,Shen,9,6,0.6666666666666666
Jhin,Shyvana,1,1,1.0
Jhin,Singed,10,3,0.3
Jhin,Sion,15,8,0.5333333333333333
Jhin,Sivir,1,1,1.0
Jhin,Skarner,8,4,0.5
Jhin,Smolder,1,1,1.0
Jhin,Sona,16,8,0.5
Jhin,Soraka,8,5,0.625
Jhin,Swain,3,3,1.0
Jhin,Sylas,23,12,0.5217391304347826
Jhin,Syndra,10,5,0.5
Jhin,TahmKench,2,2,1.0
Jhin,Taliyah,9,7,0.7777777777777778
Jhin,Talon,12,5,0.4166666666666667
Jhin,Taric,1,0,0.0
Jhin,Teemo,5,4,0.8
Jhin,Thresh,8,3,0.375
Jhin,Tristana,3,2,0.6666666666666666
Jhin,TwistedFate,14,11,0.7857142857142857
Jhin,Udyr,6,3,0.5
Jhin,Urgot,1,1,1.0
Jhin,Varus,8,4,0.5
Jhin,Vayne,22,14,0.6363636363636364
Jhin,Veigar,2,0,0.0
Jhin,Velkoz,2,0,0.0
Jhin,Vex,3,3,1.0
Jhin,Vi,15,9,0.6
Jhin,Viego,12,5,0.4166666666666667
Jhin,Viktor,12,4,0.3333333333333333
Jhin,Vladimir,8,3,0.375
Jhin,Volibear,2,1,0.5
Jhin,Warwick,1,1,1.0
Jhin,Xerath,9,5,0.5555555555555556
Jhin,XinZhao,24,11,0.4583333333333333
Jhin,Yasuo,11,5,0.45454545454545453
Jhin,Yone,17,5,0.29411764705882354
Jhin,Yorick,8,4,0.5
Jhin,Yuumi,3,0,0.0
Jhin,Zaahen,8,5,0.625
Jhin,Zac,5,5,1.0
Jhin,Zed,3,1,0.3333333333333333
Jhin,Ziggs,2,1,0.5
Jhin,Zilean,8,7,0.875
Jhin,Zoe,12,5,0.4166666666666667
Jhin,Zyra,14,6,0.42857142857142855
Jinx,KSante,4,2,0.5
Jinx,Karma,8,3,0.375
Jinx,Karthus,1,0,0.0
Jinx,Katarina,1,1,1.0
Jinx,Kayle,1,1,1.0
Jinx,Kayn,3,1,0.3333333333333333
Jinx,Kennen,4,3,0.75
Jinx,Kindred,2,1,0.5
Jinx,Kled,1,0,0.0
Jinx,Leblanc,4,4,1.0
Jinx,LeeSin,11,5,0.45454545454545453
Jinx,Leona,3,1,0.3333333333333333
Jinx,Lissandra,5,1,0.2
Jinx,Lulu,14,10,0.7142857142857143
Jinx,Lux,2,0,0.0
Jinx,Malphite,3,2,0.6666666666666666
Jinx,MasterYi,1,1,1.0
Jinx,Mel,5,2,0.4
Jinx,Milio,2,2,1.0
Jinx,MonkeyKing,2,1,0.5
Jinx,Morgana,1,0,0.0
Jinx,Naafiri,7,4,0.5714285714285714
Jinx,Nami,3,0,0.0
Jinx,Nautilus,9,4,0.4444444444444444
Jinx,Neeko,2,2,1.0
Jinx,Nidalee,3,2,0.6666666666666666
Jinx,Nocturne,2,1,0.5
Jinx,Nunu,2,2,1.0
Jinx,Olaf,1,1,1.0
Jinx,Orianna,4,2,0.5
Jinx,Ornn,5,4,0.8
Jinx,Pantheon,4,2,0.5
Jinx,Poppy,2,1,0.5
Jinx,Pyke,4,2,0.5
Jinx,Qiyana,5,3,0.6
Jinx,Quinn,1,1,1.0
Jinx,Rakan,1,1,1.0
Jinx,RekSai,3,2,0.6666666666666666
Jinx,Rell,1,0,0.0
Jinx,Renekton,4,1,0.25
Jinx,Rengar,4,3,0.75
Jinx,Riven,3,2,0.6666666666666666
Jinx,Rumble,6,2,0.3333333333333333
Jinx,Ryze,8,2,0.25
Jinx,Senna,1,1,1.0
Jinx,Seraphine,4,2,0.5
Jinx,Sett,2,1,0.5
Jinx,Shaco,1,1,1.0
Jinx,Shen,3,2,0.6666666666666666
Jinx,Singed,2,1,0.5
Jinx,Sion,4,3,0.75
Jinx,Skarner,1,0,0.0
Jinx,Sona,3,3,1.0
Jinx,Soraka,2,0,0.0
Jinx,Sylas,8,6,0.75
Jinx,Syndra,4,3,0.75
Jinx,TahmKench,1,0,0.0
Jinx,Taric,1,1,1.0
Jinx,Teemo,3,3,1.0
Jinx,Thresh,20,6,0.3
Jinx,Tristana,1,1,1.0
Jinx,TwistedFate,3,0,0.0
Jinx,Udyr,1,0,0.0
Jinx,Varus,1,1,1.0
Jinx,Vayne,5,2,0.4
Jinx,Vi,4,1,0.25
Jinx,Viego,4,3,0.75
Jinx,Viktor,5,4,0.8
Jinx,Vladimir,3,1,0.3333333333333333
Jinx,Volibear,1,1,1.0
Jinx,Warwick,1,1,1.0
Jinx,XinZhao,2,0,0.0
Jinx,Yasuo,8,3,0.375
Jinx,Yone,1,0,0.0
Jinx,Yorick,1,0,0.0
Jinx,Zaahen,6,1,0.16666666666666666
Jinx,Zac,1,0,0.0
Jinx,Zed,2,2,1.0
Jinx,Zeri,1,0,0.0
Jinx,Zilean,1,0,0.0
Jinx,Zoe,2,2,1.0
Jinx,Zyra,4,3,0.75
KSante,Kaisa,8,6,0.75
KSante,Kalista,1,1,1.0
KSante,Karma,18,9,0.5
KSante,Karthus,3,1,0.3333333333333333
KSante,Katarina,2,0,0.0
KSante,Kayn,1,1,1.0
KSante,Kennen,1,1,1.0
KSante,Kindred,5,2,0.4
KSante,KogMaw,2,1,0.5
KSante,Leblanc,3,2,0.6666666666666666
KSante,LeeSin,12,6,0.5
KSante,Leona,3,2,0.6666666666666666
KSante,Lillia,1,1,1.0
KSante,Lissandra,4,2,0.5
KSante,Lucian,7,2,0.2857142857142857
KSante,Lulu,9,4,0.4444444444444444
KSante,Lux,3,1,0.3333333333333333
KSante,Malphite,1,0,0.0
KSante,Malzahar,1,0,0.0
KSante,MasterYi,1,0,0.0
KSante,Mel,6,1,0.16666666666666666
KSante,Milio,2,2,1.0
KSante,MissFortune,1,0,0.0
KSante,MonkeyKing,2,1,0.5
KSante,Morgana,2,1,0.5
KSante,Naafiri,11,8,0.7272727272727273
KSante,Nami,8,4,0.5
KSante,Nautilus,14,9,0.6428571428571429
KSante,Neeko,6,3,0.5
KSante,Nidalee,5,4,0.8
KSante,Nocturne,5,2,0.4
KSante,Nunu,2,0,0.0
KSante,Orianna,8,5,0.625
KSante,Pantheon,7,4,0.5714285714285714
KSante,Poppy,2,2,1.0
KSante,Pyke,5,2,0.4
KSante,Qiyana,4,2,0.5
KSante,Quinn,1,0,0.0
KSante,Rakan,8,8,1.0
KSante,RekSai,3,1,0.3333333333333333
KSante,Rell,2,0,0.0
KSante,Rengar,4,2,0.5
KSante,Riven,3,2,0.6666666666666666
KSante,Ryze,10,6,0.6
KSante,Samira,1,0,0.0
KSante,Sejuani,1,1,1.0
KSante,Senna,2,0,0.0
KSante,Seraphine,9,3,0.3333333333333333
KSante,Sett,1,1,1.0
KSante,Shaco,4,1,0.25
KSante,Singed,1,0,0.0
KSante,Sivir,2,1,0.5
KSante,Skarner,1,0,0.0
KSante,Smolder,3,2,0.6666666666666666
KSante,Sona,2,1,0.5
KSante,Soraka,1,1,1.0
KSante,Swain,2,2,1.0
KSante,Sylas,9,4,0.4444444444444444
KSante,Syndra,3,2,0.6666666666666666
KSante,Taliyah,7,3,0.42857142857142855
KSante,Talon,3,2,0.6666666666666666
KSante,Taric,1,1,1.0
KSante,Teemo,2,2,1.0
KSante,Thresh,2,0,0.0
KSante,Tristana,5,3,0.6
KSante,Tryndamere,1,1,1.0
KSante,TwistedFate,3,1,0.3333333333333333
KSante,Urgot,1,1,1.0
KSante,Varus,6,3,0.5
KSante,Vayne,2,2,1.0
KSante,Veigar,2,1,0.5
KSante,Velkoz,1,1,1.0
KSante,Vex,1,1,1.0
KSante,Vi,6,2,0.3333333333333333
KSante,Viego,3,1,0.3333333333333333
KSante,Viktor,2,0,0.0
KSante,Vladimir,4,2,0.5
KSante,Xayah,3,2,0.6666666666666666
KSante,Xerath,1,1,1.0
KSante,XinZhao,9,7,0.7777777777777778
KSante,Yasuo,4,2,0.5
KSante,Yone,3,2,0.6666666666666666
KSante,Yunara,12,9,0.75
KSante,Zaahen,4,1,0.25
KSante,Zed,3,3,1.0
KSante,Zeri,1,0,0.0
KSante,Ziggs,2,1,0.5
KSante,Zilean,1,1,1.0
KSante,Zoe,7,3,0.42857142857142855
KSante,Zyra,7,4,0.5714285714285714
Kaisa,Karma,13,5,0.38461538461538464
Kaisa,Karthus,5,2,0.4
Kaisa,Kassadin,2,1,0.5
Kaisa,Katarina,5,3,0.6
Kaisa,Kayle,3,2,0.6666666666666666
Kaisa,Kayn,6,2,0.3333333333333333
Kaisa,Kennen,3,1,0.3333333333333333
Kaisa,Khazix,3,3,1.0
Kaisa,Kindred,4,3,0.75
Kaisa,Kled,3,0,0.0
Kaisa,Leblanc,9,6,0.6666666666666666
Kaisa,LeeSin,19,12,0.631578947368421
Kaisa,Leona,5,3,0.6
Kaisa,Lissandra,13,5,0.38461538461538464
Kaisa,Lucian,4,3,0.75
Kaisa,Lulu,1,0,0.0
Kaisa,Lux,4,2,0.5
Kaisa,Malphite,7,3,0.42857142857142855
Kaisa,Malzahar,1,1,1.0
Kaisa,Maokai,4,4,1.0
Kaisa,MasterYi,3,2,0.6666666666666666
Kaisa,Mel,8,3,0.375
Kaisa,Milio,1,0,0.0
Kaisa,MonkeyKing,3,1,0.3333333333333333
Kaisa,Morgana,1,0,0.0
Kaisa,Naafiri,7,2,0.2857142857142857
Kaisa,Nami,6,1,0.16666666666666666
Kaisa,Nasus,3,3,1.0
Kaisa,Nautilus,65,37,0.5692307692307692
Kaisa,Neeko,34,14,0.4117647058823529
Kaisa,Nidalee,3,3,1.0
Kaisa,Nilah,1,0,0.0
Kaisa,Nocturne,12,6,0.5
Kaisa,Nunu,4,3,0.75
Kaisa,Olaf,5,3,0.6
Kaisa,Orianna,16,7,0.4375
Kaisa,Ornn,7,3,0.42857142857142855
Kaisa,Pantheon,26,16,0.6153846153846154
Kaisa,Poppy,6,3,0.5
Kaisa,Pyke,17,7,0.4117647058823529
Kaisa,Qiyana,8,5,0.625
Kaisa,Quinn,5,2,0.4
Kaisa,Rakan,11,5,0.45454545454545453
Kaisa,Rammus,1,0,0.0
Kaisa,RekSai,3,1,0.3333333333333333
Kaisa,Rell,13,7,0.5384615384615384
Kaisa,Renekton,10,5,0.5
Kaisa,Rengar,3,2,0.6666666666666666
Kaisa,Riven,7,1,0.14285714285714285
Kaisa,Rumble,12,2,0.16666666666666666
Kaisa,Ryze,13,6,0.46153846153846156
Kaisa,Samira,1,0,0.0
Kaisa,Sejuani,1,1,1.0
Kaisa,Senna,4,3,0.75
Kaisa,Seraphine,3,2,0.6666666666666666
Kaisa,Sett,1,1,1.0
Kaisa,Shaco,4,2,0.5
Kaisa,Shen,5,4,0.8
Kaisa,Shyvana,1,0,0.0
Kaisa,Singed,8,4,0.5
Kaisa,Sion,13,5,0.38461538461538464
Kaisa,Skarner,5,3,0.6
Kaisa,Sona,5,0,0.0
Kaisa,Soraka,2,2,1.0
Kaisa,Swain,2,2,1.0
Kaisa,Sylas,11,7,0.6363636363636364
Kaisa,Syndra,4,2,0.5
Kaisa,Taliyah,5,1,0.2
Kaisa,Talon,7,2,0.2857142857142857
Kaisa,Taric,2,1,0.5
Kaisa,Thresh,4,1,0.25
Kaisa,Tristana,1,1,1.0
Kaisa,Trundle,1,1,1.0
Kaisa,TwistedFate,11,6,0.5454545454545454
Kaisa,Udyr,2,0,0.0
Kaisa,Urgot,2,2,1.0
Kaisa,Varus,9,4,0.4444444444444444
Kaisa,Vayne,8,6,0.75
Kaisa,Veigar,2,0,0.0
Kaisa,Vex,3,0,0.0
Kaisa,Vi,24,9,0.375
Kaisa,Viego,9,2,0.2222222222222222
Kaisa,Viktor,4,2,0.5
Kaisa,Vladimir,6,4,0.6666666666666666
Kaisa,Volibear,3,2,0.6666666666666666
Kaisa,Xerath,3,2,0.6666666666666666
Kaisa,XinZhao,11,4,0.36363636363636365
Kaisa,Yasuo,13,6,0.46153846153846156
Kaisa,Yone,14,5,0.35714285714285715
Kaisa,Yorick,8,6,0.75
Kaisa,Yunara,1,1,1.0
Kaisa,Zaahen,8,4,0.5
Kaisa,Zac,1,0,0.0
Kaisa,Zed,5,3,0.6
Kaisa,Zilean,2,1,0.5
Kaisa,Zoe,11,3,0.2727272727272727
Kaisa,Zyra,3,1,0.3333333333333333
Kalista,Karthus,3,0,0.0
Kalista,Kassadin,2,1,0.5
Kalista,Katarina,1,1,1.0
Kalista,Kayle,2,1,0.5
Kalista,Kayn,1,0,0.0
Kalista,Kennen,1,1,1.0
Kalista,Khazix,2,1,0.5
Kalista,Leblanc,2,0,0.0
Kalista,LeeSin,5,2,0.4
Kalista,Leona,1,0,0.0
Kalista,Lillia,1,0,0.0
Kalista,Lissandra,2,2,1.0
Kalista,Lucian,2,1,0.5
Kalista,Lulu,3,2,0.6666666666666666
Kalista,Lux,1,0,0.0
Kalista,Malphite,1,0,0.0
Kalista,MasterYi,1,0,0.0
Kalista,Mel,6,2,0.3333333333333333
Kalista,Milio,1,1,1.0
Kalista,Naafiri,3,3,1.0
Kalista,Nami,1,0,0.0
Kalista,Nautilus,17,7,0.4117647058823529
Kalista,Neeko,4,4,1.0
Kalista,Nidalee,1,1,1.0
Kalista,Nocturne,2,1,0.5
Kalista,Nunu,1,1,1.0
Kalista,Orianna,4,1,0.25
Kalista,Pantheon,11,3,0.2727272727272727
Kalista,Poppy,3,2,0.6666666666666666
Kalista,Pyke,5,2,0.4
Kalista,Qiyana,5,3,0.6
Kalista,RekSai,4,1,0.25
Kalista,Rell,3,0,0.0
Kalista,Renata,13,5,0.38461538461538464
Kalista,Renekton,4,1,0.25
Kalista,Rengar,3,2,0.6666666666666666
Kalista,Riven,2,0,0.0
Kalista,Rumble,6,2,0.3333333333333333
Kalista,Ryze,2,2,1.0
Kalista,Sejuani,1,1,1.0
Kalista,Senna,1,0,0.0
Kalista,Sett,1,1,1.0
Kalista,Shen,1,1,1.0
Kalista,Singed,2,0,0.0
Kalista,Sion,5,2,0.4
Kalista,Skarner,4,1,0.25
Kalista,Smolder,1,0,0.0
Kalista,Sona,1,0,0.0
Kalista,Soraka,3,1,0.3333333333333333
Kalista,Swain,1,1,1.0
Kalista,Sylas,6,1,0.16666666666666666
Kalista,Syndra,2,1,0.5
Kalista,TahmKench,1,0,0.0
Kalista,Taliyah,4,1,0.25
Kalista,Talon,4,0,0.0
Kalista,Taric,3,1,0.3333333333333333
Kalista,Teemo,1,0,0.0
Kalista,Thresh,3,1,0.3333333333333333
Kalista,TwistedFate,2,1,0.5
Kalista,Urgot,2,0,0.0
Kalista,Vayne,5,3,0.6
Kalista,Velkoz,1,1,1.0
Kalista,Vi,3,2,0.6666666666666666
Kalista,Viktor,3,1,0.3333333333333333
Kalista,Vladimir,1,1,1.0
Kalista,XinZhao,3,2,0.6666666666666666
Kalista,Yasuo,1,0,0.0
Kalista,Yone,2,1,0.5
Kalista,Yorick,3,1,0.3333333333333333
Kalista,Yunara,1,1,1.0
Kalista,Yuumi,1,1,1.0
Kalista,Zaahen,1,0,0.0
Kalista,Zed,1,0,0.0
Kalista,Zoe,3,1,0.3333333333333333
Kalista,Zyra,1,0,0.0
Karma,Karthus,7,1,0.14285714285714285
Karma,Kassadin,5,2,0.4
Karma,Katarina,11,7,0.6363636363636364
Karma,Kayle,3,1,0.3333333333333333
Karma,Kayn,5,2,0.4
Karma,Kennen,3,1,0.3333333333333333
Karma,Khazix,9,2,0.2222222222222222
Karma,Kindred,5,0,0.0
Karma,KogMaw,2,0,0.0
Karma,Leblanc,12,5,0.4166666666666667
Karma,LeeSin,44,21,0.4772727272727273
Karma,Lillia,4,1,0.25
Karma,Lissandra,14,8,0.5714285714285714
Karma,Lucian,8,5,0.625
Karma,Lulu,1,0,0.0
Karma,Lux,4,0,0.0
Karma,Malphite,12,4,0.3333333333333333
Karma,Malzahar,7,3,0.42857142857142855
Karma,Maokai,2,1,0.5
Karma,MasterYi,4,0,0.0
Karma,Mel,15,7,0.4666666666666667
Karma,MissFortune,3,1,0.3333333333333333
Karma,MonkeyKing,7,4,0.5714285714285714
Karma,Mordekaiser,2,2,1.0
Karma,Morgana,1,1,1.0
Karma,Naafiri,30,17,0.5666666666666667
Karma,Nami,2,1,0.5
Karma,Nasus,6,1,0.16666666666666666
Karma,Nautilus,2,0,0.0
Karma,Neeko,3,2,0.6666666666666666
Karma,Nidalee,11,8,0.7272727272727273
Karma,Nilah,1,0,0.0
Karma,Nocturne,23,8,0.34782608695652173
Karma,Nunu,6,4,0.6666666666666666
Karma,Olaf,5,0,0.0
Karma,Orianna,27,15,0.5555555555555556
Karma,Ornn,11,6,0.5454545454545454
Karma,Pantheon,25,14,0.56
Karma,Poppy,8,5,0.625
Karma,Qiyana,13,8,0.6153846153846154
Karma,Quinn,5,1,0.2
Karma,Rakan,1,1,1.0
Karma,Rammus,1,0,0.0
Karma,RekSai,5,4,0.8
Karma,Rell,2,0,0.0
Karma,Renekton,16,11,0.6875
Karma,Rengar,7,4,0.5714285714285714
Karma,Riven,19,5,0.2631578947368421
Karma,Rumble,22,12,0.5454545454545454
Karma,Ryze,40,14,0.35
Karma,Sejuani,6,3,0.5
Karma,Senna,3,1,0.3333333333333333
Karma,Seraphine,1,0,0.0
Karma,Sett,3,1,0.3333333333333333
Karma,Shaco,10,5,0.5
Karma,Shen,8,4,0.5
Karma,Shyvana,3,0,0.0
Karma,Singed,11,6,0.5454545454545454
Karma,Sion,29,18,0.6206896551724138
Karma,Sivir,24,11,0.4583333333333333
Karma,Skarner,16,7,0.4375
Karma,Smolder,6,2,0.3333333333333333
Karma,Sona,1,0,0.0
Karma,Swain,3,3,1.0
Karma,Sylas,32,15,0.46875
Karma,Syndra,16,8,0.5
Karma,TahmKench,2,1,0.5
Karma,Taliyah,11,5,0.45454545454545453
Karma,Talon,13,7,0.5384615384615384
Karma,Teemo,6,4,0.6666666666666666
Karma,Tristana,2,1,0.5
Karma,Trundle,1,1,1.0
Karma,Tryndamere,3,2,0.6666666666666666
Karma,TwistedFate,9,5,0.5555555555555556
Karma,Twitch,1,1,1.0
Karma,Udyr,3,1,0.3333333333333333
Karma,Urgot,2,1,0.5
Karma,Varus,40,15,0.375
Karma,Vayne,29,7,0.2413793103448276
Karma,Veigar,7,1,0.14285714285714285
Karma,Velkoz,2,0,0.0
Karma,Vex,6,2,0.3333333333333333
Karma,Vi,21,12,0.5714285714285714
Karma,Viego,14,4,0.2857142857142857
Karma,Viktor,14,10,0.7142857142857143
Karma,Vladimir,13,4,0.3076923076923077
Karma,Volibear,1,1,1.0
Karma,Xayah,5,3,0.6
Karma,Xerath,5,3,0.6
Karma,XinZhao,27,14,0.5185185185185185
Karma,Yasuo,19,5,0.2631578947368421
Karma,Yone,28,9,0.32142857142857145
Karma,Yorick,11,4,0.36363636363636365
Karma,Yunara,34,16,0.47058823529411764
Karma,Zaahen,16,8,0.5
Karma,Zac,2,1,0.5
Karma,Zed,10,7,0.7
Karma,Zeri,2,0,0.0
Karma,Ziggs,6,3,0.5
Karma,Zilean,2,1,0.5
Karma,Zoe,10,4,0.4
Karma,Zyra,7,2,0.2857142857142857
Karthus,Kassadin,1,1,1.0
Karthus,Katarina,2,0,0.0
Karthus,Kayle,1,0,0.0
Karthus,Kayn,4,2,0.5
Karthus,Khazix,1,0,0.0
Karthus,Kindred,4,2,0.5
Karthus,Kled,1,0,0.0
Karthus,Leblanc,3,1,0.3333333333333333
Karthus,LeeSin,6,3,0.5
Karthus,Leona,5,2,0.4
Karthus,Lissandra,1,0,0.0
Karthus,Lucian,6,4,0.6666666666666666
Karthus,Lulu,5,0,0.0
Karthus,Lux,2,0,0.0
Karthus,Malphite,2,2,1.0
Karthus,Maokai,1,1,1.0
Karthus,Mel,1,0,0.0
Karthus,Milio,1,1,1.0
Karthus,MissFortune,1,0,0.0
Karthus,Morgana,1,1,1.0
Karthus,Naafiri,5,3,0.6
Karthus,Nami,10,6,0.6
Karthus,Nautilus,18,7,0.3888888888888889
Karthus,Neeko,1,0,0.0
Karthus,Nidalee,2,2,1.0
Karthus,Nocturne,4,2,0.5
Karthus,Olaf,1,1,1.0
Karthus,Orianna,3,1,0.3333333333333333
Karthus,Ornn,2,2,1.0
Karthus,Pantheon,6,6,1.0
Karthus,Poppy,2,0,0.0
Karthus,Pyke,10,7,0.7
Karthus,Qiyana,10,9,0.9
Karthus,Quinn,1,0,0.0
Karthus,Rakan,1,1,1.0
Karthus,RekSai,1,1,1.0
Karthus,Rell,2,1,0.5
Karthus,Renekton,3,2,0.6666666666666666
Karthus,Rengar,2,1,0.5
Karthus,Riven,6,3,0.5
Karthus,Rumble,2,1,0.5
Karthus,Ryze,4,1,0.25
Karthus,Senna,10,7,0.7
Karthus,Seraphine,4,2,0.5
Karthus,Shen,1,0,0.0
Karthus,Shyvana,1,0,0.0
Karthus,Singed,3,0,0.0
Karthus,Sion,3,2,0.6666666666666666
Karthus,Sivir,1,1,1.0
Karthus,Skarner,4,2,0.5
Karthus,Smolder,4,1,0.25
Karthus,Sona,3,2,0.6666666666666666
Karthus,Soraka,1,0,0.0
Karthus,Sylas,5,2,0.4
Karthus,Syndra,1,0,0.0
Karthus,Talon,8,5,0.625
Karthus,Teemo,2,1,0.5
Karthus,Thresh,1,0,0.0
Karthus,Tristana,4,3,0.75
Karthus,TwistedFate,6,3,0.5
Karthus,Twitch,1,0,0.0
Karthus,Udyr,2,1,0.5
Karthus,Urgot,1,1,1.0
Karthus,Varus,9,5,0.5555555555555556
Karthus,Vayne,4,1,0.25
Karthus,Velkoz,3,2,0.6666666666666666
Karthus,Vex,1,1,1.0
Karthus,Vi,2,2,1.0
Karthus,Viego,4,2,0.5
Karthus,Viktor,2,1,0.5
Karthus,Vladimir,2,2,1.0
Karthus,Xerath,2,0,0.0
Karthus,XinZhao,1,1,1.0
Karthus,Yasuo,8,7,0.875
Karthus,Yone,16,9,0.5625
Karthus,Yorick,8,7,0.875
Karthus,Yunara,10,5,0.5
Karthus,Zaahen,1,0,0.0
Karthus,Zed,5,4,0.8
Karthus,Zilean,1,1,1.0
Karthus,Zyra,1,1,1.0
Kassadin,Katarina,2,1,0.5
Kassadin,Kayn,1,0,0.0
Kassadin,Khazix,2,2,1.0
Kassadin,KogMaw,2,0,0.0
Kassadin,LeeSin,4,3,0.75
Kassadin,Lucian,4,2,0.5
Kassadin,Lux,3,0,0.0
Kassadin,Malphite,1,1,1.0
Kassadin,MasterYi,2,0,0.0
Kassadin,Mel,1,0,0.0
Kassadin,MonkeyKing,2,1,0.5
Kassadin,Naafiri,1,0,0.0
Kassadin,Nami,2,0,0.0
Kassadin,Nautilus,3,2,0.6666666666666666
Kassadin,Neeko,2,1,0.5
Kassadin,Nocturne,1,1,1.0
Kassadin,Nunu,2,2,1.0
Kassadin,Pantheon,1,1,1.0
Kassadin,Poppy,1,1,1.0
Kassadin,Pyke,1,0,0.0
Kassadin,Qiyana,1,0,0.0
Kassadin,Rakan,2,1,0.5
Kassadin,Rammus,1,0,0.0
Kassadin,Renekton,2,0,0.0
Kassadin,Rengar,1,1,1.0
Kassadin,Riven,1,1,1.0
Kassadin,Rumble,2,0,0.0
Kassadin,Senna,3,2,0.6666666666666666
Kassadin,Seraphine,2,2,1.0
Kassadin,Sett,1,0,0.0
Kassadin,Shen,2,0,0.0
Kassadin,Shyvana,1,0,0.0
Kassadin,Sion,2,1,0.5
Kassadin,Sivir,2,1,0.5
Kassadin,Smolder,1,0,0.0
Kassadin,Sona,1,1,1.0
Kassadin,Soraka,3,1,0.3333333333333333
Kassadin,Swain,1,1,1.0
Kassadin,Talon,4,1,0.25
Kassadin,Taric,1,1,1.0
Kassadin,Tristana,1,1,1.0
Kassadin,TwistedFate,1,0,0.0
Kassadin,Varus,2,1,0.5
Kassadin,Velkoz,1,0,0.0
Kassadin,Vladimir,1,0,0.0
Kassadin,Xayah,1,1,1.0
Kassadin,XinZhao,1,0,0.0
Kassadin,Yasuo,2,2,1.0
Kassadin,Yone,3,3,1.0
Kassadin,Yunara,1,0,0.0
Kassadin,Yuumi,1,0,0.0
Kassadin,Zaahen,1,0,0.0
Kassadin,Zilean,1,1,1.0
Kassadin,Zoe,2,0,0.0
Kassadin,Zyra,1,0,0.0
Katarina,Kayle,3,2,0.6666666666666666
Katarina,Kayn,1,1,1.0
Katarina,Kennen,4,3,0.75
Katarina,Khazix,1,0,0.0
Katarina,Kindred,2,2,1.0
Katarina,KogMaw,1,0,0.0
Katarina,LeeSin,8,5,0.625
Katarina,Leona,3,1,0.3333333333333333
Katarina,Lillia,1,0,0.0
Katarina,Lucian,4,3,0.75
Katarina,Lulu,9,6,0.6666666666666666
Katarina,Malphite,2,1,0.5
Katarina,MasterYi,1,0,0.0
Katarina,Mel,1,1,1.0
Katarina,Milio,3,2,0.6666666666666666
Katarina,MissFortune,5,3,0.6
Katarina,Naafiri,4,0,0.0
Katarina,Nami,1,1,1.0
Katarina,Nautilus,9,4,0.4444444444444444
Katarina,Neeko,4,4,1.0
Katarina,Nocturne,4,2,0.5
Katarina,Nunu,3,2,0.6666666666666666
Katarina,Olaf,2,1,0.5
Katarina,Ornn,4,3,0.75
Katarina,Pantheon,2,2,1.0
Katarina,Poppy,2,1,0.5
Katarina,Pyke,1,1,1.0
Katarina,Qiyana,2,0,0.0
Katarina,Quinn,3,1,0.3333333333333333
Katarina,Rakan,1,1,1.0
Katarina,RekSai,2,1,0.5
Katarina,Rell,2,0,0.0
Katarina,Renekton,2,0,0.0
Katarina,Riven,4,2,0.5
Katarina,Rumble,1,1,1.0
Katarina,Ryze,2,0,0.0
Katarina,Sejuani,3,0,0.0
Katarina,Senna,3,0,0.0
Katarina,Seraphine,8,4,0.5
Katarina,Sett,1,0,0.0
Katarina,Shen,1,0,0.0
Katarina,Shyvana,1,0,0.0
Katarina,Singed,2,2,1.0
Katarina,Sion,4,1,0.25
Katarina,Sivir,2,0,0.0
Katarina,Skarner,1,0,0.0
Katarina,Sona,3,3,1.0
Katarina,Soraka,4,2,0.5
Katarina,Sylas,3,1,0.3333333333333333
Katarina,TahmKench,1,1,1.0
Katarina,Taliyah,1,0,0.0
Katarina,Talon,2,2,1.0
Katarina,Thresh,2,1,0.5
Katarina,Tristana,2,2,1.0
Katarina,Trundle,1,0,0.0
Katarina,Tryndamere,1,0,0.0
Katarina,Twitch,2,0,0.0
Katarina,Udyr,2,1,0.5
Katarina,Urgot,1,1,1.0
Katarina,Varus,3,2,0.6666666666666666
Katarina,Vayne,6,4,0.6666666666666666
Katarina,Vi,4,2,0.5
Katarina,Viego,3,1,0.3333333333333333
Katarina,Viktor,1,0,0.0
Katarina,Xayah,2,2,1.0
Katarina,Xerath,2,2,1.0
Katarina,XinZhao,3,1,0.3333333333333333
Katarina,Yone,3,2,0.6666666666666666
Katarina,Yorick,2,0,0.0
Katarina,Yunara,6,2,0.3333333333333333
Katarina,Yuumi,2,0,0.0
Katarina,Zaahen,2,2,1.0
Katarina,Zed,1,1,1.0
Katarina,Zeri,1,1,1.0
Katarina,Ziggs,1,1,1.0
Katarina,Zilean,3,2,0.6666666666666666
Katarina,Zoe,1,1,1.0
Katarina,Zyra,1,1,1.0
Kayle,Kayn,2,1,0.5
Kayle,Khazix,2,1,0.5
Kayle,LeeSin,4,2,0.5
Kayle,Leona,1,1,1.0
Kayle,Lillia,1,0,0.0
Kayle,Lucian,3,3,1.0
Kayle,Lulu,4,4,1.0
Kayle,Lux,1,0,0.0
Kayle,Malphite,1,1,1.0
Kayle,Malzahar,1,0,0.0
Kayle,Maokai,1,1,1.0
Kayle,Mel,3,2,0.6666666666666666
Kayle,Milio,2,2,1.0
Kayle,MonkeyKing,1,0,0.0
Kayle,Naafiri,4,3,0.75
Kayle,Nami,6,2,0.3333333333333333
Kayle,Nasus,1,1,1.0
Kayle,Nautilus,2,0,0.0
Kayle,Neeko,1,0,0.0
Kayle,Nidalee,1,0,0.0
Kayle,Nocturne,3,2,0.6666666666666666
Kayle,Nunu,2,2,1.0
Kayle,Olaf,1,1,1.0
Kayle,Pantheon,5,1,0.2
Kayle,Qiyana,1,0,0.0
Kayle,Quinn,1,1,1.0
Kayle,Rell,2,1,0.5
Kayle,Renekton,1,0,0.0
Kayle,Rengar,1,1,1.0
Kayle,Ryze,4,3,0.75
Kayle,Sett,1,1,1.0
Kayle,Smolder,2,0,0.0
Kayle,Sona,1,0,0.0
Kayle,Soraka,1,0,0.0
Kayle,Sylas,3,2,0.6666666666666666
Kayle,Syndra,1,0,0.0
Kayle,Thresh,2,2,1.0
Kayle,Tristana,1,1,1.0
Kayle,TwistedFate,2,0,0.0
Kayle,Udyr,1,1,1.0
Kayle,Urgot,1,1,1.0
Kayle,Varus,1,0,0.0
Kayle,Vi,3,1,0.3333333333333333
Kayle,Viego,2,0,0.0
Kayle,Viktor,1,1,1.0
Kayle,Vladimir,1,1,1.0
Kayle,Volibear,1,1,1.0
Kayle,Xayah,1,1,1.0
Kayle,XinZhao,1,1,1.0
Kayle,Yasuo,2,1,0.5
Kayle,Yone,1,0,0.0
Kayle,Yunara,4,3,0.75
Kayle,Yuumi,2,2,1.0
Kayle,Zed,2,2,1.0
Kayle,Zilean,1,1,1.0
Kayn,Kennen,1,1,1.0
Kayn,Kled,1,0,0.0
Kayn,KogMaw,2,1,0.5
Kayn,Leona,2,1,0.5
Kayn,Lissandra,4,3,0.75
Kayn,Lucian,5,1,0.2
Kayn,Lulu,3,1,0.3333333333333333
Kayn,Malphite,1,0,0.0
Kayn,Malzahar,1,1,1.0
Kayn,Maokai,1,0,0.0
Kayn,Mel,2,1,0.5
Kayn,Morgana,1,0,0.0
Kayn,Nami,9,6,0.6666666666666666
Kayn,Nautilus,4,0,0.0
Kayn,Neeko,3,0,0.0
Kayn,Nidalee,2,1,0.5
Kayn,Olaf,2,2,1.0
Kayn,Orianna,5,2,0.4
Kayn,Ornn,2,1,0.5
Kayn,Pantheon,3,2,0.6666666666666666
Kayn,Poppy,2,2,1.0
Kayn,Pyke,2,2,1.0
Kayn,Rakan,1,1,1.0
Kayn,Rell,1,1,1.0
Kayn,Renekton,3,1,0.3333333333333333
Kayn,Riven,3,0,0.0
Kayn,Rumble,3,2,0.6666666666666666
Kayn,Ryze,11,3,0.2727272727272727
Kayn,Senna,4,3,0.75
Kayn,Seraphine,1,0,0.0
Kayn,Shen,1,0,0.0
Kayn,Sion,5,2,0.4
Kayn,Sivir,1,0,0.0
Kayn,Smolder,1,0,0.0
Kayn,Sona,3,1,0.3333333333333333
Kayn,Soraka,1,0,0.0
Kayn,Swain,1,1,1.0
Kayn,Sylas,6,4,0.6666666666666666
Kayn,Syndra,5,4,0.8
Kayn,Talon,1,0,0.0
Kayn,Taric,1,0,0.0
Kayn,Teemo,8,6,0.75
Kayn,Thresh,3,0,0.0
Kayn,Tristana,1,0,0.0
Kayn,TwistedFate,2,2,1.0
Kayn,Urgot,2,1,0.5
Kayn,Varus,4,0,0.0
Kayn,Vayne,3,1,0.3333333333333333
Kayn,Veigar,1,1,1.0
Kayn,Velkoz,1,0,0.0
Kayn,Vex,2,1,0.5
Kayn,Vi,1,1,1.0
Kayn,Viego,1,0,0.0
Kayn,Viktor,5,0,0.0
Kayn,Vladimir,3,2,0.6666666666666666
Kayn,Xayah,1,1,1.0
Kayn,Xerath,2,0,0.0
Kayn,Yasuo,5,1,0.2
Kayn,Yone,1,0,0.0
Kayn,Yunara,5,3,0.6
Kayn,Zaahen,1,1,1.0
Kayn,Zac,1,0,0.0
Kayn,Zed,1,1,1.0
Kayn,Zeri,1,0,0.0
Kayn,Ziggs,3,0,0.0
Kayn,Zilean,2,2,1.0
Kayn,Zoe,2,1,0.5
Kayn,Zyra,1,0,0.0
Kennen,Khazix,2,0,0.0
Kennen,Kindred,1,1,1.0
Kennen,LeeSin,9,7,0.7777777777777778
Kennen,Leona,2,2,1.0
Kennen,Lissandra,1,1,1.0
Kennen,Lucian,1,0,0.0
Kennen,Lulu,3,2,0.6666666666666666
Kennen,Lux,1,0,0.0
Kennen,Mel,2,1,0.5
Kennen,Milio,1,1,1.0
Kennen,Naafiri,3,3,1.0
Kennen,Nami,1,0,0.0
Kennen,Nautilus,3,0,0.0
Kennen,Neeko,4,3,0.75
Kennen,Nocturne,1,1,1.0
Kennen,Orianna,5,2,0.4
Kennen,Pantheon,6,3,0.5
Kennen,Pyke,3,1,0.3333333333333333
Kennen,Qiyana,2,0,0.0
Kennen,Rakan,1,1,1.0
Kennen,RekSai,3,1,0.3333333333333333
Kennen,Rell,3,0,0.0
Kennen,Riven,1,1,1.0
Kennen,Ryze,2,2,1.0
Kennen,Sejuani,3,1,0.3333333333333333
Kennen,Senna,7,1,0.14285714285714285
Kennen,Seraphine,1,1,1.0
Kennen,Shaco,1,1,1.0
Kennen,Shen,2,1,0.5
Kennen,Sion,2,1,0.5
Kennen,Sivir,1,1,1.0
Kennen,Sona,2,0,0.0
Kennen,Sylas,7,2,0.2857142857142857
Kennen,Syndra,2,1,0.5
Kennen,Talon,2,1,0.5
Kennen,Tristana,2,0,0.0
Kennen,TwistedFate,3,3,1.0
Kennen,Varus,2,1,0.5
Kennen,Vayne,1,0,0.0
Kennen,Vex,1,0,0.0
Kennen,Vi,3,1,0.3333333333333333
Kennen,Viego,3,1,0.3333333333333333
Kennen,Viktor,2,1,0.5
Kennen,Vladimir,1,0,0.0
Kennen,Xerath,1,1,1.0
Kennen,Yasuo,2,1,0.5
Kennen,Yunara,7,3,0.42857142857142855
Kennen,Yuumi,1,0,0.0
Kennen,Zaahen,2,0,0.0
Kennen,Zed,2,0,0.0
Kennen,Ziggs,2,1,0.5
Kennen,Zoe,1,0,0.0
Khazix,Kled,1,1,1.0
Khazix,KogMaw,1,0,0.0
Khazix,Leblanc,2,1,0.5
Khazix,Leona,4,2,0.5
Khazix,Lissandra,3,0,0.0
Khazix,Lucian,3,1,0.3333333333333333
Khazix,Lulu,2,2,1.0
Khazix,Lux,1,0,0.0
Khazix,Malphite,1,1,1.0
Khazix,Mel,3,1,0.3333333333333333
Khazix,Naafiri,2,1,0.5
Khazix,Nami,3,2,0.6666666666666666
Khazix,Nasus,2,2,1.0
Khazix,Nautilus,5,3,0.6
Khazix,Neeko,4,4,1.0
Khazix,Orianna,5,3,0.6
Khazix,Ornn,1,0,0.0
Khazix,Poppy,1,1,1.0
Khazix,Pyke,4,1,0.25
Khazix,Qiyana,1,1,1.0
Khazix,Rakan,2,1,0.5
Khazix,Rell,1,1,1.0
Khazix,Renekton,2,2,1.0
Khazix,Riven,1,0,0.0
Khazix,Rumble,2,1,0.5
Khazix,Ryze,12,3,0.25
Khazix,Sejuani,1,1,1.0
Khazix,Senna,1,0,0.0
Khazix,Seraphine,2,1,0.5
Khazix,Shen,1,1,1.0
Khazix,Singed,2,0,0.0
Khazix,Sion,4,3,0.75
Khazix,Sivir,2,1,0.5
Khazix,Skarner,1,0,0.0
Khazix,Sona,2,0,0.0
Khazix,Swain,4,3,0.75
Khazix,Sylas,4,2,0.5
Khazix,Syndra,2,2,1.0
Khazix,TahmKench,1,1,1.0
Khazix,Taliyah,2,2,1.0
Khazix,Teemo,1,1,1.0
Khazix,Thresh,1,0,0.0
Khazix,Tristana,2,2,1.0
Khazix,Trundle,1,1,1.0
Khazix,TwistedFate,4,2,0.5
Khazix,Udyr,1,1,1.0
Khazix,Varus,8,3,0.375
Khazix,Vayne,1,0,0.0
Khazix,Veigar,1,0,0.0
Khazix,Vex,1,0,0.0
Khazix,Viego,1,0,0.0
Khazix,Viktor,1,1,1.0
Khazix,Vladimir,1,0,0.0
Khazix,Volibear,1,1,1.0
Khazix,Warwick,1,0,0.0
Khazix,Xerath,1,0,0.0
Khazix,Yasuo,2,1,0.5
Khazix,Yone,3,0,0.0
Khazix,Yorick,1,1,1.0
Khazix,Yunara,5,3,0.6
Khazix,Yuumi,2,1,0.5
Khazix,Zaahen,1,1,1.0
Khazix,Zed,1,0,0.0
Khazix,Ziggs,1,0,0.0
Khazix,Zyra,2,1,0.5
Kindred,Leblanc,3,1,0.3333333333333333
Kindred,Leona,1,0,0.0
Kindred,Lissandra,3,2,0.6666666666666666
Kindred,Lucian,6,3,0.5
Kindred,Lulu,4,3,0.75
Kindred,Lux,4,3,0.75
Kindred,Malphite,3,2,0.6666666666666666
Kindred,Malzahar,1,1,1.0
Kindred,Mel,3,1,0.3333333333333333
Kindred,MissFortune,1,0,0.0
Kindred,Nami,1,0,0.0
Kindred,Nasus,1,0,0.0
Kindred,Nautilus,13,7,0.5384615384615384
Kindred,Neeko,2,1,0.5
Kindred,Nidalee,2,2,1.0
Kindred,Nunu,1,0,0.0
Kindred,Olaf,1,0,0.0
Kindred,Orianna,3,3,1.0
Kindred,Ornn,1,1,1.0
Kindred,Pantheon,7,4,0.5714285714285714
Kindred,Poppy,2,1,0.5
Kindred,Pyke,7,4,0.5714285714285714
Kindred,Qiyana,2,1,0.5
Kindred,Quinn,1,1,1.0
Kindred,Rakan,2,2,1.0
Kindred,RekSai,1,0,0.0
Kindred,Rell,4,3,0.75
Kindred,Renekton,1,1,1.0
Kindred,Rengar,1,1,1.0
Kindred,Riven,3,2,0.6666666666666666
Kindred,Rumble,5,1,0.2
Kindred,Ryze,4,2,0.5
Kindred,Senna,4,3,0.75
Kindred,Seraphine,4,2,0.5
Kindred,Shen,3,2,0.6666666666666666
Kindred,Singed,2,1,0.5
Kindred,Sion,7,3,0.42857142857142855
Kindred,Sivir,1,1,1.0
Kindred,Skarner,1,1,1.0
Kindred,Swain,4,1,0.25
Kindred,Sylas,5,3,0.6
Kindred,Syndra,2,1,0.5
Kindred,Talon,1,1,1.0
Kindred,Thresh,1,0,0.0
Kindred,Tristana,1,1,1.0
Kindred,TwistedFate,4,3,0.75
Kindred,Twitch,1,1,1.0
Kindred,Urgot,1,1,1.0
Kindred,Varus,4,4,1.0
Kindred,Vayne,2,1,0.5
Kindred,Viktor,4,1,0.25
Kindred,Vladimir,6,4,0.6666666666666666
Kindred,Xayah,1,1,1.0
Kindred,Xerath,1,1,1.0
Kindred,Yasuo,3,2,0.6666666666666666
Kindred,Yone,4,3,0.75
Kindred,Yunara,11,7,0.6363636363636364
Kindred,Yuumi,1,1,1.0
Kindred,Zaahen,5,2,0.4
Kindred,Zac,1,1,1.0
Kindred,Ziggs,2,0,0.0
Kindred,Zilean,3,2,0.6666666666666666
Kindred,Zoe,6,4,0.6666666666666666
Kled,Leblanc,1,0,0.0
Kled,LeeSin,2,2,1.0
Kled,Leona,1,1,1.0
Kled,Lillia,2,2,1.0
Kled,Lissandra,2,1,0.5
Kled,Lucian,4,3,0.75
Kled,Lulu,1,0,0.0
Kled,Lux,2,1,0.5
Kled,Mel,4,1,0.25
Kled,MissFortune,2,1,0.5
Kled,Morgana,1,0,0.0
Kled,Naafiri,3,1,0.3333333333333333
Kled,Nami,2,1,0.5
Kled,Nautilus,2,1,0.5
Kled,Neeko,1,1,1.0
Kled,Nidalee,3,2,0.6666666666666666
Kled,Nunu,1,1,1.0
Kled,Orianna,1,1,1.0
Kled,Pantheon,2,1,0.5
Kled,Poppy,1,1,1.0
Kled,Pyke,4,2,0.5
Kled,Rakan,1,1,1.0
Kled,Ryze,2,1,0.5
Kled,Senna,3,0,0.0
Kled,Seraphine,4,3,0.75
Kled,Shaco,1,0,0.0
Kled,Sion,1,0,0.0
Kled,Sivir,1,1,1.0
Kled,Smolder,1,0,0.0
Kled,Sona,2,1,0.5
Kled,Soraka,1,0,0.0
Kled,Swain,1,0,0.0
Kled,Sylas,1,0,0.0
Kled,Taliyah,1,1,1.0
Kled,Teemo,1,0,0.0
Kled,Thresh,3,2,0.6666666666666666
Kled,Tristana,2,2,1.0
Kled,Varus,2,1,0.5
Kled,Vayne,1,0,0.0
Kled,Veigar,1,1,1.0
Kled,Vex,1,1,1.0
Kled,Vi,1,0,0.0
Kled,Viego,1,0,0.0
Kled,Vladimir,2,1,0.5
Kled,XinZhao,1,1,1.0
Kled,Yasuo,1,1,1.0
Kled,Yuumi,1,0,0.0
Kled,Zac,1,0,0.0
Kled,Ziggs,1,0,0.0
Kled,Zilean,1,1,1.0
Kled,Zoe,1,1,1.0
KogMaw,Leblanc,6,2,0.3333333333333333
KogMaw,LeeSin,8,4,0.5
KogMaw,Leona,3,0,0.0
KogMaw,Lissandra,1,0,0.0
KogMaw,Lulu,6,4,0.6666666666666666
KogMaw,Lux,1,0,0.0
KogMaw,Malphite,2,1,0.5
KogMaw,MasterYi,2,2,1.0
KogMaw,Milio,2,0,0.0
KogMaw,MonkeyKing,1,0,0.0
KogMaw,Naafiri,1,1,1.0
KogMaw,Nami,2,1,0.5
KogMaw,Neeko,2,1,0.5
KogMaw,Nidalee,3,2,0.6666666666666666
KogMaw,Nocturne,1,1,1.0
KogMaw,Orianna,3,2,0.6666666666666666
KogMaw,Ornn,1,1,1.0
KogMaw,Pyke,1,1,1.0
KogMaw,Qiyana,3,1,0.3333333333333333
KogMaw,Rell,1,0,0.0
KogMaw,Renekton,1,0,0.0
KogMaw,Rengar,1,0,0.0
KogMaw,Ryze,4,1,0.25
KogMaw,Senna,1,0,0.0
KogMaw,Shaco,1,0,0.0
KogMaw,Shen,1,0,0.0
KogMaw,Sion,2,0,0.0
KogMaw,Skarner,1,1,1.0
KogMaw,Sona,2,2,1.0
KogMaw,Soraka,3,1,0.3333333333333333
KogMaw,Swain,2,1,0.5
KogMaw,Syndra,1,1,1.0
KogMaw,Talon,2,2,1.0
KogMaw,Teemo,1,1,1.0
KogMaw,TwistedFate,1,0,0.0
KogMaw,Udyr,3,0,0.0
KogMaw,Varus,1,1,1.0
KogMaw,Vayne,2,0,0.0
KogMaw,Velkoz,2,0,0.0
KogMaw,Vi,1,0,0.0
KogMaw,Viego,3,1,0.3333333333333333
KogMaw,Volibear,1,1,1.0
KogMaw,Xerath,1,1,1.0
KogMaw,XinZhao,1,0,0.0
KogMaw,Yasuo,3,2,0.6666666666666666
KogMaw,Yone,2,0,0.0
KogMaw,Yorick,1,1,1.0
Leblanc,LeeSin,33,17,0.5151515151515151
Leblanc,Leona,2,2,1.0
Leblanc,Lissandra,3,1,0.3333333333333333
Leblanc,Lucian,7,5,0.7142857142857143
Leblanc,Lulu,9,7,0.7777777777777778
Leblanc,Lux,4,1,0.25
Leblanc,Malphite,2,2,1.0
Leblanc,MasterYi,4,1,0.25
Leblanc,Milio,4,3,0.75
Leblanc,MissFortune,2,0,0.0
Leblanc,MonkeyKing,2,0,0.0
Leblanc,Naafiri,10,4,0.4
Leblanc,Nami,7,5,0.7142857142857143
Leblanc,Nasus,2,2,1.0
Leblanc,Nautilus,15,8,0.5333333333333333
Leblanc,Neeko,7,4,0.5714285714285714
Leblanc,Nidalee,3,2,0.6666666666666666
Leblanc,Nocturne,16,10,0.625
Leblanc,Nunu,3,2,0.6666666666666666
Leblanc,Olaf,2,2,1.0
Leblanc,Orianna,2,0,0.0
Leblanc,Ornn,2,2,1.0
Leblanc,Pantheon,10,5,0.5
Leblanc,Poppy,4,2,0.5
Leblanc,Pyke,10,5,0.5
Leblanc,Qiyana,5,4,0.8
Leblanc,Quinn,1,0,0.0
Leblanc,Rakan,3,1,0.3333333333333333
Leblanc,RekSai,1,0,0.0
Leblanc,Rell,5,0,0.0
Leblanc,Renekton,7,3,0.42857142857142855
Leblanc,Rengar,4,3,0.75
Leblanc,Riven,2,0,0.0
Leblanc,Rumble,7,2,0.2857142857142857
Leblanc,Ryze,4,2,0.5
Leblanc,Samira,2,0,0.0
Leblanc,Senna,5,1,0.2
Leblanc,Seraphine,5,3,0.6
Leblanc,Sett,1,1,1.0
Leblanc,Shaco,2,2,1.0
Leblanc,Shen,1,1,1.0
Leblanc,Shyvana,1,1,1.0
Leblanc,Singed,6,4,0.6666666666666666
Leblanc,Sion,5,2,0.4
Leblanc,Sivir,5,1,0.2
Leblanc,Skarner,2,1,0.5
Leblanc,Smolder,3,1,0.3333333333333333
Leblanc,Sona,4,1,0.25
Leblanc,Soraka,3,2,0.6666666666666666
Leblanc,Swain,1,1,1.0
Leblanc,Sylas,4,3,0.75
Leblanc,Syndra,2,2,1.0
Leblanc,TahmKench,1,0,0.0
Leblanc,Taliyah,4,4,1.0
Leblanc,Talon,3,2,0.6666666666666666
Leblanc,Taric,3,1,0.3333333333333333
Leblanc,Thresh,3,2,0.6666666666666666
Leblanc,Tristana,3,2,0.6666666666666666
Leblanc,Tryndamere,1,1,1.0
Leblanc,TwistedFate,1,0,0.0
Leblanc,Twitch,1,0,0.0
Leblanc,Udyr,1,1,1.0
Leblanc,Varus,13,6,0.46153846153846156
Leblanc,Vayne,12,5,0.4166666666666667
Leblanc,Veigar,1,0,0.0
Leblanc,Velkoz,1,0,0.0
Leblanc,Vex,1,1,1.0
Leblanc,Vi,9,4,0.4444444444444444
Leblanc,Viego,2,1,0.5
Leblanc,Viktor,1,1,1.0
Leblanc,Vladimir,2,2,1.0
Leblanc,Xayah,1,0,0.0
Leblanc,Xerath,1,1,1.0
Leblanc,XinZhao,6,3,0.5
Leblanc,Yasuo,5,3,0.6
Leblanc,Yone,5,1,0.2
Leblanc,Yorick,3,1,0.3333333333333333
Leblanc,Yunara,15,9,0.6
Leblanc,Yuumi,2,0,0.0
Leblanc,Zaahen,6,6,1.0
Leblanc,Zac,1,1,1.0
Leblanc,Ziggs,1,1,1.0
Leblanc,Zoe,1,1,1.0
LeeSin,Leona,14,2,0.14285714285714285
LeeSin,Lissandra,23,12,0.5217391304347826
LeeSin,Lucian,32,17,0.53125
LeeSin,Lulu,22,10,0.45454545454545453
LeeSin,Lux,11,4,0.36363636363636365
LeeSin,Malphite,5,5,1.0
LeeSin,Maokai,3,3,1.0
LeeSin,MasterYi,1,1,1.0
LeeSin,Mel,14,9,0.6428571428571429
LeeSin,Milio,5,3,0.6
LeeSin,MissFortune,8,3,0.375
LeeSin,Morgana,2,1,0.5
LeeSin,Naafiri,4,1,0.25
LeeSin,Nami,25,13,0.52
LeeSin,Nasus,4,3,0.75
LeeSin,Nautilus,42,22,0.5238095238095238
LeeSin,Neeko,18,10,0.5555555555555556
LeeSin,Nidalee,7,3,0.42857142857142855
LeeSin,Nocturne,2,2,1.0
LeeSin,Nunu,3,2,0.6666666666666666
LeeSin,Olaf,4,3,0.75
LeeSin,Orianna,32,18,0.5625
LeeSin,Ornn,14,7,0.5
LeeSin,Pantheon,9,6,0.6666666666666666
LeeSin,Poppy,6,2,0.3333333333333333
LeeSin,Pyke,19,5,0.2631578947368421
LeeSin,Qiyana,11,6,0.5454545454545454
LeeSin,Quinn,7,4,0.5714285714285714
LeeSin,Rakan,14,8,0.5714285714285714
LeeSin,Rammus,1,1,1.0
LeeSin,RekSai,3,2,0.6666666666666666
LeeSin,Rell,12,6,0.5
LeeSin,Renekton,17,10,0.5882352941176471
LeeSin,Rengar,1,1,1.0
LeeSin,Riven,7,3,0.42857142857142855
LeeSin,Rumble,23,7,0.30434782608695654
LeeSin,Ryze,55,22,0.4
LeeSin,Samira,2,0,0.0
LeeSin,Sejuani,3,3,1.0
LeeSin,Senna,19,9,0.47368421052631576
LeeSin,Seraphine,24,12,0.5
LeeSin,Shaco,1,1,1.0
LeeSin,Shen,17,11,0.6470588235294118
LeeSin,Shyvana,1,1,1.0
LeeSin,Singed,7,5,0.7142857142857143
LeeSin,Sion,27,16,0.5925925925925926
LeeSin,Sivir,20,14,0.7
LeeSin,Skarner,2,1,0.5
LeeSin,Smolder,2,1,0.5
LeeSin,Sona,17,12,0.7058823529411765
LeeSin,Soraka,7,2,0.2857142857142857
LeeSin,Swain,6,4,0.6666666666666666
LeeSin,Sylas,19,8,0.42105263157894735
LeeSin,Syndra,16,9,0.5625
LeeSin,Taliyah,7,5,0.7142857142857143
LeeSin,Talon,4,1,0.25
LeeSin,Taric,2,1,0.5
LeeSin,Teemo,7,4,0.5714285714285714
LeeSin,Thresh,15,6,0.4
LeeSin,Tristana,8,5,0.625
LeeSin,Trundle,1,0,0.0
LeeSin,TwistedFate,11,5,0.45454545454545453
LeeSin,Twitch,3,0,0.0
LeeSin,Udyr,3,2,0.6666666666666666
LeeSin,Urgot,2,1,0.5
LeeSin,Varus,29,12,0.41379310344827586
LeeSin,Vayne,29,15,0.5172413793103449
LeeSin,Veigar,7,4,0.5714285714285714
LeeSin,Velkoz,2,0,0.0
LeeSin,Vex,4,3,0.75
LeeSin,Vi,1,0,0.0
LeeSin,Viktor,11,4,0.36363636363636365
LeeSin,Vladimir,9,5,0.5555555555555556
LeeSin,Volibear,3,2,0.6666666666666666
LeeSin,Xayah,4,3,0.75
LeeSin,Xerath,9,4,0.4444444444444444
LeeSin,Yasuo,10,4,0.4
LeeSin,Yone,24,13,0.5416666666666666
LeeSin,Yorick,17,8,0.47058823529411764
LeeSin,Yunara,34,19,0.5588235294117647
LeeSin,Yuumi,6,2,0.3333333333333333
LeeSin,Zaahen,5,2,0.4
LeeSin,Zac,2,1,0.5
LeeSin,Zed,6,5,0.8333333333333334
LeeSin,Zeri,4,1,0.25
LeeSin,Ziggs,13,8,0.6153846153846154
LeeSin,Zilean,4,3,0.75
LeeSin,Zoe,16,4,0.25
LeeSin,Zyra,9,6,0.6666666666666666
Leona,Lillia,2,1,0.5
Leona,Lissandra,2,0,0.0
Leona,Lucian,4,2,0.5
Leona,Malphite,2,1,0.5
Leona,MasterYi,2,2,1.0
Leona,Mel,5,1,0.2
Leona,MissFortune,1,0,0.0
Leona,Naafiri,4,2,0.5
Leona,Nasus,3,2,0.6666666666666666
Leona,Nidalee,5,2,0.4
Leona,Nocturne,4,2,0.5
Leona,Nunu,1,1,1.0
Leona,Olaf,2,0,0.0
Leona,Orianna,1,0,0.0
Leona,Ornn,2,2,1.0
Leona,Pantheon,12,10,0.8333333333333334
Leona,Poppy,1,0,0.0
Leona,Qiyana,7,3,0.42857142857142855
Leona,Quinn,2,1,0.5
Leona,RekSai,2,0,0.0
Leona,Renekton,3,1,0.3333333333333333
Leona,Riven,3,0,0.0
Leona,Rumble,5,2,0.4
Leona,Ryze,6,0,0.0
Leona,Senna,2,1,0.5
Leona,Shaco,2,1,0.5
Leona,Shen,4,2,0.5
Leona,Sion,2,1,0.5
Leona,Sivir,4,1,0.25
Leona,Skarner,2,2,1.0
Leona,Smolder,1,0,0.0
Leona,Swain,6,2,0.3333333333333333
Leona,Sylas,9,4,0.4444444444444444
Leona,Syndra,2,0,0.0
Leona,Taliyah,4,1,0.25
Leona,Talon,4,1,0.25
Leona,Taric,1,0,0.0
Leona,Thresh,1,0,0.0
Leona,Tristana,2,1,0.5
Leona,TwistedFate,5,4,0.8
Leona,Twitch,2,0,0.0
Leona,Udyr,4,1,0.25
Leona,Urgot,2,1,0.5
Leona,Varus,13,2,0.15384615384615385
Leona,Vayne,6,4,0.6666666666666666
Leona,Veigar,1,0,0.0
Leona,Velkoz,2,1,0.5
Leona,Vex,1,1,1.0
Leona,Vi,8,6,0.75
Leona,Viego,5,1,0.2
Leona,Viktor,3,1,0.3333333333333333
Leona,Vladimir,3,2,0.6666666666666666
Leona,Xayah,3,1,0.3333333333333333
Leona,Xerath,4,3,0.75
Leona,XinZhao,4,3,0.75
Leona,Yasuo,4,3,0.75
Leona,Yone,5,1,0.2
Leona,Yorick,3,0,0.0
Leona,Yunara,6,3,0.5
Leona,Zaahen,4,2,0.5
Leona,Zed,4,2,0.5
Leona,Zeri,1,0,0.0
Leona,Ziggs,7,5,0.7142857142857143
Leona,Zoe,4,1,0.25
Leona,Zyra,6,4,0.6666666666666666
Lillia,Lucian,7,3,0.42857142857142855
Lillia,Lulu,2,1,0.5
Lillia,Lux,1,0,0.0
Lillia,Malphite,1,1,1.0
Lillia,Milio,1,0,0.0
Lillia,MissFortune,1,0,0.0
Lillia,Naafiri,2,2,1.0
Lillia,Nami,7,3,0.42857142857142855
Lillia,Nasus,1,1,1.0
Lillia,Nautilus,8,1,0.125
Lillia,Neeko,3,1,0.3333333333333333
Lillia,Olaf,1,0,0.0
Lillia,Ornn,4,1,0.25
Lillia,Pantheon,4,3,0.75
Lillia,Poppy,2,2,1.0
Lillia,Pyke,5,2,0.4
Lillia,Qiyana,8,2,0.25
Lillia,Quinn,3,2,0.6666666666666666
Lillia,Rakan,1,0,0.0
Lillia,Renata,1,0,0.0
Lillia,Renekton,1,1,1.0
Lillia,Rengar,1,1,1.0
Lillia,Rumble,1,1,1.0
Lillia,Ryze,1,0,0.0
Lillia,Senna,2,2,1.0
Lillia,Seraphine,3,3,1.0
Lillia,Sion,7,1,0.14285714285714285
Lillia,Sivir,3,1,0.3333333333333333
Lillia,Smolder,2,1,0.5
Lillia,Sona,3,2,0.6666666666666666
Lillia,Soraka,3,2,0.6666666666666666
Lillia,Sylas,5,3,0.6
Lillia,Syndra,2,1,0.5
Lillia,Talon,4,2,0.5
Lillia,Teemo,1,0,0.0
Lillia,Thresh,2,1,0.5
Lillia,Tristana,1,0,0.0
Lillia,TwistedFate,2,0,0.0
Lillia,Varus,6,2,0.3333333333333333
Lillia,Vayne,6,3,0.5
Lillia,Vex,1,1,1.0
Lillia,Viego,2,0,0.0
Lillia,Viktor,2,1,0.5
Lillia,Xayah,3,0,0.0
Lillia,Yasuo,3,3,1.0
Lillia,Yone,11,1,0.09090909090909091
Lillia,Yorick,2,1,0.5
Lillia,Yunara,4,1,0.25
Lillia,Yuumi,1,0,0.0
Lillia,Zed,6,4,0.6666666666666666
Lillia,Ziggs,1,0,0.0
Lillia,Zilean,2,1,0.5
Lillia,Zyra,1,1,1.0
Lissandra,Lucian,8,4,0.5
Lissandra,Lulu,10,5,0.5
Lissandra,Lux,4,1,0.25
Lissandra,Malphite,3,1,0.3333333333333333
Lissandra,Malzahar,1,1,1.0
Lissandra,Maokai,1,0,0.0
Lissandra,MasterYi,1,1,1.0
Lissandra,Mel,4,1,0.25
Lissandra,Milio,4,2,0.5
Lissandra,MissFortune,1,1,1.0
Lissandra,MonkeyKing,2,2,1.0
Lissandra,Naafiri,8,4,0.5
Lissandra,Nami,6,1,0.16666666666666666
Lissandra,Nautilus,11,6,0.5454545454545454
Lissandra,Neeko,6,3,0.5
Lissandra,Nidalee,2,1,0.5
Lissandra,Nilah,1,1,1.0
Lissandra,Nocturne,4,3,0.75
Lissandra,Olaf,1,0,0.0
Lissandra,Pantheon,6,2,0.3333333333333333
Lissandra,Poppy,4,3,0.75
Lissandra,Pyke,7,2,0.2857142857142857
Lissandra,Qiyana,4,1,0.25
Lissandra,Quinn,1,1,1.0
Lissandra,Rakan,6,5,0.8333333333333334
Lissandra,RekSai,3,3,1.0
Lissandra,Rell,5,3,0.6
Lissandra,Renekton,3,0,0.0
Lissandra,Rengar,4,2,0.5
Lissandra,Riven,1,1,1.0
Lissandra,Rumble,4,2,0.5
Lissandra,Ryze,2,1,0.5
Lissandra,Samira,2,1,0.5
Lissandra,Sejuani,1,1,1.0
Lissandra,Senna,8,6,0.75
Lissandra,Seraphine,5,3,0.6
Lissandra,Shaco,1,0,0.0
Lissandra,Shen,5,3,0.6
Lissandra,Singed,4,1,0.25
Lissandra,Sion,6,5,0.8333333333333334
Lissandra,Sivir,4,1,0.25
Lissandra,Skarner,2,2,1.0
Lissandra,Sona,3,1,0.3333333333333333
Lissandra,Soraka,1,1,1.0
Lissandra,Swain,2,1,0.5
Lissandra,Sylas,6,5,0.8333333333333334
Lissandra,Syndra,1,0,0.0
Lissandra,Talon,5,3,0.6
Lissandra,Teemo,2,2,1.0
Lissandra,Thresh,1,0,0.0
Lissandra,Tristana,3,2,0.6666666666666666
Lissandra,Tryndamere,1,0,0.0
Lissandra,TwistedFate,2,0,0.0
Lissandra,Udyr,2,0,0.0
Lissandra,Urgot,2,1,0.5
Lissandra,Varus,9,5,0.5555555555555556
Lissandra,Vayne,6,2,0.3333333333333333
Lissandra,Veigar,3,2,0.6666666666666666
Lissandra,Vi,4,2,0.5
Lissandra,Viego,10,6,0.6
Lissandra,Viktor,2,1,0.5
Lissandra,Vladimir,1,1,1.0
Lissandra,Warwick,1,0,0.0
Lissandra,Xayah,2,2,1.0
Lissandra,Xerath,1,1,1.0
Lissandra,XinZhao,10,6,0.6
Lissandra,Yasuo,5,2,0.4
Lissandra,Yone,7,3,0.42857142857142855
Lissandra,Yunara,14,9,0.6428571428571429
Lissandra,Yuumi,3,2,0.6666666666666666
Lissandra,Zaahen,3,2,0.6666666666666666
Lissandra,Ziggs,1,0,0.0
Lissandra,Zoe,4,2,0.5
Lissandra,Zyra,2,0,0.0
Lucian,Lulu,1,0,0.0
Lucian,Lux,5,3,0.6
Lucian,Malphite,6,1,0.16666666666666666
Lucian,Maokai,2,1,0.5
Lucian,MasterYi,2,1,0.5
Lucian,Mel,7,3,0.42857142857142855
Lucian,Milio,29,20,0.6896551724137931
Lucian,MonkeyKing,3,2,0.6666666666666666
Lucian,Morgana,1,1,1.0
Lucian,Naafiri,12,8,0.6666666666666666
Lucian,Nami,98,47,0.47959183673469385
Lucian,Nasus,3,2,0.6666666666666666
Lucian,Nautilus,17,9,0.5294117647058824
Lucian,Neeko,4,4,1.0
Lucian,Nidalee,8,2,0.25
Lucian,Nocturne,9,3,0.3333333333333333
Lucian,Nunu,3,1,0.3333333333333333
Lucian,Olaf,4,3,0.75
Lucian,Orianna,9,3,0.3333333333333333
Lucian,Ornn,6,4,0.6666666666666666
Lucian,Pantheon,18,9,0.5
Lucian,Poppy,4,4,1.0
Lucian,Pyke,7,2,0.2857142857142857
Lucian,Qiyana,7,4,0.5714285714285714
Lucian,Quinn,3,3,1.0
Lucian,Rakan,7,3,0.42857142857142855
Lucian,Rammus,2,1,0.5
Lucian,RekSai,4,3,0.75
Lucian,Rell,3,1,0.3333333333333333
Lucian,Renekton,10,6,0.6
Lucian,Rengar,6,3,0.5
Lucian,Riven,7,3,0.42857142857142855
Lucian,Rumble,6,1,0.16666666666666666
Lucian,Ryze,23,12,0.5217391304347826
Lucian,Sejuani,1,0,0.0
Lucian,Senna,5,4,0.8
Lucian,Sett,2,1,0.5
Lucian,Shaco,2,1,0.5
Lucian,Shen,7,4,0.5714285714285714
Lucian,Shyvana,1,1,1.0
Lucian,Singed,4,1,0.25
Lucian,Sion,24,11,0.4583333333333333
Lucian,Skarner,5,2,0.4
Lucian,Smolder,2,1,0.5
Lucian,Sona,12,8,0.6666666666666666
Lucian,Soraka,1,0,0.0
Lucian,Swain,3,1,0.3333333333333333
Lucian,Sylas,25,13,0.52
Lucian,Syndra,7,5,0.7142857142857143
Lucian,TahmKench,1,1,1.0
Lucian,Taliyah,13,8,0.6153846153846154
Lucian,Talon,8,6,0.75
Lucian,Taric,6,2,0.3333333333333333
Lucian,Teemo,6,2,0.3333333333333333
Lucian,Thresh,1,0,0.0
Lucian,Tristana,4,2,0.5
Lucian,Trundle,3,3,1.0
Lucian,TwistedFate,12,8,0.6666666666666666
Lucian,Twitch,1,0,0.0
Lucian,Udyr,10,5,0.5
Lucian,Urgot,1,0,0.0
Lucian,Varus,12,9,0.75
Lucian,Vayne,13,6,0.46153846153846156
Lucian,Veigar,1,1,1.0
Lucian,Vex,4,1,0.25
Lucian,Vi,15,9,0.6
Lucian,Viego,12,4,0.3333333333333333
Lucian,Viktor,6,3,0.5
Lucian,Vladimir,5,0,0.0
Lucian,Volibear,1,1,1.0
Lucian,Xayah,1,0,0.0
Lucian,Xerath,1,1,1.0
Lucian,XinZhao,22,9,0.4090909090909091
Lucian,Yasuo,7,6,0.8571428571428571
Lucian,Yone,7,5,0.7142857142857143
Lucian,Yorick,6,3,0.5
Lucian,Yunara,3,2,0.6666666666666666
Lucian,Yuumi,21,11,0.5238095238095238
Lucian,Zaahen,5,3,0.6
Lucian,Zac,2,2,1.0
Lucian,Zed,5,3,0.6
Lucian,Ziggs,3,0,0.0
Lucian,Zilean,2,2,1.0
Lucian,Zoe,9,3,0.3333333333333333
Lucian,Zyra,6,2,0.3333333333333333
Lulu,Lux,2,1,0.5
Lulu,Malphite,5,2,0.4
Lulu,Malzahar,1,0,0.0
Lulu,Maokai,1,1,1.0
Lulu,MasterYi,5,5,1.0
Lulu,Mel,6,3,0.5
Lulu,MissFortune,1,1,1.0
Lulu,MonkeyKing,2,1,0.5
Lulu,Naafiri,13,4,0.3076923076923077
Lulu,Nasus,3,3,1.0
Lulu,Neeko,2,1,0.5
Lulu,Nidalee,3,1,0.3333333333333333
Lulu,Nocturne,15,11,0.7333333333333333
Lulu,Nunu,6,5,0.8333333333333334
Lulu,Olaf,2,0,0.0
Lulu,Orianna,17,7,0.4117647058823529
Lulu,Ornn,4,3,0.75
Lulu,Pantheon,12,6,0.5
Lulu,Poppy,5,2,0.4
Lulu,Pyke,1,1,1.0
Lulu,Qiyana,6,1,0.16666666666666666
Lulu,Quinn,1,0,0.0
Lulu,Rakan,1,0,0.0
Lulu,RekSai,1,1,1.0
Lulu,Renekton,10,6,0.6
Lulu,Rengar,5,4,0.8
Lulu,Riven,6,3,0.5
Lulu,Rumble,10,5,0.5
Lulu,Ryze,16,10,0.625
Lulu,Sejuani,1,1,1.0
Lulu,Sett,2,2,1.0
Lulu,Shaco,1,0,0.0
Lulu,Shen,4,1,0.25
Lulu,Shyvana,1,0,0.0
Lulu,Singed,1,1,1.0
Lulu,Sion,12,6,0.5
Lulu,Sivir,6,2,0.3333333333333333
Lulu,Skarner,6,5,0.8333333333333334
Lulu,Smolder,3,0,0.0
Lulu,Soraka,1,1,1.0
Lulu,Swain,2,1,0.5
Lulu,Sylas,16,7,0.4375
Lulu,Syndra,8,3,0.375
Lulu,Taliyah,11,6,0.5454545454545454
Lulu,Talon,6,2,0.3333333333333333
Lulu,Teemo,4,3,0.75
Lulu,Tristana,12,5,0.4166666666666667
Lulu,Tryndamere,3,2,0.6666666666666666
Lulu,TwistedFate,9,7,0.7777777777777778
Lulu,Twitch,2,2,1.0
Lulu,Udyr,3,2,0.6666666666666666
Lulu,Varus,13,7,0.5384615384615384
Lulu,Vayne,14,7,0.5
Lulu,Veigar,3,2,0.6666666666666666
Lulu,Vex,3,1,0.3333333333333333
Lulu,Vi,7,4,0.5714285714285714
Lulu,Viego,3,1,0.3333333333333333
Lulu,Viktor,8,5,0.625
Lulu,Vladimir,6,1,0.16666666666666666
Lulu,Warwick,2,0,0.0
Lulu,Xerath,3,1,0.3333333333333333
Lulu,XinZhao,15,10,0.6666666666666666
Lulu,Yasuo,14,6,0.42857142857142855
Lulu,Yone,7,4,0.5714285714285714
Lulu,Yorick,5,3,0.6
Lulu,Yunara,130,67,0.5153846153846153
Lulu,Zaahen,8,3,0.375
Lulu,Zac,2,1,0.5
Lulu,Zed,3,3,1.0
Lulu,Zeri,6,1,0.16666666666666666
Lulu,Ziggs,1,0,0.0
Lulu,Zilean,3,1,0.3333333333333333
Lulu,Zoe,5,2,0.4
Lulu,Zyra,3,1,0.3333333333333333
Lux,Malphite,3,3,1.0
Lux,Maokai,1,1,1.0
Lux,MasterYi,3,1,0.3333333333333333
Lux,Mel,3,2,0.6666666666666666
Lux,MissFortune,5,2,0.4
Lux,MonkeyKing,5,0,0.0
Lux,Morgana,2,1,0.5
Lux,Naafiri,11,3,0.2727272727272727
Lux,Nami,11,4,0.36363636363636365
Lux,Nautilus,7,4,0.5714285714285714
Lux,Neeko,2,2,1.0
Lux,Nidalee,1,1,1.0
Lux,Nilah,1,0,0.0
Lux,Nocturne,3,1,0.3333333333333333
Lux,Nunu,3,1,0.3333333333333333
Lux,Olaf,1,0,0.0
Lux,Orianna,2,1,0.5
Lux,Ornn,1,0,0.0
Lux,Pantheon,8,3,0.375
Lux,Poppy,2,2,1.0
Lux,Pyke,1,0,0.0
Lux,Qiyana,8,5,0.625
Lux,Quinn,3,1,0.3333333333333333
Lux,Rakan,3,1,0.3333333333333333
Lux,Rammus,2,0,0.0
Lux,RekSai,2,2,1.0
Lux,Renekton,7,4,0.5714285714285714
Lux,Rengar,3,1,0.3333333333333333
Lux,Riven,3,1,0.3333333333333333
Lux,Rumble,5,0,0.0
Lux,Ryze,5,3,0.6
Lux,Samira,1,1,1.0
Lux,Senna,3,2,0.6666666666666666
Lux,Seraphine,4,2,0.5
Lux,Shyvana,2,1,0.5
Lux,Singed,2,0,0.0
Lux,Sion,9,2,0.2222222222222222
Lux,Sivir,1,0,0.0
Lux,Skarner,2,1,0.5
Lux,Smolder,4,1,0.25
Lux,Sona,1,0,0.0
Lux,Sylas,3,2,0.6666666666666666
Lux,Syndra,2,2,1.0
Lux,Taliyah,2,1,0.5
Lux,Talon,4,0,0.0
Lux,Teemo,1,1,1.0
Lux,Tristana,1,0,0.0
Lux,TwistedFate,4,3,0.75
Lux,Udyr,1,0,0.0
Lux,Urgot,1,1,1.0
Lux,Varus,6,1,0.16666666666666666
Lux,Vayne,8,3,0.375
Lux,Veigar,2,1,0.5
Lux,Velkoz,3,1,0.3333333333333333
Lux,Vi,6,2,0.3333333333333333
Lux,Viego,4,0,0.0
Lux,Viktor,1,1,1.0
Lux,Vladimir,1,0,0.0
Lux,Xerath,2,1,0.5
Lux,XinZhao,3,2,0.6666666666666666
Lux,Yasuo,5,1,0.2
Lux,Yone,8,3,0.375
Lux,Yorick,3,2,0.6666666666666666
Lux,Yunara,5,4,0.8
Lux,Zaahen,9,4,0.4444444444444444
Lux,Zac,1,1,1.0
Lux,Zed,3,2,0.6666666666666666
Lux,Zilean,2,0,0.0
Lux,Zoe,17,6,0.35294117647058826
Malphite,Maokai,3,2,0.6666666666666666
Malphite,MasterYi,1,0,0.0
Malphite,Mel,5,2,0.4
Malphite,Milio,2,2,1.0
Malphite,MissFortune,3,3,1.0
Malphite,MonkeyKing,2,1,0.5
Malphite,Naafiri,6,1,0.16666666666666666
Malphite,Nami,5,4,0.8
Malphite,Nasus,1,0,0.0
Malphite,Nautilus,8,5,0.625
Malphite,Neeko,5,2,0.4
Malphite,Nidalee,3,2,0.6666666666666666
Malphite,Nilah,1,1,1.0
Malphite,Nocturne,3,1,0.3333333333333333
Malphite,Nunu,2,2,1.0
Malphite,Orianna,4,3,0.75
Malphite,Ornn,3,3,1.0
Malphite,Pantheon,8,4,0.5
Malphite,Poppy,1,1,1.0
Malphite,Pyke,4,3,0.75
Malphite,Qiyana,4,3,0.75
Malphite,Quinn,1,1,1.0
Malphite,Rakan,2,1,0.5
Malphite,Rammus,1,0,0.0
Malphite,Rell,2,1,0.5
Malphite,Rengar,2,2,1.0
Malphite,Riven,2,2,1.0
Malphite,Rumble,1,0,0.0
Malphite,Ryze,6,3,0.5
Malphite,Senna,5,3,0.6
Malphite,Seraphine,4,4,1.0
Malphite,Shyvana,1,0,0.0
Malphite,Sion,4,2,0.5
Malphite,Smolder,1,1,1.0
Malphite,Sona,6,4,0.6666666666666666
Malphite,Soraka,1,1,1.0
Malphite,Swain,1,1,1.0
Malphite,Sylas,7,4,0.5714285714285714
Malphite,Taliyah,1,0,0.0
Malphite,Talon,4,2,0.5
Malphite,Taric,1,0,0.0
Malphite,Thresh,1,0,0.0
Malphite,Tristana,2,1,0.5
Malphite,TwistedFate,1,1,1.0
Malphite,Varus,4,3,0.75
Malphite,Veigar,1,0,0.0
Malphite,Vi,4,0,0.0
Malphite,Viego,2,1,0.5
Malphite,Viktor,2,1,0.5
Malphite,Vladimir,4,2,0.5
Malphite,Volibear,1,1,1.0
Malphite,XinZhao,5,2,0.4
Malphite,Yasuo,12,7,0.5833333333333334
Malphite,Yone,6,4,0.6666666666666666
Malphite,Yunara,12,6,0.5
Malphite,Yuumi,1,1,1.0
Malphite,Zaahen,2,2,1.0
Malphite,Zac,1,1,1.0
Malphite,Zed,1,1,1.0
Malphite,Zeri,1,0,0.0
Malphite,Ziggs,2,2,1.0
Malphite,Zilean,1,0,0.0
Malphite,Zoe,3,2,0.6666666666666666
Malphite,Zyra,5,3,0.6
Malzahar,Maokai,1,1,1.0
Malzahar,MasterYi,2,0,0.0
Malzahar,Mel,1,1,1.0
Malzahar,MonkeyKing,1,1,1.0
Malzahar,Naafiri,6,4,0.6666666666666666
Malzahar,Nami,3,1,0.3333333333333333
Malzahar,Nautilus,1,0,0.0
Malzahar,Neeko,1,0,0.0
Malzahar,Nilah,1,1,1.0
Malzahar,Nocturne,1,0,0.0
Malzahar,Nunu,2,1,0.5
Malzahar,Olaf,2,1,0.5
Malzahar,Pantheon,2,1,0.5
Malzahar,Poppy,1,0,0.0
Malzahar,Pyke,3,1,0.3333333333333333
Malzahar,Qiyana,1,0,0.0
Malzahar,Rakan,1,1,1.0
Malzahar,RekSai,1,0,0.0
Malzahar,Rell,1,0,0.0
Malzahar,Renekton,2,1,0.5
Malzahar,Rengar,1,0,0.0
Malzahar,Senna,2,1,0.5
Malzahar,Seraphine,1,1,1.0
Malzahar,Shaco,1,1,1.0
Malzahar,Shen,2,0,0.0
Malzahar,Singed,1,1,1.0
Malzahar,Sion,3,0,0.0
Malzahar,Sivir,1,1,1.0
Malzahar,Sona,3,2,0.6666666666666666
Malzahar,Swain,1,0,0.0
Malzahar,Sylas,1,1,1.0
Malzahar,Tristana,1,0,0.0
Malzahar,Trundle,1,0,0.0
Malzahar,TwistedFate,1,0,0.0
Malzahar,Udyr,1,0,0.0
Malzahar,Varus,2,1,0.5
Malzahar,Vayne,7,5,0.7142857142857143
Malzahar,Veigar,1,1,1.0
Malzahar,Vi,1,1,1.0
Malzahar,Viego,1,0,0.0
Malzahar,Vladimir,1,0,0.0
Malzahar,Volibear,1,1,1.0
Malzahar,Xayah,3,1,0.3333333333333333
Malzahar,XinZhao,2,2,1.0
Malzahar,Yasuo,2,1,0.5
Malzahar,Yone,2,1,0.5
Malzahar,Yunara,1,0,0.0
Malzahar,Yuumi,1,0,0.0
Malzahar,Zilean,2,1,0.5
Maokai,Mel,1,1,1.0
Maokai,MissFortune,1,1,1.0
Maokai,MonkeyKing,1,0,0.0
Maokai,Naafiri,4,2,0.5
Maokai,Neeko,1,1,1.0
Maokai,Nidalee,2,1,0.5
Maokai,Nocturne,2,2,1.0
Maokai,Nunu,1,1,1.0
Maokai,Orianna,4,3,0.75
Maokai,Ornn,1,1,1.0
Maokai,Pantheon,3,2,0.6666666666666666
Maokai,Rell,1,1,1.0
Maokai,Rengar,1,1,1.0
Maokai,Senna,2,1,0.5
Maokai,Seraphine,2,1,0.5
Maokai,Singed,1,1,1.0
Maokai,Sion,3,2,0.6666666666666666
Maokai,Tristana,2,1,0.5
Maokai,Twitch,1,1,1.0
Maokai,Varus,1,0,0.0
Maokai,Veigar,1,0,0.0
Maokai,Vex,1,0,0.0
Maokai,Viego,2,1,0.5
Maokai,Viktor,1,0,0.0
Maokai,Xayah,1,1,1.0
Maokai,Yasuo,2,0,0.0
Maokai,Yone,1,1,1.0
Maokai,Yunara,3,3,1.0
Maokai,Zac,1,1,1.0
Maokai,Zeri,1,1,1.0
Maokai,Ziggs,1,0,0.0
Maokai,Zoe,1,1,1.0
Maokai,Zyra,2,1,0.5
MasterYi,Mel,2,1,0.5
MasterYi,Milio,1,1,1.0
MasterYi,MissFortune,3,2,0.6666666666666666
MasterYi,MonkeyKing,1,1,1.0
MasterYi,Morgana,2,0,0.0
MasterYi,Naafiri,1,1,1.0
MasterYi,Nami,7,2,0.2857142857142857
MasterYi,Nasus,1,1,1.0
MasterYi,Nautilus,1,1,1.0
MasterYi,Nidalee,2,1,0.5
MasterYi,Nunu,1,1,1.0
MasterYi,Orianna,1,0,0.0
MasterYi,Ornn,1,1,1.0
MasterYi,Pantheon,5,1,0.2
MasterYi,Poppy,2,1,0.5
MasterYi,Pyke,4,3,0.75
MasterYi,Qiyana,1,1,1.0
MasterYi,Rakan,1,1,1.0
MasterYi,Rell,2,2,1.0
MasterYi,Renata,1,1,1.0
MasterYi,Renekton,2,1,0.5
MasterYi,Riven,4,2,0.5
MasterYi,Rumble,1,0,0.0
MasterYi,Ryze,2,2,1.0
MasterYi,Sejuani,1,0,0.0
MasterYi,Senna,7,3,0.42857142857142855
MasterYi,Seraphine,4,3,0.75
MasterYi,Shen,5,4,0.8
MasterYi,Singed,2,0,0.0
MasterYi,Sion,6,2,0.3333333333333333
MasterYi,Sivir,5,1,0.2
MasterYi,Smolder,1,0,0.0
MasterYi,Sona,6,0,0.0
MasterYi,Soraka,3,2,0.6666666666666666
MasterYi,Swain,1,1,1.0
MasterYi,Sylas,6,4,0.6666666666666666
MasterYi,Syndra,4,2,0.5
MasterYi,Taliyah,2,2,1.0
MasterYi,Taric,2,0,0.0
MasterYi,Teemo,2,1,0.5
MasterYi,Thresh,4,2,0.5
MasterYi,Tristana,1,0,0.0
MasterYi,TwistedFate,3,1,0.3333333333333333
MasterYi,Varus,6,4,0.6666666666666666
MasterYi,Vayne,4,2,0.5
MasterYi,Veigar,1,1,1.0
MasterYi,Velkoz,1,1,1.0
MasterYi,Viktor,2,2,1.0
MasterYi,Vladimir,6,2,0.3333333333333333
MasterYi,Xayah,2,0,0.0
MasterYi,Xerath,3,1,0.3333333333333333
MasterYi,Yasuo,1,0,0.0
MasterYi,Yorick,2,1,0.5
MasterYi,Yunara,4,2,0.5
MasterYi,Yuumi,2,0,0.0
MasterYi,Zaahen,3,0,0.0
MasterYi,Zed,2,2,1.0
MasterYi,Ziggs,2,2,1.0
MasterYi,Zilean,3,2,0.6666666666666666
MasterYi,Zoe,2,2,1.0
Mel,Milio,2,1,0.5
Mel,MonkeyKing,1,0,0.0
Mel,Morgana,4,1,0.25
Mel,Naafiri,11,3,0.2727272727272727
Mel,Nami,15,5,0.3333333333333333
Mel,Nasus,1,0,0.0
Mel,Nautilus,23,12,0.5217391304347826
Mel,Neeko,6,3,0.5
Mel,Nidalee,3,0,0.0
Mel,Nocturne,6,3,0.5
Mel,Nunu,3,1,0.3333333333333333
Mel,Olaf,4,3,0.75
Mel,Orianna,4,0,0.0
Mel,Ornn,3,2,0.6666666666666666
Mel,Pantheon,14,6,0.42857142857142855
Mel,Poppy,6,3,0.5
Mel,Pyke,18,7,0.3888888888888889
Mel,Qiyana,8,2,0.25
Mel,Rakan,6,1,0.16666666666666666
Mel,Rammus,3,0,0.0
Mel,RekSai,10,3,0.3
Mel,Rell,4,2,0.5
Mel,Renekton,7,3,0.42857142857142855
Mel,Rengar,9,5,0.5555555555555556
Mel,Riven,8,2,0.25
Mel,Rumble,9,5,0.5555555555555556
Mel,Ryze,11,5,0.45454545454545453
Mel,Samira,1,0,0.0
Mel,Sejuani,4,3,0.75
Mel,Senna,5,1,0.2
Mel,Seraphine,7,6,0.8571428571428571
Mel,Sett,2,1,0.5
Mel,Shaco,1,0,0.0
Mel,Shen,6,1,0.16666666666666666
Mel,Singed,2,1,0.5
Mel,Sion,18,6,0.3333333333333333
Mel,Sivir,3,0,0.0
Mel,Skarner,9,5,0.5555555555555556
Mel,Smolder,1,0,0.0
Mel,Sona,9,3,0.3333333333333333
Mel,Soraka,7,3,0.42857142857142855
Mel,Swain,2,0,0.0
Mel,Sylas,8,6,0.75
Mel,Syndra,3,2,0.6666666666666666
Mel,Taliyah,2,2,1.0
Mel,Talon,4,2,0.5
Mel,Teemo,2,1,0.5
Mel,Thresh,6,3,0.5
Mel,Tristana,2,0,0.0
Mel,Trundle,2,1,0.5
Mel,Tryndamere,2,1,0.5
Mel,TwistedFate,2,0,0.0
Mel,Urgot,2,1,0.5
Mel,Varus,16,9,0.5625
Mel,Vayne,9,4,0.4444444444444444
Mel,Veigar,1,0,0.0
Mel,Vex,2,1,0.5
Mel,Vi,8,5,0.625
Mel,Viego,4,2,0.5
Mel,Viktor,2,1,0.5
Mel,Vladimir,1,1,1.0
Mel,Volibear,2,1,0.5
Mel,Warwick,1,1,1.0
Mel,Xerath,3,1,0.3333333333333333
Mel,XinZhao,9,7,0.7777777777777778
Mel,Yasuo,11,5,0.45454545454545453
Mel,Yone,8,5,0.625
Mel,Yunara,8,4,0.5
Mel,Yuumi,1,0,0.0
Mel,Zaahen,4,0,0.0
Mel,Zac,2,1,0.5
Mel,Zed,6,4,0.6666666666666666
Mel,Ziggs,1,0,0.0
Mel,Zilean,3,2,0.6666666666666666
Mel,Zoe,3,1,0.3333333333333333
Mel,Zyra,3,3,1.0
Milio,MonkeyKing,1,1,1.0
Milio,Naafiri,2,2,1.0
Milio,Nidalee,1,1,1.0
Milio,Nocturne,3,3,1.0
Milio,Nunu,1,1,1.0
Milio,Olaf,1,1,1.0
Milio,Ornn,1,1,1.0
Milio,Pantheon,3,3,1.0
Milio,Qiyana,3,3,1.0
Milio,RekSai,1,1,1.0
Milio,Renekton,3,1,0.3333333333333333
Milio,Rengar,4,2,0.5
Milio,Rumble,1,1,1.0
Milio,Ryze,3,2,0.6666666666666666
Milio,Sejuani,1,0,0.0
Milio,Shaco,2,1,0.5
Milio,Shen,2,1,0.5
Milio,Sion,6,4,0.6666666666666666
Milio,Sivir,1,1,1.0
Milio,Skarner,2,1,0.5
Milio,Smolder,1,1,1.0
Milio,Sylas,2,2,1.0
Milio,Syndra,1,1,1.0
Milio,TahmKench,1,1,1.0
Milio,Taliyah,2,1,0.5
Milio,Talon,1,0,0.0
Milio,Teemo,1,1,1.0
Milio,Tristana,1,0,0.0
Milio,TwistedFate,3,3,1.0
Milio,Udyr,5,1,0.2
Milio,Varus,3,3,1.0
Milio,Vayne,3,1,0.3333333333333333
Milio,Vex,1,0,0.0
Milio,Vi,5,4,0.8
Milio,Viego,1,0,0.0
Milio,Viktor,1,0,0.0
Milio,Vladimir,1,1,1.0
Milio,Xayah,1,0,0.0
Milio,Xerath,1,1,1.0
Milio,XinZhao,4,1,0.25
Milio,Yasuo,2,0,0.0
Milio,Yone,1,0,0.0
Milio,Yunara,6,3,0.5
Milio,Zaahen,3,2,0.6666666666666666
Milio,Zed,2,1,0.5
Milio,Zoe,1,0,0.0
Milio,Zyra,1,0,0.0
MissFortune,MonkeyKing,1,1,1.0
MissFortune,Naafiri,4,3,0.75
MissFortune,Nami,2,1,0.5
MissFortune,Nautilus,14,9,0.6428571428571429
MissFortune,Neeko,5,4,0.8
MissFortune,Nidalee,1,1,1.0
MissFortune,Nocturne,3,2,0.6666666666666666
MissFortune,Nunu,1,0,0.0
MissFortune,Orianna,3,3,1.0
MissFortune,Ornn,2,1,0.5
MissFortune,Pantheon,7,4,0.5714285714285714
MissFortune,Poppy,1,0,0.0
MissFortune,Pyke,1,0,0.0
MissFortune,Qiyana,3,1,0.3333333333333333
MissFortune,Rakan,4,2,0.5
MissFortune,Rammus,1,1,1.0
MissFortune,RekSai,3,3,1.0
MissFortune,Rell,7,5,0.7142857142857143
MissFortune,Renekton,4,4,1.0
MissFortune,Riven,5,3,0.6
MissFortune,Rumble,1,0,0.0
MissFortune,Ryze,7,2,0.2857142857142857
MissFortune,Seraphine,12,8,0.6666666666666666
MissFortune,Sett,3,0,0.0
MissFortune,Shen,1,1,1.0
MissFortune,Singed,2,1,0.5
MissFortune,Sion,3,2,0.6666666666666666
MissFortune,Skarner,1,0,0.0
MissFortune,Sona,2,2,1.0
MissFortune,Sylas,6,4,0.6666666666666666
MissFortune,Syndra,1,0,0.0
MissFortune,Taliyah,5,1,0.2
MissFortune,Talon,1,1,1.0
MissFortune,Teemo,3,3,1.0
MissFortune,Thresh,1,0,0.0
MissFortune,Tristana,1,1,1.0
MissFortune,TwistedFate,2,1,0.5
MissFortune,Udyr,2,2,1.0
MissFortune,Vayne,1,1,1.0
MissFortune,Velkoz,1,1,1.0
MissFortune,Vi,2,2,1.0
MissFortune,Viego,3,1,0.3333333333333333
MissFortune,Viktor,3,3,1.0
MissFortune,Vladimir,2,2,1.0
MissFortune,XinZhao,4,4,1.0
MissFortune,Yasuo,1,1,1.0
MissFortune,Yone,1,0,0.0
MissFortune,Yorick,4,1,0.25
MissFortune,Zaahen,1,1,1.0
MissFortune,Zed,6,3,0.5
MissFortune,Ziggs,1,0,0.0
MissFortune,Zilean,1,1,1.0
MissFortune,Zoe,1,0,0.0
MissFortune,Zyra,3,3,1.0
MonkeyKing,Naafiri,1,0,0.0
MonkeyKing,Nami,7,1,0.14285714285714285
MonkeyKing,Nautilus,3,1,0.3333333333333333
MonkeyKing,Neeko,4,3,0.75
MonkeyKing,Nunu,1,0,0.0
MonkeyKing,Orianna,4,3,0.75
MonkeyKing,Ornn,2,2,1.0
MonkeyKing,Pantheon,1,0,0.0
MonkeyKing,Poppy,1,1,1.0
MonkeyKing,Pyke,1,1,1.0
MonkeyKing,Quinn,1,1,1.0
MonkeyKing,Rakan,2,1,0.5
MonkeyKing,Renekton,2,2,1.0
MonkeyKing,Riven,4,3,0.75
MonkeyKing,Rumble,1,0,0.0
MonkeyKing,Ryze,3,2,0.6666666666666666
MonkeyKing,Samira,1,0,0.0
MonkeyKing,Sejuani,1,1,1.0
MonkeyKing,Senna,5,3,0.6
MonkeyKing,Seraphine,4,4,1.0
MonkeyKing,Shen,1,1,1.0
MonkeyKing,Sion,5,3,0.6
MonkeyKing,Sivir,2,2,1.0
MonkeyKing,Smolder,1,0,0.0
MonkeyKing,Sona,2,2,1.0
MonkeyKing,Soraka,1,1,1.0
MonkeyKing,Swain,1,0,0.0
MonkeyKing,Taliyah,1,0,0.0
MonkeyKing,Talon,2,2,1.0
MonkeyKing,Tristana,1,0,0.0
MonkeyKing,TwistedFate,6,2,0.3333333333333333
MonkeyKing,Varus,5,1,0.2
MonkeyKing,Vayne,6,3,0.5
MonkeyKing,Veigar,3,1,0.3333333333333333
MonkeyKing,Velkoz,1,0,0.0
MonkeyKing,Vi,2,1,0.5
MonkeyKing,Viego,1,0,0.0
MonkeyKing,Viktor,2,2,1.0
MonkeyKing,Vladimir,3,2,0.6666666666666666
MonkeyKing,Warwick,1,0,0.0
MonkeyKing,XinZhao,2,1,0.5
MonkeyKing,Yasuo,4,3,0.75
MonkeyKing,Yone,2,2,1.0
MonkeyKing,Yorick,1,0,0.0
MonkeyKing,Yunara,5,3,0.6
MonkeyKing,Yuumi,2,1,0.5
MonkeyKing,Zaahen,1,0,0.0
MonkeyKing,Zed,1,0,0.0
MonkeyKing,Ziggs,3,1,0.3333333333333333
MonkeyKing,Zoe,4,1,0.25
MonkeyKing,Zyra,1,1,1.0
Mordekaiser,Naafiri,1,1,1.0
Mordekaiser,Nautilus,2,0,0.0
Mordekaiser,Neeko,1,1,1.0
Mordekaiser,Nidalee,1,0,0.0
Mordekaiser,Pantheon,1,0,0.0
Mordekaiser,Pyke,1,0,0.0
Mordekaiser,Riven,1,1,1.0
Mordekaiser,Seraphine,1,0,0.0
Mordekaiser,Taric,1,1,1.0
Mordekaiser,Vi,1,0,0.0
Mordekaiser,Viego,1,0,0.0
Mordekaiser,Xayah,1,0,0.0
Mordekaiser,XinZhao,2,2,1.0
Mordekaiser,Yasuo,1,0,0.0
Mordekaiser,Yunara,1,0,0.0
Mordekaiser,Zed,3,2,0.6666666666666666
Mordekaiser,Zilean,1,0,0.0
Morgana,Naafiri,2,1,0.5
Morgana,Neeko,1,1,1.0
Morgana,Nocturne,1,1,1.0
Morgana,Qiyana,1,0,0.0
Morgana,RekSai,1,1,1.0
Morgana,Renekton,1,1,1.0
Morgana,Riven,2,0,0.0
Morgana,Rumble,1,1,1.0
Morgana,Ryze,1,0,0.0
Morgana,Senna,1,1,1.0
Morgana,Sett,1,1,1.0
Morgana,Shyvana,1,0,0.0
Morgana,Singed,1,1,1.0
Morgana,Sion,1,1,1.0
Morgana,Sivir,1,0,0.0
Morgana,Soraka,1,0,0.0
Morgana,TahmKench,1,1,1.0
Morgana,Varus,1,0,0.0
Morgana,Vayne,1,1,1.0
Morgana,Veigar,1,0,0.0
Morgana,Viego,1,0,0.0
Morgana,Viktor,1,1,1.0
Morgana,Yone,2,2,1.0
Morgana,Yorick,1,1,1.0
Morgana,Yuumi,1,1,1.0
Morgana,Zaahen,1,0,0.0
Morgana,Zed,1,1,1.0
Morgana,Zyra,1,1,1.0
Naafiri,Nami,22,11,0.5
Naafiri,Nasus,4,0,0.0
Naafiri,Nautilus,19,11,0.5789473684210527
Naafiri,Neeko,10,8,0.8
Naafiri,Nidalee,4,1,0.25
Naafiri,Nilah,2,1,0.5
Naafiri,Nocturne,2,0,0.0
Naafiri,Nunu,2,1,0.5
Naafiri,Orianna,17,10,0.5882352941176471
Naafiri,Ornn,3,2,0.6666666666666666
Naafiri,Pantheon,3,2,0.6666666666666666
Naafiri,Poppy,9,6,0.6666666666666666
Naafiri,Pyke,16,10,0.625
Naafiri,Qiyana,8,2,0.25
Naafiri,Quinn,4,3,0.75
Naafiri,Rakan,7,1,0.14285714285714285
Naafiri,Rammus,1,0,0.0
Naafiri,Rell,11,6,0.5454545454545454
Naafiri,Renekton,11,5,0.45454545454545453
Naafiri,Rengar,2,2,1.0
Naafiri,Riven,8,7,0.875
Naafiri,Rumble,13,5,0.38461538461538464
Naafiri,Ryze,19,11,0.5789473684210527
Naafiri,Samira,3,2,0.6666666666666666
Naafiri,Sejuani,2,2,1.0
Naafiri,Senna,9,6,0.6666666666666666
Naafiri,Seraphine,13,8,0.6153846153846154
Naafiri,Sett,3,3,1.0
Naafiri,Shaco,3,2,0.6666666666666666
Naafiri,Shen,6,3,0.5
Naafiri,Shyvana,2,2,1.0
Naafiri,Singed,1,1,1.0
Naafiri,Sion,17,9,0.5294117647058824
Naafiri,Sivir,7,4,0.5714285714285714
Naafiri,Smolder,4,1,0.25
Naafiri,Sona,4,1,0.25
Naafiri,Soraka,3,2,0.6666666666666666
Naafiri,Swain,3,2,0.6666666666666666
Naafiri,Sylas,5,4,0.8
Naafiri,Syndra,9,4,0.4444444444444444
Naafiri,TahmKench,2,1,0.5
Naafiri,Taliyah,1,0,0.0
Naafiri,Talon,3,1,0.3333333333333333
Naafiri,Taric,2,1,0.5
Naafiri,Teemo,1,1,1.0
Naafiri,Thresh,4,1,0.25
Naafiri,Tristana,4,1,0.25
Naafiri,Trundle,1,0,0.0
Naafiri,TwistedFate,4,3,0.75
Naafiri,Twitch,1,1,1.0
Naafiri,Udyr,3,3,1.0
Naafiri,Urgot,1,0,0.0
Naafiri,Varus,13,6,0.46153846153846156
Naafiri,Vayne,12,4,0.3333333333333333
Naafiri,Veigar,4,2,0.5
Naafiri,Velkoz,5,4,0.8
Naafiri,Vex,3,3,1.0
Naafiri,Vi,2,1,0.5
Naafiri,Viego,3,1,0.3333333333333333
Naafiri,Viktor,10,3,0.3
Naafiri,Vladimir,7,4,0.5714285714285714
Naafiri,Volibear,2,2,1.0
Naafiri,Warwick,1,0,0.0
Naafiri,Xayah,2,0,0.0
Naafiri,Xerath,3,3,1.0
Naafiri,XinZhao,2,1,0.5
Naafiri,Yasuo,7,2,0.2857142857142857
Naafiri,Yone,8,5,0.625
Naafiri,Yorick,7,3,0.42857142857142855
Naafiri,Yunara,19,7,0.3684210526315789
Naafiri,Yuumi,3,1,0.3333333333333333
Naafiri,Zaahen,2,2,1.0
Naafiri,Zac,1,1,1.0
Naafiri,Zed,3,1,0.3333333333333333
Naafiri,Zeri,1,0,0.0
Naafiri,Ziggs,3,1,0.3333333333333333
Naafiri,Zilean,3,2,0.6666666666666666
Naafiri,Zoe,8,4,0.5
Naafiri,Zyra,5,3,0.6
Nami,Nasus,5,3,0.6
Nami,Nautilus,1,0,0.0
Nami,Neeko,1,1,1.0
Nami,Nidalee,4,2,0.5
Nami,Nocturne,10,2,0.2
Nami,Nunu,6,5,0.8333333333333334
Nami,Olaf,2,2,1.0
Nami,Orianna,12,7,0.5833333333333334
Nami,Ornn,8,4,0.5
Nami,Pantheon,15,7,0.4666666666666667
Nami,Poppy,4,2,0.5
Nami,Qiyana,14,11,0.7857142857142857
Nami,Quinn,2,2,1.0
Nami,Rammus,1,0,0.0
Nami,RekSai,3,1,0.3333333333333333
Nami,Renekton,15,8,0.5333333333333333
Nami,Rengar,6,3,0.5
Nami,Riven,9,6,0.6666666666666666
Nami,Rumble,12,7,0.5833333333333334
Nami,Ryze,22,14,0.6363636363636364
Nami,Samira,1,0,0.0
Nami,Sejuani,1,0,0.0
Nami,Senna,1,0,0.0
Nami,Seraphine,3,3,1.0
Nami,Sett,3,2,0.6666666666666666
Nami,Shaco,2,1,0.5
Nami,Shen,10,3,0.3
Nami,Shyvana,3,2,0.6666666666666666
Nami,Singed,5,3,0.6
Nami,Sion,22,10,0.45454545454545453
Nami,Sivir,1,0,0.0
Nami,Skarner,6,1,0.16666666666666666
Nami,Smolder,5,1,0.2
Nami,Swain,8,2,0.25
Nami,Sylas,25,13,0.52
Nami,Syndra,11,9,0.8181818181818182
Nami,Taliyah,9,5,0.5555555555555556
Nami,Talon,4,2,0.5
Nami,Teemo,6,4,0.6666666666666666
Nami,Tristana,5,2,0.4
Nami,Trundle,2,2,1.0
Nami,Tryndamere,2,2,1.0
Nami,TwistedFate,15,9,0.6
Nami,Twitch,3,2,0.6666666666666666
Nami,Udyr,6,4,0.6666666666666666
Nami,Urgot,3,0,0.0
Nami,Varus,17,9,0.5294117647058824
Nami,Vayne,17,4,0.23529411764705882
Nami,Veigar,4,3,0.75
Nami,Velkoz,3,1,0.3333333333333333
Nami,Vex,4,2,0.5
Nami,Vi,12,5,0.4166666666666667
Nami,Viego,11,5,0.45454545454545453
Nami,Viktor,6,2,0.3333333333333333
Nami,Vladimir,11,3,0.2727272727272727
Nami,Volibear,1,1,1.0
Nami,Warwick,2,2,1.0
Nami,Xayah,2,0,0.0
Nami,Xerath,3,3,1.0
Nami,XinZhao,19,7,0.3684210526315789
Nami,Yasuo,18,9,0.5
Nami,Yone,14,4,0.2857142857142857
Nami,Yorick,5,3,0.6
Nami,Yunara,9,5,0.5555555555555556
Nami,Zaahen,11,6,0.5454545454545454
Nami,Zac,4,4,1.0
Nami,Zed,5,4,0.8
Nami,Ziggs,3,2,0.6666666666666666
Nami,Zilean,1,0,0.0
Nami,Zoe,5,2,0.4
Nami,Zyra,6,4,0.6666666666666666
Nasus,Nautilus,4,3,0.75
Nasus,Nidalee,3,1,0.3333333333333333
Nasus,Nunu,3,1,0.3333333333333333
Nasus,Pantheon,1,1,1.0
Nasus,Poppy,4,3,0.75
Nasus,Pyke,1,1,1.0
Nasus,Rakan,1,1,1.0
Nasus,Renekton,1,0,0.0
Nasus,Rumble,3,1,0.3333333333333333
Nasus,Ryze,1,0,0.0
Nasus,Samira,2,0,0.0
Nasus,Senna,3,1,0.3333333333333333
Nasus,Seraphine,2,1,0.5
Nasus,Shen,2,2,1.0
Nasus,Singed,1,1,1.0
Nasus,Sivir,1,1,1.0
Nasus,Sona,1,0,0.0
Nasus,Soraka,1,0,0.0
Nasus,Swain,3,2,0.6666666666666666
Nasus,Sylas,4,2,0.5
Nasus,Taric,2,0,0.0
Nasus,Thresh,2,0,0.0
Nasus,Tristana,1,1,1.0
Nasus,Twitch,1,1,1.0
Nasus,Varus,2,1,0.5
Nasus,Vayne,1,1,1.0
Nasus,Velkoz,1,0,0.0
Nasus,Vi,2,1,0.5
Nasus,Viego,2,0,0.0
Nasus,Vladimir,3,2,0.6666666666666666
Nasus,Xayah,1,1,1.0
Nasus,Xerath,1,1,1.0
Nasus,Yone,3,2,0.6666666666666666
Nasus,Yorick,1,1,1.0
Nasus,Yunara,2,2,1.0
Nasus,Yuumi,2,1,0.5
Nasus,Zac,2,2,1.0
Nasus,Zilean,1,1,1.0
Nasus,Zoe,2,0,0.0
Nasus,Zyra,2,0,0.0
Nautilus,Neeko,1,0,0.0
Nautilus,Nidalee,13,7,0.5384615384615384
Nautilus,Nilah,3,1,0.3333333333333333
Nautilus,Nocturne,18,10,0.5555555555555556
Nautilus,Nunu,5,4,0.8
Nautilus,Olaf,7,5,0.7142857142857143
Nautilus,Orianna,23,14,0.6086956521739131
Nautilus,Ornn,8,5,0.625
Nautilus,Pantheon,40,17,0.425
Nautilus,Poppy,5,3,0.6
Nautilus,Pyke,1,1,1.0
Nautilus,Qiyana,20,7,0.35
Nautilus,Quinn,5,3,0.6
Nautilus,RekSai,6,4,0.6666666666666666
Nautilus,Renata,1,0,0.0
Nautilus,Renekton,23,13,0.5652173913043478
Nautilus,Rengar,8,5,0.625
Nautilus,Riven,14,8,0.5714285714285714
Nautilus,Rumble,14,6,0.42857142857142855
Nautilus,Ryze,31,17,0.5483870967741935
Nautilus,Samira,8,3,0.375
Nautilus,Sejuani,3,2,0.6666666666666666
Nautilus,Senna,27,15,0.5555555555555556
Nautilus,Seraphine,7,6,0.8571428571428571
Nautilus,Shaco,3,2,0.6666666666666666
Nautilus,Shen,6,2,0.3333333333333333
Nautilus,Shyvana,2,1,0.5
Nautilus,Singed,7,3,0.42857142857142855
Nautilus,Sion,26,15,0.5769230769230769
Nautilus,Sivir,5,4,0.8
Nautilus,Skarner,5,4,0.8
Nautilus,Smolder,6,2,0.3333333333333333
Nautilus,Soraka,2,1,0.5
Nautilus,Swain,7,6,0.8571428571428571
Nautilus,Sylas,29,18,0.6206896551724138
Nautilus,Syndra,10,5,0.5
Nautilus,Taliyah,10,4,0.4
Nautilus,Talon,11,3,0.2727272727272727
Nautilus,Taric,1,1,1.0
Nautilus,Teemo,5,3,0.6
Nautilus,Tristana,11,6,0.5454545454545454
Nautilus,Trundle,3,2,0.6666666666666666
Nautilus,Tryndamere,1,0,0.0
Nautilus,TwistedFate,13,8,0.6153846153846154
Nautilus,Udyr,4,3,0.75
Nautilus,Urgot,6,2,0.3333333333333333
Nautilus,Varus,33,17,0.5151515151515151
Nautilus,Vayne,23,16,0.6956521739130435
Nautilus,Veigar,5,3,0.6
Nautilus,Velkoz,4,0,0.0
Nautilus,Vex,4,1,0.25
Nautilus,Vi,22,13,0.5909090909090909
Nautilus,Viego,17,7,0.4117647058823529
Nautilus,Viktor,12,4,0.3333333333333333
Nautilus,Vladimir,13,6,0.46153846153846156
Nautilus,Volibear,2,2,1.0
Nautilus,Xayah,3,1,0.3333333333333333
Nautilus,Xerath,7,6,0.8571428571428571
Nautilus,XinZhao,19,12,0.631578947368421
Nautilus,Yasuo,18,9,0.5
Nautilus,Yone,23,9,0.391304347826087
Nautilus,Yorick,9,8,0.8888888888888888
Nautilus,Yunara,42,24,0.5714285714285714
Nautilus,Zaahen,9,5,0.5555555555555556
Nautilus,Zac,2,0,0.0
Nautilus,Zed,15,11,0.7333333333333333
Nautilus,Zeri,1,0,0.0
Nautilus,Ziggs,12,2,0.16666666666666666
Nautilus,Zilean,4,3,0.75
Nautilus,Zoe,11,5,0.45454545454545453
Nautilus,Zyra,9,6,0.6666666666666666
Neeko,Nidalee,2,2,1.0
Neeko,Nilah,2,0,0.0
Neeko,Nocturne,20,11,0.55
Neeko,Nunu,6,3,0.5
Neeko,Olaf,1,0,0.0
Neeko,Orianna,10,6,0.6
Neeko,Ornn,4,2,0.5
Neeko,Pantheon,15,7,0.4666666666666667
Neeko,Pyke,2,0,0.0
Neeko,Qiyana,10,5,0.5
Neeko,Quinn,4,2,0.5
Neeko,RekSai,2,2,1.0
Neeko,Renekton,10,8,0.8
Neeko,Rengar,4,3,0.75
Neeko,Riven,4,1,0.25
Neeko,Rumble,9,5,0.5555555555555556
Neeko,Ryze,19,9,0.47368421052631576
Neeko,Sejuani,1,0,0.0
Neeko,Senna,5,3,0.6
Neeko,Seraphine,2,0,0.0
Neeko,Sett,2,1,0.5
Neeko,Shaco,3,2,0.6666666666666666
Neeko,Shen,1,1,1.0
Neeko,Singed,3,1,0.3333333333333333
Neeko,Sion,14,6,0.42857142857142855
Neeko,Sivir,9,3,0.3333333333333333
Neeko,Skarner,2,1,0.5
Neeko,Smolder,1,1,1.0
Neeko,Sona,2,1,0.5
Neeko,Swain,1,0,0.0
Neeko,Sylas,9,4,0.4444444444444444
Neeko,Syndra,2,2,1.0
Neeko,TahmKench,1,1,1.0
Neeko,Taliyah,6,4,0.6666666666666666
Neeko,Talon,6,5,0.8333333333333334
Neeko,Teemo,2,1,0.5
Neeko,Thresh,2,1,0.5
Neeko,Tristana,3,1,0.3333333333333333
Neeko,Tryndamere,2,2,1.0
Neeko,TwistedFate,8,7,0.875
Neeko,Twitch,1,0,0.0
Neeko,Udyr,1,0,0.0
Neeko,Varus,15,6,0.4
Neeko,Vayne,22,11,0.5
Neeko,Veigar,1,1,1.0
Neeko,Velkoz,2,1,0.5
Neeko,Vi,12,5,0.4166666666666667
Neeko,Viego,3,0,0.0
Neeko,Viktor,10,6,0.6
Neeko,Vladimir,2,0,0.0
Neeko,Xerath,1,0,0.0
Neeko,XinZhao,16,8,0.5
Neeko,Yasuo,15,6,0.4
Neeko,Yone,6,2,0.3333333333333333
Neeko,Yorick,8,5,0.625
Neeko,Yunara,16,11,0.6875
Neeko,Zaahen,6,2,0.3333333333333333
Neeko,Zed,2,0,0.0
Neeko,Ziggs,3,0,0.0
Neeko,Zilean,1,1,1.0
Neeko,Zoe,5,3,0.6
Neeko,Zyra,3,1,0.3333333333333333
Nidalee,Nilah,1,0,0.0
Nidalee,Nocturne,2,2,1.0
Nidalee,Olaf,5,2,0.4
Nidalee,Orianna,6,5,0.8333333333333334
Nidalee,Ornn,3,2,0.6666666666666666
Nidalee,Pantheon,10,3,0.3
Nidalee,Poppy,5,4,0.8
Nidalee,Pyke,6,5,0.8333333333333334
Nidalee,Qiyana,7,6,0.8571428571428571
Nidalee,Quinn,1,1,1.0
Nidalee,Rakan,4,1,0.25
Nidalee,Rell,4,1,0.25
Nidalee,Renekton,9,5,0.5555555555555556
Nidalee,Rengar,2,1,0.5
Nidalee,Riven,6,3,0.5
Nidalee,Rumble,5,3,0.6
Nidalee,Ryze,8,3,0.375
Nidalee,Samira,2,2,1.0
Nidalee,Senna,8,5,0.625
Nidalee,Seraphine,3,2,0.6666666666666666
Nidalee,Sett,1,0,0.0
Nidalee,Shen,3,3,1.0
Nidalee,Singed,1,0,0.0
Nidalee,Sion,9,5,0.5555555555555556
Nidalee,Sivir,7,2,0.2857142857142857
Nidalee,Skarner,4,2,0.5
Nidalee,Smolder,3,2,0.6666666666666666
Nidalee,Sona,2,1,0.5
Nidalee,Soraka,5,3,0.6
Nidalee,Swain,2,2,1.0
Nidalee,Sylas,6,1,0.16666666666666666
Nidalee,Syndra,2,2,1.0
Nidalee,TahmKench,1,1,1.0
Nidalee,Taliyah,2,2,1.0
Nidalee,Talon,2,2,1.0
Nidalee,Taric,1,1,1.0
Nidalee,Teemo,2,1,0.5
Nidalee,Thresh,3,2,0.6666666666666666
Nidalee,Tristana,7,5,0.7142857142857143
Nidalee,Tryndamere,1,0,0.0
Nidalee,TwistedFate,3,3,1.0
Nidalee,Twitch,2,1,0.5
Nidalee,Udyr,1,0,0.0
Nidalee,Varus,11,9,0.8181818181818182
Nidalee,Vayne,6,3,0.5
Nidalee,Veigar,2,1,0.5
Nidalee,Velkoz,1,1,1.0
Nidalee,Vex,2,1,0.5
Nidalee,Vi,1,0,0.0
Nidalee,Viego,2,2,1.0
Nidalee,Viktor,5,1,0.2
Nidalee,Vladimir,4,3,0.75
Nidalee,Volibear,1,0,0.0
Nidalee,Xayah,1,1,1.0
Nidalee,Xerath,3,3,1.0
Nidalee,XinZhao,2,1,0.5
Nidalee,Yasuo,9,4,0.4444444444444444
Nidalee,Yone,18,7,0.3888888888888889
Nidalee,Yorick,4,1,0.25
Nidalee,Yunara,10,5,0.5
Nidalee,Yuumi,3,0,0.0
Nidalee,Zaahen,5,1,0.2
Nidalee,Zed,7,5,0.7142857142857143
Nidalee,Zeri,1,0,0.0
Nidalee,Ziggs,1,1,1.0
Nidalee,Zilean,1,0,0.0
Nidalee,Zoe,3,2,0.6666666666666666
Nilah,Nunu,2,1,0.5
Nilah,Ornn,1,1,1.0
Nilah,Qiyana,2,2,1.0
Nilah,Rakan,1,0,0.0
Nilah,Rammus,2,1,0.5
Nilah,Rell,2,0,0.0
Nilah,Renekton,1,0,0.0
Nilah,Riven,1,1,1.0
Nilah,Rumble,1,1,1.0
Nilah,Ryze,4,1,0.25
Nilah,Sejuani,1,0,0.0
Nilah,Senna,2,0,0.0
Nilah,Shen,1,1,1.0
Nilah,Sion,1,0,0.0
Nilah,Skarner,1,1,1.0
Nilah,Sona,3,2,0.6666666666666666
Nilah,Soraka,2,2,1.0
Nilah,Sylas,1,1,1.0
Nilah,Syndra,1,0,0.0
Nilah,Varus,1,0,0.0
Nilah,Vayne,1,1,1.0
Nilah,Viego,1,0,0.0
Nilah,Viktor,1,0,0.0
Nilah,XinZhao,1,1,1.0
Nilah,Yorick,1,0,0.0
Nilah,Zaahen,2,1,0.5
Nocturne,Olaf,1,1,1.0
Nocturne,Orianna,32,15,0.46875
Nocturne,Ornn,3,3,1.0
Nocturne,Pantheon,2,1,0.5
Nocturne,Poppy,2,1,0.5
Nocturne,Pyke,12,4,0.3333333333333333
Nocturne,Qiyana,1,1,1.0
Nocturne,Rakan,7,2,0.2857142857142857
Nocturne,Rell,2,2,1.0
Nocturne,Renekton,7,4,0.5714285714285714
Nocturne,Rengar,1,1,1.0
Nocturne,Riven,4,1,0.25
Nocturne,Rumble,10,3,0.3
Nocturne,Ryze,14,7,0.5
Nocturne,Samira,1,1,1.0
Nocturne,Sejuani,1,0,0.0
Nocturne,Senna,6,4,0.6666666666666666
Nocturne,Seraphine,11,7,0.6363636363636364
Nocturne,Shen,5,3,0.6
Nocturne,Singed,5,2,0.4
Nocturne,Sion,17,8,0.47058823529411764
Nocturne,Sivir,3,1,0.3333333333333333
Nocturne,Skarner,1,1,1.0
Nocturne,Smolder,3,1,0.3333333333333333
Nocturne,Sona,10,5,0.5
Nocturne,Soraka,3,1,0.3333333333333333
Nocturne,Swain,3,2,0.6666666666666666
Nocturne,Sylas,8,3,0.375
Nocturne,Syndra,8,7,0.875
Nocturne,Taliyah,3,2,0.6666666666666666
Nocturne,Taric,3,2,0.6666666666666666
Nocturne,Teemo,1,0,0.0
Nocturne,Thresh,6,1,0.16666666666666666
Nocturne,Tristana,5,3,0.6
Nocturne,Tryndamere,1,1,1.0
Nocturne,TwistedFate,7,4,0.5714285714285714
Nocturne,Twitch,1,1,1.0
Nocturne,Urgot,2,2,1.0
Nocturne,Varus,12,8,0.6666666666666666
Nocturne,Vayne,12,9,0.75
Nocturne,Veigar,7,2,0.2857142857142857
Nocturne,Velkoz,3,1,0.3333333333333333
Nocturne,Vex,2,1,0.5
Nocturne,Vi,2,1,0.5
Nocturne,Viktor,7,5,0.7142857142857143
Nocturne,Vladimir,4,2,0.5
Nocturne,Xayah,2,1,0.5
Nocturne,Xerath,3,3,1.0
Nocturne,XinZhao,1,0,0.0
Nocturne,Yasuo,9,4,0.4444444444444444
Nocturne,Yone,12,5,0.4166666666666667
Nocturne,Yorick,5,3,0.6
Nocturne,Yunara,24,18,0.75
Nocturne,Zaahen,3,2,0.6666666666666666
Nocturne,Zed,1,1,1.0
Nocturne,Zeri,2,2,1.0
Nocturne,Ziggs,2,2,1.0
Nocturne,Zilean,3,3,1.0
Nocturne,Zoe,4,3,0.75
Nunu,Olaf,2,1,0.5
Nunu,Orianna,1,1,1.0
Nunu,Ornn,2,1,0.5
Nunu,Pantheon,3,1,0.3333333333333333
Nunu,Pyke,4,2,0.5
Nunu,Qiyana,4,2,0.5
Nunu,Quinn,3,3,1.0
Nunu,Rakan,2,0,0.0
Nunu,Renekton,5,4,0.8
Nunu,Rengar,1,0,0.0
Nunu,Riven,3,2,0.6666666666666666
Nunu,Ryze,2,2,1.0
Nunu,Samira,3,1,0.3333333333333333
Nunu,Senna,6,3,0.5
Nunu,Seraphine,6,3,0.5
Nunu,Sett,3,2,0.6666666666666666
Nunu,Shen,2,1,0.5
Nunu,Sion,3,2,0.6666666666666666
Nunu,Sivir,4,2,0.5
Nunu,Smolder,1,1,1.0
Nunu,Sona,5,3,0.6
Nunu,Swain,2,2,1.0
Nunu,Sylas,10,8,0.8
Nunu,Syndra,1,1,1.0
Nunu,Talon,1,1,1.0
Nunu,Taric,2,1,0.5
Nunu,Teemo,1,1,1.0
Nunu,Thresh,3,1,0.3333333333333333
Nunu,Tristana,2,1,0.5
Nunu,Trundle,2,2,1.0
Nunu,Tryndamere,1,1,1.0
Nunu,TwistedFate,3,1,0.3333333333333333
Nunu,Urgot,2,0,0.0
Nunu,Varus,8,6,0.75
Nunu,Vayne,2,0,0.0
Nunu,Veigar,2,2,1.0
Nunu,Velkoz,2,2,1.0
Nunu,Viktor,2,0,0.0
Nunu,Vladimir,4,1,0.25
Nunu,Warwick,1,1,1.0
Nunu,Yasuo,6,3,0.5
Nunu,Yone,7,6,0.8571428571428571
Nunu,Yorick,1,1,1.0
Nunu,Yunara,5,2,0.4
Nunu,Yuumi,1,0,0.0
Nunu,Zaahen,4,2,0.5
Nunu,Zed,2,1,0.5
Nunu,Zilean,2,1,0.5
Nunu,Zoe,1,0,0.0
Nunu,Zyra,1,0,0.0
Olaf,Orianna,2,0,0.0
Olaf,Pantheon,6,2,0.3333333333333333
Olaf,Poppy,3,0,0.0
Olaf,Pyke,1,1,1.0
Olaf,Qiyana,2,1,0.5
Olaf,Rell,2,1,0.5
Olaf,Renekton,1,1,1.0
Olaf,Rengar,1,1,1.0
Olaf,Riven,1,0,0.0
Olaf,Ryze,5,4,0.8
Olaf,Sejuani,1,1,1.0
Olaf,Senna,1,0,0.0
Olaf,Seraphine,1,0,0.0
Olaf,Shen,1,0,0.0
Olaf,Singed,1,0,0.0
Olaf,Sion,3,0,0.0
Olaf,Sivir,2,1,0.5
Olaf,Skarner,1,1,1.0
Olaf,Smolder,1,0,0.0
Olaf,Sona,3,3,1.0
Olaf,Soraka,1,1,1.0
Olaf,Swain,1,0,0.0
Olaf,Sylas,3,3,1.0
Olaf,Syndra,3,2,0.6666666666666666
Olaf,Taliyah,1,0,0.0
Olaf,Talon,1,0,0.0
Olaf,Thresh,3,1,0.3333333333333333
Olaf,Tryndamere,1,0,0.0
Olaf,TwistedFate,1,1,1.0
Olaf,Varus,2,0,0.0
Olaf,Vayne,4,3,0.75
Olaf,Veigar,1,1,1.0
Olaf,Vi,4,3,0.75
Olaf,Viego,1,1,1.0
Olaf,Viktor,4,1,0.25
Olaf,Vladimir,1,1,1.0
Olaf,Xerath,3,2,0.6666666666666666
Olaf,Yone,1,0,0.0
Olaf,Yunara,6,2,0.3333333333333333
Olaf,Yuumi,2,0,0.0
Olaf,Zaahen,2,1,0.5
Olaf,Zeri,1,1,1.0
Olaf,Ziggs,3,1,0.3333333333333333
Olaf,Zilean,1,1,1.0
Olaf,Zoe,2,0,0.0
Olaf,Zyra,1,0,0.0
Orianna,Ornn,9,6,0.6666666666666666
Orianna,Pantheon,18,7,0.3888888888888889
Orianna,Poppy,6,3,0.5
Orianna,Pyke,10,7,0.7
Orianna,Qiyana,6,4,0.6666666666666666
Orianna,Quinn,1,1,1.0
Orianna,Rakan,8,2,0.25
Orianna,Rammus,1,1,1.0
Orianna,RekSai,1,0,0.0
Orianna,Rell,12,7,0.5833333333333334
Orianna,Renata,3,0,0.0
Orianna,Renekton,12,7,0.5833333333333334
Orianna,Rengar,7,3,0.42857142857142855
Orianna,Riven,2,1,0.5
Orianna,Rumble,11,1,0.09090909090909091
Orianna,Ryze,3,1,0.3333333333333333
Orianna,Samira,1,1,1.0
Orianna,Senna,10,7,0.7
Orianna,Seraphine,5,4,0.8
Orianna,Shaco,2,0,0.0
Orianna,Shen,6,5,0.8333333333333334
Orianna,Singed,1,0,0.0
Orianna,Sion,20,9,0.45
Orianna,Sivir,14,7,0.5
Orianna,Skarner,4,2,0.5
Orianna,Smolder,2,0,0.0
Orianna,Sona,7,3,0.42857142857142855
Orianna,Soraka,3,2,0.6666666666666666
Orianna,Swain,4,1,0.25
Orianna,Sylas,4,3,0.75
Orianna,TahmKench,1,0,0.0
Orianna,Taliyah,1,0,0.0
Orianna,Talon,4,0,0.0
Orianna,Taric,1,0,0.0
Orianna,Teemo,1,0,0.0
Orianna,Thresh,3,1,0.3333333333333333
Orianna,Tristana,3,2,0.6666666666666666
Orianna,Tryndamere,2,2,1.0
Orianna,TwistedFate,2,1,0.5
Orianna,Udyr,3,2,0.6666666666666666
Orianna,Urgot,3,1,0.3333333333333333
Orianna,Varus,16,8,0.5
Orianna,Vayne,11,5,0.45454545454545453
Orianna,Veigar,1,0,0.0
Orianna,Velkoz,4,0,0.0
Orianna,Vex,2,1,0.5
Orianna,Vi,11,7,0.6363636363636364
Orianna,Viego,8,3,0.375
Orianna,Vladimir,1,1,1.0
Orianna,Volibear,3,1,0.3333333333333333
Orianna,Xayah,3,0,0.0
Orianna,Xerath,1,1,1.0
Orianna,XinZhao,17,9,0.5294117647058824
Orianna,Yasuo,7,2,0.2857142857142857
Orianna,Yone,2,0,0.0
Orianna,Yorick,5,3,0.6
Orianna,Yunara,21,12,0.5714285714285714
Orianna,Yuumi,1,0,0.0
Orianna,Zaahen,10,5,0.5
Orianna,Zac,1,1,1.0
Orianna,Zeri,4,2,0.5
Orianna,Ziggs,1,0,0.0
Orianna,Zilean,3,2,0.6666666666666666
Orianna,Zoe,4,3,0.75
Orianna,Zyra,4,1,0.25
Ornn,Pantheon,3,2,0.6666666666666666
Ornn,Poppy,2,2,1.0
Ornn,Pyke,3,2,0.6666666666666666
Ornn,Qiyana,6,2,0.3333333333333333
Ornn,Rakan,2,2,1.0
Ornn,RekSai,1,0,0.0
Ornn,Rell,2,1,0.5
Ornn,Rengar,2,2,1.0
Ornn,Rumble,2,0,0.0
Ornn,Ryze,4,4,1.0
Ornn,Senna,8,3,0.375
Ornn,Seraphine,7,4,0.5714285714285714
Ornn,Shaco,1,1,1.0
Ornn,Sivir,5,1,0.2
Ornn,Skarner,2,2,1.0
Ornn,Sona,6,2,0.3333333333333333
Ornn,Soraka,6,5,0.8333333333333334
Ornn,Sylas,6,4,0.6666666666666666
Ornn,Syndra,2,1,0.5
Ornn,Taliyah,3,1,0.3333333333333333
Ornn,Talon,2,0,0.0
Ornn,Tristana,2,0,0.0
Ornn,TwistedFate,2,0,0.0
Ornn,Varus,4,2,0.5
Ornn,Vayne,2,1,0.5
Ornn,Velkoz,1,0,0.0
Ornn,Vex,2,1,0.5
Ornn,Vi,1,0,0.0
Ornn,Viktor,3,2,0.6666666666666666
Ornn,Xayah,2,2,1.0
Ornn,Xerath,3,3,1.0
Ornn,XinZhao,5,2,0.4
Ornn,Yasuo,3,0,0.0
Ornn,Yone,1,1,1.0
Ornn,Yunara,10,8,0.8
Ornn,Yuumi,1,0,0.0
Ornn,Zaahen,2,1,0.5
Ornn,Zed,3,2,0.6666666666666666
Ornn,Ziggs,1,1,1.0
Ornn,Zilean,1,1,1.0
Ornn,Zoe,1,0,0.0
Ornn,Zyra,2,0,0.0
Pantheon,Poppy,3,2,0.6666666666666666
Pantheon,Pyke,14,7,0.5
Pantheon,Qiyana,9,3,0.3333333333333333
Pantheon,Quinn,4,1,0.25
Pantheon,Rakan,11,7,0.6363636363636364
Pantheon,RekSai,6,2,0.3333333333333333
Pantheon,Rell,8,3,0.375
Pantheon,Renata,1,0,0.0
Pantheon,Renekton,8,3,0.375
Pantheon,Rengar,6,3,0.5
Pantheon,Riven,6,4,0.6666666666666666
Pantheon,Rumble,12,5,0.4166666666666667
Pantheon,Ryze,36,14,0.3888888888888889
Pantheon,Samira,1,1,1.0
Pantheon,Sejuani,3,1,0.3333333333333333
Pantheon,Senna,17,8,0.47058823529411764
Pantheon,Seraphine,10,3,0.3
Pantheon,Sett,1,1,1.0
Pantheon,Shaco,3,2,0.6666666666666666
Pantheon,Shen,3,3,1.0
Pantheon,Singed,6,3,0.5
Pantheon,Sion,14,6,0.42857142857142855
Pantheon,Sivir,6,3,0.5
Pantheon,Smolder,6,3,0.5
Pantheon,Sona,10,4,0.4
Pantheon,Soraka,2,2,1.0
Pantheon,Swain,8,5,0.625
Pantheon,Sylas,19,12,0.631578947368421
Pantheon,Syndra,8,2,0.25
Pantheon,TahmKench,2,2,1.0
Pantheon,Taliyah,14,9,0.6428571428571429
Pantheon,Talon,9,2,0.2222222222222222
Pantheon,Taric,1,0,0.0
Pantheon,Teemo,6,5,0.8333333333333334
Pantheon,Thresh,6,3,0.5
Pantheon,Tristana,5,2,0.4
Pantheon,Tryndamere,1,1,1.0
Pantheon,TwistedFate,21,15,0.7142857142857143
Pantheon,Udyr,2,1,0.5
Pantheon,Urgot,2,1,0.5
Pantheon,Varus,27,14,0.5185185185185185
Pantheon,Vayne,21,10,0.47619047619047616
Pantheon,Veigar,5,1,0.2
Pantheon,Velkoz,6,3,0.5
Pantheon,Vex,5,4,0.8
Pantheon,Vi,11,4,0.36363636363636365
Pantheon,Viego,9,1,0.1111111111111111
Pantheon,Viktor,8,2,0.25
Pantheon,Vladimir,10,6,0.6
Pantheon,Xayah,12,6,0.5
Pantheon,Xerath,7,3,0.42857142857142855
Pantheon,XinZhao,9,6,0.6666666666666666
Pantheon,Yasuo,11,5,0.45454545454545453
Pantheon,Yone,18,12,0.6666666666666666
Pantheon,Yorick,4,3,0.75
Pantheon,Yunara,32,17,0.53125
Pantheon,Yuumi,2,0,0.0
Pantheon,Zaahen,9,5,0.5555555555555556
Pantheon,Zac,1,0,0.0
Pantheon,Zed,5,4,0.8
Pantheon,Zeri,1,0,0.0
Pantheon,Ziggs,9,5,0.5555555555555556
Pantheon,Zilean,4,0,0.0
Pantheon,Zoe,10,4,0.4
Pantheon,Zyra,7,2,0.2857142857142857
Poppy,Pyke,1,1,1.0
Poppy,Qiyana,6,3,0.5
Poppy,Quinn,2,1,0.5
Poppy,Rakan,1,0,0.0
Poppy,RekSai,1,1,1.0
Poppy,Rell,2,1,0.5
Poppy,Renata,1,0,0.0
Poppy,Renekton,3,2,0.6666666666666666
Poppy,Rengar,3,3,1.0
Poppy,Rumble,4,2,0.5
Poppy,Ryze,7,5,0.7142857142857143
Poppy,Samira,1,1,1.0
Poppy,Sejuani,1,0,0.0
Poppy,Senna,6,4,0.6666666666666666
Poppy,Seraphine,6,3,0.5
Poppy,Shyvana,2,2,1.0
Poppy,Singed,1,0,0.0
Poppy,Sion,4,2,0.5
Poppy,Sivir,10,7,0.7
Poppy,Skarner,3,2,0.6666666666666666
Poppy,Smolder,2,0,0.0
Poppy,Sona,5,4,0.8
Poppy,Soraka,1,0,0.0
Poppy,Sylas,5,4,0.8
Poppy,Syndra,3,1,0.3333333333333333
Poppy,TahmKench,1,1,1.0
Poppy,Taliyah,5,5,1.0
Poppy,Talon,5,4,0.8
Poppy,Teemo,4,2,0.5
Poppy,Thresh,2,0,0.0
Poppy,Tristana,2,0,0.0
Poppy,TwistedFate,2,1,0.5
Poppy,Udyr,1,1,1.0
Poppy,Varus,7,4,0.5714285714285714
Poppy,Vayne,11,7,0.6363636363636364
Poppy,Veigar,6,3,0.5
Poppy,Velkoz,1,1,1.0
Poppy,Vi,3,1,0.3333333333333333
Poppy,Viego,4,1,0.25
Poppy,Viktor,7,2,0.2857142857142857
Poppy,Vladimir,4,3,0.75
Poppy,Volibear,1,1,1.0
Poppy,Xayah,3,2,0.6666666666666666
Poppy,Xerath,3,1,0.3333333333333333
Poppy,XinZhao,8,3,0.375
Poppy,Yasuo,3,2,0.6666666666666666
Poppy,Yone,4,2,0.5
Poppy,Yunara,8,4,0.5
Poppy,Yuumi,2,1,0.5
Poppy,Zaahen,2,2,1.0
Poppy,Zac,1,1,1.0
Poppy,Zed,2,2,1.0
Poppy,Zeri,3,2,0.6666666666666666
Poppy,Ziggs,1,1,1.0
Poppy,Zilean,3,3,1.0
Poppy,Zoe,1,1,1.0
Pyke,Qiyana,7,3,0.42857142857142855
Pyke,Quinn,4,4,1.0
Pyke,Rakan,1,0,0.0
Pyke,Rammus,1,0,0.0
Pyke,RekSai,7,2,0.2857142857142857
Pyke,Renekton,3,2,0.6666666666666666
Pyke,Rengar,4,4,1.0
Pyke,Riven,4,2,0.5
Pyke,Rumble,9,6,0.6666666666666666
Pyke,Ryze,20,7,0.35
Pyke,Samira,1,1,1.0
Pyke,Sejuani,1,1,1.0
Pyke,Seraphine,2,1,0.5
Pyke,Shaco,2,2,1.0
Pyke,Shen,6,3,0.5
Pyke,Shyvana,1,1,1.0
Pyke,Singed,6,4,0.6666666666666666
Pyke,Sion,15,6,0.4
Pyke,Sivir,5,3,0.6
Pyke,Skarner,8,5,0.625
Pyke,Smolder,5,3,0.6
Pyke,Sona,1,0,0.0
Pyke,Swain,5,4,0.8
Pyke,Sylas,12,6,0.5
Pyke,Syndra,7,2,0.2857142857142857
Pyke,Taliyah,4,2,0.5
Pyke,Talon,5,1,0.2
Pyke,Taric,3,2,0.6666666666666666
Pyke,Teemo,4,3,0.75
Pyke,Tristana,9,7,0.7777777777777778
Pyke,Tryndamere,1,1,1.0
Pyke,TwistedFate,9,7,0.7777777777777778
Pyke,Twitch,3,1,0.3333333333333333
Pyke,Udyr,2,0,0.0
Pyke,Urgot,1,1,1.0
Pyke,Varus,23,11,0.4782608695652174
Pyke,Vayne,16,4,0.25
Pyke,Veigar,2,0,0.0
Pyke,Velkoz,1,0,0.0
Pyke,Vex,4,2,0.5
Pyke,Vi,14,8,0.5714285714285714
Pyke,Viego,9,2,0.2222222222222222
Pyke,Viktor,3,2,0.6666666666666666
Pyke,Vladimir,5,2,0.4
Pyke,Volibear,1,1,1.0
Pyke,Warwick,1,1,1.0
Pyke,Xayah,2,1,0.5
Pyke,Xerath,5,5,1.0
Pyke,XinZhao,9,5,0.5555555555555556
Pyke,Yasuo,15,8,0.5333333333333333
Pyke,Yone,11,6,0.5454545454545454
Pyke,Yorick,2,0,0.0
Pyke,Yunara,16,6,0.375
Pyke,Zaahen,6,5,0.8333333333333334
Pyke,Zac,2,2,1.0
Pyke,Zed,5,2,0.4
Pyke,Ziggs,10,4,0.4
Pyke,Zoe,5,1,0.2
Pyke,Zyra,6,4,0.6666666666666666
Qiyana,Quinn,2,0,0.0
Qiyana,Rakan,6,5,0.8333333333333334
Qiyana,Rammus,1,1,1.0
Qiyana,Rell,1,0,0.0
Qiyana,Renata,2,2,1.0
Qiyana,Renekton,9,6,0.6666666666666666
Qiyana,Rengar,2,2,1.0
Qiyana,Riven,1,0,0.0
Qiyana,Rumble,8,3,0.375
Qiyana,Ryze,12,8,0.6666666666666666
Qiyana,Samira,3,1,0.3333333333333333
Qiyana,Senna,8,2,0.25
Qiyana,Seraphine,8,7,0.875
Qiyana,Shaco,2,2,1.0
Qiyana,Shen,5,2,0.4
Qiyana,Singed,3,2,0.6666666666666666
Qiyana,Sion,8,3,0.375
Qiyana,Sivir,5,4,0.8
Qiyana,Skarner,4,3,0.75
Qiyana,Smolder,2,1,0.5
Qiyana,Sona,10,8,0.8
Qiyana,Soraka,4,0,0.0
Qiyana,Swain,2,1,0.5
Qiyana,Sylas,12,8,0.6666666666666666
Qiyana,Syndra,3,1,0.3333333333333333
Qiyana,Taliyah,13,6,0.46153846153846156
Qiyana,Talon,5,2,0.4
Qiyana,Taric,4,1,0.25
Qiyana,Teemo,5,4,0.8
Qiyana,Thresh,3,1,0.3333333333333333
Qiyana,Tristana,2,1,0.5
Qiyana,Trundle,1,0,0.0
Qiyana,TwistedFate,2,0,0.0
Qiyana,Twitch,2,0,0.0
Qiyana,Udyr,2,1,0.5
Qiyana,Urgot,2,1,0.5
Qiyana,Varus,13,5,0.38461538461538464
Qiyana,Vayne,16,4,0.25
Qiyana,Veigar,4,1,0.25
Qiyana,Velkoz,3,2,0.6666666666666666
Qiyana,Vex,2,1,0.5
Qiyana,Vi,3,2,0.6666666666666666
Qiyana,Viego,2,1,0.5
Qiyana,Viktor,4,1,0.25
Qiyana,Vladimir,6,3,0.5
Qiyana,Xayah,5,3,0.6
Qiyana,Xerath,3,2,0.6666666666666666
Qiyana,XinZhao,1,0,0.0
Qiyana,Yasuo,8,4,0.5
Qiyana,Yone,4,4,1.0
Qiyana,Yorick,2,2,1.0
Qiyana,Yunara,11,4,0.36363636363636365
Qiyana,Yuumi,3,0,0.0
Qiyana,Zaahen,10,6,0.6
Qiyana,Zed,2,0,0.0
Qiyana,Ziggs,6,3,0.5
Qiyana,Zilean,3,1,0.3333333333333333
Qiyana,Zoe,1,0,0.0
Qiyana,Zyra,6,4,0.6666666666666666
Quinn,Rakan,2,1,0.5
Quinn,Rell,2,1,0.5
Quinn,Rengar,2,0,0.0
Quinn,Rumble,4,2,0.5
Quinn,Ryze,3,1,0.3333333333333333
Quinn,Seraphine,4,2,0.5
Quinn,Sett,1,1,1.0
Quinn,Shyvana,1,1,1.0
Quinn,Singed,2,1,0.5
Quinn,Sion,1,0,0.0
Quinn,Sivir,2,0,0.0
Quinn,Skarner,2,2,1.0
Quinn,Sona,3,2,0.6666666666666666
Quinn,Swain,1,1,1.0
Quinn,Sylas,3,3,1.0
Quinn,Talon,1,0,0.0
Quinn,Tristana,1,1,1.0
Quinn,TwistedFate,2,2,1.0
Quinn,Twitch,1,1,1.0
Quinn,Udyr,1,1,1.0
Quinn,Urgot,1,1,1.0
Quinn,Varus,2,2,1.0
Quinn,Velkoz,1,1,1.0
Quinn,Vi,2,1,0.5
Quinn,Viego,3,1,0.3333333333333333
Quinn,Vladimir,4,3,0.75
Quinn,XinZhao,3,2,0.6666666666666666
Quinn,Yunara,2,1,0.5
Quinn,Yuumi,1,1,1.0
Quinn,Zaahen,2,2,1.0
Quinn,Zac,1,1,1.0
Quinn,Zed,1,1,1.0
Quinn,Zeri,1,1,1.0
Quinn,Ziggs,1,1,1.0
Quinn,Zilean,2,2,1.0
Quinn,Zoe,4,1,0.25
Quinn,Zyra,2,2,1.0
Rakan,Rammus,2,1,0.5
Rakan,Renekton,3,1,0.3333333333333333
Rakan,Rengar,5,3,0.6
Rakan,Riven,7,3,0.42857142857142855
Rakan,Rumble,6,1,0.16666666666666666
Rakan,Ryze,14,6,0.42857142857142855
Rakan,Samira,1,1,1.0
Rakan,Senna,2,1,0.5
Rakan,Seraphine,1,0,0.0
Rakan,Shen,7,4,0.5714285714285714
Rakan,Singed,3,1,0.3333333333333333
Rakan,Sion,8,2,0.25
Rakan,Sivir,6,1,0.16666666666666666
Rakan,Skarner,3,1,0.3333333333333333
Rakan,Smolder,3,1,0.3333333333333333
Rakan,Swain,1,1,1.0
Rakan,Sylas,8,4,0.5
Rakan,Syndra,5,0,0.0
Rakan,Taliyah,2,1,0.5
Rakan,Talon,3,2,0.6666666666666666
Rakan,Teemo,3,3,1.0
Rakan,Tristana,10,5,0.5
Rakan,Tryndamere,2,1,0.5
Rakan,TwistedFate,4,3,0.75
Rakan,Udyr,3,2,0.6666666666666666
Rakan,Varus,9,2,0.2222222222222222
Rakan,Vayne,2,1,0.5
Rakan,Veigar,4,0,0.0
Rakan,Vi,8,3,0.375
Rakan,Viego,4,2,0.5
Rakan,Viktor,2,1,0.5
Rakan,Vladimir,5,5,1.0
Rakan,Volibear,2,2,1.0
Rakan,Warwick,1,0,0.0
Rakan,Xayah,19,13,0.6842105263157895
Rakan,Xerath,4,3,0.75
Rakan,XinZhao,10,6,0.6
Rakan,Yasuo,13,6,0.46153846153846156
Rakan,Yone,9,7,0.7777777777777778
Rakan,Yorick,1,0,0.0
Rakan,Yunara,7,5,0.7142857142857143
Rakan,Zaahen,6,4,0.6666666666666666
Rakan,Zac,1,1,1.0
Rakan,Zed,5,2,0.4
Rakan,Zeri,2,1,0.5
Rakan,Ziggs,3,3,1.0
Rakan,Zoe,1,0,0.0
Rakan,Zyra,3,2,0.6666666666666666
Rammus,Rell,1,1,1.0
Rammus,Rengar,1,0,0.0
Rammus,Rumble,1,0,0.0
Rammus,Ryze,1,0,0.0
Rammus,Senna,1,1,1.0
Rammus,Smolder,1,0,0.0
Rammus,Sona,2,1,0.5
Rammus,Swain,1,1,1.0
Rammus,Sylas,1,1,1.0
Rammus,Teemo,1,0,0.0
Rammus,Tristana,1,0,0.0
Rammus,Varus,1,0,0.0
Rammus,Vayne,1,1,1.0
Rammus,Vladimir,1,1,1.0
Rammus,Yasuo,1,1,1.0
Rammus,Yorick,1,0,0.0
Rammus,Yunara,3,2,0.6666666666666666
Rammus,Zed,1,0,0.0
RekSai,Rell,2,1,0.5
RekSai,Renekton,2,2,1.0
RekSai,Rengar,1,1,1.0
RekSai,Riven,2,1,0.5
RekSai,Rumble,5,4,0.8
RekSai,Ryze,6,3,0.5
RekSai,Sejuani,2,2,1.0
RekSai,Senna,7,4,0.5714285714285714
RekSai,Seraphine,4,3,0.75
RekSai,Shen,1,0,0.0
RekSai,Singed,4,3,0.75
RekSai,Sion,3,3,1.0
RekSai,Sivir,4,3,0.75
RekSai,Smolder,2,1,0.5
RekSai,Sona,3,2,0.6666666666666666
RekSai,Swain,1,1,1.0
RekSai,Sylas,1,0,0.0
RekSai,Syndra,2,2,1.0
RekSai,Taliyah,4,3,0.75
RekSai,Taric,2,1,0.5
RekSai,Thresh,1,1,1.0
RekSai,Tristana,1,0,0.0
RekSai,Tryndamere,1,1,1.0
RekSai,TwistedFate,2,0,0.0
RekSai,Varus,2,2,1.0
RekSai,Vayne,3,0,0.0
RekSai,Veigar,2,1,0.5
RekSai,Velkoz,1,0,0.0
RekSai,Vex,1,0,0.0
RekSai,Viego,1,1,1.0
RekSai,Viktor,6,2,0.3333333333333333
RekSai,Vladimir,2,2,1.0
RekSai,Volibear,1,0,0.0
RekSai,Xerath,1,1,1.0
RekSai,Yasuo,5,2,0.4
RekSai,Yone,4,2,0.5
RekSai,Yorick,2,2,1.0
RekSai,Yunara,3,2,0.6666666666666666
RekSai,Zaahen,1,1,1.0
RekSai,Zac,1,0,0.0
RekSai,Zed,1,1,1.0
RekSai,Ziggs,2,1,0.5
RekSai,Zilean,1,1,1.0
Rell,Renekton,10,5,0.5
Rell,Rengar,4,3,0.75
Rell,Riven,3,1,0.3333333333333333
Rell,Rumble,10,3,0.3
Rell,Ryze,9,5,0.5555555555555556
Rell,Samira,1,1,1.0
Rell,Senna,2,2,1.0
Rell,Seraphine,3,3,1.0
Rell,Shaco,1,0,0.0
Rell,Shyvana,1,1,1.0
Rell,Singed,2,1,0.5
Rell,Sion,4,3,0.75
Rell,Sivir,4,3,0.75
Rell,Skarner,2,0,0.0
Rell,Smolder,1,0,0.0
Rell,Swain,3,2,0.6666666666666666
Rell,Sylas,8,5,0.625
Rell,Syndra,6,3,0.5
Rell,Taliyah,2,1,0.5
Rell,Talon,5,4,0.8
Rell,Teemo,5,3,0.6
Rell,Tristana,8,4,0.5
Rell,Trundle,1,1,1.0
Rell,TwistedFate,3,1,0.3333333333333333
Rell,Twitch,1,0,0.0
Rell,Udyr,1,0,0.0
Rell,Varus,12,5,0.4166666666666667
Rell,Vayne,3,1,0.3333333333333333
Rell,Velkoz,3,1,0.3333333333333333
Rell,Vex,1,0,0.0
Rell,Vi,7,3,0.42857142857142855
Rell,Viego,8,3,0.375
Rell,Viktor,7,3,0.42857142857142855
Rell,Vladimir,3,2,0.6666666666666666
Rell,Volibear,1,1,1.0
Rell,Xayah,4,2,0.5
Rell,Xerath,3,1,0.3333333333333333
Rell,XinZhao,7,4,0.5714285714285714
Rell,Yasuo,6,4,0.6666666666666666
Rell,Yone,6,3,0.5
Rell,Yorick,2,0,0.0
Rell,Yunara,5,4,0.8
Rell,Zaahen,2,1,0.5
Rell,Zac,1,0,0.0
Rell,Zed,3,2,0.6666666666666666
Rell,Zeri,1,1,1.0
Rell,Ziggs,5,3,0.6
Rell,Zilean,2,2,1.0
Rell,Zoe,6,4,0.6666666666666666
Rell,Zyra,1,0,0.0
Renata,Renekton,1,0,0.0
Renata,Riven,1,0,0.0
Renata,Rumble,1,0,0.0
Renata,Ryze,1,1,1.0
Renata,Sion,2,1,0.5
Renata,Sivir,1,0,0.0
Renata,Skarner,1,0,0.0
Renata,Smolder,1,0,0.0
Renata,Sylas,4,1,0.25
Renata,Taliyah,1,1,1.0
Renata,Tryndamere,1,0,0.0
Renata,Varus,1,1,1.0
Renata,Vayne,1,0,0.0
Renata,Viego,1,0,0.0
Renata,Viktor,1,1,1.0
Renata,Vladimir,1,1,1.0
Renata,XinZhao,2,1,0.5
Renata,Yone,1,1,1.0
Renata,Yorick,2,0,0.0
Renata,Zed,1,0,0.0
Renata,Zeri,1,0,0.0
Renekton,Rengar,3,1,0.3333333333333333
Renekton,Rumble,1,1,1.0
Renekton,Ryze,14,6,0.42857142857142855
Renekton,Samira,3,0,0.0
Renekton,Sejuani,2,1,0.5
Renekton,Senna,9,6,0.6666666666666666
Renekton,Seraphine,6,3,0.5
Renekton,Shaco,2,1,0.5
Renekton,Shen,1,0,0.0
Renekton,Singed,1,0,0.0
Renekton,Sion,1,1,1.0
Renekton,Sivir,4,2,0.5
Renekton,Skarner,4,3,0.75
Renekton,Smolder,1,1,1.0
Renekton,Sona,5,4,0.8
Renekton,Soraka,4,2,0.5
Renekton,Swain,4,1,0.25
Renekton,Sylas,9,6,0.6666666666666666
Renekton,Syndra,8,4,0.5
Renekton,TahmKench,1,1,1.0
Renekton,Taliyah,9,7,0.7777777777777778
Renekton,Talon,2,1,0.5
Renekton,Taric,2,1,0.5
Renekton,Thresh,5,1,0.2
Renekton,Tristana,6,3,0.5
Renekton,Trundle,1,1,1.0
Renekton,Tryndamere,1,1,1.0
Renekton,TwistedFate,2,1,0.5
Renekton,Twitch,1,1,1.0
Renekton,Varus,9,4,0.4444444444444444
Renekton,Vayne,3,2,0.6666666666666666
Renekton,Veigar,1,1,1.0
Renekton,Velkoz,1,0,0.0
Renekton,Vex,1,1,1.0
Renekton,Vi,6,3,0.5
Renekton,Viego,8,2,0.25
Renekton,Viktor,6,2,0.3333333333333333
Renekton,Vladimir,4,1,0.25
Renekton,Xayah,2,1,0.5
Renekton,Xerath,1,0,0.0
Renekton,XinZhao,11,7,0.6363636363636364
Renekton,Yasuo,7,1,0.14285714285714285
Renekton,Yone,4,1,0.25
Renekton,Yunara,10,6,0.6
Renekton,Yuumi,1,0,0.0
Renekton,Zaahen,1,1,1.0
Renekton,Zac,1,1,1.0
Renekton,Zed,5,1,0.2
Renekton,Zeri,1,0,0.0
Renekton,Ziggs,4,1,0.25
Renekton,Zilean,1,0,0.0
Renekton,Zoe,3,3,1.0
Renekton,Zyra,4,2,0.5
Rengar,Riven,4,1,0.25
Rengar,Rumble,5,2,0.4
Rengar,Ryze,3,1,0.3333333333333333
Rengar,Senna,7,4,0.5714285714285714
Rengar,Seraphine,7,4,0.5714285714285714
Rengar,Sett,1,1,1.0
Rengar,Shen,3,1,0.3333333333333333
Rengar,Shyvana,1,1,1.0
Rengar,Singed,1,1,1.0
Rengar,Sion,6,2,0.3333333333333333
Rengar,Sivir,3,1,0.3333333333333333
Rengar,Smolder,1,0,0.0
Rengar,Sona,3,0,0.0
Rengar,Soraka,1,1,1.0
Rengar,Sylas,4,2,0.5
Rengar,Talon,1,0,0.0
Rengar,Thresh,1,0,0.0
Rengar,Tristana,5,3,0.6
Rengar,Trundle,2,2,1.0
Rengar,Tryndamere,1,1,1.0
Rengar,TwistedFate,7,3,0.42857142857142855
Rengar,Twitch,1,1,1.0
Rengar,Urgot,1,1,1.0
Rengar,Varus,6,3,0.5
Rengar,Vayne,4,2,0.5
Rengar,Veigar,2,1,0.5
Rengar,Velkoz,2,0,0.0
Rengar,Vex,1,1,1.0
Rengar,Viego,2,1,0.5
Rengar,Vladimir,3,0,0.0
Rengar,Xerath,2,2,1.0
Rengar,XinZhao,1,0,0.0
Rengar,Yasuo,4,3,0.75
Rengar,Yone,2,0,0.0
Rengar,Yorick,1,0,0.0
Rengar,Yunara,6,5,0.8333333333333334
Rengar,Yuumi,1,1,1.0
Rengar,Zaahen,1,0,0.0
Rengar,Zac,1,1,1.0
Rengar,Zed,1,1,1.0
Rengar,Ziggs,3,2,0.6666666666666666
Rengar,Zoe,2,1,0.5
Rengar,Zyra,1,1,1.0
Riven,Rumble,3,1,0.3333333333333333
Riven,Ryze,8,2,0.25
Riven,Senna,5,3,0.6
Riven,Seraphine,11,6,0.5454545454545454
Riven,Sett,2,1,0.5
Riven,Shaco,2,1,0.5
Riven,Shen,1,0,0.0
Riven,Shyvana,3,0,0.0
Riven,Singed,2,1,0.5
Riven,Sion,2,1,0.5
Riven,Sivir,9,2,0.2222222222222222
Riven,Skarner,4,1,0.25
Riven,Smolder,2,1,0.5
Riven,Sona,9,4,0.4444444444444444
Riven,Soraka,5,4,0.8
Riven,Swain,1,1,1.0
Riven,Sylas,9,4,0.4444444444444444
Riven,Syndra,5,4,0.8
Riven,TahmKench,1,0,0.0
Riven,Taliyah,3,1,0.3333333333333333
Riven,Talon,5,2,0.4
Riven,Taric,3,0,0.0
Riven,Teemo,1,1,1.0
Riven,Thresh,1,0,0.0
Riven,Tristana,6,2,0.3333333333333333
Riven,TwistedFate,5,4,0.8
Riven,Udyr,1,1,1.0
Riven,Urgot,1,1,1.0
Riven,Varus,7,2,0.2857142857142857
Riven,Vayne,4,3,0.75
Riven,Veigar,2,2,1.0
Riven,Velkoz,4,2,0.5
Riven,Vi,1,0,0.0
Riven,Viego,1,0,0.0
Riven,Viktor,3,1,0.3333333333333333
Riven,Vladimir,2,0,0.0
Riven,Xerath,1,0,0.0
Riven,XinZhao,2,0,0.0
Riven,Yasuo,4,1,0.25
Riven,Yone,1,0,0.0
Riven,Yorick,3,1,0.3333333333333333
Riven,Yunara,4,3,0.75
Riven,Zaahen,4,1,0.25
Riven,Zed,4,3,0.75
Riven,Zeri,1,0,0.0
Riven,Zilean,1,1,1.0
Riven,Zoe,2,0,0.0
Riven,Zyra,2,1,0.5
Rumble,Ryze,16,6,0.375
Rumble,Samira,2,1,0.5
Rumble,Sejuani,1,1,1.0
Rumble,Senna,6,3,0.5
Rumble,Seraphine,15,8,0.5333333333333333
Rumble,Shaco,1,0,0.0
Rumble,Shen,2,1,0.5
Rumble,Singed,1,0,0.0
Rumble,Sion,3,2,0.6666666666666666
Rumble,Sivir,3,2,0.6666666666666666
Rumble,Skarner,4,1,0.25
Rumble,Smolder,4,1,0.25
Rumble,Sona,4,2,0.5
Rumble,Soraka,4,3,0.75
Rumble,Swain,2,1,0.5
Rumble,Sylas,8,2,0.25
Rumble,Syndra,5,2,0.4
Rumble,Taliyah,5,1,0.2
Rumble,Talon,8,4,0.5
Rumble,Taric,1,0,0.0
Rumble,Thresh,3,2,0.6666666666666666
Rumble,Tristana,2,2,1.0
Rumble,TwistedFate,4,4,1.0
Rumble,Udyr,1,1,1.0
Rumble,Urgot,1,0,0.0
Rumble,Varus,15,6,0.4
Rumble,Vayne,2,1,0.5
Rumble,Veigar,2,1,0.5
Rumble,Velkoz,2,1,0.5
Rumble,Vex,1,0,0.0
Rumble,Vi,18,5,0.2777777777777778
Rumble,Viego,8,6,0.75
Rumble,Viktor,3,2,0.6666666666666666
Rumble,Xerath,3,2,0.6666666666666666
Rumble,XinZhao,13,6,0.46153846153846156
Rumble,Yasuo,10,4,0.4
Rumble,Yone,14,8,0.5714285714285714
Rumble,Yorick,1,0,0.0
Rumble,Yunara,14,7,0.5
Rumble,Zaahen,3,1,0.3333333333333333
Rumble,Zed,5,3,0.6
Rumble,Ziggs,4,3,0.75
Rumble,Zilean,1,1,1.0
Rumble,Zoe,5,3,0.6
Rumble,Zyra,1,1,1.0
Ryze,Sejuani,1,0,0.0
Ryze,Senna,18,9,0.5
Ryze,Seraphine,19,9,0.47368421052631576
Ryze,Sett,1,1,1.0
Ryze,Shaco,3,2,0.6666666666666666
Ryze,Shen,4,1,0.25
Ryze,Singed,4,1,0.25
Ryze,Sion,16,9,0.5625
Ryze,Sivir,6,1,0.16666666666666666
Ryze,Skarner,9,5,0.5555555555555556
Ryze,Smolder,3,3,1.0
Ryze,Sona,14,6,0.42857142857142855
Ryze,Soraka,5,4,0.8
Ryze,Swain,5,0,0.0
Ryze,Sylas,11,4,0.36363636363636365
Ryze,Syndra,4,2,0.5
Ryze,Taliyah,4,1,0.25
Ryze,Talon,9,4,0.4444444444444444
Ryze,Taric,2,0,0.0
Ryze,Teemo,5,2,0.4
Ryze,Thresh,5,2,0.4
Ryze,Tristana,4,2,0.5
Ryze,Trundle,1,0,0.0
Ryze,TwistedFate,1,0,0.0
Ryze,Twitch,3,2,0.6666666666666666
Ryze,Udyr,2,2,1.0
Ryze,Urgot,2,0,0.0
Ryze,Varus,37,14,0.3783783783783784
Ryze,Vayne,16,3,0.1875
Ryze,Veigar,2,1,0.5
Ryze,Velkoz,2,1,0.5
Ryze,Vex,1,1,1.0
Ryze,Vi,13,7,0.5384615384615384
Ryze,Viego,8,3,0.375
Ryze,Vladimir,2,1,0.5
Ryze,Volibear,1,1,1.0
Ryze,Warwick,2,0,0.0
Ryze,Xayah,4,3,0.75
Ryze,Xerath,1,1,1.0
Ryze,XinZhao,15,7,0.4666666666666667
Ryze,Yasuo,14,9,0.6428571428571429
Ryze,Yone,6,3,0.5
Ryze,Yorick,13,6,0.46153846153846156
Ryze,Yunara,35,20,0.5714285714285714
Ryze,Yuumi,4,2,0.5
Ryze,Zaahen,9,5,0.5555555555555556
Ryze,Zac,1,0,0.0
Ryze,Zed,2,0,0.0
Ryze,Zeri,4,1,0.25
Ryze,Ziggs,3,0,0.0
Ryze,Zilean,5,4,0.8
Ryze,Zoe,3,0,0.0
Ryze,Zyra,5,2,0.4
Samira,Shen,1,1,1.0
Samira,Shyvana,1,1,1.0
Samira,Singed,1,1,1.0
Samira,Skarner,1,0,0.0
Samira,Taric,3,0,0.0
Samira,Teemo,1,1,1.0
Samira,Thresh,1,0,0.0
Samira,Veigar,1,0,0.0
Samira,Vi,1,1,1.0
Samira,Viego,1,0,0.0
Samira,Viktor,1,1,1.0
Samira,Vladimir,1,0,0.0
Samira,Xerath,2,2,1.0
Samira,Yone,2,2,1.0
Samira,Zac,1,0,0.0
Samira,Zoe,1,0,0.0
Sejuani,Senna,4,1,0.25
Sejuani,Shen,1,0,0.0
Sejuani,Sion,1,0,0.0
Sejuani,Smolder,1,0,0.0
Sejuani,Sona,1,0,0.0
Sejuani,Soraka,1,1,1.0
Sejuani,Sylas,1,0,0.0
Sejuani,Syndra,1,0,0.0
Sejuani,Talon,1,1,1.0
Sejuani,Thresh,1,0,0.0
Sejuani,Tristana,2,1,0.5
Sejuani,Varus,1,1,1.0
Sejuani,Vayne,2,2,1.0
Sejuani,Vi,1,0,0.0
Sejuani,Viego,1,1,1.0
Sejuani,Viktor,1,0,0.0
Sejuani,Vladimir,1,1,1.0
Sejuani,XinZhao,1,1,1.0
Sejuani,Yasuo,4,2,0.5
Sejuani,Yone,3,2,0.6666666666666666
Sejuani,Yunara,1,0,0.0
Sejuani,Zed,1,0,0.0
Sejuani,Zoe,1,0,0.0
Senna,Seraphine,7,2,0.2857142857142857
Senna,Sett,3,1,0.3333333333333333
Senna,Shaco,2,1,0.5
Senna,Shen,4,2,0.5
Senna,Shyvana,1,1,1.0
Senna,Singed,1,0,0.0
Senna,Sion,14,7,0.5
Senna,Sivir,1,1,1.0
Senna,Skarner,2,2,1.0
Senna,Sona,7,3,0.42857142857142855
Senna,Swain,4,2,0.5
Senna,Sylas,12,7,0.5833333333333334
Senna,Syndra,5,3,0.6
Senna,TahmKench,2,2,1.0
Senna,Taliyah,5,2,0.4
Senna,Talon,3,3,1.0
Senna,Teemo,5,4,0.8
Senna,Thresh,3,2,0.6666666666666666
Senna,Tristana,4,0,0.0
Senna,Trundle,1,0,0.0
Senna,Tryndamere,2,2,1.0
Senna,TwistedFate,2,1,0.5
Senna,Udyr,1,1,1.0
Senna,Urgot,3,0,0.0
Senna,Varus,10,6,0.6
Senna,Vayne,15,9,0.6
Senna,Veigar,3,3,1.0
Senna,Velkoz,1,0,0.0
Senna,Vex,2,2,1.0
Senna,Vi,6,2,0.3333333333333333
Senna,Viego,6,2,0.3333333333333333
Senna,Viktor,6,4,0.6666666666666666
Senna,Vladimir,5,3,0.6
Senna,Volibear,3,2,0.6666666666666666
Senna,Warwick,2,1,0.5
Senna,Xerath,8,1,0.125
Senna,XinZhao,11,5,0.45454545454545453
Senna,Yasuo,13,6,0.46153846153846156
Senna,Yone,9,4,0.4444444444444444
Senna,Yorick,2,2,1.0
Senna,Yunara,4,2,0.5
Senna,Zaahen,7,4,0.5714285714285714
Senna,Zac,1,0,0.0
Senna,Zed,8,5,0.625
Senna,Ziggs,3,1,0.3333333333333333
Senna,Zilean,2,2,1.0
Senna,Zoe,7,4,0.5714285714285714
Senna,Zyra,4,1,0.25
Seraphine,Sett,3,1,0.3333333333333333
Seraphine,Shaco,3,1,0.3333333333333333
Seraphine,Shen,2,1,0.5
Seraphine,Singed,6,3,0.5
Seraphine,Sion,12,7,0.5833333333333334
Seraphine,Sivir,2,0,0.0
Seraphine,Skarner,5,2,0.4
Seraphine,Smolder,1,1,1.0
Seraphine,Sona,1,1,1.0
Seraphine,Swain,2,2,1.0
Seraphine,Sylas,11,6,0.5454545454545454
Seraphine,Syndra,6,4,0.6666666666666666
Seraphine,Taliyah,3,0,0.0
Seraphine,Talon,3,3,1.0
Seraphine,Teemo,3,2,0.6666666666666666
Seraphine,Thresh,1,0,0.0
Seraphine,Tristana,2,1,0.5
Seraphine,Tryndamere,2,1,0.5
Seraphine,TwistedFate,8,6,0.75
Seraphine,Udyr,3,3,1.0
Seraphine,Urgot,4,2,0.5
Seraphine,Varus,11,7,0.6363636363636364
Seraphine,Vayne,8,3,0.375
Seraphine,Veigar,3,3,1.0
Seraphine,Vex,2,1,0.5
Seraphine,Vi,10,7,0.7
Seraphine,Viktor,7,4,0.5714285714285714
Seraphine,Vladimir,6,4,0.6666666666666666
Seraphine,Volibear,1,0,0.0
Seraphine,Warwick,1,0,0.0
Seraphine,Xayah,1,0,0.0
Seraphine,Xerath,3,2,0.6666666666666666
Seraphine,XinZhao,11,7,0.6363636363636364
Seraphine,Yasuo,9,5,0.5555555555555556
Seraphine,Yone,12,7,0.5833333333333334
Seraphine,Yorick,5,2,0.4
Seraphine,Yunara,2,2,1.0
Seraphine,Zaahen,12,8,0.6666666666666666
Seraphine,Zed,5,3,0.6
Seraphine,Zeri,2,1,0.5
Seraphine,Ziggs,2,2,1.0
Seraphine,Zilean,1,1,1.0
Seraphine,Zoe,1,1,1.0
Seraphine,Zyra,1,0,0.0
Sett,Shaco,1,1,1.0
Sett,Shyvana,1,0,0.0
Sett,Sivir,2,0,0.0
Sett,Smolder,1,1,1.0
Sett,Sona,1,0,0.0
Sett,Sylas,2,1,0.5
Sett,Syndra,3,2,0.6666666666666666
Sett,Taliyah,2,1,0.5
Sett,Talon,1,1,1.0
Sett,Thresh,1,1,1.0
Sett,Varus,3,3,1.0
Sett,Vayne,1,1,1.0
Sett,Veigar,2,1,0.5
Sett,Viego,1,0,0.0
Sett,Viktor,2,1,0.5
Sett,XinZhao,2,1,0.5
Sett,Yasuo,2,0,0.0
Sett,Yone,1,1,1.0
Sett,Yuumi,2,1,0.5
Sett,Zaahen,1,1,1.0
Sett,Zed,2,0,0.0
Sett,Ziggs,1,1,1.0
Shaco,Singed,1,1,1.0
Shaco,Sion,3,1,0.3333333333333333
Shaco,Sivir,3,1,0.3333333333333333
Shaco,Sona,3,2,0.6666666666666666
Shaco,Soraka,1,0,0.0
Shaco,Swain,2,1,0.5
Shaco,Sylas,3,2,0.6666666666666666
Shaco,Taric,1,0,0.0
Shaco,Teemo,2,1,0.5
Shaco,Thresh,1,0,0.0
Shaco,Tristana,1,1,1.0
Shaco,TwistedFate,2,1,0.5
Shaco,Udyr,1,0,0.0
Shaco,Urgot,1,0,0.0
Shaco,Varus,3,1,0.3333333333333333
Shaco,Vayne,2,1,0.5
Shaco,Vi,1,0,0.0
Shaco,Viktor,1,1,1.0
Shaco,Vladimir,1,0,0.0
Shaco,Xayah,1,1,1.0
Shaco,Yasuo,3,1,0.3333333333333333
Shaco,Yone,4,3,0.75
Shaco,Yorick,1,1,1.0
Shaco,Yunara,1,1,1.0
Shaco,Yuumi,2,2,1.0
Shaco,Zaahen,3,2,0.6666666666666666
Shaco,Ziggs,1,1,1.0
Shaco,Zoe,2,0,0.0
Shen,Sion,3,3,1.0
Shen,Sivir,7,2,0.2857142857142857
Shen,Skarner,2,2,1.0
Shen,Sona,5,5,1.0
Shen,Soraka,1,0,0.0
Shen,Swain,4,1,0.25
Shen,Sylas,5,3,0.6
Shen,Syndra,4,3,0.75
Shen,Taliyah,3,2,0.6666666666666666
Shen,Thresh,3,1,0.3333333333333333
Shen,Tristana,3,0,0.0
Shen,Trundle,1,0,0.0
Shen,TwistedFate,4,0,0.0
Shen,Udyr,2,2,1.0
Shen,Varus,4,1,0.25
Shen,Vayne,2,0,0.0
Shen,Veigar,1,1,1.0
Shen,Velkoz,2,2,1.0
Shen,Vex,1,0,0.0
Shen,Vi,6,5,0.8333333333333334
Shen,Viktor,2,0,0.0
Shen,Vladimir,4,2,0.5
Shen,Xerath,1,0,0.0
Shen,XinZhao,6,2,0.3333333333333333
Shen,Yasuo,2,1,0.5
Shen,Yone,2,1,0.5
Shen,Yunara,10,4,0.4
Shen,Yuumi,4,3,0.75
Shen,Zaahen,1,1,1.0
Shen,Zed,3,0,0.0
Shen,Ziggs,3,1,0.3333333333333333
Shen,Zilean,1,1,1.0
Shen,Zyra,2,1,0.5
Shyvana,Sion,1,0,0.0
Shyvana,Sivir,3,0,0.0
Shyvana,Smolder,1,0,0.0
Shyvana,Sona,2,1,0.5
Shyvana,Soraka,1,0,0.0
Shyvana,Sylas,2,0,0.0
Shyvana,Taliyah,3,1,0.3333333333333333
Shyvana,Talon,1,0,0.0
Shyvana,Teemo,3,2,0.6666666666666666
Shyvana,TwistedFate,1,0,0.0
Shyvana,Varus,2,0,0.0
Shyvana,Vayne,1,0,0.0
Shyvana,Veigar,3,2,0.6666666666666666
Shyvana,Xerath,1,0,0.0
Shyvana,Yasuo,1,1,1.0
Shyvana,Yone,1,0,0.0
Shyvana,Yunara,1,0,0.0
Shyvana,Zaahen,1,0,0.0
Shyvana,Zac,1,1,1.0
Shyvana,Zilean,3,2,0.6666666666666666
Shyvana,Zyra,1,1,1.0
Singed,Sivir,3,1,0.3333333333333333
Singed,Skarner,2,1,0.5
Singed,Smolder,4,2,0.5
Singed,Sona,2,1,0.5
Singed,Soraka,2,1,0.5
Singed,Swain,4,1,0.25
Singed,Sylas,4,1,0.25
Singed,Syndra,3,1,0.3333333333333333
Singed,Taliyah,3,1,0.3333333333333333
Singed,Talon,3,1,0.3333333333333333
Singed,Taric,1,1,1.0
Singed,Teemo,1,0,0.0
Singed,Thresh,1,0,0.0
Singed,TwistedFate,2,1,0.5
Singed,Twitch,2,1,0.5
Singed,Udyr,1,0,0.0
Singed,Varus,3,2,0.6666666666666666
Singed,Vex,3,2,0.6666666666666666
Singed,Vi,4,3,0.75
Singed,Viego,5,1,0.2
Singed,Viktor,2,1,0.5
Singed,Warwick,1,0,0.0
Singed,Xayah,2,1,0.5
Singed,Xerath,4,2,0.5
Singed,XinZhao,6,1,0.16666666666666666
Singed,Yasuo,5,1,0.2
Singed,Yone,5,2,0.4
Singed,Yunara,6,3,0.5
Singed,Yuumi,3,1,0.3333333333333333
Singed,Zed,2,2,1.0
Singed,Zeri,1,1,1.0
Singed,Zoe,2,0,0.0
Singed,Zyra,3,3,1.0
Sion,Sivir,10,7,0.7
Sion,Skarner,6,3,0.5
Sion,Smolder,4,0,0.0
Sion,Sona,7,2,0.2857142857142857
Sion,Soraka,8,4,0.5
Sion,Swain,5,1,0.2
Sion,Sylas,20,9,0.45
Sion,Syndra,3,2,0.6666666666666666
Sion,Taliyah,8,5,0.625
Sion,Talon,8,6,0.75
Sion,Taric,2,1,0.5
Sion,Teemo,3,2,0.6666666666666666
Sion,Thresh,1,0,0.0
Sion,Tristana,7,4,0.5714285714285714
Sion,Trundle,1,0,0.0
Sion,Tryndamere,2,1,0.5
Sion,TwistedFate,7,3,0.42857142857142855
Sion,Twitch,1,0,0.0
Sion,Varus,17,6,0.35294117647058826
Sion,Vayne,4,2,0.5
Sion,Veigar,4,3,0.75
Sion,Velkoz,2,1,0.5
Sion,Vex,2,1,0.5
Sion,Vi,7,4,0.5714285714285714
Sion,Viego,7,4,0.5714285714285714
Sion,Viktor,9,4,0.4444444444444444
Sion,Vladimir,4,2,0.5
Sion,Xayah,3,1,0.3333333333333333
Sion,Xerath,6,3,0.5
Sion,XinZhao,19,11,0.5789473684210527
Sion,Yasuo,5,3,0.6
Sion,Yone,10,5,0.5
Sion,Yorick,2,1,0.5
Sion,Yunara,22,13,0.5909090909090909
Sion,Yuumi,6,2,0.3333333333333333
Sion,Zaahen,3,0,0.0
Sion,Zed,5,3,0.6
Sion,Zeri,1,0,0.0
Sion,Ziggs,3,1,0.3333333333333333
Sion,Zilean,3,1,0.3333333333333333
Sion,Zoe,10,4,0.4
Sion,Zyra,9,4,0.4444444444444444
Sivir,Skarner,2,0,0.0
Sivir,Sona,10,5,0.5
Sivir,Soraka,3,1,0.3333333333333333
Sivir,Sylas,7,3,0.42857142857142855
Sivir,Syndra,3,3,1.0
Sivir,TahmKench,1,0,0.0
Sivir,Taliyah,6,6,1.0
Sivir,Talon,4,2,0.5
Sivir,Taric,4,0,0.0
Sivir,Thresh,2,1,0.5
Sivir,Tristana,1,0,0.0
Sivir,TwistedFate,4,1,0.25
Sivir,Udyr,4,2,0.5
Sivir,Varus,5,4,0.8
Sivir,Vayne,5,2,0.4
Sivir,Vex,1,0,0.0
Sivir,Vi,2,0,0.0
Sivir,Viego,3,0,0.0
Sivir,Viktor,6,4,0.6666666666666666
Sivir,Vladimir,1,0,0.0
Sivir,Volibear,2,2,1.0
Sivir,Warwick,2,0,0.0
Sivir,Xerath,4,2,0.5
Sivir,XinZhao,6,4,0.6666666666666666
Sivir,Yasuo,3,2,0.6666666666666666
Sivir,Yone,7,3,0.42857142857142855
Sivir,Yuumi,5,2,0.4
Sivir,Zaahen,6,5,0.8333333333333334
Sivir,Zac,1,1,1.0
Sivir,Zed,3,1,0.3333333333333333
Sivir,Zoe,4,4,1.0
Sivir,Zyra,1,1,1.0
Skarner,Smolder,1,1,1.0
Skarner,Sona,1,1,1.0
Skarner,Soraka,1,1,1.0
Skarner,Swain,2,1,0.5
Skarner,Sylas,11,6,0.5454545454545454
Skarner,Syndra,3,2,0.6666666666666666
Skarner,Taliyah,2,0,0.0
Skarner,Talon,1,0,0.0
Skarner,Taric,1,0,0.0
Skarner,Teemo,3,2,0.6666666666666666
Skarner,Thresh,5,1,0.2
Skarner,Tristana,3,2,0.6666666666666666
Skarner,TwistedFate,3,2,0.6666666666666666
Skarner,Twitch,1,0,0.0
Skarner,Varus,14,9,0.6428571428571429
Skarner,Vayne,12,5,0.4166666666666667
Skarner,Veigar,2,1,0.5
Skarner,Velkoz,4,1,0.25
Skarner,Vex,2,1,0.5
Skarner,Vi,1,0,0.0
Skarner,Viego,2,0,0.0
Skarner,Viktor,3,1,0.3333333333333333
Skarner,Vladimir,3,0,0.0
Skarner,Xayah,2,0,0.0
Skarner,Xerath,4,3,0.75
Skarner,XinZhao,1,1,1.0
Skarner,Yasuo,8,3,0.375
Skarner,Yone,5,4,0.8
Skarner,Yorick,1,1,1.0
Skarner,Yunara,12,9,0.75
Skarner,Yuumi,3,1,0.3333333333333333
Skarner,Zaahen,2,1,0.5
Skarner,Zed,2,2,1.0
Skarner,Zeri,2,2,1.0
Skarner,Ziggs,2,1,0.5
Skarner,Zoe,4,2,0.5
Smolder,Sona,4,4,1.0
Smolder,Soraka,5,3,0.6
Smolder,Sylas,9,4,0.4444444444444444
Smolder,Syndra,1,0,0.0
Smolder,Taliyah,4,2,0.5
Smolder,Talon,1,0,0.0
Smolder,Teemo,7,5,0.7142857142857143
Smolder,Thresh,2,0,0.0
Smolder,Tryndamere,1,1,1.0
Smolder,TwistedFate,1,0,0.0
Smolder,Udyr,2,2,1.0
Smolder,Urgot,1,0,0.0
Smolder,Vayne,3,2,0.6666666666666666
Smolder,Veigar,1,1,1.0
Smolder,Velkoz,1,1,1.0
Smolder,Vi,1,0,0.0
Smolder,Viego,6,1,0.16666666666666666
Smolder,Viktor,1,0,0.0
Smolder,Vladimir,5,3,0.6
Smolder,Warwick,1,0,0.0
Smolder,Xerath,2,0,0.0
Smolder,XinZhao,6,3,0.5
Smolder,Yasuo,3,1,0.3333333333333333
Smolder,Yone,1,0,0.0
Smolder,Yorick,3,2,0.6666666666666666
Smolder,Yunara,2,0,0.0
Smolder,Zaahen,2,1,0.5
Smolder,Zed,1,1,1.0
Smolder,Ziggs,1,1,1.0
Smolder,Zilean,1,0,0.0
Smolder,Zoe,1,0,0.0
Sona,Swain,3,2,0.6666666666666666
Sona,Sylas,10,7,0.7
Sona,Syndra,5,4,0.8
Sona,Taliyah,4,3,0.75
Sona,Talon,9,5,0.5555555555555556
Sona,Taric,1,0,0.0
Sona,Teemo,7,4,0.5714285714285714
Sona,Tristana,3,1,0.3333333333333333
Sona,Trundle,1,0,0.0
Sona,TwistedFate,5,1,0.2
Sona,Twitch,1,1,1.0
Sona,Udyr,1,1,1.0
Sona,Varus,7,3,0.42857142857142855
Sona,Vayne,13,8,0.6153846153846154
Sona,Veigar,3,1,0.3333333333333333
Sona,Velkoz,2,1,0.5
Sona,Vex,1,1,1.0
Sona,Vi,9,2,0.2222222222222222
Sona,Viego,1,1,1.0
Sona,Viktor,4,2,0.5
Sona,Vladimir,4,1,0.25
Sona,Volibear,2,1,0.5
Sona,Xerath,5,2,0.4
Sona,XinZhao,6,3,0.5
Sona,Yasuo,9,4,0.4444444444444444
Sona,Yone,8,6,0.75
Sona,Yorick,1,1,1.0
Sona,Yunara,7,5,0.7142857142857143
Sona,Zaahen,6,3,0.5
Sona,Zac,5,4,0.8
Sona,Zed,4,3,0.75
Sona,Zeri,2,1,0.5
Sona,Ziggs,4,3,0.75
Sona,Zilean,4,3,0.75
Sona,Zoe,3,1,0.3333333333333333
Sona,Zyra,6,3,0.5
Soraka,Swain,2,2,1.0
Soraka,Sylas,4,1,0.25
Soraka,Syndra,1,1,1.0
Soraka,Taliyah,2,1,0.5
Soraka,Talon,4,3,0.75
Soraka,Teemo,2,1,0.5
Soraka,Tristana,2,1,0.5
Soraka,Trundle,1,0,0.0
Soraka,TwistedFate,1,1,1.0
Soraka,Udyr,2,0,0.0
Soraka,Urgot,2,2,1.0
Soraka,Varus,4,2,0.5
Soraka,Vayne,6,6,1.0
Soraka,Veigar,2,1,0.5
Soraka,Velkoz,1,0,0.0
Soraka,Vex,2,2,1.0
Soraka,Vi,2,2,1.0
Soraka,Viego,6,4,0.6666666666666666
Soraka,Viktor,5,2,0.4
Soraka,Vladimir,2,1,0.5
Soraka,Volibear,1,0,0.0
Soraka,Xerath,1,1,1.0
Soraka,XinZhao,3,3,1.0
Soraka,Yasuo,10,8,0.8
Soraka,Yone,1,1,1.0
Soraka,Yorick,3,1,0.3333333333333333
Soraka,Yunara,8,6,0.75
Soraka,Yuumi,1,0,0.0
Soraka,Zaahen,2,1,0.5
Soraka,Zac,1,0,0.0
Soraka,Zed,3,3,1.0
Soraka,Zeri,1,1,1.0
Soraka,Zilean,1,1,1.0
Soraka,Zoe,2,1,0.5
Soraka,Zyra,1,1,1.0
Swain,Sylas,4,2,0.5
Swain,Taliyah,2,2,1.0
Swain,Talon,1,1,1.0
Swain,Taric,1,1,1.0
Swain,TwistedFate,2,2,1.0
Swain,Urgot,2,1,0.5
Swain,Varus,4,2,0.5
Swain,Vayne,9,5,0.5555555555555556
Swain,Vex,1,1,1.0
Swain,Vi,7,4,0.5714285714285714
Swain,Viego,1,0,0.0
Swain,Viktor,3,1,0.3333333333333333
Swain,Vladimir,1,1,1.0
Swain,Warwick,1,0,0.0
Swain,Xerath,1,0,0.0
Swain,XinZhao,3,2,0.6666666666666666
Swain,Yasuo,4,2,0.5
Swain,Yone,4,3,0.75
Swain,Yorick,1,1,1.0
Swain,Zaahen,3,2,0.6666666666666666
Swain,Zed,2,1,0.5
Swain,Zilean,1,0,0.0
Swain,Zoe,1,0,0.0
Sylas,Syndra,6,4,0.6666666666666666
Sylas,Taliyah,8,2,0.25
Sylas,Talon,8,3,0.375
Sylas,Taric,3,1,0.3333333333333333
Sylas,Teemo,8,4,0.5
Sylas,Thresh,13,5,0.38461538461538464
Sylas,Tristana,9,2,0.2222222222222222
Sylas,Tryndamere,3,3,1.0
Sylas,TwistedFate,6,5,0.8333333333333334
Sylas,Twitch,3,0,0.0
Sylas,Udyr,3,1,0.3333333333333333
Sylas,Urgot,4,2,0.5
Sylas,Varus,26,10,0.38461538461538464
Sylas,Vayne,17,9,0.5294117647058824
Sylas,Velkoz,5,2,0.4
Sylas,Vi,5,3,0.6
Sylas,Viego,3,1,0.3333333333333333
Sylas,Viktor,2,2,1.0
Sylas,Vladimir,4,1,0.25
Sylas,Warwick,1,1,1.0
Sylas,Xerath,3,2,0.6666666666666666
Sylas,XinZhao,8,5,0.625
Sylas,Yasuo,12,2,0.16666666666666666
Sylas,Yone,14,3,0.21428571428571427
Sylas,Yorick,5,3,0.6
Sylas,Yunara,28,15,0.5357142857142857
Sylas,Yuumi,3,1,0.3333333333333333
Sylas,Zaahen,4,2,0.5
Sylas,Zac,1,1,1.0
Sylas,Zed,12,7,0.5833333333333334
Sylas,Zeri,6,1,0.16666666666666666
Sylas,Ziggs,6,4,0.6666666666666666
Sylas,Zilean,4,4,1.0
Sylas,Zoe,2,1,0.5
Sylas,Zyra,4,1,0.25
Syndra,TahmKench,1,1,1.0
Syndra,Taliyah,1,0,0.0
Syndra,Talon,5,0,0.0
Syndra,Teemo,4,2,0.5
Syndra,Thresh,2,0,0.0
Syndra,Tristana,3,0,0.0
Syndra,Udyr,2,2,1.0
Syndra,Urgot,1,1,1.0
Syndra,Varus,9,5,0.5555555555555556
Syndra,Vayne,9,4,0.4444444444444444
Syndra,Veigar,1,1,1.0
Syndra,Vi,6,4,0.6666666666666666
Syndra,Viego,6,2,0.3333333333333333
Syndra,Xayah,3,1,0.3333333333333333
Syndra,Xerath,2,0,0.0
Syndra,XinZhao,4,3,0.75
Syndra,Yasuo,2,1,0.5
Syndra,Yone,5,5,1.0
Syndra,Yorick,2,2,1.0
Syndra,Yunara,11,5,0.45454545454545453
Syndra,Yuumi,1,0,0.0
Syndra,Zaahen,2,1,0.5
Syndra,Zed,2,2,1.0
Syndra,Zilean,2,2,1.0
Syndra,Zoe,2,1,0.5
Syndra,Zyra,2,2,1.0
TahmKench,Taliyah,1,0,0.0
TahmKench,Talon,1,1,1.0
TahmKench,TwistedFate,2,1,0.5
TahmKench,Udyr,1,0,0.0
TahmKench,Varus,2,1,0.5
TahmKench,Viego,1,0,0.0
TahmKench,Viktor,1,0,0.0
TahmKench,Vladimir,1,0,0.0
TahmKench,XinZhao,1,1,1.0
TahmKench,Zaahen,2,0,0.0
TahmKench,Ziggs,1,0,0.0
Taliyah,Talon,4,3,0.75
Taliyah,Taric,1,1,1.0
Taliyah,Teemo,9,5,0.5555555555555556
Taliyah,Thresh,4,1,0.25
Taliyah,Tristana,3,2,0.6666666666666666
Taliyah,Tryndamere,2,1,0.5
Taliyah,TwistedFate,1,1,1.0
Taliyah,Twitch,2,0,0.0
Taliyah,Udyr,4,3,0.75
Taliyah,Varus,6,3,0.5
Taliyah,Vayne,8,5,0.625
Taliyah,Velkoz,2,1,0.5
Taliyah,Vex,1,0,0.0
Taliyah,Vi,5,1,0.2
Taliyah,Viego,2,0,0.0
Taliyah,Vladimir,2,0,0.0
Taliyah,Xayah,3,2,0.6666666666666666
Taliyah,Xerath,1,1,1.0
Taliyah,XinZhao,5,2,0.4
Taliyah,Yasuo,6,5,0.8333333333333334
Taliyah,Yone,9,5,0.5555555555555556
Taliyah,Yorick,3,2,0.6666666666666666
Taliyah,Yunara,12,6,0.5
Taliyah,Yuumi,1,1,1.0
Taliyah,Zaahen,3,2,0.6666666666666666
Taliyah,Zed,2,1,0.5
Taliyah,Ziggs,3,1,0.3333333333333333
Taliyah,Zilean,1,0,0.0
Taliyah,Zoe,1,0,0.0
Taliyah,Zyra,1,1,1.0
Talon,Teemo,5,2,0.4
Talon,Thresh,2,1,0.5
Talon,Tristana,4,3,0.75
Talon,Trundle,1,0,0.0
Talon,TwistedFate,4,4,1.0
Talon,Udyr,1,0,0.0
Talon,Urgot,1,0,0.0
Talon,Varus,12,7,0.5833333333333334
Talon,Vayne,8,4,0.5
Talon,Veigar,5,1,0.2
Talon,Vex,1,0,0.0
Talon,Vi,1,1,1.0
Talon,Viktor,1,1,1.0
Talon,Vladimir,4,3,0.75
Talon,Xayah,3,2,0.6666666666666666
Talon,Xerath,3,2,0.6666666666666666
Talon,Yasuo,8,4,0.5
Talon,Yone,6,4,0.6666666666666666
Talon,Yorick,4,1,0.25
Talon,Yunara,11,3,0.2727272727272727
Talon,Zac,2,1,0.5
Talon,Zed,1,0,0.0
Talon,Zeri,1,0,0.0
Talon,Ziggs,2,1,0.5
Talon,Zilean,2,2,1.0
Talon,Zoe,5,2,0.4
Talon,Zyra,6,2,0.3333333333333333
Taric,Tristana,2,2,1.0
Taric,Tryndamere,1,1,1.0
Taric,TwistedFate,3,1,0.3333333333333333
Taric,Twitch,1,0,0.0
Taric,Varus,4,4,1.0
Taric,Vayne,5,2,0.4
Taric,Velkoz,1,1,1.0
Taric,Viego,1,0,0.0
Taric,Viktor,1,1,1.0
Taric,Vladimir,1,0,0.0
Taric,Volibear,1,0,0.0
Taric,XinZhao,4,3,0.75
Taric,Yasuo,1,0,0.0
Taric,Yone,1,1,1.0
Taric,Yunara,1,0,0.0
Taric,Zed,2,2,1.0
Taric,Zilean,1,1,1.0
Taric,Zoe,1,0,0.0
Teemo,Thresh,3,2,0.6666666666666666
Teemo,Tristana,2,1,0.5
Teemo,Trundle,1,1,1.0
Teemo,TwistedFate,1,1,1.0
Teemo,Twitch,1,1,1.0
Teemo,Udyr,2,2,1.0
Teemo,Varus,3,1,0.3333333333333333
Teemo,Vayne,3,2,0.6666666666666666
Teemo,Veigar,5,2,0.4
Teemo,Vex,1,1,1.0
Teemo,Vi,2,0,0.0
Teemo,Viego,1,0,0.0
Teemo,Viktor,1,1,1.0
Teemo,Vladimir,6,5,0.8333333333333334
Teemo,Xayah,1,1,1.0
Teemo,Xerath,1,1,1.0
Teemo,XinZhao,5,4,0.8
Teemo,Yasuo,4,3,0.75
Teemo,Yone,5,4,0.8
Teemo,Yunara,3,2,0.6666666666666666
Teemo,Zaahen,4,3,0.75
Teemo,Zed,7,5,0.7142857142857143
Teemo,Zeri,1,1,1.0
Teemo,Zilean,2,2,1.0
Teemo,Zoe,1,1,1.0
Thresh,Tristana,2,0,0.0
Thresh,Trundle,1,1,1.0
Thresh,TwistedFate,3,0,0.0
Thresh,Twitch,1,0,0.0
Thresh,Udyr,2,1,0.5
Thresh,Varus,6,2,0.3333333333333333
Thresh,Vayne,5,3,0.6
Thresh,Velkoz,1,1,1.0
Thresh,Vi,1,1,1.0
Thresh,Viego,3,0,0.0
Thresh,Viktor,1,0,0.0
Thresh,Vladimir,9,3,0.3333333333333333
Thresh,Volibear,1,1,1.0
Thresh,Warwick,2,2,1.0
Thresh,Xerath,3,1,0.3333333333333333
Thresh,XinZhao,3,1,0.3333333333333333
Thresh,Yasuo,6,1,0.16666666666666666
Thresh,Yone,1,1,1.0
Thresh,Yorick,3,0,0.0
Thresh,Yunara,7,1,0.14285714285714285
Thresh,Zaahen,4,1,0.25
Thresh,Zed,2,2,1.0
Thresh,Ziggs,1,1,1.0
Thresh,Zoe,2,1,0.5
Thresh,Zyra,2,0,0.0
Tristana,Trundle,1,0,0.0
Tristana,Tryndamere,2,2,1.0
Tristana,TwistedFate,3,2,0.6666666666666666
Tristana,Udyr,1,0,0.0
Tristana,Urgot,1,1,1.0
Tristana,Varus,7,1,0.14285714285714285
Tristana,Vayne,3,1,0.3333333333333333
Tristana,Veigar,3,0,0.0
Tristana,Velkoz,1,0,0.0
Tristana,Vex,1,1,1.0
Tristana,Vi,5,3,0.6
Tristana,Viego,4,2,0.5
Tristana,Viktor,3,1,0.3333333333333333
Tristana,Vladimir,2,0,0.0
Tristana,Volibear,3,3,1.0
Tristana,Xayah,1,1,1.0
Tristana,Xerath,2,0,0.0
Tristana,XinZhao,5,2,0.4
Tristana,Yasuo,5,0,0.0
Tristana,Yone,6,5,0.8333333333333334
Tristana,Yorick,1,1,1.0
Tristana,Yunara,3,1,0.3333333333333333
Tristana,Yuumi,6,2,0.3333333333333333
Tristana,Zaahen,2,1,0.5
Tristana,Zac,1,0,0.0
Tristana,Zed,1,0,0.0
Tristana,Ziggs,2,1,0.5
Tristana,Zilean,1,1,1.0
Tristana,Zoe,3,2,0.6666666666666666
Tristana,Zyra,8,4,0.5
Trundle,TwistedFate,1,1,1.0
Trundle,Varus,3,2,0.6666666666666666
Trundle,Vayne,2,1,0.5
Trundle,Velkoz,1,0,0.0
Trundle,Viego,1,0,0.0
Trundle,Warwick,1,1,1.0
Trundle,Xayah,1,1,1.0
Trundle,Xerath,1,1,1.0
Trundle,Yasuo,4,2,0.5
Trundle,Yunara,3,1,0.3333333333333333
Trundle,Yuumi,1,1,1.0
Trundle,Zilean,1,0,0.0
Trundle,Zyra,1,0,0.0
Tryndamere,TwistedFate,1,1,1.0
Tryndamere,Varus,1,1,1.0
Tryndamere,Vayne,1,1,1.0
Tryndamere,Vi,1,1,1.0
Tryndamere,Warwick,1,1,1.0
Tryndamere,Xerath,1,1,1.0
Tryndamere,XinZhao,1,1,1.0
Tryndamere,Yasuo,1,0,0.0
Tryndamere,Yorick,1,1,1.0
Tryndamere,Yunara,3,2,0.6666666666666666
Tryndamere,Zac,1,1,1.0
Tryndamere,Zoe,1,1,1.0
TwistedFate,Twitch,2,2,1.0
TwistedFate,Udyr,1,1,1.0
TwistedFate,Urgot,1,1,1.0
TwistedFate,Varus,8,6,0.75
TwistedFate,Vayne,7,5,0.7142857142857143
TwistedFate,Veigar,1,1,1.0
TwistedFate,Vi,8,3,0.375
TwistedFate,Viego,6,3,0.5
TwistedFate,Vladimir,1,0,0.0
TwistedFate,Volibear,1,1,1.0
TwistedFate,Xayah,1,0,0.0
TwistedFate,Xerath,2,2,1.0
TwistedFate,XinZhao,9,3,0.3333333333333333
TwistedFate,Yasuo,5,5,1.0
TwistedFate,Yone,3,3,1.0
TwistedFate,Yorick,3,2,0.6666666666666666
TwistedFate,Yunara,16,10,0.625
TwistedFate,Yuumi,2,1,0.5
TwistedFate,Zaahen,10,2,0.2
TwistedFate,Zac,1,1,1.0
TwistedFate,Zeri,1,0,0.0
TwistedFate,Zilean,1,0,0.0
TwistedFate,Zoe,2,1,0.5
TwistedFate,Zyra,4,4,1.0
Twitch,Urgot,1,1,1.0
Twitch,Varus,1,0,0.0
Twitch,Vayne,2,0,0.0
Twitch,Viktor,2,1,0.5
Twitch,Volibear,1,1,1.0
Twitch,Xerath,1,0,0.0
Twitch,XinZhao,1,0,0.0
Twitch,Yasuo,2,0,0.0
Twitch,Yone,3,1,0.3333333333333333
Twitch,Yorick,1,0,0.0
Twitch,Yuumi,2,0,0.0
Twitch,Zac,3,3,1.0
Twitch,Zed,1,1,1.0
Twitch,Zeri,1,1,1.0
Twitch,Ziggs,1,0,0.0
Twitch,Zyra,1,1,1.0
Udyr,Urgot,1,0,0.0
Udyr,Varus,2,1,0.5
Udyr,Vayne,4,1,0.25
Udyr,Veigar,1,1,1.0
Udyr,Velkoz,1,0,0.0
Udyr,Vex,2,1,0.5
Udyr,Vi,3,2,0.6666666666666666
Udyr,Viktor,2,1,0.5
Udyr,Xayah,1,0,0.0
Udyr,Yasuo,3,1,0.3333333333333333
Udyr,Yone,2,1,0.5
Udyr,Yorick,2,0,0.0
Udyr,Yunara,3,2,0.6666666666666666
Udyr,Yuumi,1,0,0.0
Udyr,Zed,3,3,1.0
Udyr,Zoe,5,1,0.2
Urgot,Varus,1,0,0.0
Urgot,Veigar,1,0,0.0
Urgot,Velkoz,1,0,0.0
Urgot,Vi,2,2,1.0
Urgot,Viktor,3,1,0.3333333333333333
Urgot,Vladimir,1,0,0.0
Urgot,Xayah,1,0,0.0
Urgot,Yasuo,1,1,1.0
Urgot,Yone,1,0,0.0
Urgot,Yunara,1,0,0.0
Urgot,Zed,2,0,0.0
Urgot,Ziggs,3,2,0.6666666666666666
Urgot,Zilean,1,1,1.0
Urgot,Zoe,1,0,0.0
Urgot,Zyra,1,1,1.0
Varus,Vayne,12,7,0.5833333333333334
Varus,Veigar,4,2,0.5
Varus,Velkoz,4,2,0.5
Varus,Vex,5,4,0.8
Varus,Vi,21,11,0.5238095238095238
Varus,Viego,10,3,0.3
Varus,Viktor,10,7,0.7
Varus,Vladimir,4,2,0.5
Varus,Volibear,1,1,1.0
Varus,Warwick,2,1,0.5
Varus,Xayah,1,0,0.0
Varus,Xerath,5,4,0.8
Varus,XinZhao,16,8,0.5
Varus,Yasuo,18,9,0.5
Varus,Yone,13,7,0.5384615384615384
Varus,Yorick,2,0,0.0
Varus,Yunara,15,7,0.4666666666666667
Varus,Yuumi,5,2,0.4
Varus,Zaahen,11,6,0.5454545454545454
Varus,Zac,1,0,0.0
Varus,Zed,7,7,1.0
Varus,Zeri,3,0,0.0
Varus,Ziggs,5,2,0.4
Varus,Zilean,10,7,0.7
Varus,Zoe,10,6,0.6
Varus,Zyra,10,4,0.4
Vayne,Veigar,4,1,0.25
Vayne,Velkoz,2,0,0.0
Vayne,Vex,2,1,0.5
Vayne,Vi,6,3,0.5
Vayne,Viego,7,3,0.42857142857142855
Vayne,Viktor,16,10,0.625
Vayne,Vladimir,7,5,0.7142857142857143
Vayne,Xerath,9,6,0.6666666666666666
Vayne,XinZhao,19,10,0.5263157894736842
Vayne,Yasuo,13,9,0.6923076923076923
Vayne,Yone,11,6,0.5454545454545454
Vayne,Yorick,1,0,0.0
Vayne,Yunara,19,6,0.3157894736842105
Vayne,Yuumi,6,2,0.3333333333333333
Vayne,Zaahen,11,9,0.8181818181818182
Vayne,Zac,3,3,1.0
Vayne,Zed,6,6,1.0
Vayne,Zeri,3,2,0.6666666666666666
Vayne,Ziggs,7,2,0.2857142857142857
Vayne,Zilean,4,2,0.5
Vayne,Zoe,6,4,0.6666666666666666
Vayne,Zyra,5,3,0.6
Veigar,Velkoz,3,1,0.3333333333333333
Veigar,Viego,4,1,0.25
Veigar,Viktor,1,0,0.0
Veigar,Vladimir,3,1,0.3333333333333333
Veigar,Warwick,1,1,1.0
Veigar,Xayah,1,0,0.0
Veigar,XinZhao,1,0,0.0
Veigar,Yasuo,5,2,0.4
Veigar,Yone,2,2,1.0
Veigar,Yunara,1,1,1.0
Veigar,Yuumi,1,0,0.0
Veigar,Zaahen,2,0,0.0
Veigar,Zed,1,0,0.0
Veigar,Ziggs,1,1,1.0
Veigar,Zilean,3,3,1.0
Veigar,Zoe,1,1,1.0
Veigar,Zyra,2,1,0.5
Velkoz,Vi,1,0,0.0
Velkoz,Viego,3,0,0.0
Velkoz,Viktor,1,0,0.0
Velkoz,Volibear,1,1,1.0
Velkoz,Xayah,1,1,1.0
Velkoz,XinZhao,2,1,0.5
Velkoz,Yasuo,1,0,0.0
Velkoz,Yone,4,2,0.5
Velkoz,Yorick,2,0,0.0
Velkoz,Yunara,1,1,1.0
Velkoz,Zaahen,1,1,1.0
Velkoz,Ziggs,1,1,1.0
Velkoz,Zoe,3,1,0.3333333333333333
Vex,Vi,2,2,1.0
Vex,Viego,4,1,0.25
Vex,Vladimir,1,1,1.0
Vex,XinZhao,1,0,0.0
Vex,Yasuo,1,0,0.0
Vex,Yone,2,1,0.5
Vex,Yorick,2,1,0.5
Vex,Yunara,2,0,0.0
Vex,Yuumi,1,1,1.0
Vex,Zaahen,4,3,0.75
Vex,Zyra,2,0,0.0
Vi,Viego,1,0,0.0
Vi,Viktor,2,1,0.5
Vi,Vladimir,2,2,1.0
Vi,Warwick,1,0,0.0
Vi,Xerath,6,5,0.8333333333333334
Vi,Yasuo,7,2,0.2857142857142857
Vi,Yone,8,4,0.5
Vi,Yorick,3,2,0.6666666666666666
Vi,Yunara,21,8,0.38095238095238093
Vi,Yuumi,2,1,0.5
Vi,Zaahen,3,2,0.6666666666666666
Vi,Zed,4,3,0.75
Vi,Zeri,1,1,1.0
Vi,Ziggs,7,4,0.5714285714285714
Vi,Zilean,5,3,0.6
Vi,Zoe,6,4,0.6666666666666666
Vi,Zyra,1,0,0.0
Viego,Viktor,4,2,0.5
Viego,Vladimir,5,1,0.2
Viego,Volibear,1,1,1.0
Viego,Xayah,1,0,0.0
Viego,Xerath,4,1,0.25
Viego,Yasuo,5,4,0.8
Viego,Yone,3,3,1.0
Viego,Yorick,1,0,0.0
Viego,Yunara,12,6,0.5
Viego,Yuumi,3,0,0.0
Viego,Zaahen,3,0,0.0
Viego,Zac,3,1,0.3333333333333333
Viego,Zed,2,1,0.5
Viego,Zeri,1,1,1.0
Viego,Ziggs,3,2,0.6666666666666666
Viego,Zilean,1,1,1.0
Viego,Zoe,2,1,0.5
Viktor,Vladimir,1,1,1.0
Viktor,Volibear,3,2,0.6666666666666666
Viktor,Xayah,2,2,1.0
Viktor,XinZhao,11,7,0.6363636363636364
Viktor,Yasuo,6,2,0.3333333333333333
Viktor,Yone,5,1,0.2
Viktor,Yorick,1,1,1.0
Viktor,Yunara,15,6,0.4
Viktor,Yuumi,3,1,0.3333333333333333
Viktor,Zaahen,2,2,1.0
Viktor,Zac,1,0,0.0
Viktor,Zed,4,1,0.25
Viktor,Ziggs,2,0,0.0
Viktor,Zoe,2,2,1.0
Viktor,Zyra,3,2,0.6666666666666666
Vladimir,Warwick,1,0,0.0
Vladimir,Xayah,4,2,0.5
Vladimir,Xerath,2,1,0.5
Vladimir,XinZhao,8,5,0.625
Vladimir,Yasuo,9,6,0.6666666666666666
Vladimir,Yone,8,5,0.625
Vladimir,Yorick,1,0,0.0
Vladimir,Yunara,11,2,0.18181818181818182
Vladimir,Zaahen,4,0,0.0
Vladimir,Zac,1,0,0.0
Vladimir,Zed,4,3,0.75
Vladimir,Zeri,1,1,1.0
Vladimir,Zoe,3,1,0.3333333333333333
Vladimir,Zyra,1,0,0.0
Volibear,Xerath,1,1,1.0
Volibear,XinZhao,1,0,0.0
Volibear,Yasuo,1,1,1.0
Volibear,Yone,1,1,1.0
Volibear,Yunara,2,1,0.5
Volibear,Zed,1,1,1.0
Volibear,Zilean,1,1,1.0
Warwick,Xerath,1,1,1.0
Warwick,XinZhao,1,1,1.0
Warwick,Yasuo,1,1,1.0
Warwick,Zoe,1,1,1.0
Xayah,Xerath,1,1,1.0
Xayah,XinZhao,4,3,0.75
Xayah,Yone,3,0,0.0
Xayah,Zaahen,1,0,0.0
Xayah,Zac,1,1,1.0
Xayah,Zilean,1,0,0.0
Xayah,Zyra,1,0,0.0
Xerath,XinZhao,6,4,0.6666666666666666
Xerath,Yasuo,1,1,1.0
Xerath,Yone,3,3,1.0
Xerath,Yorick,1,1,1.0
Xerath,Yunara,5,4,0.8
Xerath,Zaahen,2,1,0.5
Xerath,Zed,2,1,0.5
Xerath,Ziggs,1,1,1.0
Xerath,Zilean,2,1,0.5
Xerath,Zoe,1,0,0.0
XinZhao,Yasuo,7,5,0.7142857142857143
XinZhao,Yone,6,2,0.3333333333333333
XinZhao,Yorick,4,1,0.25
XinZhao,Yunara,22,8,0.36363636363636365
XinZhao,Yuumi,4,2,0.5
XinZhao,Zaahen,3,2,0.6666666666666666
XinZhao,Zed,7,6,0.8571428571428571
XinZhao,Zeri,2,2,1.0
XinZhao,Ziggs,4,3,0.75
XinZhao,Zilean,2,1,0.5
XinZhao,Zoe,4,2,0.5
Yasuo,Yone,9,6,0.6666666666666666
Yasuo,Yorick,1,0,0.0
Yasuo,Yunara,10,6,0.6
Yasuo,Zaahen,5,3,0.6
Yasuo,Zac,1,0,0.0
Yasuo,Zed,4,3,0.75
Yasuo,Zeri,1,0,0.0
Yasuo,Ziggs,6,3,0.5
Yasuo,Zilean,3,1,0.3333333333333333
Yasuo,Zyra,6,3,0.5
Yone,Yorick,4,0,0.0
Yone,Yunara,12,3,0.25
Yone,Yuumi,2,1,0.5
Yone,Zaahen,3,2,0.6666666666666666
Yone,Zac,1,1,1.0
Yone,Zed,1,0,0.0
Yone,Ziggs,9,5,0.5555555555555556
Yone,Zilean,6,4,0.6666666666666666
Yone,Zoe,3,2,0.6666666666666666
Yone,Zyra,9,4,0.4444444444444444
Yorick,Yunara,4,2,0.5
Yorick,Yuumi,2,1,0.5
Yorick,Zaahen,1,0,0.0
Yorick,Zed,1,1,1.0
Yorick,Zeri,1,0,0.0
Yorick,Zoe,1,0,0.0
Yorick,Zyra,3,2,0.6666666666666666
Yunara,Yuumi,5,1,0.2
Yunara,Zaahen,14,6,0.42857142857142855
Yunara,Zac,2,2,1.0
Yunara,Zed,7,6,0.8571428571428571
Yunara,Zilean,2,1,0.5
Yunara,Zoe,14,6,0.42857142857142855
Yunara,Zyra,5,2,0.4
Yuumi,Zaahen,1,1,1.0
Yuumi,Zed,1,0,0.0
Yuumi,Zeri,8,2,0.25
Yuumi,Zilean,1,0,0.0
Yuumi,Zyra,1,0,0.0
Zaahen,Zed,2,1,0.5
Zaahen,Ziggs,2,1,0.5
Zaahen,Zilean,2,1,0.5
Zaahen,Zoe,4,2,0.5
Zaahen,Zyra,5,2,0.4
Zac,Zed,1,1,1.0
Zac,Zeri,1,1,1.0
Zac,Zoe,2,2,1.0
Zed,Zeri,1,1,1.0
Zed,Ziggs,5,1,0.2
Zed,Zilean,3,2,0.6666666666666666
Zed,Zoe,3,2,0.6666666666666666
Zed,Zyra,6,3,0.5
Zeri,Zyra,1,0,0.0
Ziggs,Zilean,1,1,1.0
Zoe,Zyra,3,0,0.0
